Date,Close,High,Low,Open,Volume
2015-01-02,0.4829852283000946,0.48658424918955345,0.47530735520557993,0.4829852283000946,113680000
2015-01-05,0.47482752799987793,0.4844248700292079,0.47266814391968504,0.4829852615742459,197952000
2015-01-06,0.4604315757751465,0.4760272107009942,0.45995171580557065,0.47554735073141835,197764000
2015-01-07,0.45923182368278503,0.467869415891478,0.45779221544725424,0.46379053542488946,321808000
2015-01-08,0.4765070676803589,0.47938628468424854,0.4642704812205812,0.464510425504989,283780000
2015-01-09,0.47842657566070557,0.4820255972128002,0.47170844976721804,0.4781866599587349,209540000
2015-01-12,0.4724282920360565,0.4798662228375819,0.46810949442879196,0.47962627851407885,190732000
2015-01-13,0.4717084467411041,0.485624558444999,0.46834939811703613,0.47602724397365814,236720000
2015-01-14,0.4736279249191284,0.47506753355979886,0.4654702188946729,0.4666698832278136,155260000
2015-01-15,0.47026878595352173,0.47986609877632885,0.4700288416920522,0.47698691064993637,188932000
2015-01-16,0.47890639305114746,0.4793862529859824,0.46810938720498957,0.46954899561174374,181512000
2015-01-20,0.4803459942340851,0.48490467784758506,0.47434764503098337,0.482265433944559,140308000
2015-01-21,0.4870642125606537,0.4882639055839061,0.4743477639776401,0.47770684151778375,144780000
2015-01-22,0.4954618811607361,0.4969014898750205,0.48298534857628556,0.4880239218717703,159712000
2015-01-23,0.4969015121459961,0.4978612322636965,0.4918628814201708,0.49594173482378245,120416000
2015-01-26,0.49474191665649414,0.49714124466880627,0.4916227845200392,0.49474191665649414,133240000
2015-01-27,0.47098857164382935,0.4875439527745268,0.47002882323788103,0.487064064270429,357948000
2015-01-28,0.463310569524765,0.4786662823149112,0.46307062533966925,0.47674681464086305,272728000
2015-01-29,0.47458767890930176,0.47722692331067956,0.46139134249339586,0.4635507554788004,235340000
2015-01-30,0.4606715142726898,0.4767470385664744,0.45995173858380617,0.4712285771374328,298200000
2015-02-02,0.4707487225532532,0.4726681911509215,0.4544332823764516,0.4635507367636866,259604000
2015-02-03,0.4825053811073303,0.48298526966852684,0.4717084033209205,0.4741077317179005,183468000
2015-02-04,0.4837051331996918,0.48922359490963796,0.47962625154304406,0.4810658888008508,181516000
2015-02-05,0.49162280559539795,0.49186272124556646,0.48370501709489133,0.48418484839522835,140448000
2015-02-06,0.4894634187221527,0.49690137631121833,0.4873040061442468,0.4911429427701359,210524000
2015-02-09,0.4889836311340332,0.4904231824435674,0.4834651699665603,0.4865843026788059,273944000
2015-02-10,0.5026598572731018,0.5028997729857513,0.48730410757334847,0.4894635206007218,226204000
2015-02-11,0.4993008077144623,0.503859492270378,0.49594170171995944,0.503859492270378,320832000
2015-02-12,0.5350507497787476,0.5398494065943371,0.5247336319047798,0.5278527645553632,676904000
2015-02-13,0.5352903604507446,0.5360101642833903,0.5256930522880936,0.5338507527854532,310084000
2015-02-17,0.5369700193405151,0.5396093197952717,0.5309717288254427,0.5343307760902419,203340000
2015-02-18,0.5307320356369019,0.5372102751807347,0.5297723155133941,0.5362504978527134,170948000
2015-02-19,0.5321716666221619,0.5384099334919408,0.5297723376110558,0.5374502133284016,169432000
2015-02-20,0.5360103249549866,0.536250240569628,0.5278526220123174,0.5316915578690106,157752000
2015-02-23,0.53169184923172,0.5357707029382325,0.5290525472064045,0.5357707029382325,125008000
2015-02-24,0.5373516082763672,0.5373516082763672,0.5289216554540755,0.5337387877595984,149356000
2015-02-25,0.5332573652267456,0.537592821306725,0.5308487976572394,0.5351841963124383,123820000
2015-02-26,0.5347024202346802,0.5378335632493881,0.5303669649413445,0.53373900486664,152864000
2015-02-27,0.531330406665802,0.5344615494974234,0.5294035186176221,0.5332572372892151,157492000
2015-03-02,0.54433673620224,0.5472270399830134,0.5291627562027299,0.5298853321479232,301512000
2015-03-03,0.534220814704895,0.5428916699908721,0.5325348230416195,0.5402422627235512,160344000
2015-03-04,0.540242075920105,0.5414463306525618,0.5301260720135521,0.5322937994416915,226840000
2015-03-05,0.5505990386009216,0.5515624540806084,0.5387970410566225,0.540242192988541,323056000
2015-03-06,0.5431324243545532,0.5501172287185266,0.5426506879666241,0.5474678221468391,257392000
2015-03-09,0.5445774793624878,0.5486720948024231,0.5421689124462249,0.5433732246167389,222388000
2015-03-10,0.5539709329605103,0.5575838122129219,0.5460226560299722,0.5469860713556929,527212000
2015-03-11,0.5510810017585754,0.561196954593984,0.5496358492321456,0.5539712493866349,262120000
2015-03-12,0.5460228323936462,0.5498765523660357,0.5356659850911936,0.5457819928406176,406972000
2015-03-13,0.5467453598976135,0.5481905119369519,0.5359067770273568,0.5433733767556781,359288000
2015-03-16,0.5532484650611877,0.5566205054963217,0.547467914554182,0.5510807945115473,236956000
2015-03-17,0.5599924325942993,0.5602332720924842,0.5481904358116464,0.5520441549064691,299900000
2015-03-18,0.5508397221565247,0.5628825558048883,0.54578174925164,0.5599923101841373,413844000
2015-03-19,0.5592696666717529,0.561196496852167,0.5486719858299685,0.5527665430319135,310756000
2015-03-20,0.5652912259101868,0.5686632658881868,0.5585472608037286,0.563846131547925,462084000
2015-03-23,0.5469860434532166,0.5556568957919253,0.5467452039902638,0.5484311950804621,426012000
2015-03-24,0.5395196676254272,0.5491539381754699,0.5371110999879166,0.5453002184704964,330480000
2015-03-25,0.5067630410194397,0.5392787267265954,0.505076992307787,0.5392787267265954,542552000
2015-03-26,0.5050771236419678,0.5072448518993872,0.4927934450328305,0.4964063254618628,311920000
2015-03-27,0.5149520635604858,0.5168788939851842,0.4997780873355144,0.5079672027776232,318288000
2015-03-30,0.517119824886322,0.5197692312508186,0.5106166425693065,0.5173606643490677,253252000
2015-03-31,0.5041136741638184,0.5161565124109058,0.5036319950888043,0.5156748333358918,357276000
2015-04-01,0.5060405135154724,0.5077265049635894,0.4973696593360302,0.5060405135154724,330768000
2015-04-02,0.5072447061538696,0.5103758491511043,0.5029093083094975,0.5089306973947237,192204000
2015-04-06,0.5219369530677795,0.5236229441383681,0.49977811484044943,0.5050769275123664,515864000
2015-04-07,0.5265134572982788,0.5322940086201676,0.5190468568087517,0.5219371611820895,413964000
2015-04-08,0.5303670167922974,0.5322939051415285,0.5219370597168349,0.5269950339621123,366432000
2015-04-09,0.5426507592201233,0.5443367506621031,0.5260316268887527,0.5262724664019566,379432000
2015-04-10,0.5481903553009033,0.5484311947637169,0.5412054940564269,0.5431323820332298,258728000
2015-04-13,0.5431324243545532,0.5501172287185266,0.5407237998396767,0.54698608575891,236724000
2015-04-14,0.5385560393333435,0.5431323332644769,0.5332571696538859,0.5409646060195044,220276000
2015-04-15,0.545059323310852,0.5491538821342921,0.5373518846874495,0.5400013490156808,243560000
2015-04-16,0.5416873097419739,0.5465044442523481,0.5378335906487199,0.5419281492400607,155284000
2015-04-17,0.5347024202346802,0.540001290896056,0.530126125455527,0.5303669649413445,293636000
2015-04-20,0.5320530533790588,0.5404830102603805,0.531089580514244,0.5371110275078519,231624000
2015-04-21,0.531330406665802,0.5385561076407515,0.5286809427776504,0.5385561076407515,230456000
2015-04-22,0.5373516082763672,0.5380741838646702,0.5262721924887154,0.5344613633479015,207420000
2015-04-23,0.5351842641830444,0.5402422969177998,0.5214554330382842,0.5274768814380636,259380000
2015-04-24,0.5306078791618347,0.5351841166655075,0.5245864324218,0.5349432771718331,240960000
2015-04-27,0.5347024202346802,0.5440958492788042,0.5277175583230416,0.5322938531021948,248456000
2015-04-28,0.5373516082763672,0.5392784956534243,0.5286807586414767,0.5337387877595984,234484000
2015-04-29,0.5332573652267456,0.5387970763790879,0.5310896371867558,0.5334982047562621,195156000
2015-04-30,0.5347024202346802,0.537351826852983,0.5294035495733044,0.5306078618519321,218844000
2015-05-01,0.5479493737220764,0.5496353643740228,0.5366290605344008,0.5390376268121457,256968000
2015-05-04,0.5445774793624878,0.551080661718686,0.5428914882635802,0.5474677826319092,200720000
2015-05-05,0.5306078791618347,0.5433732911229273,0.5281993119507752,0.5426507152171323,292928000
2015-05-06,0.5322936773300171,0.5385559612915233,0.5253088177248947,0.53349793178621,316484000
2015-05-07,0.5416873097419739,0.5433733010781275,0.5284401611260582,0.5301261524622118,534564000
2015-05-08,0.5017051100730896,0.526031683702107,0.4935159914919397,0.5060405663276628,1146552000
2015-05-11,0.4968877136707306,0.5019457433101975,0.4908663263805592,0.4947199866823876,544144000
2015-05-12,0.5017051100730896,0.5057996693636646,0.49303425498872616,0.49327515195272437,388800000
2015-05-13,0.5045953392982483,0.5091716344123468,0.49977820468070494,0.5053179152333572,308524000
2015-05-14,0.5127843618392944,0.5154338255863478,0.5048360854476617,0.5060403975917339,293052000
2015-05-15,0.5130252838134766,0.5173606814096875,0.5098941409954706,0.5149521144285111,215824000
2015-05-18,0.5123027563095093,0.5154338994229208,0.5094124526895072,0.5118210198979183,324972000
2015-05-19,0.5091085433959961,0.5146738936619811,0.5081406112440852,0.512980041241415,253808000
2015-05-20,0.5091085433959961,0.5153998139306362,0.5086245773200406,0.5093504975886958,196824000
2015-05-21,0.505479097366333,0.5115284155669882,0.504995131141674,0.5093506540918835,239692000
2015-05-22,0.5047532320022583,0.5086247891506486,0.5035434028443377,0.5066890394217436,212592000
2015-05-26,0.5016074180603027,0.5057209280476553,0.497735862280865,0.5023333383746074,259732000
2015-05-27,0.5284664034843445,0.5308861191244879,0.5033013146743961,0.5049951098534393,432332000
2015-05-28,0.535725474357605,0.537419269296211,0.5274984538870717,0.5284663284676233,327656000
2015-05-29,0.5354836583137512,0.5391132033500448,0.5347577377683769,0.5357256125986832,335168000
2015-06-01,0.5415329337120056,0.5468563319565156,0.5354836725933431,0.5388712634350405,372660000
2015-06-02,0.5308860540390015,0.5410488815578915,0.5304020878940774,0.538145200069476,224304000
2015-06-03,0.5250787734985352,0.5364514303798569,0.5241108411630705,0.5323379198711171,250788000
2015-06-04,0.5345157980918884,0.536209593513861,0.5219332518822867,0.5219332518822867,323712000
2015-06-05,0.5386292338371277,0.5410489494844047,0.527256518373411,0.5328218701312054,313320000
2015-06-08,0.5262885093688965,0.5405648453523627,0.520239250639472,0.5369353016528193,342812000
2015-06-09,0.5289503931999207,0.5328218922437772,0.5258047569588568,0.5267726317198208,256888000
2015-06-10,0.5195134282112122,0.5260466542533614,0.5166097465522268,0.5226590641115904,529460000
2015-06-11,0.5250787734985352,0.5287083178395425,0.5195134221771656,0.5195134221771656,283052000
2015-06-12,0.5108025074005127,0.5248368359673737,0.5095926206549586,0.5216911996576233,323728000
2015-06-15,0.5098347663879395,0.5122544828233533,0.5042694128174288,0.5081409129616185,306548000
2015-06-16,0.5161258578300476,0.5168517783537274,0.5037853243086433,0.5088667102838257,256892000
2015-06-17,0.522175133228302,0.5250788150835264,0.514674032023068,0.5158838610023637,233544000
2015-06-18,0.5308860540390015,0.5342736439817767,0.5250787487527347,0.5265305894969425,299404000
2015-06-19,0.529192328453064,0.5352415887596638,0.5243528971315553,0.5308861236465348,355656000
2015-06-22,0.5270143151283264,0.5330636302338103,0.5190292514957925,0.530159949752691,514236000
2015-06-23,0.5134639739990234,0.5320957725106824,0.5093504645372716,0.5279822630489306,414064000
2015-06-24,0.5083828568458557,0.5154000508751608,0.5059631407347763,0.5127383227695657,253368000
2015-06-25,0.5122542977333069,0.5153999337318084,0.5083827412974151,0.5083827412974151,350460000
2015-06-26,0.5018497705459595,0.5086250129595796,0.49967206556533655,0.5081410464691047,421296000
2015-06-29,0.48684725165367126,0.501123590658715,0.4861213312220106,0.49604214763709065,391724000
2015-06-30,0.4866052567958832,0.491928654251389,0.4832176664562755,0.4897508928799678,315916000
2015-07-01,0.49362239241600037,0.5057209691535367,0.48926692786671305,0.4987038350291608,302892000
2015-07-02,0.49410638213157654,0.4972520180024455,0.49096074626070757,0.4933804617236401,145764000
2015-07-06,0.48805707693099976,0.4967680643552405,0.4844275324903978,0.4899928839644803,214776000
2015-07-07,0.47886213660240173,0.48708918642343907,0.46361792352823805,0.48515343714346176,594252000
2015-07-08,0.4754745662212372,0.47910413953953246,0.47160300981027503,0.47620048665395315,332492000
2015-07-09,0.46966731548309326,0.4851535438926411,0.4667636620789479,0.48297578220556475,357588000
2015-07-10,0.4778943359851837,0.4822498302303377,0.474506716529936,0.4757165744399628,216708000
2015-07-13,0.4810399115085602,0.48370158126696533,0.47789427557109565,0.4827337065994151,212472000
2015-07-14,0.48128193616867065,0.4822498398231181,0.47499069221856044,0.4817659024185386,249216000
2015-07-15,0.4778943359851837,0.48321770502024397,0.47353884174002975,0.48007206868511676,265732000
2015-07-16,0.4885410964488983,0.4885410964488983,0.47910418756814094,0.48079798285075254,282848000
2015-07-17,0.48563751578330994,0.4873313114194299,0.4793462418831001,0.4868474027751597,220372000
2015-07-20,0.4766845107078552,0.4875732614888023,0.4754746527150044,0.4856374540858932,188412000
2015-07-21,0.47886213660240173,0.4856373456181726,0.47571650075451344,0.47571650075451344,149720000
2015-07-22,0.46966731548309326,0.4754746511366737,0.46386000867480265,0.4754746511366737,356472000
2015-07-23,0.4754745662212372,0.48249172976516086,0.4696672316047939,0.4706351351301768,169916000
2015-07-24,0.4699092209339142,0.4793461001486107,0.46797344270274216,0.47886216280213895,188844000
2015-07-27,0.4672475755214691,0.47257094463003374,0.4619242064129045,0.465795734471275,192420000
2015-07-28,0.4774104058742523,0.4805560134120853,0.4636180024132811,0.4684574341272252,198308000
2015-07-29,0.483217716217041,0.487089273156951,0.4745067275248879,0.47644250599484284,232680000
2015-07-30,0.4844275712966919,0.48926700273221513,0.4820078267336436,0.4820078267336436,190180000
2015-07-31,0.4827338457107544,0.48660537434191325,0.4798301920260621,0.4863634200279429,218340000
2015-08-03,0.4909607172012329,0.49144462565083696,0.4803139524873312,0.4866051950114131,397132000
2015-08-04,0.49289649724960327,0.49434833807046824,0.48733114589666593,0.48926695288800837,260100000
2015-08-05,0.497978150844574,0.5054792546724158,0.49701021809403345,0.5049952882971456,234628000
2015-08-06,0.49483242630958557,0.500397779035422,0.4866053455253609,0.4967681760878845,655676000
2015-08-07,0.55605149269104,0.5654883481368576,0.5294345493282285,0.543468941842482,1405248000
2015-08-10,0.5754092335700989,0.5795227465376179,0.5487922899369255,0.552179939754825,662304000
2015-08-11,0.5725052356719971,0.5780705872623267,0.5669398840816673,0.5669398840816673,435008000
2015-08-12,0.5739573240280151,0.5780708365091746,0.5633105824479204,0.5633105824479204,384048000
2015-08-13,0.5691176056861877,0.5758928434361805,0.5676657649047203,0.5746829568881023,276884000
2015-08-14,0.5696018934249878,0.5729894853672418,0.5652463686215767,0.5686339605638308,214652000
2015-08-17,0.5659719705581665,0.5686336402002892,0.5589547785664986,0.5686336402002892,273880000
2015-08-18,0.5608206391334534,0.5681103282535631,0.5564467909014079,0.5642224824695113,287084000
2015-08-19,0.5586336255073547,0.5664093158295564,0.5525588565806427,0.5600915746844288,249248000
2015-08-20,0.5384655594825745,0.5549888313461431,0.5357926329674161,0.5523159627642831,426932000
2015-08-21,0.5216993689537048,0.5435684405891271,0.5212133664107046,0.5345778280434512,382664000
2015-08-24,0.5032321810722351,0.5304470510972599,0.4859798715325698,0.4925405877481299,682284000
2015-08-25,0.49278342723846436,0.5272879750270304,0.49278342723846436,0.5253440233873223,622684000
2015-08-26,0.5299610495567322,0.5304470521390788,0.5049331041988433,0.5088209510576707,614976000
2015-08-27,0.5498859882354736,0.5501289604538262,0.5323907139817058,0.5355495845534497,463764000
2015-08-28,0.5523158311843872,0.555717673647832,0.5459980906475416,0.5498859354343146,320944000
2015-08-31,0.5462412238121033,0.5535309711437907,0.5440543575458986,0.5496431252113245,219352000
2015-09-01,0.5238861441612244,0.539437527624248,0.519998356228769,0.530446916647169,353408000
2015-09-02,0.5396804213523865,0.5399233935794825,0.5292318624544612,0.5382224721232263,344044000
2015-09-03,0.5411383509635925,0.5503719904579975,0.5401664041571526,0.547699064323675,262556000
2015-09-04,0.528502881526947,0.5404093895118101,0.5282599093027533,0.5319047243988246,287972000
2015-09-08,0.5511011481285095,0.5532880728493851,0.5391946931592563,0.5413815599468165,238448000
2015-09-09,0.5401667356491089,0.5574189903340527,0.5389517579454784,0.5528022256869034,289392000
2015-09-10,0.5486711859703064,0.5554749316500558,0.5345778079526894,0.537007704709748,357076000
2015-09-11,0.5503721833229065,0.5540169996076186,0.5404095657491854,0.5425964902799989,301584000
2015-09-14,0.551344096660614,0.5547459404332881,0.5484281974650038,0.553045018546951,192460000
2015-09-15,0.5574188828468323,0.5603347824266114,0.5498862195101554,0.5515871416205884,327976000
2015-09-16,0.5613067150115967,0.564465586829583,0.5523161021193713,0.556446921127512,173508000
2015-09-17,0.5664095282554626,0.5761291158367984,0.5651945508411398,0.5710262918032789,268712000
2015-09-18,0.565923273563385,0.5707830651888365,0.5552317435740489,0.5586335861252077,326412000
2015-09-21,0.5717552304267883,0.5729702077641047,0.5637365653870863,0.5666524646499991,281840000
2015-09-22,0.5562037825584412,0.563250498964024,0.5532878839262564,0.5593626534322095,228356000
2015-09-23,0.5588767528533936,0.562278596588624,0.5545029620414267,0.556689828480757,161632000
2015-09-24,0.5695684552192688,0.5754001967466609,0.546727375842564,0.5554750171003108,382440000
2015-09-25,0.5736991763114929,0.5848767127861201,0.5681104080741793,0.5766150176092386,369692000
2015-09-28,0.566166341304779,0.5773438755161744,0.5625215259372738,0.5736990601486692,395584000
2015-09-29,0.576129138469696,0.5771010856793497,0.5642226258348259,0.5722412916977676,380736000
2015-09-30,0.5989701151847839,0.5996990900225185,0.5780729909918837,0.5814748349457721,556380000
2015-10-01,0.5873064994812012,0.6006708999422674,0.5702971677308133,0.598969978353888,489296000
2015-10-02,0.6026149988174438,0.6026149988174438,0.5780730000512562,0.5841477711498101,386144000
2015-10-05,0.6176803708076477,0.6252130335288892,0.6033439622672409,0.6065028339094766,482024000
2015-10-06,0.625698983669281,0.6283718525530042,0.6086897074456419,0.6111196040490189,453216000
2015-10-07,0.6322596669197083,0.6385774093575399,0.6169513132946939,0.6271569016891374,310152000
2015-10-08,0.6359046697616577,0.6376055918506419,0.6188953330051886,0.6295869260406801,460068000
2015-10-09,0.633474588394165,0.638577353175797,0.6215680793037272,0.6325025835405522,423248000
2015-10-12,0.6402783989906311,0.6439232730655825,0.6295868649262872,0.6342036281768149,227588000
2015-10-13,0.6414931416511536,0.6453809286644332,0.6329884772097091,0.635175400854644,298444000
2015-10-14,0.6648203134536743,0.6752688739172641,0.6414932960915508,0.6422222128820634,612148000
2015-10-15,0.6665212512016296,0.6801286831513782,0.6592315617214038,0.666035248729627,526048000
2015-10-16,0.6769698262214661,0.6832875688244872,0.6670072098346622,0.6687081895559631,448396000
2015-10-19,0.6757550239562988,0.682315798465895,0.6679793877597154,0.6791569263464549,294712000
2015-10-20,0.6747829914093018,0.6779418631295938,0.6677362731153185,0.6728390970891117,264824000
2015-10-21,0.6660352945327759,0.6830446290896677,0.6648203751691729,0.6789137526268213,386280000
2015-10-22,0.6900912523269653,0.6922781765856695,0.6728390043304405,0.6738109513565413,306884000
2015-10-23,0.6947081685066223,0.6993249899311571,0.6857175558974254,0.6961661182126134,381776000
2015-10-26,0.6915491819381714,0.696894977327892,0.6852314395503112,0.6951940555978221,247436000
2015-10-27,0.6910631060600281,0.6954368956870106,0.6876612053131633,0.6881472076865127,208268000
2015-10-28,0.6966521143913269,0.6966521143913269,0.6852315470876601,0.6954371370030028,217036000
2015-10-29,0.6725958585739136,0.6925210298857578,0.6713809394833329,0.685474371707145,327168000
2015-10-30,0.6893622875213623,0.6942221385885989,0.6747829081195643,0.6798857314635064,301160000
2015-11-02,0.6973809003829956,0.6981098750924755,0.6874183425756041,0.6915491606404567,190088000
2015-11-03,0.6925215125083923,0.6971383357233372,0.6847458742832222,0.6932504876440854,376768000
2015-11-04,0.6811007261276245,0.6956801071422777,0.6779418544477853,0.6905773411671422,442264000
2015-11-05,0.6733248829841614,0.6864463693189933,0.6713809891221924,0.6845024175237268,478800000
2015-11-06,0.7666329741477966,0.7761095866939604,0.7245957641557925,0.7399041159867896,1172272000
2015-11-09,0.7632315158843994,0.7654184409438557,0.7525399208826072,0.759100696060976,492568000
2015-11-10,0.7486519813537598,0.7573996219055715,0.732614649997657,0.7532687449764919,552260000
2015-11-11,0.7413622140884399,0.7544836445962112,0.7386892871825556,0.7491378487177492,619896000
2015-11-12,0.7386893033981323,0.746464996131439,0.7355304318460582,0.7396612505064686,291080000
2015-11-13,0.724109947681427,0.7425771751031929,0.7204650734841593,0.739418303443331,292940000
2015-11-16,0.7386893033981323,0.7391753059189544,0.7277547391127515,0.7335865376293855,344280000
2015-11-17,0.7386893033981323,0.7450070465022806,0.7355304318460582,0.740633255548113,257048000
2015-11-18,0.7568606734275818,0.7578363692828225,0.7336889727014323,0.7417380855107999,350216000
2015-11-19,0.7590559124946594,0.7666171774822239,0.7534459229383089,0.759543760429107,254072000
2015-11-20,0.7656415104866028,0.7700319672688647,0.7600315211447921,0.7646658728083066,239744000
2015-11-23,0.7541777491569519,0.7719833575104751,0.7514947306040344,0.7719833575104751,242552000
2015-11-24,0.7602753639221191,0.7668609899871606,0.7507627670933804,0.7541775275488423,195428000
2015-11-25,0.7592997550964355,0.7678367153650016,0.756616737024959,0.7588119653488675,138300000
2015-11-27,0.7656415104866028,0.7680806337589863,0.7568606550753649,0.7607632639418358,86996000
2015-11-30,0.7736906409263611,0.7771054601090029,0.7656415281267182,0.7663732709406208,327244000
2015-12-01,0.7988138198852539,0.7995455628317126,0.7797886195839234,0.7805203625303822,409496000
2015-12-02,0.7927159667015076,0.8083263469124955,0.791008585909157,0.8000333378772797,294240000
2015-12-03,0.7910085320472717,0.8073506540783878,0.7871059227219397,0.7990576456078651,246656000
2015-12-04,0.8232048153877258,0.8246683008500593,0.7910083678295148,0.7910083678295148,458756000
2015-12-07,0.8075948357582092,0.8229613243463115,0.805155711508563,0.8229613243463115,333588000
2015-12-08,0.818570613861084,0.8219853751289141,0.7924719982379663,0.7975941401397115,314488000
2015-12-09,0.7978380918502808,0.823205024567829,0.7895450829941418,0.8183267772226537,372676000
2015-12-10,0.8044236302375793,0.8088140287798896,0.7975940503177488,0.8002770684184225,236596000
2015-12-11,0.7924720048904419,0.8019846040620726,0.7907646242421941,0.7963746141521334,227320000
2015-12-14,0.7944234013557434,0.7988138592508577,0.7849108007362965,0.7932038684870788,275892000
2015-12-15,0.8041797280311584,0.8097897176167742,0.7990575863825352,0.8034479852023139,307296000
2015-12-16,0.8090580701828003,0.8117411469226842,0.798813785677665,0.8058872036016979,236356000
2015-12-17,0.7968623042106628,0.8185705182617793,0.7963745144598217,0.8102775109646333,254160000
2015-12-18,0.7839351296424866,0.7993016153186306,0.7829594917581739,0.7912525010047791,395896000
2015-12-21,0.8024723529815674,0.8032040958154271,0.785398489215848,0.7924719645076327,284216000
2015-12-22,0.8032041788101196,0.8112532926609987,0.7983259315158472,0.8049115595477855,130012000
2015-12-23,0.8063749670982361,0.8095458333470715,0.8029602059543484,0.8044236916312401,122524000
2015-12-24,0.8090580701828003,0.8110094040075608,0.8027163370205954,0.8039359279302327,52448000
2015-12-28,0.8083263635635376,0.8083263635635376,0.789301221375942,0.8005212023739103,142024000
2015-12-29,0.8214977383613586,0.8239368623146736,0.8066190415388264,0.8088142705428004,203660000
2015-12-30,0.8144240975379944,0.8278393056579033,0.8141802026377404,0.8207658301709226,180344000
2015-12-31,0.8039358854293823,0.8168632459909839,0.8039358854293823,0.8132045897620813,148528000
2016-01-04,0.7895449995994568,0.7946671413248826,0.7814958865147652,0.7875937241288058,358076000
2016-01-05,0.8022285103797913,0.8156437190039459,0.792715911072843,0.8044237390244622,490272000
2016-01-06,0.7690565586090088,0.7927160555813954,0.7600317474757211,0.7890573405066431,449344000
2016-01-07,0.7385674118995667,0.7549095353789055,0.728810858644974,0.7497873347434172,645304000
2016-01-08,0.7227128148078918,0.7488114238738997,0.7212493294455727,0.7480796811927402,398472000
2016-01-11,0.7239322662353516,0.7290544644307828,0.7110049105689993,0.7234444766046335,409372000
2016-01-12,0.7361283898353577,0.7468605833001221,0.7310062462407955,0.7368601329421967,469356000
2016-01-13,0.71368807554245,0.746616264024346,0.7129563328514498,0.7417379600332525,481672000
2016-01-14,0.6992975473403931,0.7073466624077048,0.6785649641298498,0.6990535942315054,600236000
2016-01-15,0.6612469553947449,0.6792965145154707,0.6497830815869586,0.6712474017307207,841452000
2016-01-19,0.6666132807731628,0.6939314947225218,0.6639302034804156,0.6749062913156552,457140000
2016-01-20,0.6702717542648315,0.678808715591986,0.6451487763980053,0.6539296326291868,481180000
2016-01-21,0.6780771017074585,0.6885653405684393,0.6636862528732494,0.677589311806619,481456000
2016-01-22,0.6939312219619751,0.6985655735066546,0.6895407652922941,0.6910042508488544,257996000
2016-01-25,0.6931995749473572,0.7017365364377943,0.6917360891886203,0.6936874229180336,270728000
2016-01-26,0.700029194355011,0.7029561662769669,0.6875896799932993,0.6946631567024925,227944000
2016-01-27,0.6917360424995422,0.7012486411359822,0.6785647878664953,0.6990534126460448,231700000
2016-01-28,0.684174656867981,0.6997850321317061,0.6707594515539834,0.697345909179459,276776000
2016-01-29,0.714419960975647,0.7158834467691806,0.6873457064084496,0.6900287249277322,310504000
2016-02-01,0.7146639227867126,0.7183225791620134,0.7075904468002914,0.7136882849635188,289884000
2016-02-02,0.684418797492981,0.7110052646656946,0.6795405498367013,0.7073466080001345,341908000
2016-02-03,0.6878336071968079,0.6939314462691197,0.6719793302847429,0.6897849412874011,326772000
2016-02-04,0.6880773305892944,0.7036877073359988,0.6812477507822285,0.6888090152065277,348140000
2016-02-05,0.644661009311676,0.6910044197816747,0.6427097335280818,0.6834431534286238,600428000
2016-02-08,0.6151474118232727,0.6380751558868054,0.6061226045844185,0.6349042902414302,608852000
2016-02-09,0.6217332482337952,0.6475879718381745,0.6049032767671769,0.6078302485538228,425372000
2016-02-10,0.6202695965766907,0.6436851901522703,0.6168548358403791,0.6256356907003818,335800000
2016-02-11,0.617098867893219,0.6234406010437858,0.6044154015920851,0.6044154015920851,340144000
2016-02-12,0.6275870203971863,0.6288066111392963,0.6036835768620734,0.6268552775825778,340816000
2016-02-16,0.6583200097084045,0.6592957055985492,0.6346605183615387,0.6366117938352492,485352000
2016-02-17,0.6746622323989868,0.6810039653268742,0.6639300421425806,0.6666131187833287,771468000
2016-02-18,0.7327134013175964,0.7556412092317825,0.7292986399750451,0.7300303828560623,1068660000
2016-02-19,0.7424699664115906,0.7490556529694906,0.7232008710628379,0.7288108615840355,525628000
2016-02-22,0.7688124179840088,0.777349378974014,0.7517385541572874,0.7532020398302357,449668000
2016-02-23,0.7707637548446655,0.7780811250869304,0.759055927565068,0.7627146417628452,369380000
2016-02-24,0.7761297821998596,0.7773493729689915,0.7463724536418478,0.767592879429091,336852000
2016-02-25,0.7778372764587402,0.781739886075844,0.763934276947362,0.7790568674061527,349616000
2016-02-26,0.7727150917053223,0.7834472239492998,0.7649098728988146,0.7814959483243199,361964000
2016-02-29,0.7676966190338135,0.7838534960960689,0.7672070520714179,0.7738166729850388,323344000
2016-03-01,0.8017238974571228,0.8017238974571228,0.7684308982904684,0.7696549322204139,348700000
2016-03-02,0.80637526512146,0.8093129005551298,0.7958488159710284,0.7973176336878633,233812000
2016-03-03,0.7992761731147766,0.8088233726947507,0.7885048808029955,0.8053961698524436,302004000
2016-03-04,0.7968281507492065,0.8061305666618597,0.7907080957385154,0.80539615772597,175304000
2016-03-07,0.7916871905326843,0.7978072447883843,0.7814055250637802,0.7924215993779749,239968000
2016-03-08,0.7772437930107117,0.7882598656122124,0.7747957833620619,0.7836086297702317,274940000
2016-03-09,0.7767542600631714,0.7853222650254992,0.7667173792092434,0.7840982893302337,222788000
2016-03-10,0.775530219078064,0.785811883306209,0.759862968454588,0.7814054307662229,286084000
2016-03-11,0.7887496948242188,0.7889945367261144,0.777733676924458,0.7870360933368153,277400000
2016-03-14,0.7907080054283142,0.7938904243319685,0.7814055322129668,0.7850775764730155,190312000
2016-03-15,0.7867910265922546,0.7916870457554053,0.7728373778137906,0.7865462431436427,226216000
2016-03-16,0.8102920055389404,0.8129848571844936,0.7772438439343358,0.780915887830473,363644000
2016-03-17,0.8034374713897705,0.8112710664917958,0.7924213998493794,0.8073542981233572,353680000
2016-03-18,0.8276728391647339,0.8384440696510451,0.8078439206976117,0.8129847816747223,545512000
2016-03-21,0.8301210403442383,0.8303658238493573,0.8115161515563861,0.8203289997574914,337780000
2016-03-22,0.8286521434783936,0.8345273555965489,0.8183704784977514,0.8274281677044762,242012000
2016-03-23,0.8428505659103394,0.8489705610013722,0.8286520745764696,0.8323241183232136,429008000
2016-03-24,0.8440747261047363,0.8455435439245306,0.8325690837916281,0.8352618775511388,244956000
2016-03-28,0.8526427149772644,0.8563147008335653,0.8416266406780362,0.8426058330153722,265388000
2016-03-29,0.8663516044616699,0.8683099891853184,0.8470123072636929,0.8489706919873413,261812000
2016-03-30,0.8754092454910278,0.8874045125583454,0.8690444075220363,0.8695340328908683,376700000
2016-03-31,0.872226893901825,0.8812845261863461,0.8653724883995396,0.8793261412900273,379884000
2016-04-01,0.8849564790725708,0.8854461044284717,0.8602315367202628,0.8668411580165258,348292000
2016-04-04,0.8763884902000427,0.8969518230763578,0.8729612875090463,0.8923005860727664,393940000
2016-04-05,0.8751645088195801,0.8832429484640166,0.8651276259601832,0.8685548869950716,339568000
2016-04-06,0.8763884902000427,0.8768781155981143,0.8477467759943084,0.8641484388999353,453376000
2016-04-07,0.86733078956604,0.8785916475457035,0.8636588036486337,0.8707579919863296,378104000
2016-04-08,0.8729612231254578,0.8800604698654791,0.8643931586647197,0.8744300408461745,255936000
2016-04-11,0.8783469200134277,0.8927901978365335,0.8754092844001969,0.8781020781355469,387524000
2016-04-12,0.8773676156997681,0.8825084190021071,0.8602314879616509,0.8812843848643158,292764000
2016-04-13,0.8993997573852539,0.8996445408810344,0.881284436298735,0.881284436298735,350716000
2016-04-14,0.9018475413322449,0.9057643681085452,0.8932794791112662,0.8969515224531568,416564000
2016-04-15,0.9089469909667969,0.9170254297735647,0.8986653256585938,0.901602960993841,436972000
2016-04-18,0.9050301313400269,0.9072333577636382,0.8962172840107413,0.9072333577636382,307320000
2016-04-19,0.8888732194900513,0.9101708989888244,0.8832427910936315,0.9084572979592824,309152000
2016-04-20,0.8923006057739258,0.8976862518109504,0.8864253926931888,0.8874045851457834,200172000
2016-04-21,0.8913212418556213,0.8967068868565958,0.8874044144335633,0.8925452175946128,178280000
2016-04-22,0.8878940939903259,0.9003789274435069,0.8849564586530306,0.8942589316443578,223540000
2016-04-25,0.8923006057739258,0.8971966264020682,0.8856909837624504,0.8881389940765216,191972000
2016-04-26,0.893034815788269,0.9079677162335377,0.8891179884851632,0.8976860518585295,214536000
2016-04-27,0.9133535623550415,0.9138431877940548,0.8891182412447626,0.8908318427335492,352396000
2016-04-28,0.8861802816390991,0.9131084452799326,0.8839771138812407,0.9077228008787355,381224000
2016-04-29,0.8697787523269653,0.8844668119280608,0.8602314960767051,0.8825084273273123,321904000
2016-05-02,0.8812844157218933,0.8866700610594614,0.8739403857334798,0.8781019968903979,256076000
2016-05-03,0.8707581162452698,0.8749197281159439,0.8631693014652374,0.8712477416745377,224024000
2016-05-04,0.8509289622306824,0.8609657840396827,0.8421161160340505,0.8602313753262006,525764000
2016-05-05,0.8560697436332703,0.8661066235585541,0.8497049071843465,0.8580281862757126,246884000
2016-05-06,0.8648827075958252,0.8670859339821982,0.8528874417568955,0.8546010428245769,183240000
2016-05-09,0.8636587858200073,0.8707579740111538,0.8565595392636983,0.8670859881695487,333336000
2016-05-10,0.880305290222168,0.8817741080043839,0.8607212087663992,0.8690444317120676,269676000
2016-05-11,0.8827534914016724,0.8925455342482185,0.8781022535400093,0.8829983333284614,328176000
2016-05-12,0.8707581162452698,0.8930350518864437,0.855090861255937,0.8891182235478174,670540000
2016-05-13,1.0031955242156982,1.00368509122459,0.954724888425471,0.9593760668357715,2110256000
2016-05-16,1.0328161716461182,1.0477491289939058,0.9924239852346884,0.9956064034589315,973032000
2016-05-17,1.0350195169448853,1.0423634875985446,1.014945755915578,1.028164996476412,628392000
2016-05-18,1.0614582300186157,1.073453555911956,1.0281652211532166,1.0281652211532166,541072000
2016-05-19,1.066109299659729,1.0736981709691522,1.0558276934188198,1.0572963942558216,398880000
2016-05-20,1.085204005241394,1.0896104587308253,1.071005510706785,1.0727191120531743,391084000
2016-05-23,1.086917519569397,1.0940167079031735,1.0803078982295837,1.0898551549938313,413636000
2016-05-24,1.1133018732070923,1.116738092323368,1.0872855714084522,1.0902308352032888,415788000
2016-05-25,1.1086381673812866,1.1214007762548168,1.0998023800456933,1.1167375805888826,458076000
2016-05-26,1.1204193830490112,1.1285187983018137,1.107411234825826,1.110601917108246,309964000
2016-05-27,1.1265555620193481,1.128273613063408,1.1179651897655996,1.1216468280315417,277416000
2016-05-31,1.146681547164917,1.1491359731269801,1.1307281295119207,1.1314645041139282,412524000
2016-06-01,1.1488902568817139,1.1599348197549142,1.1378455769750724,1.141281678806749,387132000
2016-06-02,1.156989574432373,1.1668070408371367,1.143735889455854,1.1550259875246753,329208000
2016-06-03,1.1407908201217651,1.1471721860733701,1.120665045679596,1.1456996711923393,461076000
2016-06-06,1.1349003314971924,1.1525717962229909,1.129009804244112,1.14373600534337,322512000
2016-06-07,1.137109637260437,1.1481543213892667,1.1366187988206846,1.1417729535385421,193400000
2016-06-08,1.1334279775619507,1.141527396003917,1.1241013461358145,1.1373549186711283,234616000
2016-06-09,1.1628801822662354,1.1645982333282365,1.127046412077696,1.1295008376139555,472168000
2016-06-10,1.1339185237884521,1.1594439855218932,1.1324458919935658,1.1491356799911303,400024000
2016-06-13,1.1483994722366333,1.1707342544946944,1.1351459011926943,1.1351459011926943,475588000
2016-06-14,1.1506085395812988,1.156008112542585,1.1329370715775409,1.145699804971003,298344000
2016-06-15,1.1623892784118652,1.1724521650693744,1.1474176579921482,1.1601803891805773,301036000
2016-06-16,1.1670525074005127,1.1690159773546238,1.1425088403905335,1.1537989389184675,246456000
2016-06-17,1.146681547164917,1.1687709126895995,1.1420182314637741,1.1685254935000875,471000000
2016-06-20,1.1672978401184082,1.1822694583313604,1.1643525768885161,1.1650889512127027,293768000
2016-06-21,1.1601800918579102,1.1753971275110076,1.1584619242996848,1.1722064455315855,212508000
2016-06-22,1.1591986417770386,1.170243322440195,1.157235171600654,1.162634743844074,202620000
2016-06-23,1.1901236772537231,1.1913508900013419,1.1695069478208346,1.1702433222827855,297880000
2016-06-24,1.1223831176757812,1.162389365192935,1.11182939196417,1.141281796736259,1017684000
2016-06-27,1.1103565692901611,1.1216466675501116,1.093912201602037,1.1130562965254442,449088000
2016-06-28,1.1265555620193481,1.1326913917290187,1.1110929855893605,1.1314642960071546,381920000
2016-06-29,1.1449633836746216,1.1537991758325634,1.1334278636629698,1.136373127715617,318932000
2016-06-30,1.1537994146347046,1.1609170400405222,1.1376005760259271,1.1469270914116747,430940000
2016-07-01,1.1452085971832275,1.1623892230493953,1.1412816571738722,1.147417603342749,218488000
2016-07-05,1.162143588066101,1.164107057706075,1.1297459293895724,1.138827020361983,371084000
2016-07-06,1.1695070266723633,1.1763793483023106,1.148154038371293,1.15404456633026,273104000
2016-07-07,1.199940800666809,1.2041132759974227,1.1719610368480489,1.177360607540535,395400000
2016-07-08,1.248046875,1.2539374028772503,1.2080406267394943,1.2127039418034085,481932000
2016-07-11,1.2767624855041504,1.2860889946733025,1.2644905966025308,1.2659632279520614,448776000
2016-07-12,1.2959065437316895,1.3076874772010474,1.2747988672587098,1.2909978117000067,436760000
2016-07-13,1.295415997505188,1.3057244199489735,1.2934525274794233,1.2983612610605553,324604000
2016-07-14,1.3086695671081543,1.3204506213353602,1.2914890580825462,1.3022883187796714,316892000
2016-07-15,1.293452501296997,1.299343028288494,1.2723449356220504,1.291979869549123,428616000
2016-07-18,1.300079345703125,1.3113694449360838,1.295170611994597,1.3094059748593612,252992000
2016-07-19,1.313578724861145,1.3187328787739523,1.2968889331480726,1.2993433590304384,382652000
2016-07-20,1.330758810043335,1.3378765491869535,1.3125965090804779,1.3179960804387785,296460000
2016-07-21,1.3062151670455933,1.3319860458065305,1.3017972720208357,1.3278135698886875,361308000
2016-07-22,1.3418035507202148,1.3418035507202148,1.3013064710834628,1.3108785187279164,315768000
2016-07-25,1.3665927648544312,1.3697834477017234,1.3440125657864317,1.3499030932071086,312528000
2016-07-26,1.3899089097976685,1.397026530708444,1.3766553442212397,1.378618813744894,514508000
2016-07-27,1.375919222831726,1.4043899457731968,1.367574388047759,1.401935520642566,446676000
2016-07-28,1.3788650035858154,1.3891733121223582,1.3746925261114193,1.3791104227842843,221916000
2016-07-29,1.4014447927474976,1.4051263136998104,1.3592296602584235,1.3840187474552734,409588000
2016-08-01,1.3923637866973877,1.4124896793849842,1.3832826925502468,1.4073355258906408,301120000
2016-08-02,1.3754287958145142,1.3997270501114447,1.3621752238404552,1.3989906755387376,282748000
2016-08-03,1.3791100978851318,1.3818099424991939,1.3661019471630207,1.3737105256904558,299828000
2016-08-04,1.4046353101730347,1.4110166748240203,1.383036908218467,1.3857366353168958,272712000
2016-08-05,1.4284424781799316,1.4291787353467431,1.413961700598638,1.4208339022891754,371588000
2016-08-08,1.4416966438293457,1.4515141123423263,1.4264794857108063,1.4480780100661288,305064000
2016-08-09,1.4453779458999634,1.4593678890727781,1.4416964250247,1.4488140476546676,372344000
2016-08-10,1.436051607131958,1.460349860475973,1.4313882917992526,1.4581409709114124,375740000
2016-08-11,1.4652581214904785,1.4713940668945888,1.440714456907462,1.4436597200641088,681064000
2016-08-12,1.547234296798706,1.5555791322955295,1.488084073905475,1.5192545267132527,1425744000
2016-08-15,1.5457618236541748,1.558524555853406,1.5248996742541585,1.5489525067039827,573304000
2016-08-16,1.5364350080490112,1.5460069382795347,1.5317716939691286,1.5435526302042142,287652000
2016-08-17,1.5008466243743896,1.5398711898095812,1.488820268408481,1.5364350881050357,595212000
2016-08-18,1.5241633653640747,1.5266176738400163,1.4927473742311825,1.4986379018269622,331684000
2016-08-19,1.528090238571167,1.5396257570779792,1.5168001391978163,1.5234269239350609,291560000
2016-08-22,1.5344715118408203,1.536680517975942,1.5145911588253524,1.5327534609765245,244748000
2016-08-23,1.546888828277588,1.5569702576128583,1.5424627920148717,1.5500853904813663,339764000
2016-08-24,1.5230375528335571,1.5530360868329274,1.5159068143147996,1.5522984727444076,298448000
2016-08-25,1.5129560232162476,1.5242669259011397,1.4940226397919723,1.5235293118614932,406032000
2016-08-26,1.5252512693405151,1.5338573568951035,1.504842413426321,1.5168910532518938,300024000
2016-08-29,1.524267315864563,1.5375453099679355,1.5218084845209232,1.531398172984275,274652000
2016-08-30,1.5154151916503906,1.5304144012138627,1.5112350264036314,1.5223000593517733,285544000
2016-08-31,1.508284568786621,1.5225461664107034,1.5038586487215588,1.5183661177660193,388544000
2016-09-01,1.552790641784668,1.55844603642996,1.5082846299168344,1.509514104317683,428492000
2016-09-02,1.5375449657440186,1.5577079410435861,1.5200869270902087,1.5559867243136458,323148000
2016-09-06,1.5520524978637695,1.5520524978637695,1.5350862011867112,1.5429546711127025,306812000
2016-09-07,1.5291852951049805,1.5547578010068719,1.5203333369654,1.5471352000747765,397988000
2016-09-08,1.5402499437332153,1.5427088920286576,1.5102515249231137,1.5277095653744985,315808000
2016-09-09,1.4635329246520996,1.531890109590132,1.4507466717501456,1.5232840229250235,697760000
2016-09-12,1.4937770366668701,1.4967277280850693,1.40943704608381,1.4441074943739665,598260000
2016-09-13,1.472138524055481,1.5073007078975564,1.4637783115980663,1.49008842301528,471768000
2016-09-14,1.4851710796356201,1.4900888600086202,1.4632869980129661,1.4755813903209,319048000
2016-09-15,1.541479468345642,1.5432006853091573,1.4841872140267625,1.4876297652029047,515212000
2016-09-16,1.5451678037643433,1.555249234354075,1.5274637737596153,1.5468890207613921,902444000
2016-09-19,1.5655765533447266,1.6046729162375801,1.554265649267285,1.5613963881914759,417128000
2016-09-20,1.551315188407898,1.5835266885324346,1.542709102696843,1.5835266885324346,331112000
2016-09-21,1.5948375463485718,1.5977882377177022,1.5557411788303943,1.5559870502363018,336212000
2016-09-22,1.598771333694458,1.6090987509694532,1.5896735076475694,1.6041809723024862,308732000
2016-09-23,1.5970503091812134,1.6054105221960524,1.58991957029332,1.60073873156205,276132000
2016-09-26,1.582051157951355,1.5884442829466086,1.5621341688118853,1.5788545954537283,230040000
2016-09-27,1.6361466646194458,1.6386056128624327,1.5751662255321037,1.5759038396555363,402752000
2016-09-28,1.6420482397079468,1.6432777139740262,1.6211476461810748,1.63860580556222,319788000
2016-09-29,1.6572932004928589,1.662456968582102,1.6240982184855006,1.6393432996205262,336684000
2016-09-30,1.6848326921463013,1.7013072453648466,1.6565553759361211,1.6663909335964195,429932000
2016-10-03,1.6831114292144775,1.7091757870884698,1.680160855591119,1.6848327632643298,242596000
2016-10-04,1.679423451423645,1.713847911394138,1.6668830713972007,1.6855707057306568,281624000
2016-10-05,1.6777021884918213,1.7108972904940936,1.6725385372245667,1.6936850023541241,305440000
2016-10-06,1.6558181047439575,1.6678666243355267,1.6292619997629019,1.6575393218284673,360212000
2016-10-07,1.6437692642211914,1.6713088514099954,1.6390973563566766,1.66688281492007,286260000
2016-10-10,1.6499165296554565,1.661227433713073,1.6344254604519162,1.652375360668448,287876000
2016-10-11,1.6260654926300049,1.646966087013352,1.613525112550172,1.6445072556295535,388540000
2016-10-12,1.633441686630249,1.6420477695303335,1.6059021041008932,1.619425965408038,419920000
2016-10-13,1.6068861484527588,1.617951183030333,1.5663144331677372,1.6142628772541838,390116000
2016-10-14,1.6226232051849365,1.6376224180059447,1.6130335156971278,1.6265573826546933,330636000
2016-10-17,1.613279104232788,1.6376221308371626,1.6110661444502503,1.622377049253771,195328000
2016-10-18,1.6378679275512695,1.6472117435388243,1.6290159715756078,1.6356549678696313,269372000
2016-10-19,1.6344255208969116,1.6420481200923898,1.6184427083495114,1.6268030389505446,199060000
2016-10-20,1.6654077768325806,1.670817417068507,1.6302457015446954,1.653605127929961,312084000
2016-10-21,1.660735845565796,1.6636864196062466,1.644998903520843,1.6595063713202896,279508000
2016-10-24,1.7386828660964966,1.740649954719726,1.671800914913672,1.6720469035845629,339836000
2016-10-25,1.7672059535980225,1.7777792455336068,1.7273719690828246,1.7357321837125899,397460000
2016-10-26,1.7743364572525024,1.7937617027899555,1.7507310466092623,1.7524522634765616,333792000
2016-10-27,1.7379450798034668,1.7913030458653922,1.7308143398005924,1.7878606115709617,388664000
2016-10-28,1.7349939346313477,1.7728608166579105,1.73179737280286,1.7463048366976048,290856000
2016-10-31,1.749747633934021,1.7613044097380297,1.7396660864355744,1.740649689221726,252388000
2016-11-01,1.6978652477264404,1.765730683352047,1.6791776130255662,1.7561409945843554,473224000
2016-11-02,1.6907339096069336,1.734010432464154,1.6877832189406765,1.7108968843269616,295848000
2016-11-03,1.6710631847381592,1.7000781209778915,1.6386058143342714,1.698602775300522,309664000
2016-11-04,1.661473274230957,1.6899964638461793,1.6371302496840205,1.659997928750921,328780000
2016-11-07,1.7524524927139282,1.7635175267363237,1.7089300880920375,1.7101595623721082,487580000
2016-11-08,1.749747633934021,1.7647468436158953,1.7335189500817345,1.759091332781466,429884000
2016-11-09,1.7202407121658325,1.7433543793041373,1.6897505523009313,1.7022908127094383,456532000
2016-11-10,1.6663912534713745,1.7581079693708466,1.6415564831992848,1.757862097969507,869280000
2016-11-11,2.1630873680114746,2.1827584860927702,1.9302302790883694,1.9550651653277504,2175344000
2016-11-14,2.0566182136535645,2.1684978280073137,2.056126470690215,2.1660388786922544,1348796000
2016-11-15,2.119319200515747,2.1503011057965113,2.06374804602339,2.07260011945999,626092000
2016-11-16,2.2530829906463623,2.275950555332797,2.1232535101094805,2.147596537710146,987984000
2016-11-17,2.271770715713501,2.330784075697727,2.2289858069516018,2.269803509914728,832988000
2016-11-18,2.295621871948242,2.319472921860028,2.257263119773255,2.2717705875382217,576060000
2016-11-21,2.286278486251831,2.319965336454044,2.2720167699481997,2.3135722098864835,436436000
2016-11-22,2.302752733230591,2.3049656932976035,2.27152483462256,2.294146647137621,330368000
2016-11-23,2.3140811920166016,2.345601972702966,2.2845303280203524,2.3079246152365136,443236000
2016-11-25,2.3187601566314697,2.341908322287056,2.300290660661075,2.325162855739359,195564000
2016-11-28,2.3175275325775146,2.333041674976669,2.3049682636216873,2.3116173159923328,278736000
2016-11-29,2.29634952545166,2.3256542544322825,2.278619108770835,2.314818777991895,444568000
2016-11-30,2.2704927921295166,2.318759256290163,2.2680301623097487,2.3049686702090457,440500000
2016-12-01,2.1581990718841553,2.269753651364306,2.0875232964642416,2.2680298576918516,1035524000
2016-12-02,2.1781463623046875,2.186765332120447,2.096142618315924,2.1239696786565108,478292000
2016-12-05,2.2626125812530518,2.2805893574605784,2.191690434479725,2.2160699077549735,602284000
2016-12-06,2.299797296524048,2.3081701440007603,2.2549784200149245,2.27073892212742,498796000
2016-12-07,2.3411688804626465,2.3468327419027175,2.2680304562516334,2.286253590490648,480804000
2016-12-08,2.302013635635376,2.379338476584963,2.291424749797631,2.344123761453964,381544000
2016-12-09,2.261134386062622,2.3214673915246844,2.233799812932349,2.319743598078604,382312000
2016-12-12,2.2062196731567383,2.215085000418731,2.1557369314262704,2.2126223703710672,601332000
2016-12-13,2.2451279163360596,2.2727088510522457,2.217547216469157,2.2185321743646083,387796000
2016-12-14,2.375152111053467,2.39140509142128,2.254978317277027,2.278865308855373,983980000
2016-12-15,2.4308063983917236,2.461096088452176,2.3788459880340955,2.3862336428527167,746548000
2016-12-16,2.4726710319519043,2.479812332339604,2.406673889961278,2.458387961477716,1089528000
2016-12-19,2.502713441848755,2.522906489801455,2.437947639397064,2.4551858133707114,744656000
2016-12-20,2.58988881111145,2.6135294491340564,2.564031665120103,2.5753596225127935,848056000
2016-12-21,2.606142044067383,2.6090971534601692,2.5539355028770796,2.601463140432917,576136000
2016-12-22,2.637662410736084,2.6810036131722526,2.6233793463479653,2.6305208785420247,718612000
2016-12-23,2.703413248062134,2.7048909199949285,2.616976955171936,2.6196857072496305,647692000
2016-12-27,2.889091730117798,2.890076688264577,2.7388745748148255,2.759560339842593,1194272000
2016-12-28,2.690361738204956,2.9533645624792473,2.676571385996024,2.945238071377652,2295764000
2016-12-29,2.7440450191497803,2.7455226907140657,2.5315249890123668,2.5832390316263503,2175368000
2016-12-30,2.6285510063171387,2.756112467138603,2.6177157632723804,2.7420757581730837,1212932000
2017-01-03,2.512071132659912,2.619439299024829,2.447305333164635,2.570926479918963,1501996000
2017-01-04,2.5706801414489746,2.598014718425449,2.5002504874074103,2.5463006729171958,1199220000
2017-01-05,2.505422592163086,2.6058956037564642,2.4884307724103305,2.574128472361669,984296000
2017-01-06,2.5389134883880615,2.5672330284627556,2.492124458408783,2.5327569134700934,822856000
2017-01-09,2.6418490409851074,2.6595796959789495,2.5487639242401046,2.5487639242401046,916248000
2017-01-10,2.621901512145996,2.6888833389568987,2.6012157545785337,2.6548999466556698,880920000
2017-01-11,2.589642286300659,2.6152530736855737,2.564770334857432,2.6103280487227205,525664000
2017-01-12,2.54728627204895,2.57831480110489,2.5024673900122973,2.566740721303315,625616000
2017-01-13,2.5470399856567383,2.585702289869403,2.537928301725628,2.5512261747920557,457820000
2017-01-17,2.4899091720581055,2.541376890581182,2.4766112937547717,2.53645186354448,580612000
2017-01-18,2.5352189540863037,2.542114128512082,2.4406561929125004,2.4684832474947904,654424000
2017-01-19,2.589642286300659,2.621655770531802,2.5359583164740607,2.53817458944981,644872000
2017-01-20,2.5613231658935547,2.630029048476144,2.5394063197827474,2.6122983920712524,492024000
2017-01-23,2.5879178047180176,2.607864725898429,2.5536880566060813,2.556150685857836,369904000
2017-01-24,2.643080472946167,2.6492370485007815,2.5832399206815104,2.598015467163241,428052000
2017-01-25,2.6544089317321777,2.691593809638229,2.6184553691693004,2.68543723292236,522760000
2017-01-26,2.7002112865448,2.7075989396624354,2.6275653654818174,2.6571162128016184,458800000
2017-01-27,2.752418041229248,2.7553731496976734,2.680510949812544,2.7071066911790953,471996000
2017-01-30,2.7093234062194824,2.7337028789279216,2.657363229767831,2.73148660592703,496004000
2017-01-31,2.6886377334594727,2.710062096061899,2.6645043841359475,2.6829738727960355,362756000
2017-02-01,2.806102991104126,2.810289180613092,2.705383623792411,2.723114044513781,590004000
2017-02-02,2.8415637016296387,2.8501829069081888,2.7595601866535437,2.7900960011526825,483240000
2017-02-03,2.8166916370391846,2.854122861250694,2.804871435853435,2.843041261180146,372744000
2017-02-06,2.8888449668884277,2.8893374458925583,2.8073337030473935,2.8073337030473935,506768000
2017-02-07,2.9336631298065186,2.9777431604083953,2.903373447359586,2.9230740118235783,746224000
2017-02-08,2.920858144760132,2.9380960823459947,2.8659426316877186,2.9156867634843726,449580000
2017-02-09,2.86594295501709,2.9319400739401464,2.8467350994540177,2.927014814160365,842568000
2017-02-10,2.79797625541687,2.972326277566185,2.7728579463061993,2.9533645434013907,1651092000
2017-02-13,2.6689372062683105,2.8068411893935346,2.6645044255872357,2.792312002129143,1180724000
2017-02-14,2.6787874698638916,2.712524746884733,2.6174692555237455,2.6593330230722554,850632000
2017-02-15,2.6842050552368164,2.7039056246997086,2.6536692430241278,2.6817426601909395,373020000
2017-02-16,2.6411099433898926,2.6950402645393887,2.601954930441998,2.6938089497143736,647176000
2017-02-17,2.640618324279785,2.6450511064573594,2.5805316389448625,2.627566804452686,563740000
2017-02-21,2.735179901123047,2.7391199671719795,2.6649963737705216,2.665242730645131,551952000
2017-02-22,2.7309887409210205,2.7566318497696405,2.7120028419778888,2.7472622342175907,433772000
2017-02-23,2.4777631759643555,2.6232384155874513,2.457791310962338,2.6012939132964576,1592888000
2017-02-24,2.5016798973083496,2.5149945501322906,2.3596566203254294,2.393436470411494,1029904000
2017-02-27,2.574418067932129,2.5894586932048127,2.5041461823265454,2.5199265760139045,715400000
2017-02-28,2.5021729469299316,2.593896448619669,2.4849132556839106,2.5840334991697627,625360000
2017-03-01,2.5344738960266113,2.573431658964486,2.49305039533611,2.559130568115802,504804000
2017-03-02,2.4410247802734375,2.5357071490961296,2.438312609422034,2.521652723951555,754332000
2017-03-03,2.4269702434539795,2.4353534226811244,2.372478520321904,2.4304221822791034,864692000
2017-03-06,2.4082303047180176,2.4188327859125045,2.3465882893651013,2.3907239479026443,883568000
2017-03-07,2.4346137046813965,2.4540927042938416,2.395409507907142,2.4082310624215943,603400000
2017-03-08,2.43017578125,2.4977354987385874,2.4279567110681763,2.482941305616891,638712000
2017-03-09,2.429682970046997,2.4521205775460366,2.401574117340854,2.4141492417784316,478060000
2017-03-10,2.443984031677246,2.467901178219523,2.4257381308120443,2.4560660564775523,499740000
2017-03-13,2.511296272277832,2.5211589871481515,2.453599284470912,2.454339052751245,774136000
2017-03-14,2.509571075439453,2.533487984123129,2.477270515574498,2.5241186019864763,522016000
2017-03-15,2.5285561084747314,2.5394050249060514,2.473571287704312,2.5211591306872716,615036000
2017-03-16,2.5596237182617188,2.5601170539383644,2.52510432963847,2.5391587529260926,523100000
2017-03-17,2.6153481006622314,2.6165809694633504,2.5596235125217754,2.5771298732645787,1119688000
2017-03-20,2.698688268661499,2.702633543331177,2.616827699169849,2.632854760257934,748568000
2017-03-21,2.611403226852417,2.7112634987437345,2.603513147490268,2.681428680560783,913484000
2017-03-22,2.6646616458892822,2.669346453220604,2.596362173007367,2.600307212037513,616764000
2017-03-23,2.6404976844787598,2.676743272195003,2.6308816377159383,2.6567711752663525,533940000
2017-03-24,2.649867296218872,2.6947427297451623,2.6239777586915873,2.686852652159417,439500000
2017-03-27,2.6690995693206787,2.6730446080314425,2.553952267593291,2.6032658393419847,506644000
2017-03-28,2.6552929878234863,2.6848811439275324,2.6449371684589345,2.670333616207111,432444000
2017-03-29,2.646662473678589,2.675017753430691,2.644443403678584,2.6626892993636937,349992000
2017-03-30,2.697455406188965,2.712249598371466,2.648141824156807,2.653812833182721,525532000
2017-03-31,2.685866355895996,2.7095370601765705,2.672798370124631,2.6878389929679356,440808000
2017-04-03,2.6723055839538574,2.703619702100318,2.6486348768891856,2.686360007487081,445232000
2017-04-04,2.4849133491516113,2.574664217298131,2.474064433552563,2.5495142125753225,1271280000
2017-04-05,2.4664206504821777,2.524117633918473,2.453352430817463,2.466173982692195,747048000
2017-04-06,2.4844212532043457,2.4965030424159798,2.4264775753068357,2.471599695427904,635120000
2017-04-07,2.473817825317383,2.508337445084725,2.458777202711416,2.4908310849641615,429068000
2017-04-10,2.4106972217559814,2.4812155487698706,2.4065055137499343,2.474558337653568,756332000
2017-04-11,2.4193263053894043,2.4385586344415864,2.3756837396724144,2.3806149794791525,618148000
2017-04-12,2.399354934692383,2.433627896495652,2.3941770255116652,2.4193270380649654,414092000
2017-04-13,2.3544793128967285,2.396889019589436,2.3544793128967285,2.3751911832368933,506892000
2017-04-17,2.4466958045959473,2.4469422372989325,2.3621228286216014,2.367300737132801,497292000
2017-04-18,2.4481747150421143,2.454339058817344,2.406504785762517,2.4323943241814665,370116000
2017-04-19,2.4577908515930176,2.489844496741616,2.4511334077395093,2.4656809289828385,380828000
2017-04-20,2.496748924255371,2.501433731781274,2.4511337178342854,2.4723386856137792,404016000
2017-04-21,2.5071051120758057,2.5098172828340286,2.4745581223942428,2.48639324173117,341896000
2017-04-24,2.5384185314178467,2.5514865161650806,2.5177069019411786,2.5386649640664793,371820000
2017-04-25,2.5825555324554443,2.597103061208023,2.531515965433317,2.5529673742520984,388440000
2017-04-26,2.564802885055542,2.5985825187875724,2.5628302469989754,2.596117015149105,327004000
2017-04-27,2.604745626449585,2.6131288051233685,2.554199181150457,2.5721986424492553,319700000
2017-04-28,2.5717053413391113,2.6047454232550895,2.566034098246857,2.5978415465991236,348248000
2017-05-01,2.6294026374816895,2.6345807811935456,2.5754042465955735,2.582554792535078,307732000
2017-05-02,2.551487922668457,2.6037605959095855,2.528803643769774,2.6025277265498348,629972000
2017-05-03,2.5704731941223145,2.580089243550584,2.529789455876309,2.5445834142499137,336904000
2017-05-04,2.560609817504883,2.5877322243033514,2.5527195046109696,2.576636640807235,209788000
2017-05-05,2.560856342315674,2.568006887194975,2.533487266726486,2.549021225267428,228428000
2017-05-08,2.5339810848236084,2.5741714860808584,2.5226388309539325,2.572692184347799,365240000
2017-05-09,2.538172483444214,2.587239634254819,2.5312686052660673,2.5396520202799393,847672000
2017-05-10,2.9906253814697266,3.003693605988614,2.811370491575143,2.8180277026296503,2129096000
2017-05-11,3.1190872192382812,3.2159886575045755,2.956598934471494,2.9600508737609936,1939792000
2017-05-12,3.15336012840271,3.1955234028012334,3.1013343720329147,3.1222926752997475,962620000
2017-05-15,3.311657190322876,3.314122928576423,3.1900990691427547,3.194537445028288,1087540000
2017-05-16,3.373298406600952,3.3888323656633235,3.288232574075175,3.362695922833476,1120700000
2017-05-17,3.1491682529449463,3.325217836774207,3.1449765457987438,3.306478606105791,1271368000
2017-05-18,3.2810821533203125,3.2899586681001636,3.1326480803865255,3.1930572441645997,1156032000
2017-05-19,3.356858253479004,3.411653821110822,3.33760566767575,3.3822814402707335,1018372000
2017-05-22,3.428438186645508,3.442754102837601,3.389686088795306,3.4005466662863166,836608000
2017-05-23,3.382282018661499,3.4504065103704042,3.3497007502526044,3.4481851030504123,681248000
2017-05-24,3.420293092727661,3.482000046002232,3.4081983472206088,3.479284783756969,815996000
2017-05-25,3.412642002105713,3.456330544074336,3.367719292605427,3.455589996476661,608228000
2017-05-26,3.5010061264038086,3.58591487043915,3.384256662203558,3.40449649070399,779140000
2017-05-30,3.5757946968078613,3.610844060361481,3.5308719946047527,3.546915699123474,989652000
2017-05-31,3.5629594326019287,3.6283686496116174,3.5061889156233286,3.620716953837603,887316000
2017-06-01,3.563206434249878,3.579743994493723,3.517790110880338,3.5787565193642243,503340000
2017-06-02,3.5454351902008057,3.5864084668389804,3.5395112805825852,3.560244728852984,487456000
2017-06-05,3.6532983779907227,3.6661334355876862,3.5175432689218282,3.529144159204467,817376000
2017-06-06,3.6367616653442383,3.6947661265105416,3.6234329856590746,3.648609249845836,758728000
2017-06-07,3.680696725845337,3.6994556946642447,3.6456473585283042,3.6611974448629057,612612000
2017-06-08,3.9477641582489014,3.949245017791207,3.7465993583348878,3.787819558012561,1161744000
2017-06-09,3.6925442218780518,4.159048889611222,3.5234670604482456,4.066241764242859,3692928000
2017-06-12,3.7016761302948,3.74437741883556,3.507669669635035,3.600723706353705,1697532000
2017-06-13,3.736973524093628,3.8201544785130337,3.595047329991126,3.8110216866247466,1672504000
2017-06-14,3.7448716163635254,3.8026293762906778,3.665393170527029,3.739935182436256,1184640000
2017-06-15,3.760915756225586,3.7912753796668484,3.6160276111541085,3.627381809959211,963824000
2017-06-16,3.742403984069824,3.8184271052004384,3.7083418538595727,3.7705424395342795,924960000
2017-06-19,3.8830959796905518,3.8882793421521797,3.7828838346456255,3.7865861018934224,778176000
2017-06-20,3.8774187564849854,3.9921937488743495,3.873222869302896,3.925303421513276,1095444000
2017-06-21,3.936164379119873,3.9398668823322778,3.8431102973342988,3.9050641995520117,682652000
2017-06-22,3.90901255607605,3.95763776584337,3.8850702249735,3.944308851296898,469132000
2017-06-23,3.796952962875366,3.932461401726266,3.7818962604311466,3.916664387087889,1088588000
2017-06-26,3.7554850578308105,3.8653233547674932,3.6611968446795897,3.8297801379769107,1063960000
2017-06-27,3.61800217628479,3.7465994476442868,3.6123251948139403,3.7379605116248737,999492000
2017-06-28,3.745612621307373,3.750302363577399,3.5975158191080308,3.6856334470177785,994948000
2017-06-29,3.6204707622528076,3.7201890425330935,3.5562954682354375,3.7172273231723243,1064424000
2017-06-30,3.568143129348755,3.651324080246863,3.5419793930061854,3.637748474507282,731060000
2017-07-03,3.439051628112793,3.5950467895793357,3.4205395902627656,3.5802372534566467,709072000
2017-07-05,3.530872106552124,3.559750869758772,3.4834810681840955,3.502486727821574,820188000
2017-07-06,3.541485548019409,3.5883829668595095,3.4496656606181246,3.5017464412152846,746284000
2017-07-07,3.6224453449249268,3.6407106938630642,3.5753012305537397,3.598256321703289,654972000
2017-07-10,3.793743133544922,3.8011479013923553,3.6698356177814646,3.695999350542832,958492000
2017-07-11,3.8475518226623535,3.855203518364601,3.7554850174150967,3.797445762277314,757956000
2017-07-12,4.011197566986084,4.023292073819004,3.8643352275140623,3.9072832026148783,1145208000
2017-07-13,3.9647955894470215,4.104746837609256,3.918392022579218,4.023293667939867,1369132000
2017-07-14,4.071424961090088,4.072905585227561,3.974174554706052,3.981085703303223,941948000
2017-07-17,4.054145336151123,4.134364537887436,3.992438402749818,4.105485549936517,930792000
2017-07-18,4.096355438232422,4.110918286122506,3.9813332795779934,3.9931811000287047,776640000
2017-07-19,4.075128078460693,4.131898374015307,4.063033565890428,4.105487706024676,687044000
2017-07-20,4.1343674659729,4.134614158294697,4.045756431399906,4.095615586041507,699596000
2017-07-21,4.149176120758057,4.178795670575825,4.099563669055027,4.113879824032513,648332000
2017-07-24,4.10104513168335,4.1659609840429175,4.090431713723889,4.156334806034708,652524000
2017-07-25,4.081298351287842,4.095614505552068,4.037609811725018,4.078089468803546,496556000
2017-07-26,4.12844181060791,4.194344883274969,4.093638905675865,4.138808533186248,640404000
2017-07-27,3.992194652557373,4.16497438172163,3.889020529267391,4.153373251248048,782856000
2017-07-28,4.057602405548096,4.0820385899293905,3.9314737016528074,3.956403035116838,513348000
2017-07-31,4.011197566986084,4.107213545170606,3.964547326344821,4.0711767168314585,559672000
2017-08-01,4.060070037841797,4.061797824782619,3.973927382996061,4.001818666244579,431384000
2017-08-02,4.057602405548096,4.095120340346558,3.980592527260087,4.09117138139096,478444000
2017-08-03,4.109189510345459,4.112891776800878,4.040077554861996,4.057108733815611,442420000
2017-08-04,4.127207279205322,4.197799847685275,4.109188863419418,4.131896784591453,589096000
2017-08-07,4.254078388214111,4.254571772769097,4.1467079283692,4.156334576632899,717412000
2017-08-08,4.2034783363342285,4.308626673564978,4.164232611368347,4.292089347434649,755336000
2017-08-09,4.248152732849121,4.250621066970394,4.138561145954875,4.157320108647277,530784000
2017-08-10,4.06624174118042,4.261729329653569,4.056121710157535,4.24938765616711,1328088000
2017-08-11,3.8495266437530518,3.924562277189722,3.7742443180808567,3.8786523342931205,1497196000
2017-08-14,4.156580448150635,4.160282714729137,3.929498839197511,3.9410997295706225,1279020000
2017-08-15,4.121529579162598,4.187926018817087,4.087220538468147,4.161762527028934,764532000
2017-08-16,4.076360702514648,4.160035494548472,4.044026605540096,4.136587024549323,596632000
2017-08-17,3.9855289459228516,4.085000534604366,3.983307774084416,4.067969824291647,525444000
2017-08-18,3.9862701892852783,4.0568632608822774,3.940360235371827,4.039832076809952,601204000
2017-08-21,3.928264617919922,4.022059214711739,3.8843293916788144,4.0107052521167,623672000
2017-08-22,4.015717029571533,4.021646152162146,3.945556373850663,3.9648259044698952,450456000
2017-08-23,4.096007347106934,4.107124394390922,3.973719826983056,3.982366838160459,579520000
2017-08-24,4.080938816070557,4.132571635752789,4.054505368188849,4.128124438328504,469700000
2017-08-25,4.04684591293335,4.115277511210586,4.040422499075723,4.105148571635797,357200000
2017-08-28,4.075504302978516,4.078716010971737,4.010284390015232,4.065869650200142,389496000
2017-08-29,4.068833827972412,4.090574112295337,4.00855493395242,4.016707658373834,324096000
2017-08-30,4.093045234680176,4.104162287976546,4.058211675364522,4.088598036400553,384400000
2017-08-31,4.185932636260986,4.1898850717498455,4.105890163197444,4.113301215339644,612684000
2017-09-01,4.211130619049072,4.2467053619164,4.189884631325623,4.198531643251215,445432000
2017-09-05,4.098726272583008,4.164687381255728,4.04067097868552,4.159746364821523,695364000
2017-09-06,4.096255779266357,4.14541809192338,4.061422697041409,4.131583622818293,397672000
2017-09-07,4.115278244018555,4.147640814860264,4.075009859144112,4.11305464547162,352868000
2017-09-08,4.043881893157959,4.118489539046791,4.019671574240675,4.103666962126179,498856000
2017-09-11,4.1750617027282715,4.1856849312881215,4.084149106947374,4.0895844115132585,567444000
2017-09-12,4.190132141113281,4.199766790903158,4.1249122483800456,4.199766790903158,411488000
2017-09-13,4.208908557891846,4.23781251368928,4.132571599593752,4.164934172556755,580960000
2017-09-14,4.184945106506348,4.2630113726283625,4.145417918940865,4.169875148316432,513712000
2017-09-15,4.449529647827148,4.449529647827148,4.265233913757522,4.270421838742263,1364792000
2017-09-18,4.633332252502441,4.723504159979542,4.566877319927074,4.573794554972817,1684460000
2017-09-19,4.628390789031982,4.69015207323598,4.560947289509564,4.58293448008823,874280000
2017-09-20,4.5910868644714355,4.67952897699628,4.550818479622288,4.632096448835762,724920000
2017-09-21,4.4655890464782715,4.513515875146683,4.387769677265033,4.487328861782999,1075600000
2017-09-22,4.422107696533203,4.503879950540513,4.412226136438774,4.45422382704277,491232000
2017-09-25,4.224470615386963,4.392461331386137,4.203718920841406,4.391225842214965,874580000
2017-09-26,4.248188495635986,4.41420306708364,4.208414397010591,4.359112100197172,1125620000
2017-09-27,4.341324329376221,4.354664978327722,4.267704793105925,4.338606911938268,713720000
2017-09-28,4.340088844299316,4.352440911762267,4.292655849750965,4.348488005149515,435244000
2017-09-29,4.416426181793213,4.440142209971211,4.378875214843203,4.424084615084365,619092000
2017-10-02,4.422107696533203,4.495727227601511,4.3726989536586816,4.466575894961104,503480000
2017-10-03,4.431249141693115,4.4611416779382544,4.387027846566556,4.428284343413596,390332000
2017-10-04,4.468305587768555,4.490539688895516,4.400862084856608,4.437424944114578,427848000
2017-10-05,4.465836524963379,4.496223359564568,4.435943980609936,4.4927647414344865,437364000
2017-10-06,4.478927135467529,4.492267781011898,4.422106879617951,4.438164941906257,318800000
2017-10-09,4.5799689292907715,4.6130731644327705,4.496961667646053,4.515737147732425,563492000
2017-10-10,4.66742467880249,4.766736950536541,4.62616817738884,4.729185976181196,974876000
2017-10-11,4.717079162597656,4.718561561382316,4.638024805032484,4.683974926546699,529508000
2017-10-12,4.719303607940674,4.770194753738508,4.692128490948991,4.72053862634883,528292000
2017-10-13,4.807250499725342,4.817379439273406,4.734619557134227,4.781557786764896,628728000
2017-10-16,4.889763832092285,4.892728629837149,4.773899705855443,4.837143384132633,576640000
2017-10-17,4.885317802429199,4.913727938457339,4.850731631821245,4.869012826113845,478596000
2017-10-18,4.881117820739746,4.894952288515025,4.7758769133917385,4.894211560199537,567316000
2017-10-19,4.8865532875061035,4.891493832444605,4.754384168576196,4.803546006923233,570772000
2017-10-20,4.864317417144775,4.930772316612992,4.855423497087323,4.903597680129109,451620000
2017-10-23,4.857402801513672,4.91249377462345,4.837144914518431,4.88605985197398,428696000
2017-10-24,4.908291816711426,4.910021124788486,4.840601421122858,4.866541042278757,407244000
2017-10-25,4.784274578094482,4.921632046314851,4.722760691870354,4.868764228543667,828160000
2017-10-26,4.8344268798828125,4.846037750039556,4.787982456853327,4.811945867944246,322744000
2017-10-27,4.986852645874023,4.987099555270756,4.8606122063749,4.886552300267171,572192000
2017-10-30,5.035767555236816,5.091352326268058,4.971041482130314,4.98685263631255,504056000
2017-10-31,5.109139919281006,5.135820742467771,5.061954306489395,5.067636521257408,411908000
2017-11-01,5.1187744140625,5.187206013804775,5.054542630116786,5.171889149417588,502576000
2017-11-02,5.087647914886475,5.133845426967288,5.03107455147644,5.089130313991004,342308000
2017-11-03,5.155584812164307,5.155584812164307,5.072824917826681,5.118775045454971,353640000
2017-11-06,5.178806781768799,5.187453323428482,5.10642274124597,5.118774808988037,389944000
2017-11-07,5.238096714019775,5.259590081209752,5.189429179121508,5.201534335501359,427700000
2017-11-08,5.1671977043151855,5.237358641985222,5.1197651634571555,5.233652643417243,522988000
2017-11-09,5.072331428527832,5.097282949723382,4.950044330842875,5.071096409982074,978564000
2017-11-10,5.339632987976074,5.402135463733808,5.228215592651567,5.264037246027529,1253256000
2017-11-13,5.252922058105469,5.36508022135673,5.237605188290216,5.339634879361606,582376000
2017-11-14,5.2912116050720215,5.3065284686450696,5.218333284007434,5.262060276646187,529292000
2017-11-15,5.187453746795654,5.237357254277296,5.133598274691764,5.236121764681548,501948000
2017-11-16,5.227722644805908,5.291707535790293,5.218829192129079,5.261568089272967,441768000
2017-11-17,5.221545696258545,5.320116742852594,5.206476211237084,5.284789376587814,515664000
2017-11-20,5.288742542266846,5.300847701241143,5.20029996076277,5.237109727750435,396100000
2017-11-21,5.337409973144531,5.349021313006276,5.296647771317572,5.328516521778953,399176000
2017-11-22,5.3134307861328125,5.364604845726202,5.2807981754865265,5.364604845726202,356640000
2017-11-24,5.363613605499268,5.364602872209521,5.305270446017308,5.329745130762653,180752000
2017-11-27,5.293900012969971,5.373503940545018,5.2906860741214174,5.372268064118661,422896000
2017-11-28,5.209104537963867,5.308485788723278,5.1480420576916535,5.299091524717661,512752000
2017-11-29,4.855832099914551,5.194518828512013,4.727526340591868,5.191799523116271,1396788000
2017-11-30,4.961886405944824,5.010588222600443,4.861516858640617,4.924556912609147,823768000
2017-12-01,4.886981964111328,4.947550291902827,4.758182024760456,4.927278331790316,811548000
2017-12-04,4.61454963684082,4.951753486611761,4.561150897353036,4.945572688374243,1240844000
2017-12-05,4.6412482261657715,4.763867830148602,4.464241096150372,4.509234357414842,981488000
2017-12-06,4.678823947906494,4.700578857795668,4.569553822018862,4.590814570051742,467032000
2017-12-07,4.746314525604248,4.78611672278776,4.700084922634661,4.745572811181132,542600000
2017-12-08,4.733954429626465,4.815288871788571,4.725548960552822,4.7962527901116925,466876000
2017-12-11,4.812321186065674,4.815288043594854,4.73222310570582,4.748044774099668,372748000
2017-12-12,4.717886447906494,4.7920517885439216,4.694401016045448,4.768813437741666,455016000
2017-12-13,4.602682113647461,4.76015899077714,4.595265440342375,4.758923114323924,554280000
2017-12-14,4.6098504066467285,4.680801773452636,4.563620808223213,4.596253410459988,438164000
2017-12-15,4.735685348510742,4.75595730843523,4.588838594151709,4.653856737296197,670036000
2017-12-18,4.892419338226318,4.895385723984601,4.74656142905297,4.776227172749772,477704000
2017-12-19,4.848167419433594,4.888216692827193,4.819737551408394,4.8830251640102915,373100000
2017-12-20,4.865225791931152,4.896622048074302,4.80960192800098,4.887475337503222,288820000
2017-12-21,4.842728614807129,4.893655105656258,4.834323148052719,4.868686257847087,300904000
2017-12-22,4.827402591705322,4.836796856574138,4.728021331814188,4.805894756366202,466276000
2017-12-26,4.88104772567749,4.8887114794144155,4.742111834544471,4.772025135062332,355080000
2017-12-27,4.8743720054626465,4.9435928592426945,4.853111728930233,4.8676975196944525,329488000
2017-12-28,4.88006067276001,4.929009598850109,4.87388034567601,4.898107491901379,240248000
2017-12-29,4.783645153045654,4.906264756973044,4.783645153045654,4.906264756973044,279964000
2018-01-02,4.9282660484313965,4.93197462052338,4.8083662387712005,4.840009577099086,355616000
2018-01-03,5.252615451812744,5.283023390776195,5.037042459513838,5.045695010065558,914704000
2018-01-04,5.28030252456665,5.390561458402305,5.2580529787285135,5.333948798451929,583268000
2018-01-05,5.32504940032959,5.362378902130493,5.2182514813558765,5.295136099778255,580124000
2018-01-08,5.488211154937744,5.562375979384827,5.4036628024007545,5.44865651902884,881216000
2018-01-09,5.486729621887207,5.53320631155976,5.405148098200573,5.493651661986156,497000000
2018-01-10,5.529744625091553,5.533205644723922,5.339882235713851,5.394269754440875,582664000
2018-01-11,5.539632797241211,5.593773227918815,5.518124496307322,5.56237650284136,406032000
2018-01-12,5.5124406814575195,5.5621313146029365,5.471897232768536,5.5277681920478,359916000
2018-01-16,5.441488742828369,5.624429112773191,5.356940833635393,5.538892408082142,702348000
2018-01-17,5.555455684661865,5.565344110977287,5.362132258485765,5.456074430360988,538408000
2018-01-18,5.5485334396362305,5.602920961181686,5.505023139482716,5.536172317788228,408632000
2018-01-19,5.688704967498779,5.712932105133003,5.611820820502418,5.638767263367014,609380000
2018-01-22,5.777209758758545,5.778940268960207,5.639015552117514,5.696617022342274,550944000
2018-01-23,5.906254768371582,5.928998472448549,5.81206507097575,5.830606041826404,475228000
2018-01-24,5.829371452331543,5.945316084199526,5.773747584445746,5.909469539169948,579972000
2018-01-25,5.842970371246338,5.9270241389024365,5.828137492109593,5.883760906754569,409884000
2018-01-26,6.015525817871094,6.01577289884531,5.87387061742999,5.886725901017889,516356000
2018-01-29,6.102546215057373,6.133695865743513,5.948283276709119,6.000940289789049,455116000
2018-01-30,6.0004448890686035,6.09191529543601,5.893894528549444,5.960643165234156,570832000
2018-01-31,6.076587677001953,6.162371919159621,6.0432133592736355,6.075845962626409,478576000
2018-02-01,5.945563316345215,6.103782374746491,5.885242550829288,5.896614405666831,519224000
2018-02-02,5.773005485534668,5.883017337594963,5.714909868748377,5.859037282181849,718464000
2018-02-05,5.283021926879883,5.7658359999953115,5.067943156193282,5.611820171322989,1165204000
2018-02-06,5.57671594619751,5.579682332372059,5.043221931368157,5.053110828340442,1114800000
2018-02-07,5.656320095062256,5.808853001810103,5.604404794143706,5.675603257923874,802932000
2018-02-08,5.37746000289917,5.815033378045082,5.377212450372198,5.781906606178712,1144000000
2018-02-09,5.737407207489014,5.905761778186153,5.377459722190224,5.889940107602543,1674604000
2018-02-12,5.637284278869629,5.821460992964067,5.563119431257505,5.818494135003565,1093172000
2018-02-13,5.751005172729492,5.797234787322972,5.568558939211388,5.600944471835257,625524000
2018-02-14,5.968307971954346,5.997232480595256,5.6995833395823405,5.710708114326644,744988000
2018-02-15,6.093893051147461,6.140122653254458,5.9707793043641795,6.0516191020470895,698900000
2018-02-16,6.028133392333984,6.180418717140692,6.018986210426803,6.066699239078996,637656000
2018-02-20,6.157676696777344,6.226650022574946,6.046923102818032,6.0506316757035234,686240000
2018-02-21,5.970531940460205,6.229121034663457,5.966823839825248,6.222198995329635,892292000
2018-02-22,5.990074634552002,6.076159433249199,5.924521625586391,6.004422258275409,534364000
2018-02-23,6.083581924438477,6.083581924438477,5.999228694334357,6.049939620592933,415300000
2018-02-26,6.099658966064453,6.134290667725152,6.037321431253648,6.129838087771854,469312000
2018-02-27,6.086796283721924,6.157296809960237,6.063790734613667,6.072943129896629,455436000
2018-02-28,5.98636531829834,6.137260977998317,5.974738687757787,6.097681742160122,523116000
2018-03-01,5.744187831878662,6.038063779050582,5.64301324705483,5.984136933622898,1040120000
2018-03-02,5.851300239562988,5.857732112595342,5.487913096063473,5.636582689437567,913428000
2018-03-05,5.829283714294434,5.8688629412696685,5.677645441181592,5.801083408914717,620776000
2018-03-06,5.990321159362793,6.009616302335347,5.871583487515694,5.914625881764728,636808000
2018-03-07,5.982406139373779,6.034601406569254,5.886179062727608,5.887415707205071,581208000
2018-03-08,5.966079235076904,6.009863806615915,5.921799722692148,6.009863806615915,411912000
2018-03-09,6.068737030029297,6.081599827730361,5.997494342813681,6.01357307585076,505524000
2018-03-12,6.178323745727539,6.258471616899563,6.101886279979087,6.110049738096921,605060000
2018-03-13,6.127612113952637,6.295576825782928,6.086301302729314,6.2211181886825155,619772000
2018-03-14,6.153092384338379,6.197866373031405,6.09075483417703,6.170655473985037,505496000
2018-03-15,6.167932510375977,6.249069768877812,6.125879530641551,6.166695866187396,401952000
2018-03-16,6.196133136749268,6.215180572278445,6.14665887381346,6.184259275898951,399456000
2018-03-19,5.961627006530762,6.1681810734862195,5.862678936377799,6.139239063752758,713772000
2018-03-20,6.173871040344238,6.212708094702211,5.964595497157013,5.964595497157013,554696000
2018-03-21,6.14863920211792,6.233734590134205,6.118212369579902,6.167438934509641,438688000
2018-03-22,5.982653617858887,6.131818143198124,5.945300913799588,6.085312571074525,551196000
2018-03-23,5.7629876136779785,5.998731352652923,5.751855928377514,5.9962575923837615,735620000
2018-03-26,6.047710418701172,6.048947062872864,5.8354667034969925,5.887414251495232,611424000
2018-03-27,5.578697204589844,6.1842599251353825,5.438438329146964,6.128601491444846,1409000000
2018-03-28,5.4755449295043945,5.674430509483498,5.367938916608579,5.544313883932259,945904000
2018-03-29,5.72885274887085,5.825574314692745,5.459466136419821,5.5438193676085765,916628000
2018-04-02,5.468122959136963,5.804546877522229,5.380306574265453,5.658351059091432,922092000
2018-04-03,5.57449197769165,5.698177178832927,5.475543911142948,5.6350979338523794,667432000
2018-04-04,5.596508502960205,5.606898015277474,5.293726879443016,5.3187112502757286,789168000
2018-04-05,5.4762864112854,5.667998390059425,5.404796470248685,5.65488788252184,701240000
2018-04-06,5.299910068511963,5.481727444188991,5.270720356862263,5.373626522925142,662988000
2018-04-09,5.328605651855469,5.4908806613704835,5.308568333237937,5.3629901209044295,499524000
2018-04-10,5.637818336486816,5.664781522547766,5.501764346437484,5.558907126058944,761676000
2018-04-11,5.596508502960205,5.664288039378789,5.5638556151568945,5.622977224644422,460244000
2018-04-12,5.803308486938477,5.82111927762748,5.64523884014969,5.689518346483145,593920000
2018-04-13,5.726624965667725,5.875294542336591,5.678387810631916,5.866883850157043,503036000
2018-04-16,5.726377964019775,5.759773027746127,5.632129704513514,5.733304305667763,350792000
2018-04-17,5.876036643981934,5.89731060869209,5.722914488617086,5.778572925198813,447224000
2018-04-18,5.847094535827637,5.9183372448355,5.758041503434041,5.825573335218507,391364000
2018-04-19,5.665771484375,5.766203900903141,5.610360756261043,5.73280884023235,471996000
2018-04-20,5.657608985900879,5.741467260658246,5.626440448654156,5.657114045005151,386200000
2018-04-23,5.538129806518555,5.726625876008202,5.512156022265951,5.6754204830275965,427508000
2018-04-24,5.4718337059021,5.659834803298917,5.406527932413079,5.563855434743755,414596000
2018-04-25,5.359528064727783,5.481234465120674,5.202200543534497,5.442149701423266,588492000
2018-04-26,5.571275234222412,5.579438690338107,5.455258566337518,5.52130650324398,375824000
2018-04-27,5.598733901977539,5.696940260246887,5.556433682234758,5.677150647889559,400848000
2018-04-30,5.563360214233398,5.664782040029214,5.544065542045836,5.615060537009952,327844000
2018-05-01,5.618772029876709,5.621493025296712,5.4965706959447616,5.555197837942924,253788000
2018-05-02,5.598238945007324,5.6598338309055425,5.572017463213078,5.615307560848776,268248000
2018-05-03,5.76348352432251,5.789705012277473,5.584882045878607,5.630150973666982,443144000
2018-05-04,5.913636684417725,5.916852620332294,5.717472142774318,5.734787994896487,400660000
2018-05-07,6.151607990264893,6.208750783497423,6.008380391268545,6.018275435151204,687616000
2018-05-08,6.194156169891357,6.196877165520586,6.102876132191082,6.151855468982241,506616000
2018-05-09,6.32724142074585,6.32946794739396,6.186982509279361,6.214193410921618,596760000
2018-05-10,6.4348464012146,6.4439987965924095,6.36236658263779,6.380177376179234,994080000
2018-05-11,6.296319484710693,6.426436575539366,6.1976191111087475,6.25302984716598,1214456000
2018-05-14,6.316850662231445,6.3942780050058285,6.2931034084385375,6.334414221915159,523140000
2018-05-15,6.074427127838135,6.255997277719239,5.973994717322679,6.253275810922347,963528000
2018-05-16,6.085559844970703,6.147649686384115,5.998980100987584,6.035838336202746,553828000
2018-05-17,6.127612113952637,6.22136542319621,6.071211504605322,6.087290712605682,519784000
2018-05-18,6.083828449249268,6.242887552265371,6.07888092730814,6.179561064341261,483716000
2018-05-21,6.041774272918701,6.185001843853502,5.9490103778908185,6.181291439035289,640624000
2018-05-22,6.003681182861328,6.080365893420532,5.943075212505021,6.0551342838826985,518264000
2018-05-23,6.127193450927734,6.1284313321656025,5.946748890896969,5.947491525217017,442956000
2018-05-24,6.130906581878662,6.173233436306639,6.07026361612952,6.12348118238234,437372000
2018-05-25,6.170263767242432,6.186600309392357,6.107888136550058,6.1435312866437775,292112000
2018-05-29,6.153183460235596,6.221252766783395,6.106401745810423,6.15219343848618,352684000
2018-05-30,6.262094497680664,6.270757778986238,6.162095209402943,6.186847644038906,390996000
2018-05-31,6.242292881011963,6.316797575177459,6.219520961320823,6.23016428672442,493868000
2018-06-01,6.376698017120361,6.382886480200845,6.278431379761643,6.287094661538182,421968000
2018-06-04,6.5556559562683105,6.577685235640934,6.378676726476882,6.41085455366018,642024000
2018-06-05,6.561102867126465,6.598726530315697,6.514073288139925,6.55887496386654,391712000
2018-06-06,6.563084602355957,6.566302528300737,6.454669391366016,6.4710059364756445,371356000
2018-06-07,6.507390975952148,6.571251875158037,6.417044511671145,6.559370667837532,369448000
2018-06-08,6.4920430183410645,6.534616784346957,6.415805681676533,6.434617510416353,360456000
2018-06-11,6.450955867767334,6.521004762326878,6.4380846377431595,6.479421006301155,265372000
2018-06-12,6.499470233917236,6.511598829395105,6.42719343598427,6.4774409465060705,319160000
2018-06-13,6.4950127601623535,6.575952813926307,6.48585423364629,6.500953362211512,338208000
2018-06-14,6.606645584106445,6.663328452656958,6.525210286683891,6.540062027275103,430016000
2018-06-15,6.5658040046691895,6.620754217353846,6.5185270496548515,6.549467467711949,432260000
2018-06-18,6.561598777770996,6.579172729738661,6.494519951114276,6.5217472072911296,356268000
2018-06-19,6.439816474914551,6.525707126637198,6.312342072456827,6.458380447015526,594932000
2018-06-20,6.492786884307861,6.545756596437088,6.4425393782994504,6.480905677364324,369780000
2018-06-21,6.364073753356934,6.543033051924125,6.356400494559876,6.524716469044076,359516000
2018-06-22,6.211599826812744,6.398232878990694,6.19625377946546,6.384866403294761,434160000
2018-06-25,5.918779373168945,6.108877246899996,5.8301660500099235,6.105164547183315,665816000
2018-06-26,5.989818096160889,6.080411932290979,5.938333188048644,6.032144948964095,478884000
2018-06-27,5.834621429443359,6.099718766614931,5.829175601421387,6.033382585467172,453892000
2018-06-28,5.961848735809326,5.973729942128947,5.817047300973255,5.824720560383284,338012000
2018-06-29,5.863829135894775,6.039570513021553,5.8625912545835215,6.026947145172465,392300000
2018-07-02,5.996006965637207,5.999719665495059,5.773730778865184,5.794275266023665,357572000
2018-07-03,5.862344264984131,6.036600857321169,5.853928371104711,6.030660254118838,222732000
2018-07-05,6.008135795593262,6.01308590489407,5.878680877080173,5.91754194974374,306216000
2018-07-06,6.12199592590332,6.130411819321849,5.962343226824989,5.983630347791446,296352000
2018-07-09,6.169520378112793,6.205906630346058,6.090808214898528,6.196253327554949,303880000
2018-07-10,6.268529415130615,6.290558696266897,6.141549807869426,6.181896142852078,360016000
2018-07-11,6.126946449279785,6.210361804078836,6.1163026528401065,6.175708681050563,367508000
2018-07-12,6.21852970123291,6.266549297581639,6.162342071255608,6.172243233110901,345508000
2018-07-13,6.171252727508545,6.237094131803665,6.12917373393027,6.237094131803665,246988000
2018-07-16,6.143531322479248,6.196501509076621,6.131155340095751,6.143531322479248,197036000
2018-07-17,6.279420852661133,6.294519983644975,6.068778485957057,6.094273554163843,362136000
2018-07-18,6.230164527893066,6.285857392062557,6.179174858000323,6.2719961409116545,277640000
2018-07-19,6.238331317901611,6.271994889251169,6.196252797941393,6.21135145545472,235752000
2018-07-20,6.2101149559021,6.274718486063104,6.199223771098906,6.2358574129907876,222352000
2018-07-23,6.173480987548828,6.185362193594304,6.021748931212923,6.183629537384063,301584000
2018-07-24,6.156155586242676,6.308135058661824,6.138581161286856,6.221501759700968,354620000
2018-07-25,6.234370708465576,6.246994546663593,6.107638495947421,6.165559247115585,319112000
2018-07-26,6.307887077331543,6.344768110954818,6.197491836043283,6.214323626142196,325124000
2018-07-27,6.23808479309082,6.351450558328467,6.184124588622142,6.344519933177758,295420000
2018-07-30,6.042787551879883,6.258133073464418,6.007886574566048,6.252192471536247,340340000
2018-07-31,6.060857772827148,6.135609848310092,5.9935315690420055,6.032392639489017,283988000
2018-08-01,6.100708484649658,6.147490670835771,6.036847597216381,6.092293063786336,283556000
2018-08-02,6.203432083129883,6.207392170845186,5.970512546317374,6.029422864046929,269668000
2018-08-03,6.24006462097168,6.263827033302697,6.211104712070844,6.227936027377469,214288000
2018-08-06,6.287837505340576,6.2913028181665664,6.180907582645178,6.227441918340896,207508000
2018-08-07,6.360112190246582,6.37867662972175,6.309865170935711,6.336597642742904,258132000
2018-08-08,6.396500110626221,6.441549649661923,6.32645121934082,6.361352207312171,262100000
2018-08-09,6.34798526763916,6.417044131947078,6.340312008036788,6.4143214537875455,204280000
2018-08-10,6.306649684906006,6.339075383624028,6.254917377129208,6.266055950698037,256396000
2018-08-13,6.339568614959717,6.460360238297473,6.313578773665132,6.3153114297514374,375208000
2018-08-14,6.471004009246826,6.4851131184338255,6.3618461961554695,6.445014166156838,466220000
2018-08-15,6.41283655166626,6.5257070684503535,6.334123913204223,6.49179610544892,591136000
2018-08-16,6.372241020202637,6.485111985527178,6.312092838351354,6.482636695363395,801260000
2018-08-17,6.059867858886719,6.261599558523721,6.0328875217171865,6.260856924129382,1143188000
2018-08-20,6.134620666503906,6.267293048633287,5.908879140382642,6.019274848595138,854388000
2018-08-21,6.270262241363525,6.27471757519107,6.1311540383026,6.150955889179859,673988000
2018-08-22,6.50540828704834,6.51035886713053,6.234123013707872,6.237588325342744,749856000
2018-08-23,6.60491418838501,6.670260348690982,6.452934746554991,6.466795996060694,720684000
2018-08-24,6.738080978393555,6.75268486050205,6.608873942293307,6.6133292759323945,531512000
2018-08-27,6.829169750213623,6.903426571652201,6.736348487358723,6.767783683108289,505776000
2018-08-28,6.7915472984313965,6.846002751127458,6.671498292747922,6.823230359318655,475384000
2018-08-29,6.8970489501953125,6.922062443069051,6.763065472040963,6.783868716921507,420108000
2018-08-30,6.880207538604736,6.977042291799163,6.843306344515089,6.865843191761176,346608000
2018-08-31,6.951287269592285,6.964165538297042,6.850242246717524,6.860148825277337,306592000
2018-09-04,7.02608060836792,7.063724380717595,6.909680665999053,6.9381613723056486,391720000
2018-09-05,6.8953166007995605,7.043911986598432,6.814332250165113,7.0084968624158135,393156000
2018-09-06,6.754150867462158,6.8814474799297205,6.721212389528911,6.878970835159837,322796000
2018-09-07,6.732851028442383,6.858414008008677,6.617194153311839,6.662020326910382,295420000
2018-09-10,6.803929805755615,6.833649068285126,6.7115532777255975,6.755388894724343,220140000
2018-09-11,6.75613260269165,6.845289454343617,6.736814962046396,6.757618211686132,243112000
2018-09-12,6.642210006713867,6.73582511238472,6.486680191103665,6.7162599468956925,419092000
2018-09-13,6.719974040985107,6.810616968640093,6.690750295161723,6.70808633550243,305536000
2018-09-14,6.846031665802002,6.912156610127286,6.773467823622677,6.810369023935188,386936000
2018-09-17,6.784116268157959,6.8695588419502664,6.764799104222408,6.820522419223566,205528000
2018-09-18,6.712048530578613,6.890858212028519,6.7053621096281,6.788080057030872,299520000
2018-09-19,6.735822677612305,6.753654232335474,6.643446164059408,6.693473148469908,224860000
2018-09-20,6.594659328460693,6.656078517446754,6.540669601987979,6.613728975056813,430584000
2018-09-21,6.524570941925049,6.65211554564563,6.491384942236943,6.606546322485214,435128000
2018-09-24,6.580294132232666,6.583761340259767,6.406437740628487,6.493613459183464,293912000
2018-09-25,6.647409439086914,6.672422935138691,6.560728768700022,6.646418875734119,280388000
2018-09-26,6.610507965087891,6.6927308608061145,6.594658007354361,6.652362453523829,268548000
2018-09-27,6.6223955154418945,6.666974170040904,6.5909431234419324,6.645675406030237,214428000
2018-09-28,6.959708213806152,6.981997546138187,6.726413737418815,6.754399400412317,709396000
2018-10-01,7.166253566741943,7.233121068118423,6.998836109672704,7.037470907457912,622060000
2018-10-02,7.094928741455078,7.250458043535909,7.072639413985583,7.138764355828868,383964000
2018-10-03,7.1011199951171875,7.172693270054652,6.997103292825695,7.165263336901111,320552000
2018-10-04,6.916863918304443,7.089234258432791,6.839841815397138,7.064963798049253,391220000
2018-10-05,6.683319568634033,6.954258228447809,6.625862647195452,6.892096013348278,426636000
2018-10-08,6.58202600479126,6.715513951091251,6.441108126514127,6.600105080801252,408612000
2018-10-09,6.576331615447998,6.656077396879092,6.508473066511357,6.56147174817955,273500000
2018-10-10,6.084728717803955,6.516150462653945,6.082499596022799,6.470333247557232,684940000
2018-10-11,5.8232011795043945,6.131041059295213,5.801654891488775,5.997552610324311,725436000
2018-10-12,6.105779647827148,6.180077568316361,5.935142945429617,6.080271106089191,608236000
2018-10-15,5.8293914794921875,6.0924051307887295,5.828400916327411,6.0924051307887295,449760000
2018-10-16,6.088197231292725,6.099341897845225,5.8927945186191835,5.942078479769609,408712000
2018-10-17,6.019594669342041,6.188498245039542,5.970558238792122,6.150358484141825,329668000
2018-10-18,5.93217134475708,6.127326516385146,5.871742722705684,6.088939702583537,524020000
2018-10-19,5.675596714019775,6.006964028245726,5.639191028881573,5.98739933813214,613608000
2018-10-22,5.726366996765137,5.8279070720717225,5.623588835239947,5.727853078124818,368844000
2018-10-23,5.474745273590088,5.552262404557416,5.367013363002802,5.459142365929109,626436000
2018-10-24,4.938564300537109,5.4829183507260275,4.924695467713403,5.436358562711674,884288000
2018-10-25,5.147341251373291,5.194644084403685,4.796656255326789,4.8409873977811415,951720000
2018-10-26,4.910825252532959,5.07304142425203,4.782785635349736,4.911320297924917,664784000
2018-10-29,4.597042083740234,5.055458418159861,4.359041899960511,5.051991210550828,758016000
2018-10-30,5.027472496032715,5.037379072889265,4.597041840367508,4.620074206424561,807192000
2018-10-31,5.221390247344971,5.264978341200831,5.052486678885793,5.192166502945224,745772000
2018-11-01,5.401686668395996,5.411097729906563,5.131243001818986,5.257796578105552,566528000
2018-11-02,5.322682857513428,5.498025326155822,5.206035401165426,5.392275011504151,452960000
2018-11-05,5.2446699142456055,5.332836661520804,5.083939326943902,5.309556298200146,379332000
2018-11-06,5.227087020874023,5.320949637238487,5.189937821803206,5.236745604788894,299012000
2018-11-07,5.29469633102417,5.384348677369721,5.230057476796495,5.293705767827161,483812000
2018-11-08,5.1015238761901855,5.236249946602723,5.048029201015198,5.235506905956611,511352000
2018-11-09,5.093598365783691,5.183993770495799,4.978932504644819,5.012614021861589,413240000
2018-11-12,4.6941237449646,5.024252881579511,4.672329466573099,5.002211080497882,617116000
2018-11-13,4.936087608337402,5.0574403667505115,4.785758625983644,4.791950474039039,644712000
2018-11-14,4.883583068847656,5.1235643739854275,4.775604117475924,5.109200026041026,526580000
2018-11-15,5.012366771697998,5.084435576631756,4.841729582049803,4.877640223132298,840708000
2018-11-16,4.072254657745361,4.226545920656941,4.0024144918655855,4.044764510342321,1963520000
2018-11-19,3.583622694015503,4.007614272353821,3.5818890900741276,4.006871704126071,1697820000
2018-11-20,3.692096471786499,3.8203836114172325,3.301538724296912,3.32011308244785,1692032000
2018-11-21,3.5838706493377686,3.8461413387420933,3.556628264658548,3.82930057896662,1025496000
2018-11-23,3.5910518169403076,3.7047270906570766,3.5363193039862097,3.5491975701149134,411968000
2018-11-26,3.790417194366455,3.8008188163816756,3.62968662616641,3.712157034177006,814832000
2018-11-27,3.8072586059570312,3.888490705898638,3.72850315059442,3.764413552246549,738060000
2018-11-28,3.964273452758789,3.9694742636369407,3.7923982263390967,3.924895614754748,804524000
2018-11-29,3.9010586738586426,4.003691907112057,3.8708141298555643,3.966506007857268,549172000
2018-11-30,4.051538944244385,4.062198749835467,3.8604026816129298,3.9107277543135,729564000
2018-12-03,4.215403079986572,4.330431897986579,4.148468195214734,4.2788672880447995,890804000
2018-12-04,3.8948605060577393,4.175738525961058,3.879737999950941,4.170780280728243,812112000
2018-12-06,3.9241137504577637,3.9290717595963147,3.738679574801594,3.7542976227579477,692308000
2018-12-07,3.659348964691162,3.938491875291798,3.6100157025727757,3.9283276146791746,681676000
2018-12-10,3.764709234237671,3.7894999864279595,3.6107591785362323,3.614477862291416,629472000
2018-12-11,3.673727035522461,3.8646149462390045,3.5946447896266185,3.8564340324022655,671912000
2018-12-12,3.691329002380371,3.7875166385107444,3.5901831212465294,3.6794294035097543,654136000
2018-12-13,3.6910812854766846,3.8023914357571926,3.6551349520666765,3.7381836710207472,471384000
2018-12-14,3.630591869354248,3.7332250807148677,3.6070406787581133,3.649432585409025,471820000
2018-12-17,3.559443235397339,3.672736506989094,3.5014330346860394,3.6005958255036354,662868000
2018-12-18,3.6427388191223145,3.726779075147386,3.5760519455272304,3.603321580263225,564372000
2018-12-19,3.4337544441223145,3.6625723304135414,3.382189823389399,3.6090243641054487,745364000
2018-12-20,3.3492183685302734,3.515315816674143,3.2894728318279185,3.4253257377620923,749588000
2018-12-21,3.2121264934539795,3.4087165269104784,3.1846088394511716,3.3757448489181288,863740000
2018-12-24,3.1503968238830566,3.2222897217099375,3.086436834380712,3.1357703320667087,463840000
2018-12-26,3.2996366024017334,3.3006281568249354,3.0854452431294224,3.196507376880517,695100000
2018-12-27,3.251791000366211,3.281787772875762,3.1032949425553102,3.2473287682665144,637044000
2018-12-28,3.3132715225219727,3.4059887234706374,3.230470812150282,3.2723669445805466,628728000
2018-12-31,3.3095529079437256,3.389130707577157,3.278812356119745,3.356655053696355,465140000
2019-01-02,3.376983404159546,3.433010250221647,3.2240251353597276,3.238651627517134,508752000
2019-01-03,3.1729564666748047,3.3507054977541753,3.165519334999033,3.3167422733245417,705552000
2019-01-04,3.376239538192749,3.4144169818756085,3.215348139631183,3.2460884527348273,585620000
2019-01-07,3.5549802780151367,3.591918398829612,3.382189272611675,3.43350611455478,709160000
2019-01-08,3.4664785861968994,3.63877386615044,3.3938418839776996,3.6365425134131204,786016000
2019-01-09,3.5346527099609375,3.582002870990999,3.4672220312150595,3.5177948629578344,617260000
2019-01-10,3.600346803665161,3.6090234951759435,3.4548256838131812,3.5153149904373824,523156000
2019-01-11,3.6895933151245117,3.7124007198557143,3.5502697644699204,3.578035177313761,874764000
2019-01-14,3.729506254196167,3.7547927822667417,3.6137338873293614,3.637285077023628,730168000
2019-01-15,3.7153751850128174,3.8016465493188716,3.6970300133695133,3.7622293137101566,617012000
2019-01-16,3.6898415088653564,3.775617115928141,3.684387722957906,3.742645684392983,470104000
2019-01-17,3.7612385749816895,3.8011515963552576,3.629600148348307,3.6568700231702356,493436000
2019-01-18,3.890397310256958,3.916427620015253,3.7595026868015804,3.8110672927499656,651336000
2019-01-22,3.688105821609497,3.8718046242992648,3.657861285888043,3.860153033114045,661552000
2019-01-23,3.7009973526000977,3.8321400049732044,3.6697612593247873,3.7433894974450577,591020000
2019-01-24,3.9129576683044434,3.930558824150552,3.780823459299669,3.7855336976932055,708972000
2019-01-25,3.970224142074585,3.9883213129565482,3.750826975539661,3.853460200679696,1154572000
2019-01-28,3.421358108520508,3.511348162757876,3.247575805469454,3.3851637759657707,2511528000
2019-01-29,3.262450695037842,3.4235901208092536,3.2478242024071347,3.3752481748667558,1153932000
2019-01-30,3.405988931655884,3.4203674183114905,3.2589802124922285,3.338558257428193,974228000
2019-01-31,3.563657283782959,3.5993558465088427,3.3809500088856073,3.4027658628909117,842852000
2019-02-01,3.587951898574829,3.639020736411014,3.534652181397594,3.582250105752859,625048000
2019-02-04,3.698270559310913,3.73545645319018,3.5817543959752496,3.603818020039024,528592000
2019-02-05,3.7173593044281006,3.7540494212708473,3.6764547263616927,3.710169943306687,542424000
2019-02-06,3.792971134185791,3.8574269087437347,3.7451251987562206,3.750578985234241,702464000
2019-02-07,3.6546387672424316,3.748843297496793,3.611751081428504,3.7466121817433264,637120000
2019-02-08,3.673231840133667,3.6838916413500185,3.5730775132556327,3.5874559982311216,461604000
2019-02-11,3.630591869354248,3.6833958066617254,3.5822499269282733,3.6291043013049493,495180000
2019-02-12,3.7476038932800293,3.7632221770531866,3.6546389204194045,3.669017642850428,591060000
2019-02-13,3.7899959087371826,3.8631283704339263,3.7634698170633993,3.77710475493226,605372000
2019-02-14,3.8309004306793213,3.8591618604799955,3.7458683708743217,3.7890042996285453,827264000
2019-02-15,3.9005625247955322,4.062445269128536,3.8777551155326657,4.039638096287828,1516748000
2019-02-19,3.8832082748413086,3.963778096574503,3.87081313588739,3.8899018579278906,551892000
2019-02-20,3.9305579662323,3.9977406139616845,3.901305224202329,3.9124608006761648,540988000
2019-02-21,3.861640691757202,3.967744582570565,3.8470141998365723,3.9432020733846347,448548000
2019-02-22,3.9464240074157715,3.965264956834187,3.899817647420401,3.913452582355637,401740000
2019-02-25,3.9340291023254395,4.097399378735154,3.9253521745854862,4.0299689568238275,656020000
2019-02-26,3.894613027572632,3.9853468944117005,3.861145576977355,3.9293200396442725,488464000
2019-02-27,3.8527162075042725,3.9067597070524536,3.7956975718020582,3.8802338527077245,500256000
2019-02-28,3.828148126602173,3.8688468342508746,3.805813738379342,3.8465122093622433,324944000
2019-03-01,3.882495164871216,3.9246824932375457,3.8197101054216365,3.878028098652697,357188000
2019-03-04,3.8906850814819336,3.9437917024778617,3.8341039699543926,3.920960789931432,409992000
2019-03-05,3.884232521057129,3.922449310227375,3.8207029073730547,3.8750503623611467,362924000
2019-03-06,3.7733044624328613,3.88373651390848,3.7705747590328067,3.8752991412784,403524000
2019-03-07,3.704066753387451,3.759407022433055,3.657908643226314,3.749728575410522,450104000
2019-03-08,3.738313674926758,3.7489846994719547,3.59338687172159,3.6147289208119844,422416000
2019-03-11,3.998884439468384,4.021715119497615,3.714738701434053,3.7618896362748684,859728000
2019-03-12,4.033130168914795,4.079536070908694,3.950491917364302,4.0266777127384925,579576000
2019-03-13,4.184508800506592,4.213791933021078,4.063157465934027,4.070602498606583,768900000
2019-03-14,4.108570575714111,4.205602116587047,4.100877518577628,4.193690255644652,519384000
2019-03-15,4.214039325714111,4.256722937834712,4.1482760710349815,4.151750324037024,661484000
2019-03-18,4.192698001861572,4.299407760456572,4.165648050280749,4.245556356360159,486992000
2019-03-19,4.3604559898376465,4.404877217207409,4.270373406211956,4.287248152364877,854972000
2019-03-20,4.327946662902832,4.4428455392717945,4.2932036509999785,4.389490655990729,719148000
2019-03-21,4.564692974090576,4.590998377395191,4.346062531082183,4.3510258861708415,824312000
2019-03-22,4.404877185821533,4.58603540155432,4.390980169089334,4.537395842991622,747644000
2019-03-25,4.312560081481934,4.428451521700274,4.2463007662543,4.364177832270975,525212000
2019-03-26,4.389242172241211,4.51034499309972,4.332909092485514,4.454260412401879,703508000
2019-03-27,4.38006067276001,4.461209590640525,4.310575592412955,4.414803686265147,474372000
2019-03-28,4.398673057556152,4.464435858708699,4.345566197104481,4.406117617184522,480264000
2019-03-29,4.455997943878174,4.4803181938808985,4.4150514487343315,4.4654281289817,456896000
2019-04-01,4.523497581481934,4.553773284364609,4.476098638171453,4.547817354070959,483824000
2019-04-02,4.541364669799805,4.58578588238699,4.5046369870629315,4.547569098818993,440920000
2019-04-03,4.680832862854004,4.739895651601616,4.586034959288604,4.590998314309059,783504000
2019-04-04,4.671896934509277,4.714332510671165,4.609111896641124,4.665444481448712,457376000
2019-04-05,4.738654613494873,4.75602635620326,4.678599721268177,4.715079386959449,481744000
2019-04-08,4.759499549865723,4.784563872002068,4.68405808442695,4.70812983043881,424192000
2019-04-09,4.696716785430908,4.737167240551744,4.654529202912215,4.725999925375275,439972000
2019-04-10,4.767192840576172,4.793001716968582,4.691503811538995,4.695970641427767,444772000
2019-04-11,4.753294944763184,4.801190409315286,4.703910852745213,4.769673633539485,374600000
2019-04-12,4.715328216552734,4.795981093358877,4.706642580383663,4.792010313968014,471708000
2019-04-15,4.583554744720459,4.712599176450143,4.543848838546977,4.707635819845524,440092000
2019-04-16,4.670657634735107,4.689518003159528,4.590005254146283,4.622762636497848,394964000
2019-04-17,4.647826671600342,4.72649389481821,4.62549205108663,4.705648375227148,351004000
2019-04-18,4.623259544372559,4.688526295440458,4.595465511369635,4.654528304832472,380988000
2019-04-22,4.67711067199707,4.692744814609717,4.568167725221055,4.599684036202599,279936000
2019-04-23,4.731705188751221,4.762973940901237,4.6805839668735905,4.690262176031965,346856000
2019-04-24,4.744114398956299,4.784812868304873,4.681329331364547,4.7421287729730555,318204000
2019-04-25,4.6383957862854,4.726245154127855,4.558735998947101,4.703910536992897,499296000
2019-04-26,4.419519424438477,4.489004991984418,4.300649740171459,4.484537687357756,868988000
2019-04-29,4.450291633605957,4.478085671094279,4.3552452080308965,4.42746047900362,391920000
2019-04-30,4.491734027862549,4.517294409433283,4.398921267730033,4.418029665796931,362920000
2019-05-01,4.478580951690674,4.586283290364905,4.478332452616644,4.544095720899642,354280000
2019-05-02,4.546081066131592,4.58777211254692,4.445079204876653,4.488259352472984,394684000
2019-05-03,4.541613578796387,4.564444251387635,4.480069121090112,4.554518016057555,336824000
2019-05-06,4.463194370269775,4.475354257024306,4.3180193330336785,4.355243543778582,422176000
2019-05-07,4.295932292938232,4.414801905535784,4.24778880764145,4.414801905535784,555220000
2019-05-08,4.316035270690918,4.3961916172272915,4.256476423790654,4.268388287837035,419168000
2019-05-09,4.223471164703369,4.256725084011528,4.104601952296911,4.247046870530723,660248000
2019-05-10,4.189472675323486,4.258213684866091,4.069858452869945,4.192698903881633,569500000
2019-05-13,3.932128429412842,4.080529491649819,3.9162460232760625,4.057450314763761,656912000
2019-05-14,4.021218299865723,4.056457363033956,3.9331206419451403,3.971833722281142,524880000
2019-05-15,3.960170030593872,3.9966496928239077,3.9063188639694753,3.9656294366424154,502320000
2019-05-16,3.9753079414367676,4.017992036732393,3.9122750848156906,3.954710681031383,781088000
2019-05-17,3.8844807147979736,4.062661177030915,3.845023085268538,3.933368765828099,1022068000
2019-05-20,3.765859365463257,3.84080432009012,3.7410430644171724,3.78571231163381,572064000
2019-05-21,3.8480005264282227,3.863882929348564,3.787945404864032,3.8266587176075335,361848000
2019-05-22,3.777026653289795,3.8353446527123523,3.766107367299259,3.809287749778588,325868000
2019-05-23,3.655924081802368,3.7147383773241556,3.596116973178139,3.7147383773241556,591844000
2019-05-24,3.6020727157592773,3.710023089205994,3.5953722334997824,3.6747840242344525,357584000
2019-05-28,3.5569071769714355,3.6524496356158997,3.554921787536733,3.6196922482710323,428356000
2019-05-29,3.482706308364868,3.544250296076037,3.447963536163076,3.509259498143715,559800000
2019-05-30,3.456122875213623,3.521712423887185,3.417862226175406,3.4859362848892492,394300000
2019-05-31,3.365440845489502,3.4745083945267075,3.3637017354912766,3.4071797223828777,389720000
2019-06-03,3.323702096939087,3.4153783060627987,3.2943855368205752,3.3766207957092447,478644000
2019-06-04,3.5527684688568115,3.557985798338294,3.3656890602587226,3.387800633337759,641836000
2019-06-05,3.510035991668701,3.6320227028941674,3.47376299308284,3.6265568274442597,511616000
2019-06-06,3.5721473693847656,3.5967434537795993,3.5117751406941786,3.5142596511023725,408140000
2019-06-07,3.614880084991455,3.649165429517179,3.558979783449994,3.5781102299670082,348856000
2019-06-10,3.687673807144165,3.7562447178041127,3.671027874846693,3.671027874846693,402780000
2019-06-11,3.7453134059906006,3.7853131677784257,3.7058107357981984,3.7475493704262557,383872000
2019-06-12,3.6322708129882812,3.708046716894873,3.6171156795941504,3.701835441283549,358892000
2019-06-13,3.6834499835968018,3.701834787513184,3.636742099605151,3.654381740128526,308080000
2019-06-14,3.593513250350952,3.614631113229708,3.5487932513234184,3.5902835766319567,394428000
2019-06-17,3.603203058242798,3.6402214579436385,3.568917477844236,3.5917744524646253,276040000
2019-06-18,3.798231601715088,3.853634794970265,3.6536364986024674,3.664568009803732,581920000
2019-06-19,3.804194688796997,3.8449396100611724,3.7781078078082726,3.833511243219726,331644000
2019-06-20,3.828542470932007,3.9087903005945064,3.814132738561449,3.8948774228662537,350168000
2019-06-21,3.7704060077667236,3.8628278373481844,3.7639464238964044,3.8136356763978863,434428000
2019-06-24,3.7927663326263428,3.8223314347522352,3.7445678782554253,3.7917726233411475,282948000
2019-06-25,3.7634496688842773,3.872765742957589,3.7607168499600174,3.7977352445402626,311868000
2019-06-26,3.956740140914917,4.017857999583035,3.8779831134734057,3.890902281694261,584072000
2019-06-27,4.055373191833496,4.074503399227054,4.006429335736305,4.042454023040567,445440000
2019-06-28,4.080217361450195,4.108540206066905,4.03350971195814,4.099347566693324,397668000
2019-07-01,4.128416061401367,4.321706491667773,4.090900575141804,4.287420915906709,709756000
2019-07-02,4.0305280685424805,4.132887697002956,4.017360592506837,4.111769599708234,400228000
2019-07-03,4.043447971343994,4.05959705175763,3.9835728354097175,4.053882630539049,246636000
2019-07-05,3.980839252471924,3.9895348001329443,3.91748543508814,3.9850628718889634,396552000
2019-07-08,3.9058094024658203,3.940094983176473,3.875747679059242,3.9212130828973284,329788000
2019-07-09,3.9082939624786377,3.936368267434606,3.8509030973287963,3.863573721657893,342860000
2019-07-10,3.9766159057617188,4.034006524260164,3.9378584018696428,3.9517712790813873,452076000
2019-07-11,4.1311492919921875,4.1718942189385295,4.0123922569733725,4.049658964227611,682560000
2019-07-12,4.164191722869873,4.235247380361121,4.158974394153869,4.158974394153869,506392000
2019-07-15,4.155743598937988,4.201457529612978,4.1274212341515515,4.185308929238326,289840000
2019-07-16,4.151025295257568,4.178105654880692,4.095373301023411,4.140838944085001,341444000
2019-07-17,4.216366291046143,4.223322730665828,4.123447591701021,4.152764151204527,348204000
2019-07-18,4.2280426025390625,4.290899336423999,4.170154889058343,4.226800584373942,442192000
2019-07-19,4.184813499450684,4.272763177319047,4.178850769267074,4.266303829378748,344896000
2019-07-22,4.256364822387695,4.269283989209978,4.198725426267375,4.206178955774313,315940000
2019-07-23,4.364191055297852,4.366178474059461,4.2799679064719625,4.295620369303317,428176000
2019-07-24,4.438724994659424,4.44443941661251,4.331396786930893,4.4074210130505955,366236000
2019-07-25,4.307545185089111,4.409904829207143,4.284191357013776,4.397233968892098,392700000
2019-07-26,4.349532604217529,4.396240260376979,4.334626016349422,4.334626016349422,274160000
2019-07-29,4.343321323394775,4.359470402443908,4.255123345438182,4.342327614108528,248160000
2019-07-30,4.358972072601318,4.371145837175373,4.282450792835538,4.296860758072301,197772000
2019-07-31,4.191770076751709,4.32841530996409,4.149534346321979,4.327421126674234,359416000
2019-08-01,4.097360134124756,4.292637970423486,4.045186373406644,4.202203799351424,421212000
2019-08-02,4.0046892166137695,4.074005754676921,3.957236410315877,4.0046892166137695,428348000
2019-08-05,3.746307373046875,3.822331585896889,3.6993511718936496,3.8210893307733085,589156000
2019-08-06,3.785064697265625,3.8665547864405707,3.7373633319030835,3.821089385558157,361272000
2019-08-07,3.8233256340026855,3.8352510946970146,3.7068047941557003,3.724195893554964,372560000
2019-08-08,3.931896448135376,3.9331387034080376,3.8235742998805358,3.880965166636086,309300000
2019-08-09,3.8305306434631348,3.8943810938681445,3.7800962179549016,3.8909028739666085,341816000
2019-08-12,3.762704849243164,3.830530369406477,3.7408415850434666,3.778356837680249,279200000
2019-08-13,3.8769893646240234,3.922951856155256,3.7222081208155413,3.7612139363125627,351956000
2019-08-14,3.728419303894043,3.799971590156669,3.684693012038414,3.7887915306196374,419880000
2019-08-15,3.6961207389831543,3.767176158235803,3.6618354027728524,3.7473005529384884,477200000
2019-08-16,3.9641940593719482,4.013385990031329,3.897610556277459,3.9589767298029845,1007960000
2019-08-19,4.242949485778809,4.258850257406835,4.061336184347496,4.07748526485149,815112000
2019-08-20,4.170653343200684,4.237982027896963,4.149535236519403,4.2374849361453935,463188000
2019-08-21,4.2541303634643555,4.309285272335275,4.215124538202379,4.236739261364875,427244000
2019-08-22,4.260341167449951,4.306303425891061,4.221086565934948,4.263819387290122,303488000
2019-08-23,4.035745620727539,4.238228687783782,4.015870014222572,4.18381919720624,568056000
2019-08-26,4.110527515411377,4.1386020504512615,4.072267105940194,4.114502825976818,318208000
2019-08-27,4.0198469161987305,4.151522683711795,3.9905303494595006,4.148789863739837,290968000
2019-08-28,4.009400844573975,4.0621233705928095,3.954191348776583,3.993484807200395,255612000
2019-08-29,4.153144836425781,4.185474496222902,4.097437754596568,4.1009194175645804,357976000
2019-08-30,4.165826797485352,4.249138608999759,4.147672348467827,4.199400171587495,290616000
2019-09-03,4.082764625549316,4.126036854372874,4.059885263469695,4.092961058921285,296140000
2019-09-04,4.196913719177246,4.204374628010244,4.143445058393143,4.143445058393143,227728000
2019-09-05,4.469976902008057,4.4761940885888105,4.297385108269852,4.2991259394861,695676000
2019-09-06,4.442870140075684,4.503550689927982,4.40482040048442,4.446600357889408,376976000
2019-09-09,4.488876819610596,4.575421741674363,4.472463201099678,4.473955477602737,417524000
2019-09-10,4.555525302886963,4.582134872495643,4.446349603756112,4.456048449878766,352812000
2019-09-11,4.584125518798828,4.6323716774588215,4.541101853127337,4.57019887082949,361512000
2019-09-12,4.582633972167969,4.68534349163841,4.5746759541097894,4.630631583854863,327840000
2019-09-13,4.524688720703125,4.553039603252605,4.480918912152651,4.515984564789809,324592000
2019-09-16,4.481665134429932,4.516233204088188,4.439139046979034,4.449584034270801,231832000
2019-09-17,4.503051280975342,4.507279080364376,4.4418731786303685,4.488378497568968,223048000
2019-09-18,4.475944519042969,4.511756306315904,4.389400077978017,4.496088827261823,258152000
2019-09-19,4.40034294128418,4.5003169278343025,4.389648925575745,4.481913449393147,245476000
2019-09-20,4.294648170471191,4.422973017452218,4.284452214392424,4.399347523876263,350244000
2019-09-23,4.348118305206299,4.393628951438278,4.2911679773319555,4.2948986692139135,249712000
2019-09-24,4.290669918060303,4.409046903518779,4.2551071589321605,4.379452775739381,317268000
2019-09-25,4.432424068450928,4.45207079453201,4.245408050238086,4.290172550436639,308432000
2019-09-26,4.410292148590088,4.431431159679353,4.359310441580929,4.422727000507626,234564000
2019-09-27,4.271522045135498,4.419244647621382,4.210841020792035,4.368511503260496,362056000
2019-09-30,4.3289690017700195,4.339165435307629,4.266050043517498,4.297385482479538,186184000
2019-10-01,4.3272271156311035,4.501311158663394,4.322502206359098,4.3520963323986965,366008000
2019-10-02,4.303353786468506,4.317280436348218,4.2309845385513425,4.305343172353911,293372000
2019-10-03,4.509022235870361,4.515239423704227,4.277490688760907,4.307830963836632,450588000
2019-10-04,4.525435447692871,4.554781026972775,4.446102866898809,4.511259767403537,265524000
2019-10-07,4.584125518798828,4.683850469153932,4.581638549612751,4.590342704593588,480984000
2019-10-08,4.40755558013916,4.492359210475812,4.389401127543962,4.492359210475812,444436000
2019-10-09,4.494099140167236,4.543589022774172,4.455552301934541,4.484400291952235,292412000
2019-10-10,4.5517964363098145,4.6027781304495905,4.486639536337521,4.491862030522236,309124000
2019-10-11,4.6254096031188965,4.708720958826774,4.61695400046996,4.635854591917818,446404000
2019-10-14,4.638837814331055,4.6597277880704375,4.585617712750417,4.616704118721902,200040000
2019-10-15,4.883549690246582,4.956167961527276,4.7151857084630695,4.729112831604379,664124000
2019-10-16,4.829833984375,4.954428672814224,4.818394301347735,4.849480716195139,428944000
2019-10-17,4.831822872161865,4.919362020393605,4.7773590441272065,4.874348961473756,263436000
2019-10-18,4.7373199462890625,4.864898689154544,4.662961309729431,4.8323200037831615,307440000
2019-10-21,4.87459659576416,4.888026134243323,4.779845111256999,4.798745697236115,261868000
2019-10-22,4.864649295806885,5.036743484469877,4.856939833618063,4.931547011974731,328720000
2019-10-23,4.851719856262207,4.865895066223999,4.7507511316043,4.782583689673028,279916000
2019-10-24,4.895736217498779,4.929309119275089,4.858929733657293,4.893000219060766,232020000
2019-10-25,5.08673095703125,5.107620931006642,4.968602518136838,4.976311981057411,423092000
2019-10-28,5.1426873207092285,5.195160817812477,5.1011554471025145,5.130501026468561,330792000
2019-10-29,5.04644250869751,5.13522536711075,5.0270448124093505,5.128759152120772,211236000
2019-10-30,5.048431873321533,5.079021168401791,4.980290433289985,5.073301091653049,205960000
2019-10-31,4.999192714691162,5.048433584454255,4.919363013820818,5.027543604737982,209732000
2019-11-01,5.03823709487915,5.070566754236402,4.938760198276227,4.963877977109576,283640000
2019-11-04,5.234951019287109,5.247385867333541,5.09618162521197,5.119309541330526,376716000
2019-11-05,5.212817668914795,5.260814805613796,5.164820057874853,5.234702336865044,300868000
2019-11-06,5.163576126098633,5.214308780276735,5.076036517214731,5.18869389856804,269012000
2019-11-07,5.181234359741211,5.264794745082253,5.136469850653474,5.250121954851984,280340000
2019-11-08,5.167308330535889,5.198892329992887,5.1267716179189975,5.164324250929611,189100000
2019-11-11,5.1772541999816895,5.200382112383533,5.0802642981698405,5.166560184946217,243436000
2019-11-12,5.212817668914795,5.26877329790565,5.180487539124105,5.215553193115959,283504000
2019-11-13,5.186954498291016,5.2090877240663085,5.120553872283122,5.181482974763488,300188000
2019-11-14,5.217294692993164,5.219533108176041,5.135972723130333,5.195907131607126,518080000
2019-11-15,5.078027725219727,5.266784137947912,4.989741954699469,5.215056302877689,1053628000
2019-11-18,5.2792181968688965,5.3058277744765405,5.067581977545123,5.070566056348818,574588000
2019-11-19,5.1725287437438965,5.2717565844161856,5.114335182944443,5.248131088766924,414564000
2019-11-20,5.251862049102783,5.335670977364485,5.13696671326512,5.149650115550484,472588000
2019-11-21,5.226993083953857,5.303092552708058,5.2053569697853295,5.247385950468522,288388000
2019-11-22,5.244650840759277,5.296129646099661,5.221024864399534,5.249624306108858,224100000
2019-11-25,5.501298904418945,5.506272842981448,5.359793530399682,5.372725486057657,506476000
2019-11-26,5.396601676940918,5.48836864233391,5.3901354599461735,5.48364325693913,385244000
2019-11-27,5.4314422607421875,5.476488528610834,5.405061788535433,5.4421441671354875,215784000
2019-11-29,5.394110679626465,5.428952988858122,5.370218539187122,5.400581665449979,141556000
2019-12-02,5.207704067230225,5.400582382431357,5.192522976774216,5.387142932977289,372036000
2019-12-03,5.16813325881958,5.1721149662184756,4.986703542784489,5.024034660449171,465232000
2019-12-04,5.211935520172119,5.2741542153860514,5.183314977336627,5.251755447133758,273424000
2019-12-05,5.19501256942749,5.2495161149548695,5.1644006964450595,5.233837071340404,184884000
2019-12-06,5.280375957489014,5.31322789545581,5.254244219585735,5.264199438610396,232236000
2019-12-09,5.280375957489014,5.335128712742705,5.2487691339367535,5.257479713237847,211880000
2019-12-10,5.325422286987305,5.37718828257954,5.257728037148495,5.3104894596265915,256388000
2019-12-11,5.409043788909912,5.414519348765117,5.333386124722475,5.335874929258308,233796000
2019-12-12,5.576536178588867,5.594704023157455,5.371214803568274,5.380174119493013,404348000
2019-12-13,5.574546813964844,5.6987354787049584,5.520540741890279,5.57952442400408,454704000
2019-12-16,5.603414535522461,5.675837174921617,5.593957268960997,5.62208033062008,320976000
2019-12-17,5.681562423706055,5.7042099297644295,5.612624003881161,5.622081272026224,321196000
2019-12-18,5.711925506591797,5.772402089725288,5.707943323769652,5.716405165584833,343548000
2019-12-19,5.860006332397461,5.873445785197777,5.741541961095546,5.746519571369073,445360000
2019-12-20,5.9573163986206055,5.98270145077082,5.907292508617542,5.92645578545252,603044000
2019-12-23,5.943626880645752,6.018040379091792,5.932925448481276,5.985935607907442,355060000
2019-12-24,5.9386491775512695,5.955821596103844,5.8938516464908,5.928196483595949,138864000
2019-12-26,5.952836513519287,5.980959107765898,5.923220066661542,5.942134604679745,182852000
2019-12-27,5.895097732543945,5.981457322576022,5.868716778452037,5.968017870083893,254644000
2019-12-30,5.781857967376709,5.878421486687394,5.750499887279652,5.873195140004551,258056000
2019-12-31,5.85602331161499,5.865480579138932,5.7273550104938185,5.746518283592325,231004000
2020-01-02,5.9707536697387695,5.9707536697387695,5.891363041927383,5.941884393688347,237536000
2020-01-03,5.875186443328857,5.918988548422026,5.826157991152776,5.851045561653233,205384000
2020-01-06,5.899824619293213,5.905050966215078,5.75572649719555,5.781858231804876,262636000
2020-01-07,5.97125244140625,6.017045403475826,5.883150748902034,5.928197022093987,314856000
2020-01-08,5.982451915740967,6.023765219861093,5.926952946804154,5.967021611212417,277108000
2020-01-09,6.048154354095459,6.120576999500233,5.994397505336159,6.068811004490261,255112000
2020-01-10,6.080507755279541,6.185781859126946,6.066322091859231,6.155419203881554,316296000
2020-01-13,6.271145820617676,6.296282128119939,6.140984150343223,6.163632128120506,319840000
2020-01-14,6.1541748046875,6.253724606953968,6.140984093935381,6.22833908695966,359088000
2020-01-15,6.111617088317871,6.189266079309119,6.085734091320788,6.166867313650455,263104000
2020-01-16,6.195239067077637,6.201212102853012,6.141730957829296,6.165125150161636,284192000
2020-01-17,6.203950881958008,6.22186999285586,6.156415799010118,6.214403577975669,253792000
2020-01-21,6.170601844787598,6.204199999194537,6.136505739519911,6.16736635092024,217916000
2020-01-22,6.224606990814209,6.311215307199664,6.196981875274955,6.215896411562279,239240000
2020-01-23,6.293045520782471,6.301507359360206,6.175825844099683,6.264674199784261,244516000
2020-01-24,6.233815670013428,6.458300831398263,6.179560864595715,6.4085256847471355,373512000
2020-01-27,5.977972030639648,6.02899133900115,5.779618620640297,5.929192314169117,470536000
2020-01-28,6.1713480949401855,6.203701607240368,5.99066457305883,6.043923950276957,310976000
2020-01-29,6.1108717918396,6.1930004533573255,6.071051388818257,6.15691349496701,258848000
2020-01-30,6.117589950561523,6.131029399451764,5.958061527643845,6.01306253868388,290504000
2020-01-31,5.884145259857178,6.083742808298976,5.842334486746621,6.071796737498564,370420000
2020-02-03,5.981206893920898,6.0006189034883555,5.859755803690975,5.86597757728614,255564000
2020-02-04,6.150442123413086,6.169605872146606,6.073042338363258,6.123066221076983,271544000
2020-02-05,6.240784645080566,6.281600002852796,6.1574113388102445,6.271396044736984,208220000
2020-02-06,6.327640056610107,6.327640056610107,6.193994633007796,6.275127851182207,218284000
2020-02-07,6.261440753936768,6.309722522519821,6.2360552299053404,6.287572492182964,189752000
2020-02-10,6.5446600914001465,6.545406305582232,6.279110375824013,6.284087985183651,529608000
2020-02-11,6.667105197906494,6.781836561422516,6.5909495893900365,6.652919535414561,638556000
2020-02-12,6.782833576202393,6.789304563900281,6.681043686530385,6.719868188644713,374644000
2020-02-13,6.7390313148498535,6.806227621791376,6.6974692706660415,6.724845649351327,528016000
2020-02-14,7.212141513824463,7.341058548961694,7.1178180542785325,7.149176136549256,1041924000
2020-02-18,7.380878448486328,7.399295506798921,7.089446230395402,7.108858240876231,620164000
2020-02-19,7.83208703994751,7.849757406583445,7.503323757041335,7.503323757041335,694332000
2020-02-20,7.682762622833252,7.8724049382642365,7.375402199430657,7.784054528802961,810052000
2020-02-21,7.318660736083984,7.5956585896152315,7.23379453271584,7.5705222779789745,768180000
2020-02-24,6.801249027252197,7.015032728613473,6.669843188096239,6.724346724805658,856916000
2020-02-25,6.521763801574707,6.938380143586625,6.419973914531026,6.876410184653906,1055496000
2020-02-26,6.661131858825684,6.855254315100791,6.520517981060398,6.522010883834573,747732000
2020-02-27,6.290338039398193,6.648932261649208,6.197950184483438,6.347613370216248,906416000
2020-02-28,6.725380897521973,6.784897622495817,6.021142320573181,6.03782676252008,1133252000
2020-03-02,6.883760929107666,6.912647954782007,6.499517605060094,6.895465261487342,890744000
2020-03-03,6.621289253234863,6.999307023640766,6.535874048383483,6.939541411420156,652792000
2020-03-04,7.084972858428955,7.094435784981819,6.653912638955671,6.728620028842755,597408000
2020-03-05,6.80556583404541,7.052348018857373,6.760990398482024,6.885502193942005,540328000
2020-03-06,6.62502384185791,6.683544539537678,6.424808655737229,6.626019864056424,515412000
2020-03-09,6.11203670501709,6.459673702374688,5.931245574441285,5.974077388240757,614160000
2020-03-10,6.501510143280029,6.501510143280029,6.125733693932417,6.388453275544626,580648000
2020-03-11,6.137684345245361,6.389945366883533,6.040565295838088,6.361556597447995,499964000
2020-03-12,5.386630058288574,5.879945599168345,5.373929705464922,5.614486423807878,816540000
2020-03-13,5.997485160827637,6.001967498882198,5.468808182759905,5.739994622297284,634836000
2020-03-16,4.890822887420654,5.630423213148676,4.831057286094867,5.289509591350956,726972000
2020-03-17,5.410536289215088,5.499936062141312,4.756351479681672,5.003133705903673,833632000
2020-03-18,5.05069637298584,5.228001143281701,4.499358442377343,4.982962115786236,874268000
2020-03-19,5.303457260131836,5.3970900221953935,4.815868874213177,5.0292817693992715,765512000
2020-03-20,5.123660564422607,5.735511233684111,5.108221033415552,5.453616536843475,804636000
2020-03-23,5.296482086181641,5.39086242199095,4.943615733086571,5.122663645719731,643876000
2020-03-24,6.205170631408691,6.2918312232495754,5.678983959481302,5.702641033345908,1101644000
2020-03-25,6.116518974304199,6.51993702228171,6.067710076601476,6.320220043105337,793432000
2020-03-26,6.405884265899658,6.529897835657393,6.2255909210386315,6.323706009766051,696108000
2020-03-27,6.29357385635376,6.5523092762191855,6.19271912359753,6.225590232425137,638828000
2020-03-30,6.613818645477295,6.623032683251805,6.314990097114926,6.359067291374254,602252000
2020-03-31,6.564262866973877,6.858110818678455,6.4185838002500555,6.653911048444438,949960000
2020-04-01,6.053017616271973,6.512715437817378,6.008442645451946,6.3662896961381685,656912000
2020-04-02,6.361805438995361,6.3750035629693125,6.034090420769602,6.082151692967112,675764000
2020-04-03,6.073936462402344,6.3657919462324255,5.9364753864927104,6.324205039342323,663212000
2020-04-06,6.6837944984436035,6.72065017554929,6.29855470911675,6.35607939382513,727884000
2020-04-07,6.450459003448486,6.929082636686835,6.407377832223849,6.9054250880511185,784520000
2020-04-08,6.647686004638672,6.672588463674239,6.489555935983957,6.559531613136199,542444000
2020-04-09,6.5480756759643555,6.796352144168481,6.48507263965406,6.773442208223735,525564000
2020-04-13,6.719902515411377,6.728618304084489,6.399907202770345,6.488310473583268,398408000
2020-04-14,7.071024417877197,7.105140430541459,6.820506576068933,6.848148207669993,530948000
2020-04-15,6.993579387664795,7.076504300320507,6.857612606318215,6.9029347084421175,366148000
2020-04-16,7.338726043701172,7.4458062782420305,7.135772131696852,7.148970258403204,745620000
2020-04-17,7.279458522796631,7.4423198025387185,7.145483789087821,7.42090366109645,539120000
2020-04-20,7.148222923278809,7.308843270603872,7.1038968447451385,7.152954622799317,449388000
2020-04-21,6.711437225341797,7.09144712767492,6.651671599383998,7.030187705425032,735160000
2020-04-22,7.125812530517578,7.168644823771683,6.858112360091829,6.9036833590491335,483356000
2020-04-23,7.072519302368164,7.29987788446425,7.047367959603796,7.167895675399219,424160000
2020-04-24,7.211474895477295,7.213466940038057,6.987602620072734,7.062309990799621,352328000
2020-04-27,7.397993564605713,7.5578667740678345,7.321294150960293,7.345947720515012,479388000
2020-04-28,7.255551815032959,7.575298228797527,7.250073455209136,7.545415186633848,442904000
2020-04-29,7.432359218597412,7.485152200070191,7.315068924983544,7.390274070522347,379160000
2020-04-30,7.2784624099731445,7.432359012301626,7.2645171482702215,7.378320648227945,375916000
2020-05-01,7.041890621185303,7.1942929707272105,6.993579973133149,7.080987230957178,342096000
2020-05-04,7.253808975219727,7.26750535035429,6.994575294874223,6.994575294874223,317556000
2020-05-05,7.314820289611816,7.477432690608223,7.253809290895876,7.357901461463599,368896000
2020-05-06,7.415674686431885,7.520513994329122,7.356407319472772,7.394259018524748,323464000
2020-05-07,7.591982841491699,7.655234767610334,7.503579572014176,7.554878280997428,373732000
2020-05-08,7.781987190246582,7.788212685003819,7.629833761503687,7.663700889959873,339216000
2020-05-11,8.033997535705566,8.080813891837634,7.748367225992031,7.777004875488519,469060000
2020-05-12,7.772026538848877,8.140581362852945,7.762314728379577,8.091772948717608,493060000
2020-05-13,7.749615669250488,8.046949472924325,7.565088875981364,7.886578477433536,625852000
2020-05-14,7.9991374015808105,8.004615761813872,7.657476573048919,7.811124296159044,602312000
2020-05-15,8.457589149475098,8.467300485063323,7.843247666290746,7.858936085271432,987660000
2020-05-18,8.716073989868164,8.881674894814699,8.646596579808966,8.726284047612651,774460000
2020-05-19,8.771108627319336,9.05200681717185,8.728525237656509,8.755917983642572,717320000
2020-05-20,8.934967041015625,9.00768188667525,8.85403418096202,8.955884932236916,587536000
2020-05-21,8.740979194641113,9.017145749409037,8.70337638192657,9.016150202023102,761068000
2020-05-22,8.990995407104492,9.057485221163168,8.679218187478055,8.79078025458549,1038764000
2020-05-26,8.683700561523438,9.14588900952472,8.638129582307922,9.120986082397753,770780000
2020-05-27,8.491954803466797,8.599034084910985,7.965518321925909,8.591314793554313,1175892000
2020-05-28,8.453855514526367,8.726286884278077,8.346525429928509,8.379396544831723,734896000
2020-05-29,8.840836524963379,8.840836524963379,8.451861551510003,8.521090089361191,745256000
2020-06-01,8.771856307983398,8.806221687857695,8.655562517360025,8.798751283519696,389876000
2020-06-02,8.790783882141113,8.802737101399384,8.624187373025636,8.761897806387676,391320000
2020-06-03,8.735249519348145,8.831621909819457,8.666020989747482,8.787794083509207,365440000
2020-06-04,8.736248016357422,8.912387299046383,8.647554448398513,8.697880093507253,424280000
2020-06-05,8.889217376708984,8.965951317079053,8.677949089907083,8.764150747814513,481748000
2020-06-08,8.774613380432129,8.859070124308195,8.655774627427663,8.846613453118048,387736000
2020-06-09,9.014782905578613,9.078313178349852,8.721050788735848,8.769632482507,468488000
2020-06-10,9.33442497253418,9.467215360522856,9.121910741750701,9.136112317494959,632180000
2020-06-11,8.765894889831543,9.229289397995633,8.755680170871136,9.118423392635822,583652000
2020-06-12,8.9016752243042,9.155546372764283,8.673216375848513,9.130882024444821,570908000
2020-06-15,9.142091751098633,9.150562516844673,8.713575356427903,8.784829388857338,400004000
2020-06-16,9.03720474243164,9.234771362037131,8.808247914587062,9.193165484284528,535716000
2020-06-17,9.204127311706543,9.26690962968148,9.038948800827344,9.082299582724236,408304000
2020-06-18,9.18619155883789,9.250468842136558,9.083048344699264,9.195160327375284,254408000
2020-06-19,9.229290008544922,9.412406059960434,9.195407893756292,9.21060547299909,524160000
2020-06-22,9.493874549865723,9.498359408949637,9.241249346955792,9.267907600251794,398468000
2020-06-23,9.417387962341309,9.609223760973583,9.375035085564633,9.518039245168492,375108000
2020-06-24,9.203629493713379,9.523521851780817,9.112942971120358,9.443548049476501,449372000
2020-06-25,9.457250595092773,9.47219917351608,9.150562864873292,9.323464192064792,376072000
2020-06-26,9.123404502868652,9.467214124005583,9.093508303321151,9.467214124005583,592084000
2020-06-29,9.168251991271973,9.17273685020403,8.869287056151329,9.13810678244257,342248000
2020-06-30,9.464972496032715,9.493373744022515,9.234520755425343,9.281856485536037,367892000
2020-07-01,9.497109413146973,9.542702134748106,9.380513580820624,9.487891648846023,326648000
2020-07-02,9.579079627990723,9.703897268706609,9.545196562472253,9.605736929256501,364056000
2020-07-06,9.8052978515625,9.874558001309556,9.67898522844334,9.708134441529843,315892000
2020-07-07,9.837681770324707,10.035247413067934,9.816754334047982,9.911924749184905,357800000
2020-07-08,10.180745124816895,10.18971484215439,9.931109851071897,9.959262104406426,365480000
2020-07-09,10.472735404968262,10.533524777131117,10.198185802877653,10.344429847075826,494548000
2020-07-10,10.443087577819824,10.618479869923425,10.34293428234566,10.552209640724762,497676000
2020-07-13,10.017559051513672,10.75500504348542,9.990402803817826,10.558436349316613,457076000
2020-07-14,10.34118938446045,10.366850682254316,9.751730337959055,10.04023152466325,542676000
2020-07-15,10.19195556640625,10.396995030671915,10.021047212531476,10.37831049776503,403984000
2020-07-16,10.099777221679688,10.171528314447539,9.861352646599135,9.980440433918838,344964000
2020-07-17,10.166296005249023,10.2131337464676,10.052939034613193,10.190213351910279,266284000
2020-07-20,10.47447681427002,10.494906250453667,10.121698390673775,10.238793197768803,284852000
2020-07-21,10.292859077453613,10.523560860217113,10.251253190453125,10.476722161899874,277036000
2020-07-22,10.402727127075195,10.565911737188781,10.255985098028882,10.33172304210224,367292000
2020-07-23,10.094793319702148,10.510603105060774,9.996632984171347,10.413937722405896,411660000
2020-07-24,10.159318923950195,10.328981333279204,9.743260165513863,9.840921543413533,473292000
2020-07-27,10.385534286499023,10.40571377012534,10.182486845355736,10.196937419864197,292132000
2020-07-28,10.18024730682373,10.346172824798396,10.1740194451191,10.338450010177334,271636000
2020-07-29,10.429384231567383,10.47995887667741,10.31129340937831,10.354892241369713,284508000
2020-07-30,10.577371597290039,10.5863403635823,10.25972121762195,10.339196062638807,308880000
2020-07-31,10.578117370605469,10.729344229172773,10.396994311073172,10.526794782802703,386080000
2020-08-03,10.972254753112793,11.06044937073828,10.678272694361175,10.695463227056676,412720000
2020-08-04,11.189005851745605,11.189005851745605,10.868366436984433,11.011869584577683,310336000
2020-08-05,11.247797966003418,11.332504659227881,11.127714213139697,11.205196094216685,249924000
2020-08-06,11.296380996704102,11.31880338730458,11.14017221407124,11.310581622328327,244316000
2020-08-07,11.16085433959961,11.465051190793494,10.999413644158329,11.273464330605277,342516000
2020-08-10,11.126471519470215,11.368882000251494,10.819035809551947,11.29513795421736,427796000
2020-08-11,10.812556266784668,11.098316512695563,10.758492772663406,11.035533253455245,354512000
2020-08-12,11.400771141052246,11.427428441497376,10.920434129138265,10.952822240724048,464412000
2020-08-13,11.403510093688965,11.681298546736729,11.316561436383628,11.50615432938051,374460000
2020-08-14,11.524094581604004,11.664358807033938,11.401020889958053,11.490211514904173,366436000
2020-08-17,12.294427871704102,12.366926920176072,11.776471761378499,11.810353880526344,621300000
2020-08-18,12.218438148498535,12.45287677557738,12.044540832043971,12.40703504191184,503448000
2020-08-19,12.096610069274902,12.27250033410157,12.05624919671835,12.254064801327434,622624000
2020-08-20,12.099101066589355,12.332293735229182,11.837756147522825,11.933674519900297,921388000
2020-08-21,12.639730453491211,12.764548088001417,12.153164638813207,12.159642451084375,999868000
2020-08-24,12.676351547241211,12.867938328289826,12.464335330829451,12.839287128629763,490564000
2020-08-25,12.705999374389648,12.717210094124312,12.530357162147993,12.587160613133165,289076000
2020-08-26,12.72891902923584,12.824089442818158,12.633997616026589,12.755078324154436,321244000
2020-08-27,12.584672927856445,12.805657977980829,12.523135602375184,12.737393838758157,317604000
2020-08-28,13.102375984191895,13.102624984567107,12.598869664398606,12.631257770455568,537160000
2020-08-31,13.32834529876709,13.5281529158447,12.992757381915121,13.13725649731869,500840000
2020-09-01,13.777424812316895,13.949629681508943,13.394136574142701,13.437499372727544,511316000
2020-09-02,14.30126953125,14.68032067693343,13.856176456399352,14.65739247517934,874012000
2020-09-03,12.974465370178223,13.840725107880663,12.838146289033148,13.785150980513366,945128000
2020-09-04,12.582703590393066,13.133461413536873,11.667846759486407,12.74344435701428,1463684000
2020-09-08,11.875441551208496,12.510433341431117,11.667349913206706,11.69750413983094,795728000
2020-09-09,12.674911499023438,12.76886406789316,12.193184504037099,12.360904118495581,736200000
2020-09-10,12.272934913635254,13.024059324113075,12.128640676598586,12.94829871786249,698684000
2020-09-11,12.126150131225586,12.61261156665799,11.858247209010582,12.446138237529997,636928000
2020-09-14,12.831665992736816,13.273020068340417,12.59142659294428,13.039758568536314,1201744000
2020-09-15,12.950044631958008,13.256824165575098,12.787309325791663,13.238133086859497,727556000
2020-09-16,12.475044250488281,13.051471089335553,12.47429702575866,12.916398336111536,556384000
2020-09-17,12.424208641052246,12.550060902108445,11.996810244212295,12.09400272180641,792512000
2020-09-18,12.15081787109375,12.592670028470243,11.950950501914122,12.554042509577428,698460000
2020-09-21,12.477787017822266,12.483020443369432,11.866968777052533,11.88740432937985,721044000
2020-09-22,12.597905158996582,12.608122933885662,12.11717634274842,12.535353135164089,646452000
2020-09-23,12.085525512695312,12.68687406505385,12.04116641481339,12.53585102033723,647012000
2020-09-24,12.309067726135254,12.52986975715517,11.976121155430357,12.034187925664993,731240000
2020-09-25,12.833161354064941,12.842880979305574,12.207142005563057,12.408255730099048,588016000
2020-09-28,12.993904113769531,13.010601640307375,12.709802791708746,12.999137539161858,573808000
2020-09-29,13.184053421020508,13.400369297212727,12.892476036043018,12.896712211256771,621460000
2020-09-30,13.487842559814453,13.579552517363965,13.108791403649274,13.116018379126281,689184000
2020-10-01,13.571574211120605,13.71935641365701,13.418308558852582,13.714622089859601,525004000
2020-10-02,13.021066665649414,13.47687466206338,13.009851640999452,13.183303780734942,552496000
2020-10-05,13.59949016571045,13.601234641002163,13.181063269309869,13.194271846804734,479820000
2020-10-06,13.693192481994629,14.097414465703828,13.621918076224542,13.786397839796917,784420000
2020-10-07,13.919976234436035,14.074737334108889,13.819792968638426,13.955613915301411,418084000
2020-10-08,13.795119285583496,14.040094914623563,13.714624359696066,14.03062436412646,378900000
2020-10-09,13.7193603515625,13.7806670103337,13.617682638155124,13.723597477510634,346892000
2020-10-12,14.18114948272705,14.301768294691879,13.868638402637721,13.945395309887523,434744000
2020-10-13,14.203327178955078,14.303261347469597,13.9745509443215,14.251425250890234,344604000
2020-10-14,14.050810813903809,14.297529966845348,13.915987137027978,14.245444791209522,276100000
2020-10-15,13.925955772399902,13.961592497317445,13.72434294529411,13.767207595825163,267224000
2020-10-16,13.767953872680664,14.076976904411488,13.749013723781008,13.992493934363518,242392000
2020-10-19,13.455194473266602,13.93941224406965,13.364480823563948,13.859166394923227,298068000
2020-10-20,13.602479934692383,13.7562437743147,13.464416371504672,13.540675128663521,229212000
2020-10-21,13.482110977172852,13.74802034288647,13.43501014514702,13.58204516755645,219596000
2020-10-22,13.318876266479492,13.568835305575032,13.1900332336967,13.47986707572771,290480000
2020-10-23,13.547402381896973,13.550393182013844,13.249345288495318,13.407594359777686,233484000
2020-10-26,13.099820137023926,13.649581780090575,12.997394244849335,13.384669660400956,336896000
2020-10-27,13.354514122009277,13.399621400164184,13.149910481987002,13.264049540110301,250520000
2020-10-28,12.587189674377441,13.218194335892415,12.569246774303116,13.156389534597933,376520000
2020-10-29,12.982938766479492,13.15115654997992,12.70980245234301,12.798023456887062,320080000
2020-10-30,12.494483947753906,12.895714171196541,12.261221483654902,12.809487666588163,416820000
2020-11-02,12.54108715057373,12.796279626218718,12.355922756739838,12.617844058143817,299652000
2020-11-03,12.978452682495117,13.063682887469264,12.563016632474788,12.668433313890562,272900000
2020-11-04,13.750757217407227,13.78390318861694,13.294949252565239,13.347034420655579,410228000
2020-11-05,14.11535358428955,14.29378910115566,13.946886765736439,14.117846234201497,319028000
2020-11-06,14.516091346740723,14.542756625411448,13.851194348548102,14.06526665473914,383348000
2020-11-09,13.587772369384766,14.64517786498248,13.567835923114476,14.506616188534656,582976000
2020-11-10,12.729738235473633,13.56360007172124,12.588434820948699,13.56360007172124,644068000
2020-11-11,13.375697135925293,13.392643737566482,12.907427719129638,13.01259532860774,404744000
2020-11-12,13.414321899414062,13.722596738121387,13.274015740941245,13.436501921931828,365812000
2020-11-13,13.255077362060547,13.625655192905109,13.018076883230666,13.58428594217903,346312000
2020-11-16,13.472639083862305,13.60646550624664,13.114521665227775,13.13096916459676,413776000
2020-11-17,13.379932403564453,13.553383607027966,13.261806251274743,13.50977173125303,312028000
2020-11-18,13.3864107131958,13.562852697914124,13.143429609551601,13.422795610021868,510924000
2020-11-19,13.397875785827637,13.44497661001742,13.058698515613026,13.171093089061117,565936000
2020-11-20,13.046486854553223,13.451954163176714,13.023807729860316,13.411582165007127,341088000
2020-11-23,13.098572731018066,13.340307533900381,12.974464979112954,13.129724206448,361356000
2020-11-24,12.916895866394043,13.120501271118869,12.844375148397543,13.101062973168126,346500000
2020-11-25,13.193025588989258,13.22766602005471,12.97895327690436,12.991413678956471,259916000
2020-11-27,13.219437599182129,13.365227204005697,13.128973987198163,13.332829408415188,167276000
2020-11-30,13.359247207641602,13.370213157845031,12.931350792165748,13.223178161034154,286952000
2020-12-01,13.347784996032715,13.48609762777796,13.186544162676142,13.449712726033608,296948000
2020-12-02,13.501797676086426,13.630390679939252,13.192525541134518,13.308409069816136,283360000
2020-12-03,13.357711791992188,13.620957172844438,13.290903852700819,13.54866416232819,199520000
2020-12-04,13.51949691772461,13.521241908096885,13.350481049154592,13.410059870301074,202244000
2020-12-07,13.567861557006836,13.692006010910067,13.46141711168666,13.56237743572072,223244000
2020-12-08,13.31184196472168,13.559880694269241,13.243537241523532,13.54616991993234,271920000
2020-12-09,12.893792152404785,13.375660627223208,12.831470785416641,13.26248538232941,401300000
2020-12-10,12.935171127319336,13.031395694916,12.812771704768545,12.832216697833104,207764000
2020-12-11,12.976054191589355,12.982785004370417,12.786347593211344,12.930185195475408,209264000
2020-12-14,13.270708084106445,13.350479334004573,13.040119285152535,13.050589226041103,270156000
2020-12-15,13.322310447692871,13.425514015697209,13.14905717380978,13.401333301891295,193016000
2020-12-16,13.204648971557617,13.39884214592736,13.174734036543057,13.38413382690294,223116000
2020-12-17,13.303115844726562,13.34125648065479,13.140830805209069,13.328542301379823,231384000
2020-12-18,13.234066009521484,13.36668528801916,13.033142001811628,13.340759578929227,342064000
2020-12-21,13.294143676757812,13.331786023918719,12.930436289077491,13.037379962322126,302332000
2020-12-22,13.24029541015625,13.299126780742803,13.016686562423502,13.281178581595443,185580000
2020-12-23,12.972065925598145,13.237056275687273,12.96782849920963,13.218110529291765,179144000
2020-12-24,12.956608772277832,13.094962250561007,12.901766628858566,12.999984380257285,97884000
2020-12-28,12.863127708435059,13.025163617065004,12.726769309604906,13.025163617065004,212564000
2020-12-29,12.906254768371582,13.035135865574905,12.80554361813499,12.88805741816548,170372000
2020-12-30,13.108176231384277,13.175981710757751,12.859888338350087,12.953120278145812,225396000
2020-12-31,13.017685890197754,13.113411217008528,12.878085702431163,13.09895299632336,192424000
2021-01-04,13.076018333435059,13.613478260876672,12.925449902304845,13.066795083910115,560640000
2021-01-05,13.366436004638672,13.405074943901147,13.049594230220292,13.062307460654432,322760000
2021-01-06,12.57844352722168,13.207141184667453,12.550025385480215,13.184705459258995,580424000
2021-01-07,13.305858612060547,13.339512676724356,12.849666782088335,12.930434635384632,461480000
2021-01-08,13.238801002502441,13.382638612575214,13.004722188085635,13.324306483553258,292528000
2021-01-11,13.582566261291504,13.921096308910437,13.324306724946876,13.380395567585643,518344000
2021-01-12,13.446208000183105,13.715187600487056,13.30685790200758,13.713192510435519,291476000
2021-01-13,13.493072509765625,13.58605625119282,13.346742461050818,13.451441887632267,210028000
2021-01-14,13.162520408630371,13.5608784418514,13.142827216100367,13.536199426324881,283120000
2021-01-15,12.822747230529785,13.28716584931708,12.811778988262398,13.190193806922899,277780000
2021-01-19,12.988020896911621,13.056573821043251,12.807288385767938,12.97904584526776,226188000
2021-01-20,13.327548027038574,13.392112675663085,13.019431202517943,13.074273353645776,258572000
2021-01-21,13.827863693237305,13.959237226928826,13.215120034647857,13.380146684400248,337780000
2021-01-22,13.67330265045166,13.80218371624911,13.588296435156781,13.700724194278703,246820000
2021-01-25,13.614224433898926,13.78897356721507,13.198665682875298,13.742357125035246,251112000
2021-01-26,13.39684772491455,13.605748262959864,13.34923373913582,13.541681919123254,163980000
2021-01-27,12.880828857421875,13.194928106319463,12.757182726351548,13.192185570772127,371272000
2021-01-28,13.01369571685791,13.301621023796079,12.923454516478738,12.959102719549616,228316000
2021-01-29,12.952622413635254,13.296636595811426,12.874596137407885,13.037628651929008,271552000
2021-02-01,13.199165344238281,13.232818458698954,12.865870277184177,13.015940401973044,217204000
2021-02-02,13.517999649047852,13.533205312866734,13.247524267996363,13.360451284245265,220440000
2021-02-03,13.491827011108398,13.89193002868741,13.477867087311907,13.597024736589539,245408000
2021-02-04,13.62519359588623,13.634416844530163,13.299626897697083,13.492324230974786,201340000
2021-02-05,13.552152633666992,13.697985331998837,13.507032031988212,13.685770399260598,169152000
2021-02-08,14.397480010986328,14.432379818392382,13.688013522894353,13.688013522894353,434624000
2021-02-09,14.222482681274414,14.541567742930555,14.181848652102182,14.299760559735732,287560000
2021-02-10,14.72204875946045,14.862396381578142,14.300507596143618,14.421909473206185,485352000
2021-02-11,15.20715618133545,15.228595310583435,14.882337920318719,14.937430158679899,450828000
2021-02-12,14.918486595153809,15.247543280777698,14.732768268450995,15.006982807103192,374756000
2021-02-16,15.286432266235352,15.328562137060997,14.90726913449547,15.021192763254522,321960000
2021-02-17,14.863394737243652,15.17998735005581,14.737754476290354,15.127636686605337,274756000
2021-02-18,14.786614418029785,14.830737473228302,14.533339769901213,14.686899869828187,233868000
2021-02-19,14.88383674621582,15.133620482317376,14.804314630283326,14.981556212316738,271724000
2021-02-22,14.314718246459961,15.089996135515662,14.284055862734963,14.732520326745572,325884000
2021-02-23,14.101577758789062,14.19805147445636,13.351228116185384,14.035018027091663,391780000
2021-02-24,14.45755672454834,14.465285082228274,13.716680430519219,14.082382854481477,448320000
2021-02-25,13.269461631774902,14.333661247717219,13.178472993965004,14.005352043561363,824436000
2021-02-26,13.675299644470215,13.814898867470841,13.32280970449686,13.713190182892967,500932000
2021-03-01,13.8021879196167,13.885200021705584,13.514512672161931,13.835342740558906,353184000
2021-03-02,13.367928504943848,13.880708333900353,13.357707713070946,13.860266750154551,264116000
2021-03-03,12.76815128326416,13.413052208920957,12.76216791543942,13.387874897012532,377592000
2021-03-04,12.334895133972168,12.937917368368275,12.049213983996571,12.764164780073367,573344000
2021-03-05,12.42587947845459,12.51412652764105,11.645865104936078,12.51412652764105,542840000
2021-03-08,11.560113906860352,12.435603674084037,11.533439801994518,12.414414640051222,543112000
2021-03-09,12.488773345947266,12.58503018119177,12.028931897775243,12.099753496667573,521824000
2021-03-10,12.436905860900879,12.947368622318988,12.42618306838436,12.808219651582071,384376000
2021-03-11,12.960834503173828,13.013452477307373,12.70248579612191,12.917443914087112,299916000
2021-03-12,12.82367992401123,12.85634771978624,12.558348854288102,12.616451888507894,243964000
2021-03-15,13.158086776733398,13.173547877909758,12.735152934451662,12.832407665262366,221988000
2021-03-16,13.257834434509277,13.478527766958353,13.083772684178307,13.322919832651639,272128000
2021-03-17,13.307709693908691,13.419427631953024,12.956843642184772,13.006967363859617,243864000
2021-03-18,12.690512657165527,13.150852511092397,12.685026645201525,13.103472279101572,293896000
2021-03-19,12.813454627990723,12.889014536593395,12.580791371714232,12.717945495627424,299208000
2021-03-22,13.153098106384277,13.360824589518188,12.87430079133781,12.880286224197679,297804000
2021-03-23,13.037887573242188,13.310948660290906,12.988511562612349,13.220925552884216,222048000
2021-03-24,12.611212730407715,13.126165388010351,12.604979014868762,13.11818512863964,245840000
2021-03-25,12.503735542297363,12.68278484979762,12.241147965554994,12.468075982521809,295144000
2021-03-26,12.80696964263916,12.823927099731126,12.342390872874107,12.522935565816912,363968000
2021-03-29,12.91569709777832,13.029660048696257,12.668071206371831,12.788018639128039,273520000
2021-03-30,12.83938980102539,12.942629963313632,12.673059062634387,12.80971472304937,200204000
2021-03-31,13.314690589904785,13.436632836630071,12.949859836344844,12.98277686105414,314776000
2021-04-01,13.777026176452637,13.835129204542868,13.477280798414757,13.538128259715098,308276000
2021-04-05,13.9523344039917,13.978767529559853,13.698473850909528,13.832636208536442,255672000
2021-04-06,13.82664966583252,14.018915037379223,13.738871566976432,13.964552432362328,191744000
2021-04-07,14.107941627502441,14.207689643014694,13.677027574965955,13.845851593018876,251284000
2021-04-08,14.281006813049316,14.435118400784658,14.213176976612907,14.216918348018499,244416000
2021-04-09,14.363800048828125,14.371780310856085,14.139366237885852,14.178267755989491,195172000
2021-04-12,15.170763969421387,15.31390353540286,14.103703505176835,14.253825442607319,869324000
2021-04-13,15.640080451965332,15.660529096417902,15.087722573627937,15.193206795688422,676212000
2021-04-14,15.238594055175781,15.680978662596893,15.189218033930018,15.585718757163326,385500000
2021-04-15,16.096681594848633,16.173487680774556,15.592202403913975,15.623124606404787,598480000
2021-04-16,15.872493743896484,16.125107153595632,15.825361792350446,16.012639621052436,335208000
2021-04-19,15.323127746582031,15.767757295505456,15.194701596936312,15.497438724293298,404420000
2021-04-20,15.133109092712402,15.458039540390393,14.925382597533766,15.284726432321392,334132000
2021-04-21,15.321882247924805,15.323877075097695,15.064281282601483,15.080739320235335,216776000
2021-04-22,14.812915802001953,15.399687065149584,14.746333090501135,15.33634630471237,277788000
2021-04-23,15.226876258850098,15.29645075313891,14.862794028010363,14.896708002905635,227500000
2021-04-26,15.4390869140625,15.440084803333924,15.08697469275611,15.146824267123838,197796000
2021-04-27,15.343080520629883,15.631104301229037,15.31589873770508,15.539335580819824,164572000
2021-04-28,15.238343238830566,15.493201692864114,15.177247490188085,15.325873065531082,209416000
2021-04-29,15.286224365234375,15.39769308178993,15.033610900089379,15.361284863619876,173196000
2021-04-30,14.971762657165527,15.326369079550142,14.959294274928283,15.136348727292862,201912000
2021-05-03,14.79945182800293,15.20842097412882,14.75032598796852,15.086977164010063,203912000
2021-05-04,14.315168380737305,14.600698817066128,13.975026104461781,14.600449582589548,405324000
2021-05-05,14.422149658203125,14.776257644037008,14.351328061036348,14.672019599835691,292024000
2021-05-06,14.486488342285156,14.534617237657999,14.182255771749805,14.4588080917108,193380000
2021-05-07,14.775010108947754,14.933111336631207,14.634863276725753,14.771020454684466,229328000
2021-05-10,14.229886054992676,14.768777699750785,14.214175718742837,14.750074646707608,268904000
2021-05-11,14.270284652709961,14.318662787797793,13.715433408949558,13.790244673652095,285584000
2021-05-12,13.72391128540039,14.224399880312989,13.674785449771695,13.974279724476874,303408000
2021-05-13,13.63089370727539,14.045349728476552,13.425162054864115,13.998467009467184,285404000
2021-05-14,14.207191467285156,14.291977805422704,13.713934538144024,13.85507926247416,258616000
2021-05-17,14.129887580871582,14.133628001156678,13.818672627064075,14.121408850962863,216980000
2021-05-18,13.980512619018555,14.36803609551161,13.968791939261795,14.231131212096818,186256000
2021-05-19,14.030386924743652,14.04410243148695,13.509200522328285,13.532391695784717,344000000
2021-05-20,14.575762748718262,14.646833580285021,14.234622566942482,14.266541704450896,321592000
2021-05-21,14.954059600830078,15.183731096129877,14.832117340430838,15.125627113969413,672992000
2021-05-24,15.572751998901367,15.705417059399807,15.137847278130703,15.174255494540118,554816000
2021-05-25,15.608409881591797,15.778730264045185,15.44357551176999,15.726362482639168,435408000
2021-05-26,15.660527229309082,15.754041525206162,15.547063711617795,15.69469137749072,370440000
2021-05-27,15.449061393737793,15.710402780852254,15.42113191055747,15.66027906156566,581476000
2021-05-28,16.20366096496582,16.236578947504775,15.462031299114846,15.462031299114846,644536000
2021-06-01,16.22360610961914,16.347045652019425,15.86326447044786,16.229093072524805,472804000
2021-06-02,16.736064910888672,16.87621267756659,16.194680117402555,16.211388338449286,594168000
2021-06-03,16.927085876464844,17.215609998459154,16.541308933559474,16.65876306621484,580008000
2021-06-04,17.534059524536133,17.616599909816845,17.052523208969372,17.069478766631683,617120000
2021-06-07,17.57470703125,17.767721108576737,17.14953002820666,17.527078500823215,575756000
2021-06-08,17.413108825683594,17.577194510142903,17.207625490251473,17.483181755642672,323848000
2021-06-09,17.31857681274414,17.534832519599075,17.216312069425967,17.47571805921768,381656000
2021-06-10,17.385173797607422,17.452022006490658,17.136744250662534,17.310346354499423,287772000
2021-06-11,17.784509658813477,17.89824942284033,17.4038813625128,17.43954908988243,416308000
2021-06-14,17.977567672729492,17.998270294606797,17.622382309836595,17.865076259269316,321376000
2021-06-15,17.747844696044922,17.97507495598846,17.68748377402905,17.8740566646082,243032000
2021-06-16,17.769548416137695,17.913718927934667,17.544314342282547,17.75009415079846,307124000
2021-06-17,18.614612579345703,18.79195600704923,17.71567253718677,17.7338803438254,809656000
2021-06-18,18.59615135192871,19.330718581922177,18.54152604115206,18.74106970383863,968856000
2021-06-21,18.385133743286133,18.494135068349298,17.78201553321056,18.39311488047978,672384000
2021-06-22,18.843584060668945,18.920409647101682,18.343978923682204,18.429284231032042,580144000
2021-06-23,19.013700485229492,19.10898319773219,18.8645422210259,18.964314087089488,332356000
2021-06-24,19.16160011291504,19.375610239495778,19.044617679060355,19.183800380892016,320924000
2021-06-25,18.987503051757812,19.301285040207212,18.851315628683007,19.236433070795265,278364000
2021-06-28,19.93932342529297,20.03285915279017,19.274845251778927,19.31699836660214,495436000
2021-06-29,19.98097801208496,20.052812050401002,19.612072127487256,19.837056837882255,367632000
2021-06-30,19.956783294677734,20.116417450244846,19.818350342257432,19.95354060100911,326568000
2021-07-01,20.16580581665039,20.40924764246024,19.973246122217304,20.079004759784198,480136000
2021-07-02,20.4401798248291,20.458389533263087,20.24138590886631,20.39353754729571,342764000
2021-07-06,20.651193618774414,20.794365027841287,20.30374010137351,20.690104043459606,446708000
2021-07-07,20.32518768310547,20.827287563769445,20.285529389265694,20.805837070095645,418428000
2021-07-08,19.857267379760742,20.08699060864963,19.6557293339287,19.811123681241913,503300000
2021-07-09,20.004426956176758,20.03435908029402,19.709103896247075,19.916878014595042,296624000
2021-07-12,20.465620040893555,20.485822176822126,20.141611349333026,20.193741842138916,321984000
2021-07-13,20.203723907470703,20.41449145518134,20.06803501969567,20.35387932435203,290708000
2021-07-14,19.796152114868164,20.371085187091623,19.7076060162833,20.311222848316984,380100000
2021-07-15,18.922901153564453,19.801638809987963,18.815397482477785,19.766469664881527,550564000
2021-07-16,18.11949348449707,19.11321747883699,18.03169525755164,18.98700740866609,688224000
2021-07-19,18.73682975769043,18.998479381294242,17.824667948945038,17.874305524272554,749060000
2021-07-20,18.569467544555664,18.794950924006848,18.122491355636242,18.68719792250743,434687000
2021-07-21,19.36564064025879,19.48237382941793,18.699168004217075,18.838847442192375,371017000
2021-07-22,19.54921531677246,19.84154489775066,19.23194135404066,19.597105941674148,323826000
2021-07-23,19.51329231262207,19.65496790824256,19.20599581627702,19.611067865053677,195672000
2021-07-26,19.249906539916992,19.39756711649879,18.870773917905094,19.266867886400917,203943000
2021-07-27,19.164100646972656,19.577154015985894,18.698167007898192,19.220969582862597,248863000
2021-07-28,19.458423614501953,19.601096419244247,18.951585293113546,19.27484415522082,202191000
2021-07-29,19.617063522338867,19.80762698019667,19.283825335460097,19.4743887933179,190781000
2021-07-30,19.454437255859375,19.585136481217972,19.218976552723575,19.37362109560357,183497000
2021-08-02,19.704862594604492,19.915380808627756,19.316751690978577,19.654977627712686,217444000
2021-08-03,19.769712448120117,20.175781820042896,19.176071129798512,19.6948831028393,301811000
2021-08-04,20.227659225463867,20.27155927741143,19.78267761173744,19.944307977690297,231309000
2021-08-05,20.589834213256836,20.685615479502886,20.295508346135612,20.45314818824978,211435000
2021-08-06,20.319456100463867,20.52299036416041,20.16381247563589,20.477095961490413,178497000
2021-08-09,20.248619079589844,20.46113164731858,20.096966025159155,20.399273064432922,146443000
2021-08-10,19.890443801879883,20.38331441348085,19.7896728678699,20.275561409053473,179238000
2021-08-11,19.653976440429688,20.00317688001312,19.38559215044887,19.997190075674563,185925000
2021-08-12,19.85951042175293,19.98322568110956,19.57516190406229,19.82459056189546,151652000
2021-08-13,20.141857147216797,20.16779869480621,19.805627515773473,19.8595049435428,183063000
2021-08-16,19.904401779174805,20.240631404089072,19.40853610963206,20.088978398634914,210876000
2021-08-17,19.41352653503418,19.72481369476368,19.222963104205142,19.64000698314387,204585000
2021-08-18,18.99648094177246,19.589123091355606,18.956571456849645,19.45542860045095,285913000
2021-08-19,19.75275421142578,20.44816179796092,18.71912067132583,19.449448117020804,766555000
2021-08-20,20.7684268951416,20.817314696928367,19.887445490471492,19.945311597000565,675741000
2021-08-23,21.907814025878906,21.946724447846748,20.90211844107872,20.923070353137504,575807000
2021-08-24,21.74319076538086,21.908811733166473,21.485781010020887,21.703283176040937,297299000
2021-08-25,22.162233352661133,22.418645969756334,21.672356269378028,21.687321379149566,347701000
2021-08-26,22.01756477355957,22.288942483035,21.74020025936337,22.149263059479914,237940000
2021-08-27,22.584266662597656,22.670070557019205,22.11633866678472,22.133300012367442,304722000
2021-08-30,22.63614845275879,22.990336677194776,22.499462421034632,22.777824123131097,262580000
2021-08-31,22.33777618408203,22.647121666172822,22.07333584482094,22.647121666172822,259850000
2021-09-01,22.393657684326172,22.64911813568257,22.309835259034962,22.43756548471316,201767000
2021-09-02,22.348752975463867,22.545337883825013,22.247966214051775,22.470495343605453,187834000
2021-09-03,22.794809341430664,22.93750730917341,22.153166206014838,22.27790249793311,280532000
2021-09-07,22.614187240600586,22.85068671896811,22.47448132529948,22.78482598427561,198107000
2021-09-08,22.291873931884766,22.562302133901152,21.930636197722126,22.465506645086627,254434000
2021-09-09,22.130212783813477,22.490451235776646,22.08431030296095,22.26492820000375,196856000
2021-09-10,22.430585861206055,22.578272484404366,22.223024430773005,22.30085901552275,248376000
2021-09-13,22.105268478393555,22.91555575401909,21.811888077680894,22.63614575794394,297500000
2021-09-14,22.195083618164062,22.362728510461544,22.03941254531984,22.22801304915451,199755000
2021-09-15,22.29387092590332,22.31981705301157,21.919661994088578,22.261938841506673,166538000
2021-09-16,22.195083618164062,22.230009637392705,21.880747541780984,22.136208056703595,156033000
2021-09-17,21.853801727294922,22.27391315880688,21.783949696322043,22.252957549515017,294503000
2021-09-20,21.06846046447754,21.38778508160045,20.618411689847797,21.101389887747473,349440000
2021-09-21,21.201181411743164,21.379802756895952,20.905806301905702,21.371820211672656,204688000
2021-09-22,21.894716262817383,21.91367528465587,21.15128697509486,21.320928442562238,268726000
2021-09-23,22.434574127197266,22.487461820172715,21.843822003613315,22.09329462367587,248555000
2021-09-24,22.0344181060791,22.102275447550486,21.81488289522603,22.023441631035194,217655000
2021-09-27,21.614307403564453,21.753014117831665,21.28001501008737,21.66420116567819,245215000
2021-09-28,20.65533447265625,21.373816837113832,20.607435394582403,21.169249364639114,343069000
2021-09-29,20.47371482849121,20.972659962539694,20.42381917309158,20.895822746881365,218394000
2021-09-30,20.672298431396484,21.02156047404019,20.64435762025099,20.72418878114169,221009000
2021-10-01,20.698244094848633,20.814995951669495,20.16037968568149,20.706226639761606,240978000
2021-10-04,19.69037437438965,20.49866509219777,19.51374772206686,20.460745149157145,345635000
2021-10-05,20.407855987548828,20.604440891158657,19.81211532017334,19.907913464807024,279282000
2021-10-06,20.656333923339844,20.67629028663116,20.03764098150744,20.077557514740203,297202000
2021-10-07,21.030540466308594,21.27701913068914,20.92775711791302,21.04750289734636,256919000
2021-10-08,20.78704833984375,21.161257132582953,20.73116673708688,21.05647912741382,151258000
2021-10-11,20.651342391967773,21.0185661050647,20.46773053541931,20.53159660479376,163388000
2021-10-12,20.627395629882812,21.012581072561225,20.48469762768922,20.784064039237663,162134000
2021-10-13,20.89482879638672,20.945721806793706,20.66930570613976,20.873873186805923,180652000
2021-10-14,21.70012664794922,21.70910653549275,21.077442440829326,21.243092625799367,243589000
2021-10-15,21.815876007080078,21.884730677478515,21.61629910045777,21.76398566875985,226994000
2021-10-18,22.17511558532715,22.243970251011113,21.598334044134017,21.7031139590104,189494000
2021-10-19,22.242979049682617,22.33179009685353,21.990512506917007,22.22900674096052,161473000
2021-10-20,22.056373596191406,22.38567737363948,21.935628560572944,22.257947135216437,146276000
2021-10-21,22.644128799438477,22.663089722334,22.03641428104515,22.050384685989254,187590000
2021-10-22,22.67806053161621,23.081207644908968,22.51340958016107,22.7748560370343,249384000
2021-10-25,23.11713218688965,23.305732673219815,22.72196763172872,22.924538524453713,230235000
2021-10-26,24.664857864379883,25.20571622107296,23.873531450575534,23.93839486421811,485898000
2021-10-27,24.3994197845459,25.0370717258524,24.230775672972076,24.422371980713933,245990000
2021-10-28,24.888383865356445,24.897365655301588,24.471266418851215,24.825517045714975,234204000
2021-10-29,25.5130672454834,25.654767902179138,24.94726386442255,24.948261206819474,292503000
2021-11-01,25.77251625061035,25.839374347203503,25.173781601491516,25.59489225344684,265740000
2021-11-02,26.345304489135742,26.62172056643218,25.74557250420256,25.767527357616604,294112000
2021-11-03,26.541887283325195,26.727495711922842,26.179654119222267,26.613735891491203,239910000
2021-11-04,29.738136291503906,31.298836258876868,27.060795434946982,27.171561344732318,1153631000
2021-11-05,29.689237594604492,31.33375987513204,29.347958100058552,30.123319409166225,851260000
2021-11-08,30.7390193939209,31.03439450585306,29.843910363865678,30.085400440170883,503101000
2021-11-09,30.592329025268555,32.24184382365619,29.900792011768303,32.21390301112386,646746000
2021-11-10,29.396854400634766,30.784920762665642,28.717291247821386,29.29407294809422,636206000
2021-11-11,30.325891494750977,30.525470354822794,29.714185657516225,30.40372797344251,332172000
2021-11-12,30.325891494750977,30.615280651522603,29.567494491133164,29.946693944604604,413054000
2021-11-15,29.961660385131836,30.57935405607118,29.18530173672682,30.48754907870644,384909000
2021-11-16,30.139286041259766,30.325891839785264,29.643334719095915,29.696224316711493,264484000
2021-11-17,29.19927215576172,30.444640534447622,28.739244216455628,30.353830996008032,428508000
2021-11-18,31.608179092407227,32.690889311922675,31.25492578342417,32.2987206204707,781711000
2021-11-19,32.91541290283203,33.018196245585706,31.83769143046511,32.174977704788965,533867000
2021-11-22,31.88858985900879,34.573913319516286,31.832708231716126,33.446295929767324,754335000
2021-11-23,31.67902946472168,32.29173450046671,30.814855236904044,31.468474145181016,532163000
2021-11-24,32.605072021484375,32.78568994748824,30.862755024040684,31.39463157257882,435162000
2021-11-26,31.436542510986328,32.640995088921485,31.283865396835044,32.53122653243234,283069000
2021-11-29,33.30559539794922,33.34151875834948,31.968421870569852,32.29772758864819,454964000
2021-11-30,32.60706329345703,33.282636999598125,31.79677797027339,33.09902325931394,622066000
2021-12-01,31.372526168823242,33.222843560767245,31.317635170167748,33.152982981954075,484368000
2021-12-02,32.062156677246094,32.413458348891545,30.963344820067583,31.151970308797033,472890000
2021-12-03,30.632003784179688,32.06515080587632,30.070121019469727,31.936405556758363,544325000
2021-12-06,29.977306365966797,30.18089951334633,27.982278547489575,29.820616888870113,658938000
2021-12-07,32.362552642822266,32.38451208748878,30.590083198512986,30.89547671326527,593053000
2021-12-08,31.762754440307617,32.22583306331372,31.358558585606065,31.93541098350612,475551000
2021-12-09,30.429405212402344,32.14099894850159,30.367528154513945,31.670932420721524,488507000
2021-12-10,30.137985229492188,31.24278555655399,29.801655081182673,31.088092914267587,488825000
2021-12-13,28.105031967163086,30.233794155650276,28.060121324277922,30.188883512765113,598344000
2021-12-14,28.280683517456055,28.621005425069747,27.19584390568892,27.643950978334946,667035000
2021-12-15,30.398462295532227,30.439381173412364,27.78267125027296,28.343554547974055,698297000
2021-12-16,28.330585479736328,31.098075396246916,28.03717102685846,31.090091873375695,707366000
2021-12-17,27.745750427246094,28.864522903312924,27.704831542890716,27.929384771071867,713758000
2021-12-20,27.663911819458008,28.088066423723266,27.091053166532397,27.250735034271646,461847000
2021-12-21,29.01721954345703,29.062130190371207,27.346544620384616,28.31761243890149,524385000
2021-12-22,29.34156608581543,29.496258703147625,28.392456018546657,28.833578868114035,395184000
2021-12-23,29.58109474182129,29.99926267226298,29.372510460598956,29.69586596971552,343022000
2021-12-27,30.883501052856445,31.025219046682178,29.58109424412039,29.601054953911746,403686000
2021-12-28,30.261737823486328,31.26773392112932,29.952352554451778,31.24977004502104,420591000
2021-12-29,29.941377639770508,30.487291454884854,29.307639364299206,30.212838350656018,343139000
2021-12-30,29.52720069885254,30.39646994729714,29.481292592153306,29.7677209545132,308864000
2021-12-31,29.352548599243164,29.97031979961117,29.272707665423898,29.61502640680273,266530000
2022-01-03,30.061138153076172,30.64996574600368,29.725805474067663,29.75574653768631,391547000
2022-01-04,29.231788635253906,30.40744692192532,28.292658836690123,30.216826539242714,527154000
2022-01-05,27.54914093017578,29.357540102995376,27.47828288572463,28.89146724200374,498064000
2022-01-06,28.121997833251953,28.381481331155296,27.01121087291353,27.585066961351565,454186000
2022-01-07,27.192848205566406,28.36551411614278,27.003225284481758,28.085072447229507,409939000
2022-01-10,27.345544815063477,27.414407928007527,25.59303417452998,26.528172253329963,594681000
2022-01-11,27.76171875,28.009226996384303,26.785663592042308,27.268700993300914,404089000
2022-01-12,27.9433536529541,28.53816789323049,27.553130003657554,28.011217393989682,383413000
2022-01-13,26.52218246459961,28.42339502410445,26.445333934971337,28.322595930958233,540171000
2022-01-14,26.888458251953125,27.142952562616813,26.157912587583745,26.247733885046436,395832000
2022-01-18,25.85152244567871,26.585062377950432,25.718787337317245,26.20781332431235,424270000
2022-01-19,25.017183303833008,26.49024985304365,25.002213722761,26.027173172244265,488315000
2022-01-20,24.10200309753418,25.528163907695127,24.03014569021503,25.253710832650285,435181000
2022-01-21,23.327550888061523,24.773670788821633,23.216771410371674,23.46028600695824,718958000
2022-01-24,23.325551986694336,23.333535509414546,20.846489247606883,22.28562296184168,913982000
2022-01-25,22.279634475708008,22.897405710454315,21.9562789612793,22.501193412508638,664616000
2022-01-26,22.72673797607422,24.009183771494484,22.255675996412524,23.19380819543401,755959000
2022-01-27,21.900388717651367,23.947313152254385,21.631922323422884,23.521161726766028,573353000
2022-01-28,22.794605255126953,22.812569129559332,21.25367335760815,21.968249899217838,543774000
2022-01-31,24.43733787536621,24.46029288211656,23.006187716140168,23.135928523427957,564680000
2022-02-01,24.589035034179688,25.095027394146598,23.842520509649365,25.054108511883626,518925000
2022-02-02,25.191835403442383,25.765691523974446,24.50420361965189,25.74273842128798,543419000
2022-02-03,23.900407791137695,25.0271638258228,23.73274239062806,24.409394490116693,410178000
2022-02-04,24.270668029785156,24.586039987928007,23.585033117362396,23.92435754479338,354829000
2022-02-07,24.678855895996094,25.131952179111504,24.153900300504695,24.32356251647183,376868000
2022-02-08,25.058101654052734,25.1798589396147,23.93234311537428,24.310589623943148,410359000
2022-02-09,26.651927947998047,26.671888658006182,25.30261555051223,25.571080056956752,524282000
2022-02-10,25.77267837524414,26.871490147981913,25.549124513702214,25.94333997182691,513200000
2022-02-11,23.901405334472656,26.10002831228232,23.725756410566216,25.864497256375,605472000
2022-02-14,24.21877098083496,24.825562419077983,23.707787514804277,23.886432615759617,440424000
2022-02-15,26.442344665527344,26.4922445340871,24.734744665885565,24.899415754979135,699869000
2022-02-16,26.458311080932617,26.52917102458829,25.50121738608982,26.20681300824524,732676000
2022-02-17,24.458295822143555,25.733755858622583,24.11697644225443,25.579063213609647,810595000
2022-02-18,23.595012664794922,24.9363413812796,23.054090050944854,24.61897260173139,761255000
2022-02-22,23.343515396118164,24.01617571252817,22.9542910697266,22.98922136037415,633422000
2022-02-23,22.34250831604004,24.106996233636202,22.25668069011676,23.754697128771827,566511000
2022-02-24,23.700801849365234,23.752698549006187,20.8484821049316,20.973233676940158,735801000
2022-02-25,24.108989715576172,24.168869937955396,23.33453287499,23.673857307735503,528866000
2022-02-28,24.33654022216797,24.61598446694235,23.659888105648218,23.944321576419384,477319000
2022-03-01,23.430341720581055,24.328554607429982,23.086028049660978,24.24272507991095,412056000
2022-03-02,24.17598533630371,24.3646429560286,23.372449827907296,23.71282974706903,389642000
2022-03-03,23.67090606689453,24.281793413023205,23.426350459230303,24.21790863660906,365095000
2022-03-04,22.89432144165039,23.636968924346505,22.441145979903247,23.34150728876282,431415000
2022-03-07,21.313199996948242,22.991147067317137,21.29124061343807,22.775538058787895,450821000
2022-03-08,21.474903106689453,22.332341322019484,20.61247291155514,21.270275724010467,557467000
2022-03-09,22.9721736907959,23.177798676510015,22.206567458744647,22.34631240982393,492742000
2022-03-10,22.61682891845703,22.746591856749895,21.842238019230628,22.490058883886405,428066000
2022-03-11,22.059839248657227,23.102940302954398,22.00593652699091,22.980162727551132,367209000
2022-03-14,21.291234970092773,22.221540369503135,21.120546216146405,21.829254954549043,385354000
2022-03-15,22.93125343322754,22.996135849433134,21.283254531113446,21.478897510346606,491996000
2022-03-16,24.451480865478516,24.552297138914387,23.12988771835892,23.457290722488487,671422000
2022-03-17,24.720993041992188,24.79685323515595,23.862555326463934,24.076167120982394,471941000
2022-03-18,26.404922485351562,26.520712789888094,24.579248007289475,24.753929194458188,730719000
2022-03-21,26.685415267944336,27.102656804840144,25.919808947289926,26.45882851334558,591727000
2022-03-22,26.475799560546875,27.18850274822909,26.024621290380676,26.678429776405682,547007000
2022-03-23,25.587413787841797,26.563635115721986,25.52852099865223,26.078518306597157,502120000
2022-03-24,28.098840713500977,28.268531837117266,25.859917039185778,26.11844711768974,877379000
2022-03-25,27.64167594909668,28.306466021323548,27.221441486555513,27.835323644890032,579016000
2022-03-28,28.167715072631836,28.19865887077309,27.15655559634973,27.705557176871118,425494000
2022-03-29,28.60392189025879,28.89339386605595,27.929149831104116,28.64285057154714,488984000
2022-03-30,27.639680862426758,28.444215914701186,27.45302041414032,28.25256539037633,463487000
2022-03-31,27.236412048339844,28.19666368490603,27.220442282936776,27.731510949600096,523440000
2022-04-01,26.6634578704834,27.44603355303061,26.219266845372278,27.325253149263812,517235000
2022-04-04,27.310279846191406,27.507919979186674,26.564637612794822,26.679428397203534,397120000
2022-04-05,25.88387107849121,27.269348924845236,25.773072756151578,27.204466526965444,436615000
2022-04-06,24.36264419555664,25.254020976141952,23.959379064062016,24.88868689300515,703833000
2022-04-07,24.16400909423828,24.677074985912075,23.435336116546427,24.396585485641776,557992000
2022-04-08,23.07698631286621,23.8795260910143,23.020090688541902,23.873536476701478,524781000
2022-04-11,21.877172470092773,22.279440020786367,21.620639518313418,22.173633648146907,575207000
2022-04-12,21.464916229248047,22.6836977341084,21.24331959200071,22.496039697929614,662258000
2022-04-13,22.162649154663086,22.459110293944573,21.416009317470518,21.68851390489682,516943000
2022-04-14,21.2193660736084,22.735606515539892,21.124539407798157,22.464099572114247,569097000
2022-04-18,21.743412017822266,22.047856104528115,21.040691011493315,21.161471392693215,525701000
2022-04-19,22.15765953063965,22.332340741600348,21.27526524698662,21.680527560297847,512781000
2022-04-20,21.442960739135742,22.628801491972297,21.161473633865274,22.476079663374364,468974000
2022-04-21,20.146320343017578,22.351305380675164,19.963652360371036,21.66954608901935,656209000
2022-04-22,19.479534149169922,20.448770189585975,19.46456201839812,20.26610219786414,624713000
2022-04-25,19.86583709716797,19.908758232062286,19.061301899372523,19.167108284690865,641566000
2022-04-26,18.753854751586914,19.752037349254017,18.63606917460008,19.682164872038474,653143000
2022-04-27,18.38153648376465,19.13216882446557,18.25676363846258,18.56420258895358,499460000
2022-04-28,19.74604606628418,20.00058367334218,18.456394441911,18.932526784881514,570327000
2022-04-29,18.513294219970703,20.091420341877647,18.48334805551463,19.36673991620479,500435000
2022-05-02,19.49750328063965,19.538427232283176,18.35757845927692,18.507305480868084,572049000
2022-05-03,19.566373825073242,19.788970013363656,19.098226341517233,19.364741283038427,475751000
2022-05-04,20.297046661376953,20.36292670436252,18.716923264105464,19.886794272202142,648855000
2022-05-05,18.80975341796875,19.888788220846624,18.466378728953146,19.830894968407897,626331000
2022-05-06,18.641061782836914,19.47654062399215,17.95730714361305,18.70195175204548,633297000
2022-05-09,16.91919708251953,18.221823872571708,16.796419517005482,18.001226735376935,644455000
2022-05-10,17.563020706176758,18.16492540380209,16.994056975947228,17.656849725721745,761474000
2022-05-11,16.599775314331055,17.720735437950946,16.537889624665944,17.315473177135534,670167000
2022-05-12,16.14560317993164,16.75748999654894,15.53870929454901,16.189523839856356,708728000
2022-05-13,17.673816680908203,17.89541329218365,16.562840722330424,16.757485982746577,670437000
2022-05-16,17.232622146606445,17.755669929807585,17.074910275486996,17.47717769010952,521446000
2022-05-17,18.143966674804688,18.337614359005986,17.601954209019933,18.04115321874996,585830000
2022-05-18,16.90721893310547,18.085074867941106,16.833354004544034,17.672825290748634,545161000
2022-05-19,17.09288215637207,17.65485877694169,16.70358958474404,16.906221705811088,621310000
2022-05-20,16.66366195678711,17.378360361940025,15.726368287812404,17.30050299605302,739105000
2022-05-23,16.86728858947754,16.88425788996982,16.149595509541346,16.244422161579827,639889000
2022-05-24,16.124637603759766,16.566833193060056,15.751317794776025,16.479991432038986,588550000
2022-05-25,16.94415283203125,17.079905368342203,15.97092425449637,15.990888366746299,781132000
2022-05-26,17.818557739257812,18.059118973315748,15.992881259502376,16.00685575522456,996575000
2022-05-27,18.77681541442871,18.846687898146087,18.06710707974636,18.152951232834447,738379000
2022-05-31,18.6380672454834,19.165107560608973,18.316651930915967,18.945506160051778,664100000
2022-06-01,18.28670883178711,19.018376635802273,18.089068680481994,18.68997592200463,544514000
2022-06-02,19.556392669677734,19.583344026505568,18.164927015741718,18.258756043613012,648656000
2022-06-03,18.68598175048828,19.29687105430401,18.488341597340362,19.047325348696557,598779000
2022-06-06,18.75185775756836,19.301856968127392,18.53026109692932,19.104216857601944,422406000
2022-06-07,18.891605377197266,18.965470299087695,18.154945715304475,18.43842998315099,388914000
2022-06-08,18.618045806884766,19.14919082607967,18.50522645422863,18.768802321218942,363252000
2022-06-09,18.019010543823242,18.902589231705353,18.01202181811601,18.451315596651252,395574000
2022-06-10,16.946735382080078,17.66857359163236,16.841902597628902,17.571729282063977,465248000
2022-06-13,15.621867179870605,16.285798979640894,15.580932670861289,15.974299858189175,604153000
2022-06-14,15.810564041137695,16.040194149141445,15.387244347607172,15.705732201117623,469680000
2022-06-15,16.500450134277344,16.84090192856141,15.900414844094753,16.069143021465198,563936000
2022-06-16,15.57594108581543,15.916393918477562,15.376262521633423,15.834524897841815,545749000
2022-06-17,15.854491233825684,15.969306274754233,15.303377894797796,15.622863557257194,630334000
2022-06-21,16.539390563964844,16.980680030237714,16.380645564342693,16.44853713036233,483089000
2022-06-22,16.333723068237305,16.63523803952557,16.15401188075244,16.199937522982893,437135000
2022-06-23,16.198936462402344,16.558356861748027,15.827533351841502,16.49246289970144,463680000
2022-06-24,17.098485946655273,17.112463394239207,16.283796893806354,16.473492185505755,472153000
2022-06-27,16.841903686523438,17.302163648044232,16.599293974290056,17.28419291089453,427968000
2022-06-28,15.956328392028809,17.17436801500843,15.91938717022095,16.87285307326158,461149000
2022-06-29,15.517035484313965,15.79458882502246,15.14563326818601,15.788598896697644,482352000
2022-06-30,15.134650230407715,15.541994845285537,14.838127375234018,15.336325419135894,686070000
2022-07-01,14.499671936035156,15.03880451331611,14.368882791299097,14.875068383035895,577610000
2022-07-05,14.939966201782227,14.946954928676135,14.03242669462105,14.152233849434888,651397000
2022-07-06,15.105696678161621,15.294393215490263,14.765243873049544,14.985889549347426,529066000
2022-07-07,15.832528114318848,15.919388265162539,15.364281576027004,15.431174346701193,492903000
2022-07-08,15.8125581741333,16.011238859044735,15.36427908858629,15.405213591913181,467972000
2022-07-11,15.127660751342773,15.502058363657559,15.013843557279245,15.501059566316355,437321000
2022-07-12,15.057772636413574,15.406211993432294,14.853102016672706,15.243473723701138,458483000
2022-07-13,15.139640808105469,15.350302309232742,14.44176424359817,14.56656344936429,521918000
2022-07-14,15.347307205200195,15.448144798089075,14.704341629701336,15.083731337790685,456235000
2022-07-15,15.736681938171387,15.75664931750774,15.420190739657972,15.633847697054403,385935000
2022-07-18,16.075138092041016,16.86985906904583,15.976298082766748,16.275815455198785,670517000
2022-07-19,16.964706420898438,17.08251690860308,16.146023887163786,16.459518688005346,702366000
2022-07-20,17.77839469909668,17.904193653189743,16.774012086751018,16.919777466324557,760538000
2022-07-21,18.02100944519043,18.114858336306213,17.516821354849537,17.856275439067566,557049000
2022-07-22,17.291183471679688,17.938141503435737,17.109474677408237,17.86426095207546,536671000
2022-07-25,16.996654510498047,17.096494261320483,16.622256873127547,16.991661475600253,480748000
2022-07-26,16.50644302368164,16.891822649479725,16.451531068699488,16.861870154684528,397865000
2022-07-27,17.761425018310547,17.9071904085924,16.885832927058424,17.00464126060537,569776000
2022-07-28,17.955110549926758,18.11086009552277,17.411985687188125,17.946126134465974,474646000
2022-07-29,18.13382911682129,18.214698400811464,17.66358490393755,17.78439085931591,435460000
2022-08-01,18.4113826751709,18.815732907355017,17.961106793902616,18.152797867160455,476469000
2022-08-02,18.496238708496094,18.907577522415323,18.06293587544904,18.092888368674423,489527000
2022-08-03,18.86264991760254,18.93753019924968,18.107863838709722,18.154789221455992,418146000
2022-08-04,19.184133529663086,19.243038768382238,18.729864509468054,18.818722242281332,409652000
2022-08-05,18.958498001098633,19.198112256942917,18.636016886602366,18.779784678395007,386068000
2022-08-08,17.764419555664062,18.209704226677722,17.214305900483794,17.47388850828178,981859000
2022-08-09,17.058551788330078,17.418971902884152,16.697133828709614,17.224285475006486,668263000
2022-08-10,18.067930221557617,18.08889639705217,17.289182479721063,17.6695709828763,597422000
2022-08-11,17.913177490234375,18.67694989267418,17.84728352756443,18.101874963139256,509327000
2022-08-12,18.6789493560791,18.68793567728393,17.92416312056551,18.130831369711036,478094000
2022-08-15,19.00142478942871,19.13321270171444,18.583099190213602,18.670957163642598,457666000
2022-08-16,18.848678588867188,19.111256678196828,18.471285426870224,18.889613105345994,451240000
2022-08-17,18.305545806884766,18.65797938877472,18.115852393296763,18.49324543441833,446799000
2022-08-18,18.74284553527832,18.83469681060988,18.1537931034188,18.2716035897907,415447000
2022-08-19,17.820329666137695,18.49025135099446,17.74145609340944,18.37643415192169,441588000
2022-08-22,17.006637573242188,17.529796005514974,16.93874601388548,17.46190444615827,409593000
2022-08-23,17.15340232849121,17.436946542201706,16.94274081093071,16.961711297149357,369986000
2022-08-24,17.1943359375,17.37804038834426,16.867861541977685,16.98467227619529,522661000
2022-08-25,17.88422393798828,17.918169715102525,16.805958969898168,16.816940979132873,770691000
2022-08-26,16.233882904052734,17.895209693014834,16.210919131366463,17.82831787419481,769127000
2022-08-29,15.775619506835938,16.311756661031318,15.741674674911415,15.994268556184212,496132000
2022-08-30,15.443153381347656,16.013235302076197,15.157612546233274,15.934362683647725,530181000
2022-08-31,15.069754600524902,15.515038296538872,14.934971220455097,15.359288739854978,573710000
2022-09-01,13.914613723754883,14.356901987282448,13.248685287003793,14.186176179149008,1178865000
2022-09-02,13.625079154968262,14.148236669923433,13.56916839929729,14.07735157024542,743157000
2022-09-06,13.443370819091797,13.756866558635831,13.329553621636906,13.70894332767748,535751000
2022-09-07,13.696041107177734,13.819879276342737,13.328522976950122,13.54523882056341,512657000
2022-09-08,13.971678733825684,13.989655763301307,13.35149264648823,13.441373984164738,624873000
2022-09-09,14.368157386779785,14.455043335947318,14.107499539277185,14.1384581232082,486612000
2022-09-12,14.486002922058105,14.527947731810595,14.179404839818012,14.350181361214242,484159000
2022-09-13,13.113802909851074,13.903767364016517,13.081845229225642,13.783924633033108,714956000
2022-09-14,13.11080551147461,13.27259303050405,12.896086961061801,13.236639931022435,588507000
2022-09-15,12.912067413330078,13.215669180142505,12.773249515880076,12.99795522520399,523625000
2022-09-16,13.18071460723877,13.194696210561576,12.600475212066435,12.725311500263086,670751000
2022-09-19,13.36447525024414,13.44536950238442,12.992962670832137,12.994959906915472,569685000
2022-09-20,13.158744812011719,13.465342935530723,13.039901168379119,13.197694249472493,524818000
2022-09-21,13.243633270263672,14.012625346801554,13.092830994775037,13.195696747526322,807679000
2022-09-22,12.544549942016602,13.131780192367279,12.41172469834498,13.052883178633808,759162000
2022-09-23,12.499608039855957,12.594483888456596,12.240947418073999,12.40373404951629,663309000
2022-09-26,12.211987495422363,12.642423822702893,12.198005888949607,12.474643592604306,547343000
2022-09-27,12.396744728088379,12.719321699428077,12.241947974198776,12.490621493735635,553854000
2022-09-28,12.719321250915527,12.806207210789621,12.337821540927935,12.393747960630728,542414000
2022-09-29,12.203996658325195,12.483629696855662,11.930355327743255,12.431697751600325,532763000
2022-09-30,12.123102188110352,12.616455658995795,12.05918587570381,12.07117024380662,565638000
2022-10-03,12.495612144470215,12.661395087093203,12.08914468304134,12.330828295897756,547478000
2022-10-04,13.14975357055664,13.202684600258644,12.862130688690549,12.862130688690549,584182000
2022-10-05,13.191699981689453,13.30355376155447,12.604470732780348,12.894090885519283,507131000
2022-10-06,13.112804412841797,13.638115559922221,13.085839346698974,13.202686696750762,644157000
2022-10-07,12.060186386108398,12.653408390945094,12.006257199525558,12.48862450071268,672478000
2022-10-10,11.654716491699219,12.108121431783047,11.3930595354897,12.02123547777354,698699000
2022-10-11,11.570826530456543,11.830485290733634,11.26822291287926,11.545858700912863,667482000
2022-10-12,11.484939575195312,11.719631475815296,11.330142830208745,11.563836589027906,492590000
2022-10-13,11.944337844848633,12.062183348670452,10.798839583929336,10.956632667736919,850103000
2022-10-14,11.212295532226562,12.095137526899817,11.189325892966313,12.041208353128903,713432000
2022-10-17,11.872430801391602,11.932352643403792,11.501917332402892,11.502915474188297,580774000
2022-10-18,11.951326370239258,12.475638376699207,11.602783491739201,12.327832454158484,659362000
2022-10-19,12.03521728515625,12.333826444729338,11.818501467347717,11.863442610170829,523131000
2022-10-20,12.178031921386719,12.752278755225092,12.08914776794108,12.097137665108534,652398000
2022-10-21,12.44967269897461,12.481631329078258,11.871431503871706,12.082154643546934,609494000
2022-10-24,12.582501411437988,12.693356116349634,12.048202153765862,12.491620973412443,517457000
2022-10-25,13.243633270263672,13.282582706939756,12.647414970734918,12.677376368924335,505482000
2022-10-26,12.879109382629395,13.370464612662587,12.691355889781176,12.852145271597061,532953000
2022-10-27,13.158744812011719,13.819878535178242,13.10481562757985,13.612150741855237,583113000
2022-10-28,13.815882682800293,13.831862475965329,13.043895236732384,13.086839145065817,521040000
2022-10-31,13.479325294494629,13.819879308054368,13.279587386831182,13.759957459542598,486341000
2022-11-01,13.525264739990234,13.906764454492945,13.501296001998105,13.79291342524304,432817000
2022-11-02,13.201684951782227,14.191387065384687,13.193696009659087,13.831858954364456,672628000
2022-11-03,13.403423309326172,13.762952460821824,12.93903307601992,13.025919033651268,500065000
2022-11-04,14.137458801269531,14.210363141147976,13.679059406520276,13.967681388758725,612576000
2022-11-07,14.282270431518555,14.393125122055553,13.935725708295829,14.209366081203711,410061000
2022-11-08,14.582877159118652,14.871498236897642,14.197382040182664,14.781615950345596,595292000
2022-11-09,13.757957458496094,14.192388153732095,13.740979525460897,14.143451590437952,454414000
2022-11-10,15.729373931884766,15.75234357507586,14.527949302036653,14.78061823441489,700819000
2022-11-11,16.305614471435547,16.367533537797133,15.461721942772888,15.786296065522002,655487000
2022-11-14,16.27366065979004,16.51834065367654,15.901148984019148,16.1967618318074,527852000
2022-11-15,16.644174575805664,16.975738615290787,16.36054610593409,16.70010099439711,545876000
2022-11-16,15.88916301727295,16.34057071172928,15.852211772174623,16.140833788396282,649547000
2022-11-17,15.656469345092773,16.244698687867267,15.514655111106975,15.694419686718572,710894000
2022-11-18,15.388818740844727,15.981042481409775,15.100196742798564,15.94508842788451,492072000
2022-11-21,15.296939849853516,15.456730146887825,15.060249781863105,15.127162421148238,404739000
2022-11-22,16.01699447631836,16.036968738657247,15.102193833582675,15.307924354517073,472866000
2022-11-23,16.497365951538086,16.505356800578657,16.026984003688426,16.076917762150764,427241000
2022-11-25,16.248693466186523,16.46540834086165,16.15082223246227,16.29663094123332,167934000
2022-11-28,15.806270599365234,16.335577129260535,15.704404907847126,16.005009369175784,303741000
2022-11-29,15.618517875671387,15.911134360808981,15.499674245542238,15.806271381799128,298384000
2022-11-30,16.905160903930664,16.912153494374177,15.580558497425681,15.68045251052316,565298000
2022-12-01,17.1169376373291,17.24679976152075,16.617464704481463,16.98108131969133,470977000
2022-12-02,16.85820960998535,16.915150636132893,16.42766419266872,16.641439305658572,371389000
2022-12-05,16.592491149902344,16.977085530136808,16.454636135070988,16.66141865731802,352255000
2022-12-06,15.970147132873535,16.555528867031303,15.802324015737545,16.512574928841648,352694000
2022-12-07,16.103008270263672,16.168938682471737,15.6504847696813,15.75537458146814,372388000
2022-12-08,17.150901794433594,17.16089148149892,15.942176334261013,16.255846411030678,515456000
2022-12-09,16.98307991027832,17.564467197257134,16.957108244828135,17.141912716034206,465338000
2022-12-12,17.516517639160156,17.519514736231685,16.779296541065285,17.019043348066607,457328000
2022-12-13,18.052949905395508,18.770193437295646,17.692330392550996,18.511465684750743,656589000
2022-12-14,17.655370712280273,18.23276249935812,17.401638727640112,17.968040523898743,496888000
2022-12-15,16.934127807617188,17.30173986952119,16.68239457922902,17.127923524585228,478542000
2022-12-16,16.553531646728516,17.023037438901543,16.392702058076296,16.846223968965074,478232000
2022-12-19,16.236865997314453,16.591491326415667,16.127981643599433,16.554531578863497,354039000
2022-12-20,16.068044662475586,16.292807881891594,15.835291407365762,16.047066889019305,403260000
2022-12-21,16.483604431152344,16.609472961104036,16.0850248812042,16.097013267551,325025000
2022-12-22,15.322830200195312,16.120988676666293,14.866312166020125,16.077034434147475,565045000
2022-12-23,15.189971923828125,15.322831151410716,14.867312438743172,15.17998223602925,349326000
2022-12-27,14.10611343383789,15.084081428997655,14.041181425633663,15.058108816249748,464902000
2022-12-28,14.021204948425293,14.246966554872388,13.86936474434743,13.912319639203043,351066000
2022-12-29,14.587606430053711,14.667522024551847,14.212003326446284,14.386819046661842,354923000
2022-12-30,14.598597526550293,14.613581107214053,14.217998572848781,14.31889195368399,310490000
2023-01-03,14.299908638000488,14.98019143326443,14.081139646053048,14.83534383569061,401277000
2023-01-04,14.733451843261719,14.837342302451898,14.225987933937839,14.5516444923479,431324000
2023-01-05,14.24996280670166,14.548647400640538,14.13308556373845,14.475724399761354,389168000
2023-01-06,14.843337059020996,14.994177909991919,14.019206897315305,14.458742666001996,405044000
2023-01-09,15.611525535583496,16.03907384357529,15.125038456294371,15.267888310654865,504231000
2023-01-10,15.892231941223145,15.945175574984253,15.455692274992794,15.490655231753736,384101000
2023-01-11,15.984132766723633,16.011104732768004,15.546594737725535,15.823303178294324,353285000
2023-01-12,16.49359130859375,16.619457911768272,15.475665637799224,16.08302534756965,551409000
2023-01-13,16.881187438964844,16.904163911762296,16.147961873227626,16.260841726815173,447287000
2023-01-17,17.683340072631836,17.709313641691512,16.881187014032182,16.881187014032182,511102000
2023-01-18,17.358684539794922,17.85416011409162,17.263783455353824,17.64837787383118,439624000
2023-01-19,16.747323989868164,17.178869643415503,16.713361345219184,17.018038182127146,452932000
2023-01-20,17.8201961517334,17.837178429750637,16.80726509622476,16.993067946601407,564967000
2023-01-23,19.17276954650879,19.2247147792948,17.799218927189443,18.044958004082773,655163000
2023-01-24,19.244691848754883,19.474450850170054,18.800161235154988,18.80715382585874,496204000
2023-01-25,19.302629470825195,19.349580807071824,18.560412717739826,18.893061849004603,449537000
2023-01-26,19.781124114990234,20.14474069411191,19.257676365647274,19.680230760238217,489535000
2023-01-27,20.34353256225586,20.60625581574819,19.384545434625117,19.441484557009698,542142000
2023-01-30,19.141801834106445,20.118769651142287,19.12981344690093,19.92897130354372,488611000
2023-01-31,19.51640510559082,19.66624659725309,18.93002401700691,19.14979141108904,498017000
2023-02-01,20.92092514038086,21.169661317208572,19.59032844677635,19.670244043953495,660477000
2023-02-02,21.686115264892578,21.925862042165335,20.67818002215878,20.97786301741522,564276000
2023-02-03,21.077756881713867,21.72207738368297,20.76708391302964,20.9778619200745,429366000
2023-02-06,21.0667724609375,21.547264471015012,20.764090426847382,20.784069803716758,452197000
2023-02-07,22.14962387084961,22.235533645141338,21.127701678917113,21.35945743743857,664150000
2023-02-08,22.181589126586914,22.853879916035094,21.984796321260635,22.363396450827928,559651000
2023-02-09,22.313451766967773,22.99573229825379,22.09668147789324,22.58216918763524,523876000
2023-02-10,21.242582321166992,22.05472500108008,20.789062350237074,21.667135439240298,550737000
2023-02-13,21.765031814575195,22.024757958584203,20.93990234696834,21.515295357490146,474919000
2023-02-14,22.9467830657959,23.02469994876541,21.343473718903144,21.555250107252977,675474000
2023-02-15,22.740005493164062,22.830909178097187,22.082700019847906,22.52523196197497,420575000
2023-02-16,21.978809356689453,22.5262301612366,21.90388764913277,22.109669887606003,412026000
2023-02-17,21.365449905395508,21.717078055409246,20.95288524803825,21.608193727188365,465888000
2023-02-21,20.633228302001953,21.471342710023446,20.59626664817325,20.97786395244178,410015000
2023-02-22,20.73212432861328,21.081755798453145,20.39947513838324,20.685174889382303,513184000
2023-02-23,23.639055252075195,23.862820062689913,23.0007288852004,23.415292346798566,1117995000
2023-02-24,23.26145362854004,23.449257089535415,22.922812171124363,23.200519010604086,589716000
2023-02-27,23.476224899291992,23.854825071141974,23.429275467548678,23.6450473658971,452994000
2023-02-28,23.191524505615234,23.799883635514494,23.181534819315353,23.347360182285275,455963000
2023-03-01,22.674072265625,23.23148459935281,22.484272025585433,23.167550984389926,460026000
2023-03-02,23.2894229888916,23.355353400499368,22.40835276964801,22.464295399339527,389415000
2023-03-03,23.86481285095215,23.874802536880523,23.10561386843544,23.29541409039906,412393000
2023-03-06,23.5291690826416,24.22243577267556,23.462238375938345,23.865813694172704,437429000
2023-03-07,23.267406463623047,24.10366619548079,23.220447141626465,23.579130835571632,515154000
2023-03-08,24.15961456298828,24.178598765957478,23.40328406914848,23.46622807879238,513573000
2023-03-09,23.415271759033203,24.432370990770355,23.36231723479036,24.153616530475606,501257000
2023-03-10,22.944686889648438,23.60610198543216,22.705897972493613,23.388294401646913,474866000
2023-03-13,22.9456844329834,23.277391485551078,22.27727749488012,22.731874936608868,421890000
2023-03-14,24.041717529296875,24.197579694405405,23.439250204223796,23.475219568886814,474910000
2023-03-15,24.206571578979492,24.264518937841256,23.33933927282555,23.739983668370748,524486000
2023-03-16,25.518409729003906,25.565367136764166,23.872865210794142,24.00574890060099,583253000
2023-03-17,25.70224952697754,26.37565323674263,25.645298824126904,25.95902220904214,848547000
2023-03-20,25.877092361450195,26.000983238469185,25.107772930663263,25.59234458217973,432747000
2023-03-21,26.175827026367188,26.368657115310835,25.35855164040249,26.15684473087792,547408000
2023-03-22,26.44458770751953,27.56459639821907,26.213791142891207,26.401624569988297,797295000
2023-03-23,27.166954040527344,27.474682229522468,26.66639764103161,27.091021036528733,564889000
2023-03-24,26.755313873291016,27.142971183393072,26.331689105706722,27.007091792651533,454920000
2023-03-27,26.507532119750977,26.976117128214934,26.34167858929791,26.81326120327941,361026000
2023-03-28,26.386642456054688,26.4895520016458,25.8271382618564,26.42361038825946,356104000
2023-03-29,26.960132598876953,27.054049321086534,26.57347575940691,26.801274739572264,393694000
2023-03-30,27.358779907226562,27.474678436555607,27.078028306822056,27.204916786801245,364516000
2023-03-31,27.752429962158203,27.809378749397688,27.081023503257455,27.115992391152133,433933000
2023-04-03,27.940265655517578,27.97523454624746,27.311822283407086,27.48466960367856,398716000
2023-04-04,27.4287166595459,27.97523371673916,27.282845889494656,27.941263393705515,368592000
2023-04-05,26.857223510742188,26.97411869458037,26.371653330557585,26.80526946048249,515015000
2023-04-06,27.013084411621094,27.05604564313856,26.40362339232595,26.560484102488175,397654000
2023-04-10,27.554609298706055,27.596571970496065,26.645414265265643,26.79927739516235,395279000
2023-04-11,27.144969940185547,27.765420962103274,27.102006799330113,27.699479353630412,314378000
2023-04-12,26.47156524658203,27.44370417314176,26.42460593521108,27.345791283837347,446259000
2023-04-13,26.439594268798828,26.863219050562652,26.305713912619126,26.710354492654048,353615000
2023-04-14,26.734331130981445,26.85922056456347,26.196806902127364,26.480556091603322,395660000
2023-04-17,26.978116989135742,26.98211316139373,26.409620037298097,26.541503250119483,321471000
2023-04-18,27.64253044128418,28.08513943393583,27.332805146499545,27.508650082334086,604812000
2023-04-19,27.90629768371582,27.975236904297546,27.20791647127858,27.336802094498506,358660000
2023-04-20,27.080028533935547,28.005210147455717,26.976120423056454,27.646526498743864,427713000
2023-04-21,27.095014572143555,27.158959050915872,26.6983663319222,26.928162455219432,345103000
2023-04-24,27.018081665039062,27.341794498427166,26.647409518060194,26.989107985798988,339282000
2023-04-25,26.217788696289062,27.22289939376249,26.20180400715183,27.05404825153496,378527000
2023-04-26,26.932157516479492,27.305827272348722,26.68138006807285,26.978118263771744,406337000
2023-04-27,27.201919555664062,27.47068264242289,26.601451283130864,27.338799421481617,377161000
2023-04-28,27.72446060180664,27.733451514466264,27.047058791443998,27.200923835753162,292216000
2023-05-01,28.884431838989258,29.032301664294753,27.755432049658587,27.815378452063833,570329000
2023-05-02,28.18505096435547,28.810498704607454,28.058164377201287,28.654636529358847,402730000
2023-05-03,27.777408599853516,28.341909379215185,27.44770056792737,27.815375094782077,383387000
2023-05-04,27.537626266479492,27.834362597908914,27.215910518865318,27.62654635639381,321850000
2023-05-05,28.654630661010742,28.72956317440286,27.706470718340587,27.801385997568506,361494000
2023-05-08,29.125213623046875,29.194152833187378,28.324923456766907,28.496770293145723,344979000
2023-05-09,28.545730590820312,28.947375483780448,28.424839220758987,28.87344152488721,314869000
2023-05-10,28.859455108642578,29.08725411185413,28.435830296315775,28.979347916687313,369350000
2023-05-11,28.552724838256836,28.924397489324303,28.22101963171673,28.87044439298813,322149000
2023-05-12,28.31493377685547,28.75454513594309,28.02119319112188,28.503765785473174,274222000
2023-05-15,28.927392959594727,28.943379556146176,28.127102678492278,28.48278682439075,293926000
2023-05-16,29.187156677246094,29.843576970026422,28.80649510821954,28.815486018406958,449405000
2023-05-17,30.151309967041016,30.172291303095026,29.40397230888541,29.557835439948157,432535000
2023-05-18,31.649978637695312,31.7998455736638,30.293180058398384,30.38310060111177,748725000
2023-05-19,31.236347198486328,31.552067683944458,30.888655428377344,31.508105976511025,473908000
2023-05-22,31.148427963256836,31.492123586083498,30.652866345174697,30.8736696538163,372000000
2023-05-23,30.66085433959961,31.260323984561705,30.60390555229095,30.972578631206357,356253000
2023-05-24,30.510988235473633,30.579927446615685,29.779635363047586,30.1832773408898,721419000
2023-05-25,37.9464111328125,39.445084576342175,36.60259939215732,38.4889301875961,1543911000
2023-05-26,38.91155242919922,39.13535333136667,37.51678724611189,37.856486677468894,714397000
2023-05-30,40.07552719116211,41.90091111611417,39.91367170883157,40.55910031587385,923401000
2023-05-31,37.800537109375,40.259358998541856,37.78854668617227,39.45307354763965,1002580000
2023-06-01,39.734825134277344,40.01457626339759,38.306089619716126,38.45495609590561,635873000
2023-06-02,39.29221725463867,40.46418014077918,39.0234541630698,40.061536692451796,482731000
2023-06-05,39.1363525390625,39.53000121935848,38.67276227118168,38.87458325572637,396094000
2023-06-06,38.619808197021484,39.125361136510946,38.11425525753202,38.79565501764921,388729000
2023-06-07,37.445716857910156,39.468137450666795,37.326810358624385,38.884594133191015,511998000
2023-06-08,38.479915618896484,38.83363917760187,37.47570343519659,37.694530316754765,417772000
2023-06-09,38.739723205566406,39.67998641487103,38.53688262179433,39.00651298550393,427717000
2023-06-12,39.45116424560547,39.49912709454757,38.58784058808382,39.16938679625348,388701000
2023-06-13,40.98995590209961,41.06889657145173,39.70895962649225,40.15461038931082,613208000
2023-06-14,42.96342468261719,42.96642069321254,40.520330510838555,40.79212127354991,740465000
2023-06-15,42.619686126708984,43.2551909701653,42.11408081517457,42.56872727104233,568622000
2023-06-16,42.65864562988281,43.68684099042033,42.62766780743099,43.41605281707227,655709000
2023-06-20,43.773780822753906,43.95564168389906,42.64066770306491,42.96441594228362,451153000
2023-06-21,43.01137924194336,43.58093756834967,42.04713658375585,43.46702437838124,551603000
2023-06-22,42.99138641357422,43.392070279352254,42.2010040500408,42.21998640005911,417737000
2023-06-23,42.17603302001953,42.77556287564385,41.98218429643555,42.430834923932906,358140000
2023-06-26,40.60026550292969,42.730600334546075,40.06867951218722,42.42783558135576,594322000
2023-06-27,41.84328842163086,41.907237605323324,40.416406298926006,40.76713004512084,462175000
2023-06-28,41.08488464355469,41.812316652912195,40.486353490200045,40.628240868259915,582639000
2023-06-29,40.79011154174805,41.56750370507978,40.56828482936424,41.52553669526217,380514000
2023-06-30,42.268959045410156,42.516766447959405,41.46858596097829,41.64744701058792,501148000
2023-07-03,42.37986755371094,42.86448930889797,42.169033838728204,42.483786406248804,198209000
2023-07-05,42.2839469909668,43.143272032107916,42.0521259526018,42.102086134617814,323618000
2023-07-06,42.07011795043945,42.146058807449926,41.31370920237291,41.81132135922697,303582000
2023-07-07,42.46979904174805,43.18024602401447,42.14705329030634,42.288940665727566,355881000
2023-07-10,42.147056579589844,42.77756426984942,41.616469261927726,42.623685218893456,353908000
2023-07-11,42.37187957763672,42.72460451753315,42.03414612426581,42.44782043348418,298244000
2023-07-12,43.867706298828125,43.90068146612332,42.74358509464824,42.99938563817074,481277000
2023-07-13,45.94108581542969,46.118944360019775,44.45724522752528,44.48322589317595,478204000
2023-07-14,45.4334831237793,48.05043674269067,45.024802222527654,46.546611323884825,772075000
2023-07-17,46.424705505371094,46.45967801263674,45.22664460524396,46.252842790646994,510488000
2023-07-18,47.45689392089844,47.85858027791971,45.698270630412644,46.66451419857792,569164000
2023-07-19,47.04023361206055,47.78065603639918,46.70549615415564,47.42693241076301,427502000
2023-07-20,45.48444747924805,47.05022493000669,45.02680501298147,46.47067610405814,537865000
2023-07-21,44.274391174316406,45.83017811976025,44.06555477681696,45.75223611318822,963769000
2023-07-24,44.577152252197266,45.07376568294936,44.005600454709025,44.6960587806985,382516000
2023-07-25,45.6433219909668,46.14692613209552,44.88791196755602,44.90589946333249,348081000
2023-07-26,45.41649627685547,46.017028562917005,44.59513975878737,45.985052064508444,364237000
2023-07-27,45.86415100097656,47.357982253239214,45.71426663486367,46.4826670082,455976000
2023-07-28,46.71348571777344,46.99026979268205,46.344774445154044,46.63154903236518,331194000
2023-07-31,46.69249725341797,47.093184983951005,46.4696718790696,46.71747924909827,251055000
2023-08-01,46.47066879272461,46.86336333707945,45.99104422518508,46.42370462471362,237858000
2023-08-02,44.23442459106445,45.80419670368741,43.353113509905164,45.79520486142881,530142000
2023-08-03,44.480228424072266,45.082758057083076,43.765786762914985,43.765786762914985,324176000
2023-08-04,44.64509201049805,45.60633839139296,44.35831749262354,44.9498540202294,362666000
2023-08-07,45.381526947021484,45.504431975857,44.528193870776704,45.07576619174701,322154000
2023-08-08,44.62912368774414,45.20667144764671,44.021596762643576,44.81797527575866,353843000
2023-08-09,42.52075958251953,44.277385732589195,42.101085685540646,44.23941340389369,586449000
2023-08-10,42.35490036010742,43.53997505454453,41.80233078646622,42.127077761381095,492705000
2023-08-11,40.823089599609375,41.985183246912044,40.607258703595875,41.71838968414298,533085000
2023-08-14,43.71882247924805,43.765786651430616,40.27951352736408,40.45437607089752,690286000
2023-08-15,43.905677795410156,45.23264344321466,43.67585790214367,44.52519626774696,676512000
2023-08-16,43.4520378112793,44.6401083875963,43.372098461072774,44.48523066121869,527451000
2023-08-17,43.310142517089844,44.02758013920778,42.96740814260929,43.93565295261865,452395000
2023-08-18,43.265174865722656,43.543956241722725,41.627455303744846,42.60169211486707,583768000
2023-08-21,46.93031692504883,47.02823995825299,44.1874618900852,44.4592488124891,692573000
2023-08-22,45.632320404052734,48.14935340082815,45.2975830430365,48.09739207507064,755293000
2023-08-23,47.07920455932617,47.16313859123231,45.17269372042857,45.83018078207806,779046000
2023-08-24,47.126155853271484,50.22673252136096,47.12216117350295,50.17677234223293,1156044000
2023-08-25,45.982051849365234,47.767654577471944,44.98882507843675,46.975274808576536,925341000
2023-08-28,46.79841613769531,46.94330333520207,44.852938347469795,46.44569122659898,685192000
2023-08-29,48.74589157104492,49.04266044648469,46.35475936686293,46.62954606851407,701397000
2023-08-30,49.225521087646484,49.88800143615993,48.387175707748206,49.005691704274305,735206000
2023-08-31,49.31645202636719,49.70514814643913,48.9197627338808,49.34143402541549,528570000
2023-09-01,48.47111129760742,49.761103338104185,48.10439736069892,49.72313481683707,463830000
2023-09-05,48.51007843017578,48.81284315295678,47.82261611647607,48.185331532444785,382653000
2023-09-06,47.02811813354492,48.515077394105326,46.54745522657099,48.40715496062999,468670000
2023-09-07,46.20869445800781,46.31162313659779,45.120454595762936,45.49319509398626,433330000
2023-09-08,45.540157318115234,46.57343525598355,45.23936893896436,45.909901542782364,473069000
2023-09-11,45.14643478393555,46.130743345970416,44.28103874415618,46.11575443664463,473966000
2023-09-12,44.83864974975586,45.641090123079564,44.49988589641405,44.70674200428019,349256000
2023-09-13,45.453224182128906,45.89791299422977,44.47190796370626,44.56884032019725,398355000
2023-09-14,45.54915237426758,45.95486692026357,45.099466041293624,45.917894023696675,370097000
2023-09-15,43.86932373046875,45.567133950218214,43.77738515441512,45.309314822834715,506831000
2023-09-18,43.935279846191406,44.211087976394666,41.97065391873253,42.71813237686466,500271000
2023-09-19,43.489585876464844,43.93527332902396,42.97194633294254,43.802366857424914,373064000
2023-09-20,42.20948791503906,43.872326816521394,42.193500252380844,43.56953710623469,367108000
2023-09-21,40.98833465576172,42.07057801307491,40.951361762571175,41.55394101252563,450736000
2023-09-22,41.58092498779297,42.08557317870962,41.202188203522006,41.54294952811981,479236000
2023-09-25,42.1924934387207,42.506273177622504,41.14822175071883,41.56193389222181,419091000
2023-09-26,41.8817138671875,42.79007909728291,41.625892229485075,41.97165113191076,402282000
2023-09-27,42.43832778930664,42.842048671557556,41.599917076129024,42.30042752855497,444935000
2023-09-28,43.05889129638672,43.41564027932202,42.085572876608914,42.43032920794071,424663000
2023-09-29,43.468605041503906,44.113154796580034,43.276737862234015,43.79637496273023,397830000
2023-10-02,44.750709533691406,45.143432663496135,43.830351660184725,43.99923228856128,433298000
2023-10-03,43.4865837097168,45.09845913874494,43.215773206538074,44.776681779419775,470850000
2023-10-04,44.010231018066406,44.112160944881325,43.26175375973955,43.71144012859111,361821000
2023-10-05,44.65677261352539,44.868626271295504,43.85733240049327,44.01921794767318,393483000
2023-10-06,45.73002624511719,45.757007806644154,43.99523916079719,44.16212229169967,434436000
2023-10-09,45.24136734008789,45.573136109277975,44.33700086795517,44.810668716384285,409675000
2023-10-10,45.7659912109375,46.226667545134845,45.056488358813525,45.27833332062463,368582000
2023-10-11,46.77329635620117,46.82626072787499,46.01782405573412,46.16372195389678,378137000
2023-10-12,46.91219711303711,47.57573461020595,46.297628975923374,46.744315234099965,481325000
2023-10-13,45.42922592163086,47.08307183716441,45.24835266618891,46.92717882204684,474115000
2023-10-16,46.06279373168945,46.19270015345539,44.88061784699003,45.03151331618372,375099000
2023-10-17,43.90729904174805,44.72273077097073,42.45031760329598,43.96925599511655,812333000
2023-10-18,42.1665153503418,43.18880316775222,41.79577619709707,42.561239807706784,627294000
2023-10-19,42.07158660888672,43.26675013363428,41.85273785103801,42.781089631153165,501233000
2023-10-20,41.35808181762695,42.4403252529677,41.049295810508625,41.860728698935155,477266000
2023-10-23,42.944969177246094,43.217781037891605,40.91638888400306,41.20019083203981,478530000
2023-10-24,43.63249206542969,43.666468707017636,42.661174865100485,43.046902951307125,401463000
2023-10-25,41.74980545043945,43.61950024898592,41.525962950621626,43.36767362465919,398379000
2023-10-26,40.297821044921875,42.22647269652664,39.852133556535904,41.8237544285133,541001000
2023-10-27,40.471702575683594,41.177210573030834,39.987040836148445,41.1012634608965,416784000
2023-10-30,41.13223648071289,41.73681325645553,40.45271135167305,41.05829069172662,388028000
2023-10-31,40.75150680541992,40.850440472726774,39.20259051438913,40.421739350493176,517969000
2023-11-01,42.295433044433594,42.35139367956083,40.84044890706074,40.855437818322336,437593000
2023-11-02,43.4755973815918,43.853331578454224,42.864025551225126,43.29772036984495,409172000
2023-11-03,44.97355270385742,45.27733731815709,43.69244703893823,43.989240387189966,424610000
2023-11-06,45.719032287597656,45.90290564428218,44.86762640814462,45.25335828782106,400733000
2023-11-07,45.922889709472656,46.18570260804149,45.12644574728523,45.687054558944546,343165000
2023-11-08,46.541465759277344,46.83426034413712,45.93588629163303,46.06779404889664,346719000
2023-11-09,46.91718673706055,48.19629090693493,46.7173257575099,47.43382369058895,540496000
2023-11-10,48.30122375488281,48.43812905946533,47.24996072733801,47.466808147596865,421245000
2023-11-13,48.58601760864258,49.08167314175015,48.065381835668106,48.28622804602199,384136000
2023-11-14,49.62130355834961,49.79918059248535,49.005736641538505,49.64528886328257,416954000
2023-11-15,48.853843688964844,49.925093307072636,48.16632465148742,49.900113061154364,475497000
2023-11-16,49.44542694091797,49.490397480832705,48.296232754650504,48.64498792594149,339756000
2023-11-17,49.26355743408203,49.68226341163358,48.9727603803161,49.489397461523026,325205000
2023-11-20,50.373775482177734,50.51267829045294,49.14663294635536,49.27754192431734,414120000
2023-11-21,49.90909957885742,50.48169721701578,49.187603987551,50.090971605091276,565747000
2023-11-22,48.68195343017578,50.29982144046333,47.65666949538865,49.817161099137216,899420000
2023-11-24,47.742618560791016,48.8868189750065,47.711638178100976,48.43613388773008,294645000
2023-11-27,48.20828628540039,48.496083215098835,47.618698458972716,47.766593838676684,395662000
2023-11-28,47.7875862121582,48.28923817471284,47.439829789625705,48.20229716306376,401491000
2023-11-29,48.10636520385742,48.72793227517069,47.826562052543174,48.34520044689955,382005000
2023-11-30,46.7373161315918,48.07637985053357,46.389559751727184,47.99043760178817,526247000
2023-12-01,46.73231887817383,47.16701626199501,46.15472368293033,46.49248873071015,369317000
2023-12-04,45.47819519042969,46.04480030339198,44.97854459860675,46.04480030339198,437543000
2023-12-05,46.537559509277344,46.57153532629203,45.24334850919928,45.438229098759074,371718000
2023-12-06,45.475196838378906,47.35804843216662,45.38425283422849,47.18615263660435,380590000
2023-12-07,46.56753158569336,46.600512368918565,45.57613709541874,45.67207911260122,350823000
2023-12-08,47.47697830200195,47.71183534651791,46.52156105756746,46.566535548739374,359224000
2023-12-11,46.59851837158203,47.50196552269277,45.80200812005124,47.46199285274284,509728000
2023-12-12,47.62788391113281,47.63687728383164,46.017868142614965,46.017868142614965,372387000
2023-12-13,48.058631896972656,48.564323380084836,47.578925510538774,47.599912593463365,447792000
2023-12-14,48.320465087890625,48.640269318911756,47.3930343428762,48.36044156986005,391232000
2023-12-15,48.86013412475586,49.37382007835511,48.09060403450958,48.16456014183968,479948000
2023-12-18,50.046409606933594,50.402191134156865,49.11997773498407,49.36982501987744,412587000
2023-12-19,49.57368850708008,49.669630515204666,48.865122122671124,49.39379819493803,464444000
2023-12-20,48.08160400390625,49.96845091462431,48.068611458987135,49.62465933137436,397894000
2023-12-21,48.9600715637207,49.06500695718709,48.389417453965386,48.781180068606574,300425000
2023-12-22,48.800174713134766,49.35283451146827,48.43739367116176,49.16494962310715,252507000
2023-12-26,49.2488899230957,49.569692938536456,48.93008458769596,48.93807912022649,244200000
2023-12-27,49.38681411743164,49.64965395545636,49.05501618312312,49.480758467753716,233648000
2023-12-28,49.49174499511719,49.85352335128604,49.38181158719183,49.61267326878179,246587000
2023-12-29,49.49174499511719,49.96645709185245,48.721216111915,49.782567581126976,389293000
2024-01-02,48.138572692871094,49.26488309320295,47.565924699352884,49.21391556134482,411254000
2024-01-03,47.53993606567383,48.15455817196312,47.291087653176916,47.4559877548122,320896000
2024-01-04,47.96868133544922,48.47037358886087,47.4789789763883,47.737819636783634,306535000
2024-01-05,49.0670051574707,49.516731000212985,48.27648803927744,48.43239477719924,415039000
2024-01-08,52.22107696533203,52.24306669740862,49.44877334196531,49.48175412771333,642510000
2024-01-09,53.10753631591797,54.291813775257275,51.658421354299875,52.368989354850214,773100000
2024-01-10,54.31679153442383,54.56663878860677,53.45631753001993,53.583242649549845,533796000
2024-01-11,54.788509368896484,55.31219134586392,53.527283064841185,54.9654031964735,596759000
2024-01-12,54.67657470703125,54.93641799826661,54.29680960809761,54.58662953889082,352994000
2024-01-16,56.347557067871094,56.800279452629056,54.86646395445467,54.984391900558016,449580000
2024-01-17,56.01875686645508,56.43650076516492,54.70655929384397,56.3125759716749,474394000
2024-01-18,57.07211685180664,57.56481575240513,56.07272766296372,57.225023275703855,491650000
2024-01-19,59.45465850830078,59.46365188180549,57.19004013784853,57.95357335479518,543501000
2024-01-22,59.61756134033203,60.29414976562131,59.03391842649556,60.01232052303933,452955000
2024-01-23,59.836429595947266,59.873405745227366,58.54921431651321,59.5336132708294,294654000
2024-01-24,61.32451629638672,62.81060746868792,59.90138636580081,60.2671639217423,560271000
2024-01-25,61.57936096191406,62.68068897905718,60.8128273903059,62.311911094050835,482777000
2024-01-26,60.993717193603516,61.74526054571479,60.53600059416135,60.92276141821586,390309000
2024-01-29,62.42683410644531,62.45081770403268,60.86978738467855,61.1945857601441,348733000
2024-01-30,62.73564529418945,63.45420777642383,62.22195939324812,62.86157157548254,410735000
2024-01-31,61.48941421508789,62.230961514394274,60.66291975637589,61.40246556305648,453795000
2024-02-01,62.98849868774414,63.1523999678792,61.61234096321601,62.06206301871128,369146000
2024-02-02,66.11958312988281,66.55930912654547,63.65108714697043,63.93491403332179,476578000
2024-02-05,69.28964233398438,69.45454244217241,67.16394292298222,68.18331639891433,680078000
2024-02-06,68.18132019042969,69.71138308978904,66.25949848302591,69.58745829595591,683111000
2024-02-07,70.05616760253906,70.17709586585252,67.55869397580136,68.27725642617484,495575000
2024-02-08,69.59844970703125,70.75074512715133,69.412566337875,70.03118381151026,414422000
2024-02-09,72.08894348144531,72.14090604638328,70.16911160679686,70.48991468195457,436637000
2024-02-12,72.20386505126953,74.56542046599529,71.2064736279646,72.55564739281085,613710000
2024-02-13,72.08393859863281,73.40512964528038,69.57747501499297,70.3569973280816,602580000
2024-02-14,73.85486602783203,74.19065934700839,71.89406636072601,73.15729429339046,504917000
2024-02-15,72.61360168457031,73.929798313956,72.35576371942504,73.82386790084495,420122000
2024-02-16,72.56863403320312,74.35654245789623,72.45670295069786,74.05472502125532,495327000
2024-02-20,69.40956115722656,71.91202875960458,67.69260871411592,71.90303157562508,704833000
2024-02-21,67.4307861328125,68.84592156210476,66.2075347659216,67.96445653317794,673755000
2024-02-22,78.49003601074219,78.52700835067758,74.17467237681947,74.97918103914212,865100000
2024-02-23,78.76885223388672,82.34366290568272,77.5226123761237,80.74064650613892,829388000
2024-02-26,79.04368591308594,80.596737435313,78.4570388969918,79.65130857177527,503973000
2024-02-27,78.65292358398438,79.43145470230726,77.11486980989693,79.33250852556469,391705000
2024-02-28,77.61555480957031,78.88477556464643,77.07788148076835,77.57258181183745,393110000
2024-02-29,79.06367492675781,79.9411369643908,78.30213934805526,79.04568817875618,507289000
2024-03-01,82.22872161865234,82.24971250718404,79.38645771488409,79.95111490380661,479135000
2024-03-04,85.18492126464844,87.6414196546175,83.6678509917937,84.07859536447201,615616000
2024-03-05,85.91551208496094,86.04844030428545,83.36995155382468,85.22190326590307,520639000
2024-03-06,88.64997100830078,89.67339555623481,86.98091470216241,87.97235961581464,582520000
2024-03-07,92.61672973632812,92.71467403344542,89.55145830366479,90.10714445366249,608119000
2024-03-08,87.4786376953125,97.34507194141518,86.45721088913098,95.08434657912662,1142269000
2024-03-11,85.72561645507812,88.74690616090122,84.11852182933525,86.38024574570308,678364000
2024-03-12,91.86116790771484,91.90813847414768,86.10141744907258,87.99934858682109,668075000
2024-03-13,90.83673858642578,91.45238847114443,88.38511917925783,91.0036442134583,635713000
2024-03-14,87.89439392089844,90.5948732884495,86.55115025815236,89.52647603225017,602318000
2024-03-15,87.7874526977539,89.49548835416286,86.20834970674177,86.88096661769565,642086000
2024-03-18,88.40511322021484,92.3528823706334,87.03588315502401,90.33702166642148,668976000
2024-03-19,89.34759521484375,90.49294513426233,84.96206891761534,86.65111081951359,672171000
2024-03-20,90.32102966308594,90.35901024319512,88.17323967680368,89.74634940187569,479063000
2024-03-21,91.3834228515625,92.59574371140432,90.3540050520513,92.2479404308415,480372000
2024-03-22,94.2358169555664,94.72453954495887,90.78276394753543,91.0895899885777,586719000
2024-03-25,94.94841003417969,96.71141493346599,93.45725487677139,93.88801151365493,552136000
2024-03-26,92.5087890625,96.3206408094852,92.44982423178193,95.79693429152606,513648000
2024-03-27,90.1990966796875,93.18740810778951,89.07273343467564,93.0594819501001,586067000
2024-03-28,90.30503845214844,91.24850624285476,89.14269241707345,89.9492364441801,435212000
2024-04-01,90.3120346069336,92.1729839586744,89.15369169415271,90.24807533872301,452441000
2024-04-02,89.40155029296875,90.04318648075638,87.57058285516493,88.39811114522563,433064000
2024-04-03,88.91382598876953,90.32303448482294,88.35014869042175,88.43410095294554,370067000
2024-04-04,85.85653686523438,90.58287298050408,85.83154944356146,90.35499714995936,434965000
2024-04-05,87.95835876464844,88.43109152288164,85.87753246886356,86.81699703882079,399678000
2024-04-08,87.08384704589844,88.77988827828314,86.68307229452097,88.64995673788222,283220000
2024-04-09,85.30584716796875,87.58556628736338,82.97516956737525,87.39267436773328,501700000
2024-04-10,86.98990631103516,87.35070274664696,83.66178279831279,83.87866326448999,431929000
2024-04-11,90.56489562988281,90.68782736368458,86.87698174129012,87.37069882551852,431637000
2024-04-12,88.13626098632812,90.1241452492344,87.48063273280795,89.64840815742117,426805000
2024-04-15,85.95249938964844,90.56189797510771,85.88054139689574,89.04775296579596,443077000
2024-04-16,87.3656997680664,88.06829858635284,86.01546379198004,86.38425134878223,370453000
2024-04-17,83.98759460449219,88.7249183584023,83.90263584788114,88.2901585822677,495400000
2024-04-18,84.62324523925781,86.14139337931326,82.35552770602675,84.9220802095837,447260000
2024-04-19,76.15702819824219,84.27644766930946,75.56336900757456,83.10311370735981,875198000
2024-04-22,79.47315979003906,80.02784714622769,76.35692172416684,78.05995564066009,596341000
2024-04-23,82.37651062011719,82.72231614993429,80.21873169463018,80.7234441336971,438559000
2024-04-24,79.63206481933594,84.03457921776213,79.13834013698539,83.90264988256477,512208000
2024-04-25,82.58540344238281,83.27600801866915,78.17888569012331,78.82351858715127,424641000
2024-04-26,87.6855239868164,88.28118855401848,83.3399763925944,83.7707330936579,551011000
2024-04-29,87.70751190185547,87.94237235498613,85.21791179771557,87.54560070216142,388971000
2024-04-30,86.353271484375,88.76890816331654,86.25133163329888,87.19079630766022,363709000
2024-05-01,82.9941635131836,85.95149420957613,81.20916774332882,85.02901827783364,559863000
2024-05-02,85.76859283447266,86.18835408667036,83.15306466582874,84.4013606664833,377898000
2024-05-03,88.7389144897461,89.23063371341577,86.9909005732954,87.73947860212795,398341000
2024-05-06,92.08802795410156,92.16798466023728,89.00476895897276,89.3395790876885,376203000
2024-05-07,90.50292205810547,91.72922732116892,88.96079315014337,91.04661392300342,437342000
2024-05-08,90.36100769042969,91.14256430274753,89.36956281384657,89.43253081814441,325721000
2024-05-09,88.69695281982422,91.02063858717587,88.18124497678554,90.47794554376881,378013000
2024-05-10,89.8272933959961,91.34943681377688,89.1766596836864,90.25405445462337,335325000
2024-05-13,90.34803009033203,90.9466913648071,88.47908175529776,90.42698029967474,289680000
2024-05-14,91.30448150634766,91.5993133075769,88.88384272491611,89.5484686052902,296507000
2024-05-15,94.57662200927734,94.80849340867992,91.54733338803841,92.41984207783547,417735000
2024-05-16,94.3057861328125,95.7649618311796,94.04992617640089,94.85647788998737,323952000
2024-05-17,92.42684173583984,94.68656820618962,91.75422475858959,94.31578286476113,359691000
2024-05-20,94.72654724121094,95.14630855060346,93.38730659931326,93.69712933361367,318764000
2024-05-21,95.33219146728516,95.34618350846229,93.12743465738653,93.54619700583739,328946000
2024-05-22,94.89645385742188,95.96585017054332,93.19641666447399,95.40516951213256,548648000
2024-05-23,103.74046325683594,106.26003756449907,101.46274160839002,101.9704583406549,835065000
2024-05-24,106.40895080566406,106.41494412748668,102.94190563238328,104.39008586204577,429494000
2024-05-28,113.83675384521484,114.87417036274923,109.82102250000426,110.18181893492428,652728000
2024-05-29,114.7602310180664,115.42685462015827,110.83844833840384,112.98623828974068,557442000
2024-05-30,110.43767547607422,115.75367568258609,109.60114957621623,114.58533630630252,484553000
2024-05-31,109.5711669921875,112.65342715935483,106.87968513049076,112.45653205108225,613263000
2024-06-03,114.93514251708984,114.93514251708984,111.93983111247248,113.55692243893306,438392000
2024-06-04,116.371337890625,116.5342479883035,113.98068844224889,115.65075141504278,403324000
2024-06-05,122.37094116210938,122.37993114467406,117.40174545593459,118.30423600418825,528402000
2024-06-06,120.92974853515625,125.51615686058132,118.25325773862335,123.97802351582399,664696000
2024-06-07,120.81981658935547,121.62336396697008,117.95543577009146,119.70244332667052,412386000
2024-06-10,121.72130584716797,123.0305645078952,116.94400320335374,120.30210862140808,313434100
2024-06-11,120.85173034667969,122.81078479761143,118.68277039590036,121.71130884876212,222551200
2024-06-12,125.13965606689453,126.81884668595569,122.51092635625676,123.00068806264866,299595000
2024-06-13,129.54751586914062,129.73742671072182,127.09870005988893,129.32762071061848,260704500
2024-06-14,131.8164520263672,132.7759808624214,128.2581700274141,129.89737910282292,309320400
2024-06-17,130.9168701171875,133.66554475885698,129.5175509456389,132.9259111616535,288504400
2024-06-18,135.5146484375,136.26428691629846,130.62700616579136,131.07678620278367,294335100
2024-06-20,130.71697998046875,140.69216665961412,129.45759262565218,139.73263779444994,517768400
2024-06-21,126.50900268554688,130.5670512631637,124.24010000634735,127.05874067811743,649445800
2024-06-24,118.05307006835938,124.40000776140424,117.98310411428992,123.18059459700767,476060900
2024-06-25,126.02922821044922,126.43903427437067,119.26249431645674,121.14158551930763,414192600
2024-06-26,126.3390884399414,128.0582531537486,122.54091663746888,126.06921428451571,362975900
2024-06-27,123.93025207519531,126.34909177016176,122.86076797014964,124.04019968068097,252571700
2024-06-28,123.48046112060547,127.6484495693471,122.69084094404647,124.5199608102888,315516700
2024-07-01,124.24009704589844,124.77983008392047,118.77273207553426,123.41049523168472,284885500
2024-07-02,122.61088562011719,123.35053451744282,120.97167651778796,121.07162680437523,218374000
2024-07-03,128.21817016601562,128.21817016601562,121.30150730962696,121.60136576540062,215749000
2024-07-05,125.76934814453125,128.78789668791507,125.61941892370993,127.31859642443969,214176700
2024-07-08,128.13818359375,130.70695175433724,126.97874686873942,127.42852684489468,237677300
2024-07-09,131.3166961669922,133.7555228326683,128.58800070420872,130.28719371816868,285366600
2024-07-10,134.84500122070312,135.03491211498738,132.35619546389498,133.965420342518,248978600
2024-07-11,127.33861541748047,136.08439171293904,126.98878558577707,135.68459054854569,374782700
2024-07-12,129.177734375,131.85643576222122,127.15870339191848,128.1981955828636,252680500
2024-07-15,128.37811279296875,131.32668826604316,127.11871779694197,130.49708637675548,208326200
2024-07-16,126.29910278320312,128.97780386568002,124.51996185494663,128.3781021800115,214769500
2024-07-17,117.9331283569336,121.79126850169425,116.66374383425097,121.29150949460832,390086200
2024-07-18,121.0316390991211,122.34101295266511,116.50382347473696,121.79127496540796,320979500
2024-07-19,117.87317657470703,121.5414063811811,117.31344884694725,120.29200868477562,217223800
2024-07-22,123.48046112060547,124.01020446831424,119.80223438238662,120.29199609290939,258068900
2024-07-23,122.53092193603516,124.62991607602876,122.04116019537173,122.72083281792666,173911000
2024-07-24,114.1949462890625,119.8921965766103,113.38533904444206,119.11257365575831,327776900
2024-07-25,112.22589111328125,116.57379332567128,106.24877714220031,112.98552700492492,460067000
2024-07-26,113.00550079345703,116.14398665212225,111.52621844802754,116.13399696280182,293399100
2024-07-29,111.53621673583984,116.22395888086476,111.24636320886141,113.63521076393421,248152100
2024-07-30,103.68000793457031,111.93602131829121,102.49057904635741,111.46624662712419,486833300
2024-07-31,116.9636001586914,118.28296369436077,110.82655987338046,112.84559062727486,473174200
2024-08-01,109.15736389160156,120.10209097077005,106.75851907796755,117.47335365334001,523462300
2024-08-02,107.21829223632812,108.66759790813096,101.32114215166182,103.7099895556254,482027500
2024-08-05,100.40158081054688,103.36016082359782,90.64629054713856,92.01562533705626,552842400
2024-08-06,104.19976806640625,107.65809998114993,100.50155392872522,103.78996196090817,409012100
2024-08-07,98.8623275756836,108.74755983917498,98.64243239882663,107.75803154331864,411440400
2024-08-08,104.9194107055664,105.44915405082541,97.47299667346623,101.95084088326249,391910000
2024-08-09,104.69952392578125,106.54863093775165,103.3801603016259,105.58909444979487,290844200
2024-08-12,108.96746826171875,111.01648357411331,106.20880358471621,106.26877223508454,325559900
2024-08-13,116.08402252197266,116.1739831093698,111.52622277964618,112.38580888904526,312646700
2024-08-14,118.02310180664062,118.54284787534027,114.0150319977807,118.4728819117515,339246400
2024-08-15,122.80079650878906,123.180610648127,117.41339446628129,118.70277375276062,318086700
2024-08-16,124.51996612548828,124.93976189528415,121.12160307679298,121.88123896431732,302589900
2024-08-19,129.93736267089844,129.93736267089844,123.36053125322975,124.22011749326396,318333600
2024-08-20,127.18866729736328,129.8174045549702,125.82932218809636,128.33810691303282,300087400
2024-08-21,128.4380645751953,129.28766098618868,126.59895509298427,127.25863301570179,257883600
2024-08-22,123.68036651611328,130.68699047324503,123.04067554756361,129.95734653679833,376189100
2024-08-23,129.30763244628906,129.53753255606168,125.15963905002394,125.79932992863567,323230300
2024-08-26,126.39905548095703,131.19673768949764,124.31006635411407,129.50756494551362,331964700
2024-08-27,128.23817443847656,129.1377346219971,123.82029866993177,124.98974063480068,303134600
2024-08-28,125.54946899414062,128.26815944285755,122.580899020736,128.05825393148814,448101100
2024-08-29,117.5333251953125,124.37003270157089,116.65375204642187,121.30151255769351,453023300
2024-08-30,119.31246948242188,121.69131963851615,117.16350420185492,119.47238840117339,333751600
2024-09-03,107.94794464111328,116.15398655476369,107.23828777198462,115.95408600386334,477155100
2024-09-04,106.1588134765625,113.21540862229497,104.06982436712501,105.3592035946603,372470300
2024-09-05,107.15834045410156,109.59716719188593,104.70952402528704,104.93940893047393,306850700
2024-09-06,102.78044128417969,108.09787692095124,100.90134249947533,107.98792932713482,413638100
2024-09-09,106.41868591308594,106.49864918568733,103.64002700878578,104.8294482794324,273912000
2024-09-10,108.04788970947266,109.34726610485653,104.89940661736314,107.7580285866342,268283700
2024-09-11,116.85365295410156,117.13351677378026,107.36822165058582,109.33727332924734,441422400
2024-09-12,119.0927734375,120.7421209186122,115.33426173002456,116.79368208487448,366052700
2024-09-13,119.05277252197266,119.912432121844,117.55336730727181,119.0327838080458,238358300
2024-09-16,116.73369598388672,118.13314241484437,114.31465733439065,116.74369415431079,248772300
2024-09-17,115.54417419433594,118.75290839853001,114.78448096424103,118.12315326201993,231925900
2024-09-18,113.32505798339844,117.65333558843457,113.17511592459984,115.84405559100924,310318900
2024-09-19,117.82327270507812,119.6125639674696,117.2035157611041,117.30347459042382,293506400
2024-09-20,115.95401763916016,118.57298181753792,115.3442588328446,117.01359501507952,382462400
2024-09-23,116.21391296386719,116.94361929782039,114.81446644323901,116.50379891378353,206228500
2024-09-24,120.82208251953125,121.75171411597229,115.33425359874879,116.4738010232417,354966800
2024-09-25,123.4610366821289,124.89047006468225,121.5617884105282,121.97162190060216,284692900
2024-09-26,123.99082946777344,127.61938773200264,121.75171957511898,126.74973749484685,302582900
2024-09-27,121.35187530517578,123.98082995705606,119.21272426875333,123.92085618310571,271009200
2024-09-30,121.39186096191406,121.45183473616015,118.1031642748816,118.26309688166123,226553700
2024-10-01,116.95361328125,122.39145893750027,115.74409392230913,121.72171877480598,302094500
2024-10-02,118.80288696289062,119.33267565347262,115.09435850244638,116.39384623986545,221845900
2024-10-03,122.80130004882812,124.31070361178112,120.29229289145833,120.87206480654892,277118000
2024-10-04,124.87047576904297,124.99043094258552,121.78170440742984,124.89047211115172,243678100
2024-10-07,127.66937255859375,130.58821322989388,124.9004663256647,124.94045138468705,346250200
2024-10-08,132.83731079101562,133.42707320550807,129.36868536610157,130.20834865989482,285722500
2024-10-09,132.59742736816406,134.46669669658758,131.32794162563073,134.05685551069462,246191600
2024-10-10,134.75656127929688,134.94648840712318,130.94807393580103,131.8577168886846,242311300
2024-10-11,134.74656677246094,135.72617401836632,133.60701929174726,133.9568713960576,170209500
2024-10-14,138.01527404785156,139.54466630986312,136.24597143489578,136.4159022137037,232347700
2024-10-15,131.54783630371094,138.5150744275185,128.68896947491228,137.8153397242487,377831000
2024-10-16,135.6662139892578,136.56585120891066,131.52785532391937,133.92689807815486,264879700
2024-10-17,136.87571716308594,140.83415423256426,136.81574338597488,139.28476556198524,306435900
2024-10-18,137.94529724121094,138.8449343829922,137.22558142668973,138.61502982502418,176090200
2024-10-21,143.6530303955078,143.6530303955078,137.94528751258602,138.07524085271365,264554500
2024-10-22,143.53309631347656,144.36276924192205,141.72381599778205,142.85337309657714,226311600
2024-10-23,139.50466918945312,142.37352650102258,137.40551088320953,141.97369118156848,285930000
2024-10-24,140.35433959960938,141.293969386979,138.40511570705533,140.76418072009866,172354900
2024-10-25,141.48388671875,144.0728716327459,140.74418981710016,140.8741279131319,205122100
2024-10-28,140.46429443359375,143.08325084097928,139.9944795471596,142.94330695476953,173586700
2024-10-29,141.19400024414062,142.20359433012132,138.8449258203989,140.23437413304583,157593600
2024-10-30,139.28475952148438,140.27437255912164,136.75576367804047,139.48467718743143,179418100
2024-10-31,132.70738220214844,137.55546626582213,132.05764589588958,137.54547571977304,270039600
2024-11-01,135.34632873535156,137.25557537634637,134.5166711244238,134.64660922766117,207127800
2024-11-04,135.99606323242188,138.90491316378314,135.5162578090522,137.15560698724303,187528200
2024-11-05,139.8545379638672,140.31434706066804,137.27555894461494,137.39550649112996,160537400
2024-11-06,145.5522918701172,146.4319479858603,141.90374455387283,142.90334822985668,242043900
2024-11-07,148.8209991455078,148.8709671267726,146.1120664908763,146.33198051831096,207323300
2024-11-08,147.5714569091797,149.71060760531262,146.20198985995728,148.71100419118065,175665800
2024-11-11,145.20240783691406,148.7909962143961,143.51309063046196,148.62105018654825,182325600
2024-11-12,148.23118591308594,149.59064718789998,145.952091313065,146.72179022487757,198634700
2024-11-13,146.21202087402344,149.27080540839845,145.84215717514013,149.01091396688446,191903300
2024-11-14,146.70181274414062,148.94093020600926,145.49230097997514,147.5814687564354,194463300
2024-11-15,141.9237060546875,145.18242335032573,140.02446543358045,144.81255966940228,250132900
2024-11-18,140.09442138671875,141.49387540802257,137.09561095173166,139.44468522690033,221205300
2024-11-19,146.95172119140625,147.07168399645053,140.9341184421503,141.26398946372595,227834900
2024-11-20,145.83216857910156,147.5015047606034,142.67341754276418,147.3515703217148,309871700
2024-11-21,146.6118621826172,152.8293979645091,140.64422730754492,149.290807835149,400946600
2024-11-22,141.89373779296875,147.1016796207282,141.0440838257902,145.8721561256333,236406200
2024-11-25,135.96609497070312,141.99370385870768,135.766177287977,141.933730079164,344941900
2024-11-26,136.86572265625,139.2447840977321,135.61621816013385,137.64541224160723,190287700
2024-11-27,135.2863311767578,137.1655905980091,131.74774157257602,134.95646019838466,226370900
2024-11-29,138.19520568847656,139.29477581313424,135.99608069190262,136.7257870913165,141863200
2024-12-02,138.57504272460938,140.39431322408433,137.76536630294407,138.77496038075373,171682800
2024-12-03,140.20440673828125,140.48429454860658,137.8953246767264,138.2051993772479,164414000
2024-12-04,145.0824737548828,145.73221002899123,140.23438993110327,141.94371889092554,231224300
2024-12-05,145.01248168945312,146.49199262942497,143.90284467102651,145.06246836220566,172621200
2024-12-06,142.3933563232422,145.65228325014007,141.26372149336697,144.5526526293818,188505600
2024-12-09,138.7645263671875,139.90415231737651,137.08508402113657,138.92447761551347,189308600
2024-12-10,135.0257568359375,141.77354545828368,133.74616214517607,138.96445323342698,210020900
2024-12-11,139.2643585205078,140.12407738797447,135.16571086465208,137.31500040642362,184905200
2024-12-12,137.29501342773438,138.39465924672223,135.75552453494274,137.03510407678786,159211400
2024-12-13,134.20602416992188,139.55427778956917,132.4965775973186,138.89449032268433,231514900
2024-12-16,131.9567413330078,134.3559487102744,130.3772572956884,134.13601958774962,237951100
2024-12-17,130.3472900390625,131.54689392732612,126.81844751374322,129.04771280436398,259410300
2024-12-18,128.86778259277344,136.6552244722092,128.23798405143236,133.8161583001621,277444500
2024-12-19,130.6371612548828,133.9860693668965,129.50754199406654,131.7168091066324,209719200
2024-12-20,134.65586853027344,135.2356803497186,128.1779956829599,129.76747112979962,306528600
2024-12-23,139.62425231933594,139.74420813475027,135.07573952144836,136.23536324975828,176053500
2024-12-24,140.174072265625,141.85351466107915,138.60457919611483,139.9541431061549,105157000
2024-12-26,139.88417053222656,140.8038826879709,137.68489400548984,139.65425012018665,116205600
2024-12-27,136.96511840820312,138.97446981750295,134.66588395063462,138.50462254046806,170582600
2024-12-30,137.4449462890625,140.22403398735426,133.97608228188028,134.78581438230358,167734700
2024-12-31,134.2460174560547,138.02479365615312,133.7861766339878,137.98479821279548,155659200
2025-01-02,138.26467895507812,138.83449951090427,134.58589206435911,135.9554382894446,198247200
2025-01-03,144.4226837158203,144.85253555834646,139.68423069189672,139.96413776465596,229322500
2025-01-06,149.38104248046875,152.11015917129038,147.77158452702758,148.5413213081193,265377400
2025-01-07,140.09408569335938,153.07983530547875,139.9641234037018,152.97986196669754,351782200
2025-01-08,140.06411743164062,143.90285624874434,137.51494945407615,142.53330977712477,227349900
2025-01-10,135.86549377441406,139.87417502688794,134.17604480086774,137.40498271998055,207602500
2025-01-13,133.1863555908203,133.4462801889749,129.4675728747113,129.94742663109315,204808900
2025-01-14,131.7168426513672,136.33533995791205,130.00741122442506,136.0054462036023,195590500
2025-01-15,136.1953887939453,136.4053114797544,131.24699764678536,133.60622538989423,185217300
2025-01-16,133.52626037597656,138.70455649670012,133.44628474718112,138.59459191383036,209235600
2025-01-17,137.66490173339844,138.45463626831489,135.41563868932835,136.6452315490251,201188800
2025-01-21,140.7838592529297,141.783531605571,137.04507916268696,139.11440825447346,197749000
2025-01-22,147.0218505859375,147.7416007949869,143.62295473278476,144.61263605764083,237651400
2025-01-23,147.17178344726562,147.18177468068177,143.67292977388993,145.0024960002277,155915500
2025-01-24,142.57327270507812,148.92119854206575,141.83352489203162,148.32138900097752,234657600
2025-01-27,118.38121032714844,128.3579371600633,116.66177248371496,124.75912547322825,818830900
2025-01-28,128.94773864746094,128.9577298793433,116.21190774010589,121.77008342453179,579666400
2025-01-29,123.65948486328125,126.84844257022412,120.0106863497111,126.458570906435,467120600
2025-01-30,124.60917663574219,124.9590604797062,118.06131881584726,123.05968123503551,392925500
2025-01-31,120.03067016601562,127.80812056780856,119.15096116009843,123.73945402173636,388161100
2025-02-03,116.62178802490234,118.53115837860842,112.97298217131676,114.71241004430098,371235700
2025-02-04,118.61112976074219,121.16028976109213,116.66176403787988,116.92168099297385,256550000
2025-02-05,124.78910827636719,124.95905075493906,120.72044188886218,121.72011429490169,262230800
2025-02-06,128.6378631591797,128.72784528628156,125.16900563533248,127.37828117148048,251483600
2025-02-07,129.7974395751953,130.32726464043708,124.95902960961989,129.1776476695437,228186300
2025-02-10,133.52626037597656,134.955784699492,129.91744211571256,130.04738916543755,216989100
2025-02-11,132.7565155029297,134.43595803743202,130.9770996135579,132.5365863252507,178902400
2025-02-12,131.09706115722656,132.19670709360815,129.03773808890557,129.97743275203294,160278600
2025-02-13,135.24566650390625,136.455276767875,131.12702127315083,131.51689288233604,197430000
2025-02-14,138.8045196533203,139.20438251414282,135.45561099221797,136.43528567888637,195479600
2025-02-18,139.35433959960938,143.3930250185803,137.8848198127303,141.22373753647113,219176600
2025-02-19,139.1844024658203,141.31370984182348,137.17506616632772,139.46430955469114,167536000
2025-02-20,140.06411743164062,140.6139403685729,136.74519734237094,139.9841417995603,143903600
2025-02-21,134.38595581054688,141.41366694156105,133.98609294492073,139.99411868487,228217600
2025-02-24,130.23733520507812,138.544611438826,130.03740375103862,136.51527743543022,251381100
2025-02-25,126.5885238647461,130.1573543264651,124.39924631174091,129.93742515974864,271428700
2025-02-26,131.23699951171875,133.68619399137987,128.44792005609298,129.9474287481865,322553800
2025-02-27,120.11064910888672,134.96577503505506,119.97069557287365,134.9557838016939,443175800
2025-02-28,124.87908172607422,125.04902421361967,116.36187573271177,117.98134023479652,389091100
2025-03-03,114.02263641357422,123.65947815441595,112.2432206852501,123.46954557652553,411381400
2025-03-04,115.95201110839844,119.27092350243325,110.07393955565605,110.61376362073891,398163300
2025-03-05,117.26158142089844,118.2412561507128,114.47249437052442,117.54148848655969,284337900
2025-03-06,110.53378295898438,115.31221606989396,110.18389912538346,113.49281250827367,321181900
2025-03-07,112.6530990600586,113.44284126847423,107.52477413573757,111.21356818629886,341755500
2025-03-10,106.94496154785156,111.81336147496829,105.42545516002185,109.86400325750407,366487400
2025-03-11,108.72437286376953,112.20322856084239,104.73567447790636,106.95494843650206,354865700
2025-03-12,115.71273803710938,116.7325020716217,112.85341103244578,114.09312447156262,323857500
2025-03-13,115.55277252197266,117.73225924433854,113.76319330991835,117.0024278677365,299033100
2025-03-14,121.6413345336914,121.85128414551467,118.12216714928688,118.5820578648422,277593500
2025-03-17,119.50183868408203,122.86104771124882,118.00219206936818,122.711081524258,255501500
2025-03-18,115.4028091430664,118.99195980676369,114.51301940530757,117.97220343827061,299686900
2025-03-19,117.49231719970703,120.42162740294437,115.6527542355049,117.24237608211885,273426200
2025-03-20,118.50206756591797,120.17167220516042,116.44255543913019,116.52253841801043,248829700
2025-03-21,117.6722640991211,117.9621966837067,115.39280254041711,116.91244866461768,266498500
2025-03-24,121.38140106201172,122.19120779583362,119.31188140429414,119.8517551027078,228452500
2025-03-25,120.66156768798828,121.26142480153007,118.89198043130345,120.5216012824151,167447200
2025-03-26,113.73320007324219,118.81199741904777,112.68344440410922,118.70203035263671,293463300
2025-03-27,111.40375518798828,114.42304053099558,110.6339399022949,111.32377219977147,236902100
2025-03-28,109.6441650390625,112.84341584506377,109.04430789656145,111.46373602695421,229872500
2025-03-31,108.35446166992188,110.9338556226425,103.6255803841977,105.10522740758995,299212700
2025-04-01,110.12405395507812,110.17403760023085,106.4449205320371,108.49443304563391,222614000
2025-04-02,110.39398193359375,111.95361956622256,106.76483994973236,107.26472214391917,220601200
2025-04-03,101.7760238647461,105.60511590388697,101.57606639857329,103.48562015563714,338769400
2025-04-04,94.28778076171875,100.10640942744341,92.08830207120735,98.88670323249266,532273800
2025-04-07,97.61699676513672,101.72602911656392,86.59959627985899,87.43939472630683,611041300
2025-04-08,96.27731323242188,105.82505852328022,94.43774279946976,103.78553826456235,476243400
2025-04-09,114.30307006835938,115.07288532975399,97.50702445286697,98.86670469924479,612918300
2025-04-10,107.5446548461914,110.83388059600858,99.12664053501021,109.34423379452805,437812400
2025-04-11,110.90386199951172,111.52371865557488,107.45467796999777,108.47443427245335,313417300
2025-04-14,110.68391418457031,114.2630725146749,109.04430120283689,114.08311462021162,264705000
2025-04-15,112.1735610961914,113.5932323217664,110.47396469045397,110.94385517244878,228966900
2025-04-16,104.46538543701172,106.76484672728219,100.4263361362673,104.52537649088836,397016900
2025-04-17,101.46607971191406,104.44538077133734,100.02642426353728,104.4253812132841,292517500
2025-04-21,96.88717651367188,99.41657935183265,95.01761424618036,98.74673137333838,288501100
2025-04-22,98.86669158935547,99.78647292005905,97.25707044682602,98.75671690551087,241004800
2025-04-23,102.68579864501953,104.77531016741209,101.99595878138034,104.4953697335839,247526000
2025-04-24,106.40492248535156,106.51489717654988,103.08570507328525,103.45562063709751,220815000
2025-04-25,110.98385620117188,111.8936379045766,105.70510100806126,106.82483233532861,251064700
2025-04-28,108.70439147949219,110.34400455936343,105.9950231207954,109.66416443154382,207708500
2025-04-29,108.99431610107422,110.17403844763395,107.41469407982767,107.64463563001284,170444300
2025-04-30,108.89433288574219,108.89433288574219,104.05547701680861,104.44538450923935,235044600
2025-05-01,111.58370208740234,114.91291927434723,111.27377757314032,113.05335693358144,236121500
2025-05-02,114.47303009033203,115.37281962529518,113.34329900218786,114.15310576985596,190194800
2025-05-05,113.7931900024414,114.64298826396649,112.63346720059009,112.88340831442672,133163200
2025-05-06,113.51325988769531,114.7129742117387,110.7938992837595,111.4537475013017,158525600
2025-05-07,117.03242492675781,117.65228163619798,112.25355204144066,113.02337494499027,206758800
2025-05-08,117.34235382080078,118.65204278244111,115.82270761670769,118.22214377270919,198428100
2025-05-09,116.62252044677734,118.20215005190205,115.18285724943865,117.32235248570746,132972200
2025-05-12,122.97102355957031,122.97102355957031,120.25166311897564,121.94126742822685,225023300
2025-05-13,129.89938354492188,131.18908818741485,124.44067836400953,124.95056035306071,330430100
2025-05-14,135.30810546875,135.40808800730593,131.6489642323906,133.16861033831793,281180800
2025-05-15,134.79823303222656,136.2678878895653,132.6287461607251,134.258351724734,226632600
2025-05-16,135.36810302734375,136.31789147723805,133.42857277146337,136.18791721457987,226542500
2025-05-19,135.53805541992188,135.83797251007488,132.35879696756518,132.35879696756518,193154600
2025-05-20,134.34835815429688,134.5483080029045,132.58876287408052,134.2583677555072,161514200
2025-05-21,131.76895141601562,137.36762292180558,130.55922977564506,133.02864907239967,270608700
2025-05-22,132.7987060546875,134.21836966107523,131.51900885300861,132.19884131725317,187344000
2025-05-23,131.25906372070312,132.64873565144939,129.12957588399638,129.96937433382988,198821300
2025-05-27,135.4680633544922,135.6280293045703,133.27857708527512,134.1183754403962,192953600
2025-05-28,134.7782440185547,137.2176717346689,134.75824445795843,135.9979578766118,304021100
2025-05-29,139.15721130371094,143.45620133736625,137.87751407348716,142.21648797143945,369241900
2025-05-30,135.09817504882812,139.58710766728817,132.88868890141003,138.6873257641086,333170900
2025-06-02,137.34764099121094,138.08745689917103,135.36809645457458,135.45808684638126,197663100
2025-06-03,141.1867218017578,141.9665367692297,137.91748812723765,138.74729436292043,225578800
2025-06-04,141.88656616210938,142.3564566649135,139.5071219355859,142.15650682982962,167120800
2025-06-05,139.95701599121094,143.96606551828813,138.79728569106723,142.13649493837005,231397900
2025-06-06,141.6865997314453,143.23623746842864,141.47664251332282,142.47640682683559,153986200
2025-06-09,142.59640502929688,144.96584183837217,141.9065651342004,143.15627066728982,185114500
2025-06-10,143.92608642578125,144.25599524562207,141.4966510569608,142.65638139553192,155881900
2025-06-11,142.80625915527344,144.96590375929992,141.84641202362192,144.5859620448177,167694000
2025-06-12,144.9759063720703,144.9759063720703,141.82643588786814,141.94641106631286,162365000
2025-06-13,141.94639587402344,143.556128789635,140.8265869783813,142.4563055840922,180820600
2025-06-16,144.66595458984375,146.1556971839991,143.1761967394354,143.32618096280035,183133700
2025-06-17,144.09603881835938,145.1958620737219,143.75609899624828,144.46598768948277,139108000
2025-06-18,145.455810546875,145.62578045463974,143.0962022725339,143.9860537050978,161494100
2025-06-20,143.8260955810547,146.17569581398777,142.6262828381709,145.42582047781178,242956200
2025-06-23,144.1460418701172,144.7559411184857,142.00639807778802,142.47632119978937,154308900
2025-06-24,147.8754119873047,147.9354148301798,145.4758169849003,145.53580457152245,187566100
2025-06-25,154.28436279296875,154.4243389252029,149.23519867353343,149.24520677628502,269146500
2025-06-26,154.99423217773438,156.69394650127538,153.97439748110884,155.95406403411533,198145700
2025-06-27,157.72377014160156,158.68361723049148,155.2341786737402,156.01404775885302,263234500
2025-06-30,157.96376037597656,158.6336472456001,155.93409881773164,158.37368067249696,194580300
2025-07-01,153.2745361328125,157.17388214393176,151.46483925954294,156.26402965591922,213143600
2025-07-02,157.22386169433594,157.57380961936815,152.94457434216997,152.9545671877056,171224100
2025-07-03,159.3135223388672,160.95324924613055,157.74379112425564,158.34368228178877,143716100
2025-07-07,158.21371459960938,159.28352889047815,157.31385497697042,158.17371270193448,140139000
2025-07-08,159.97340393066406,160.19336858156893,158.36367094336165,159.30351713245472,138133000
2025-07-09,162.85293579101562,164.39267314506114,161.13322041798892,161.1932080055649,183656400
2025-07-10,164.07273864746094,164.4726660794993,161.5831469026993,164.29270331195812,167704100
2025-07-11,164.89259338378906,167.862101078866,163.44283738179527,163.6927958392512,193633300
2025-07-14,164.04273986816406,165.4625020418882,161.99307751467913,165.3425116109199,136975800
2025-07-15,170.671630859375,172.37134531045626,169.17188012202328,171.1615549258278,230627400
2025-07-16,171.34152221679688,171.72146396229547,168.87193138356372,171.03157616389174,158831500
2025-07-17,172.97125244140625,174.13106334471073,170.80161486292053,171.99141956059896,160841100
2025-07-18,172.38134765625,174.22103817113316,171.23152964225835,173.61113894806013,146456400
2025-07-21,171.35153198242188,173.35119970444802,170.97159023323564,172.72129949000853,123126100
2025-07-22,167.00225830078125,171.36153479867312,164.55266825003173,171.31154005146294,193114300
2025-07-23,170.75161743164062,171.23153339032083,167.94208685699226,169.5018251648929,154082200
2025-07-24,173.7111358642578,173.80111724784433,171.27153886755505,172.41134882841166,128984600
2025-07-25,173.47117614746094,174.69097468726906,172.9312725713388,173.58115848322245,122316800
2025-07-28,176.7206268310547,176.97058528484683,173.94109004538618,173.99108478739527,140023500
2025-07-29,175.4808349609375,179.35020236643535,174.99092613442062,177.93044011853775,154077500
2025-07-30,179.24021911621094,179.86011122312902,176.01074478620916,176.48066791766442,174312200
2025-07-31,177.84043884277344,183.26954448460754,175.9007587673991,182.86960179799485,221685400
2025-08-01,173.69113159179688,176.51065501732398,170.86160006411595,174.06106522140865,204529000
2025-08-04,179.9700927734375,180.17005649193501,174.49100755408614,175.1309006070304,148174600
2025-08-05,178.23037719726562,180.23004490386853,175.87076869322405,179.59015184800575,156407600
2025-08-06,179.3901824951172,179.87009845787975,176.22071111043454,176.30069964693718,137192300
2025-08-07,180.73997497558594,183.84945895635624,178.7703010091291,181.53984513179375,151878400
2025-08-08,182.6696319580078,183.26953833968557,180.3700111699138,181.51982919208731,123396700
2025-08-11,182.0297393798828,183.80944232526838,180.2200426409657,182.01974653412333,138323200
2025-08-12,183.1295623779297,184.44933506001817,179.4301803710301,182.9295986692803,145485700
2025-08-13,181.55982971191406,183.93943921657484,179.3202115957667,182.58965738273272,179871700
2025-08-14,181.98974609375,182.98957985829236,179.43017409752198,179.72011917648817,129554000
2025-08-15,180.42001342773438,181.86976944489334,178.01041021115256,181.84978375259033,156602200
2025-08-18,181.979736328125,182.90958965389834,180.55997422620712,180.56998232776263,132008000
2025-08-19,175.61080932617188,182.46966985536903,175.46084035755914,182.39967416584764,185229200
2025-08-20,175.370849609375,175.9707560164781,168.77195541250927,175.1408920976954,215142700
2025-08-21,174.95091247558594,176.87059152353538,173.78110877087863,174.8209444570093,140040900
2025-08-22,177.96043395996094,178.56032512128596,171.17155351749952,172.58132291943235,172789400
2025-08-25,179.78012084960938,181.87977802218637,176.54066896263805,178.3203719824875,163012800
2025-08-26,181.7397918701172,182.35968393651802,178.7802771456414,180.03006938032237,168688200
2025-08-27,181.56982421875,182.45967569067753,179.07023971825097,181.94975068857377,235518900
2025-08-28,180.1400604248047,184.43934897141472,176.3806906932069,180.7899615720414,281787800
2025-08-29,174.1510467529297,178.12038822306508,173.12121914292007,178.08040158317536,243257900
2025-09-02,170.75161743164062,172.351357635579,167.19221149694363,169.9717482776903,231164900
2025-09-03,170.59165954589844,172.38137081666613,168.851958278929,171.03158891427162,164424900
2025-09-04,171.63148498535156,171.83144870716828,169.381858788342,170.54166973363456,141670100
2025-09-05,166.9922637939453,169.0019244592772,164.04275681292185,168.00209055003162,224441400
2025-09-08,168.2820281982422,170.93159698121408,167.32219627229085,167.5221599855096,163769100
2025-09-09,170.7316131591797,170.95157781434446,166.71229229208453,169.0618925540675,157548400
2025-09-10,177.300537109375,179.26020289704138,175.44084555219968,176.61064931709572,226852000
2025-09-11,177.1505584716797,180.26021784214308,176.4606317396978,179.66027757334626,151159300
2025-09-12,177.80047607421875,178.5803891806412,176.43061617633268,177.75047851465564,124911000
2025-09-15,177.73049926757812,178.83038469078608,174.49084923140515,175.650725630949,147061600
2025-09-16,174.86080932617188,177.4805168617991,174.36086420825131,176.98057174387853,140737800
2025-09-17,170.27130126953125,173.18098551277336,168.39151800406466,172.62104942275718,211843800
2025-09-18,176.2206573486328,177.08056354559588,172.94101865721873,173.96089569350613,191763300
2025-09-19,176.6505889892578,178.06043774665943,175.16074718989944,175.7506939671915,237182100
2025-09-22,183.58984375,184.52974299714734,174.69082690233378,175.28075846993005,269637000
2025-09-23,178.410400390625,182.3999677661597,176.19065819152993,181.95002022927713,192559600
2025-09-24,176.9505615234375,179.76025041106172,175.38072666046574,179.75025700209653,143564100
2025-09-25,177.67050170898438,180.2402117285651,173.11100459099512,174.4608472798892,191586700
2025-09-26,178.17044067382812,179.750269051669,174.91078879333958,178.15043859744398,148573700
2025-09-29,181.83004760742188,183.97980553666213,180.30021674934378,180.41019002973698,193063500
2025-09-30,186.55950927734375,187.32942897828707,181.4600633204032,182.06000352373024,236981000
2025-10-01,187.21945190429688,188.11934700723293,183.87980694521147,185.21967144700423,173844900
2025-10-02,188.8692626953125,191.0290292282152,188.03935198339767,189.57919146332628,136805800
2025-10-03,187.5994110107422,190.33911589327732,185.35966652947783,189.16924608680657,137596900
2025-10-06,185.51962280273438,187.20943969833962,183.3098739831843,185.4796339074747,157678100
2025-10-07,185.01968383789062,189.03924688644503,183.97980469837793,186.20955566811082,140088000
2025-10-08,189.0892333984375,189.57918508139647,186.51950830089396,186.5495190429729,130168900
2025-10-09,192.54885864257812,195.27855455286462,191.039014711271,192.20888438710807,182997200
2025-10-10,183.139892578125,195.59851591827854,182.03001384654092,193.4887469873255,268774400
2025-10-13,188.29933166503906,190.08912842775598,185.93959015922437,187.9493639887039,153482800
2025-10-14,180.01022338867188,184.77970370013514,179.6802578066599,184.74970821605342,205641400
2025-10-15,179.8102569580078,184.84969686580231,177.2705272995106,184.77971248532194,214450500
2025-10-16,181.7900390625,183.2598789113643,179.75026972003684,182.20999112544493,179723300
2025-10-17,183.19989013671875,184.07979842608083,179.7302697995737,180.1602152773484,173135200
2025-10-20,182.6199493408203,185.1796658652692,181.7100455780644,183.10990104163824,128544700
2025-10-21,181.14010620117188,182.76991679751694,179.7802549646251,182.76991679751694,124240200
2025-10-22,180.2602081298828,183.4198648953589,176.74059027394597,181.12011433169937,162249600
2025-10-23,182.13999938964844,183.0098989665471,179.7702492811968,180.4001849787377,111363700
2025-10-24,186.23953247070312,187.44940625639555,183.47984116964938,183.81980015643103,131296700
2025-10-27,191.46897888183594,191.97891738858848,188.4093020699799,189.9691435897376,153452700
2025-10-28,201.0079345703125,203.12769700573313,191.8889404255143,193.0288146936141,297986200
2025-10-29,207.01727294921875,212.1667169482571,204.7575264516481,207.95717223581016,308829600
2025-10-30,202.8677215576172,206.13736677538768,201.38788833732997,205.12746791137428,178864400
2025-10-31,202.4677734375,207.94716749796044,202.04782138155986,206.42733011185774,179802200
2025-11-03,206.85728454589844,211.31678618801203,205.53742218982754,208.05714970598171,180267300
2025-11-04,198.66818237304688,203.9476013046771,197.90825607143535,202.9777066091775,188919300
2025-11-05,195.18858337402344,202.89772869539195,194.6286320152979,198.7481902403631,171350300
2025-11-06,188.05935668945312,197.59830279082226,186.35954634625867,196.39843756369172,223029800
2025-11-07,188.1293487548828,188.29934352754728,178.8903723972709,184.87970536775757,264942300
2025-11-10,199.0281524658203,199.91805415635875,193.76872011438098,195.08858253564551,198897100
2025-11-11,193.1387939453125,195.3985402959953,191.2789975702345,195.13857433756354,176483300
2025-11-12,193.7787322998047,195.86849924763862,191.1090271797132,195.69851973704638,154935300
2025-11-13,186.8394775390625,191.4189763426968,183.82981362374773,191.02901978717685,207423100
2025-11-14,190.14910888671875,190.98901295495202,180.56016596493993,182.8399142970662,186591900
2025-11-17,186.5795135498047,188.9792438771453,184.29976516169708,185.9495778546046,173628900
2025-11-18,181.340087890625,184.7797126313021,179.6302689297591,183.3598703733926,213598900
2025-11-19,186.49952697753906,187.8393762025218,182.8099296469334,184.76970592228736,247246400
2025-11-20,180.6201629638672,195.97847686300787,179.83025642841662,195.92847930218133,343504800
2025-11-21,178.86036682128906,184.5397359279593,172.91100782704066,181.22010834266524,346926200
2025-11-24,182.52996826171875,183.4798609481747,176.4606271183833,179.47030653663683,256618300
2025-11-25,177.80047607421875,178.14043506786686,169.53138015579162,174.89079203873564,320600300
2025-11-26,180.24020385742188,182.8899220695924,178.22043661727494,181.6100638206842,183852000
2025-11-28,176.98056030273438,179.2703020816569,176.48061521713345,178.99033405428943,121332800
2025-12-01,179.90025329589844,180.2802164760195,173.66093259662904,174.7408159055669,188131000
2025-12-02,181.44007873535156,185.63961443898967,179.98023235974816,181.7400335835938,182632200
2025-12-03,179.57028198242188,182.4299686383783,179.09033894604931,181.06012391136443,165138000
2025-12-04,183.37008666992188,184.51002440204854,179.95027347354184,181.61017209543593,167364900
2025-12-05,182.40013122558594,184.6500094505641,180.9002124089338,183.88004685245298,143971100
2025-12-08,185.5399627685547,187.98982714518382,182.39012406320575,182.6301165694494,204378100
2025-12-09,184.95999145507812,185.70995086836587,183.31008684903045,185.54995586495326,144719700
2025-12-10,183.77005004882812,185.46995496958337,182.03013874897007,184.9599880707457,162785400
2025-12-11,180.92019653320312,181.31019006496976,176.61043233199788,180.27023782951787,182136600
2025-12-12,175.01052856445312,182.81010931847595,174.61054106596097,181.10019518559332,204274900
2025-12-15,176.28045654296875,178.4103461991077,175.02053019793698,177.93037643785232,164775600
2025-12-16,177.71038818359375,178.48035080582065,174.8905333961456,176.25046044282257,148588100
2025-12-17,170.93075561523438,176.12047730871902,170.30078481189744,176.0904801521757,222775500
2025-12-18,174.1305694580078,176.14045512074784,171.8107030234881,174.52054772862792,176096000
2025-12-19,180.98020935058594,181.4401759084778,176.3304518785618,176.6604358481607,324925900
2025-12-22,183.6800537109375,184.15002947616998,182.34012994783166,183.91003698180788,129064400
2025-12-23,189.19976806640625,189.31975669034466,182.89009670029142,182.96010023623109,174873600
2025-12-24,188.59979248046875,188.899779295176,186.57989753660073,187.92983057380172,65528500
2025-12-26,190.51968383789062,192.67957056140054,187.98982202804387,189.9097162518428,139740300
2025-12-29,188.20980834960938,188.749772392931,185.8999358866866,187.6998414610299,120006100
2025-12-30,187.52984619140625,188.9797799436452,186.91987858592935,188.22982052336855,97687300
