Date,Close,High,Low,Open,Volume
2015-01-02,24.214895248413086,24.68222757163672,23.776355295274307,24.67115267325441,212818400
2015-01-05,23.53271484375,24.064277681708337,23.346668779850006,23.984543171525004,257142000
2015-01-06,23.534940719604492,23.794077149066176,23.173919944915667,23.596956102061053,263188400
2015-01-07,23.86494255065918,23.964609848271913,23.63238326984046,23.743125462650944,160423600
2015-01-08,24.78188705444336,24.839473466179218,24.075351344035248,24.192739484440732,237458000
2015-01-09,24.808475494384766,25.08311575891223,24.40980277991557,24.95465436316189,214798000
2015-01-12,24.197175979614258,24.945792806630894,24.09750865378446,24.939148543547873,198603200
2015-01-13,24.41201400756836,24.983444239302276,24.121869946634853,24.680009963584943,268367600
2015-01-14,24.318986892700195,24.471809973965815,24.03105650747729,24.150658281810262,195826400
2015-01-15,23.658967971801758,24.376577089070306,23.623531339856147,24.363288563314725,240056000
2015-01-16,23.475135803222656,23.82729694872675,23.300162889264197,23.7054798283151,314053200
2015-01-20,24.079788208007812,24.135159317135944,23.58809248858328,23.884880822409823,199599600
2015-01-21,24.26361846923828,24.59805872103091,23.98011699709323,24.13072646769229,194303600
2015-01-22,24.894851684570312,24.91035552795961,24.301273310849446,24.420875112620685,215185600
2015-01-23,25.02330780029297,25.193850041682097,24.702154412260157,24.87269834344113,185859200
2015-01-26,25.04988670349121,25.328957536245927,24.983442393649014,25.191636592238247,222460000
2015-01-27,24.17281150817871,24.912570412240157,24.148448084734664,24.89928019685748,382274800
2015-01-28,25.539377212524414,26.161749808003105,25.539377212524414,26.053221186104842,585908400
2015-01-29,26.334497451782227,26.39872813532269,25.59473862220585,25.763067251836308,337745600
2015-01-30,25.949113845825195,26.57812874843811,25.880452530833228,26.22375403641732,334982000
2015-02-02,26.274700164794922,26.39430197270769,25.709915821075615,26.146240465741013,250956400
2015-02-03,26.27912712097168,26.376579118011072,26.04878311832867,26.245904119570774,207662800
2015-02-04,26.480674743652344,26.691085940867783,26.20381923925721,26.245901816658677,280598800
2015-02-05,26.669689178466797,26.734173371572957,26.51626121223278,26.687476575923274,168984800
2015-02-06,26.445098876953125,26.738612055777654,26.338366040807443,26.687468849685565,174826400
2015-02-09,26.620763778686523,26.647445716847848,26.333921068225507,26.3606047028478,155559200
2015-02-10,27.132192611694336,27.1611003122186,26.718607222380253,26.72082958668112,248034000
2015-02-11,27.768138885498047,27.777033432281677,27.238926075331964,27.29896214554481,294247200
2015-02-12,28.11945915222168,28.34626580003288,27.92156019868773,28.030515402030247,297898000
2015-02-13,28.2573299407959,28.301800980079836,27.939357090177662,28.301800980079836,217088800
2015-02-17,28.42409324645996,28.657570397556903,28.221746155981133,28.3484904589152,252609600
2015-02-18,28.621999740600586,28.635340713955323,28.339603363874232,28.379627980399956,179566800
2015-02-19,28.561960220336914,28.69092860974826,28.535278275259678,28.568630706606225,149449600
2015-02-20,28.795434951782227,28.795434951782227,28.473015702335196,28.59975832351753,195793600
2015-02-23,29.573688507080078,29.573688507080078,28.83101173030139,28.911060947691585,283896400
2015-02-24,29.389131546020508,29.707106062803202,29.16677297786456,29.56034859351888,276912400
2015-02-25,28.637556076049805,29.262386449737566,28.495246740191888,29.253490207727708,298846800
2015-02-26,29.0,29.10006066310566,28.152814516558337,28.637554498809845,365150000
2015-02-27,28.564180374145508,29.033357042942402,28.515261222485382,28.90661104284422,248059200
2015-03-02,28.704265594482422,28.96887282281326,28.528603825590125,28.73984377825784,192386800
2015-03-03,28.764301300048828,28.799879481281902,28.481905000009753,28.67535923988826,151265200
2015-03-04,28.581972122192383,28.808778837633067,28.53305635310015,28.7064957846363,126665200
2015-03-05,28.10834503173828,28.628663222806804,27.963811635398883,28.590862676575895,226068400
2015-03-06,28.150590896606445,28.76652330753673,28.074989807114648,28.55083525175208,291368400
2015-03-09,28.270662307739258,28.810995279684807,27.808156175542326,28.452996227639467,354114000
2015-03-10,27.685863494873047,28.288454960913256,27.5279891281801,28.108345078545167,275426400
2015-03-11,27.181110382080078,27.7436772774365,27.152204379492783,27.739230852600457,275756000
2015-03-12,27.672521591186523,27.77258395917488,27.045470531678525,27.19667441748349,193450800
2015-03-13,27.481292724609375,27.883762858746906,27.2567118077468,27.661404305960183,207309200
2015-03-16,27.7836971282959,27.7836971282959,27.321192683806192,27.54577357347837,143497200
2015-03-17,28.248424530029297,28.310684639667738,27.939346345423655,27.99493597138094,204092400
2015-03-18,28.566402435302734,28.719830373617224,28.09944983193032,28.239535104003725,261083600
2015-03-19,28.3507137298584,28.7398411732094,28.328478215244832,28.62866190368054,183238000
2015-03-20,27.99494171142578,28.55083638851777,27.830396859863175,28.517483963273463,274780400
2015-03-23,28.286226272583008,28.428535585374448,28.13279835554253,28.266214820687726,150838800
2015-03-24,28.170602798461914,28.470784779166674,28.14169510373466,28.290676608620394,131369200
2015-03-25,27.43459129333496,28.199505081055445,27.43459129333496,28.137244972094148,206620800
2015-03-26,27.625823974609375,27.76813330160785,27.261156112118154,27.29673429209827,190291600
2015-03-27,27.405691146850586,27.728110364111448,27.33009005453991,27.699204363485794,158184800
2015-03-30,28.099451065063477,28.10612155024622,27.57246068163208,27.58357928791074,188398800
2015-03-31,27.66807746887207,28.12613558907677,27.652512436529037,28.037191820061732,168362400
2015-04-01,27.628047943115234,27.821500479076686,27.372335288856576,27.754792240066255,162485600
2015-04-02,27.865968704223633,27.91933427218699,27.614704195954534,27.801484532056698,128880400
2015-04-06,28.317359924316406,28.352938105262208,27.64583787534428,27.67696793544134,148776000
2015-04-07,28.0194091796875,28.488584290372664,28.012738692759793,28.38185310660617,140049200
2015-04-08,27.928232192993164,28.106119702993404,27.788146923979166,27.983821827810612,149316800
2015-04-09,28.14170265197754,28.146150773802955,27.71922268747943,27.983828256403573,129936000
2015-04-10,28.261770248413086,28.286229823662996,27.852631346889225,28.006057586730154,160752000
2015-04-13,28.2061824798584,28.588641163945205,28.152816901445398,28.544166738422263,145460400
2015-04-14,28.083885192871094,28.304019679612928,27.997165495170943,28.239535497342878,102098400
2015-04-15,28.190614700317383,28.268439848011404,28.019399375390535,28.108343128381268,115881600
2015-04-16,28.054977416992188,28.261770933185833,28.04163644706391,28.07943699283474,113476000
2015-04-17,27.739229202270508,28.04830745205387,27.674745018986492,27.917116721430638,207828000
2015-04-20,28.372947692871094,28.488573380415158,27.832616404650924,27.921560154702245,188217200
2015-04-21,28.219528198242188,28.506369273516984,28.166160917597324,28.484135451273627,129740400
2015-04-22,28.599754333496094,28.65534396850471,28.088330709293473,28.23731052396591,150618000
2015-04-23,28.833234786987305,29.000003711145578,28.493026453138217,28.528604637926705,183083600
2015-04-24,28.968875885009766,29.046702746129995,28.735398694571785,29.015572680266445,178103600
2015-04-27,29.495864868164062,29.602599431597344,29.16232699151122,29.420263763757543,387816800
2015-04-28,29.031131744384766,29.916117823343757,28.810998951360652,29.898332125115758,475696000
2015-04-29,28.60420036315918,29.26015732972162,28.5285992793757,28.942186269320725,253544400
2015-04-30,27.828170776367188,28.60420158242397,27.701426480269312,28.60420158242397,332781600
2015-05-01,28.673128128051758,28.935512924490588,27.861520953663764,28.039406737224382,234050400
2015-05-04,28.617544174194336,29.033356962148268,28.519705871146353,28.795431689470476,203953200
2015-05-05,27.972707748413086,28.561956579916988,27.968259627159547,28.49524833280351,197085600
2015-05-06,27.797042846679688,28.18394624917403,27.430150899410055,28.141697581751504,288564000
2015-05-07,27.968976974487305,28.152072553223462,27.69209940387363,27.859564934554776,175763600
2015-05-08,28.49593162536621,28.49593162536621,28.158767256911965,28.286040975612977,222201600
2015-05-11,28.205659866333008,28.482535721818746,28.05159103941516,28.44457727863671,168143200
2015-05-12,28.105180740356445,28.330699748396363,27.8707283299041,28.044892198904186,192640000
2015-05-13,28.136444091796875,28.399923276401505,28.105183993924086,28.167704189669664,138776800
2015-05-14,28.79290199279785,28.79290199279785,28.393219150803873,28.449040986155204,180814000
2015-05-15,28.752710342407227,28.913477492039792,28.627669983158402,28.81969722260317,152832000
2015-05-18,29.069787979125977,29.18813003192907,28.661171616635976,28.66563831874989,203531600
2015-05-19,29.04298973083496,29.223851954649565,28.9469743904439,29.181426809390363,178532800
2015-05-20,29.040742874145508,29.24616676135563,28.879975761182198,29.027346182580814,145819600
2015-05-21,29.337732315063477,29.391322519381163,28.98940450473713,29.042994709054817,158921600
2015-05-22,29.594507217407227,29.690522560457005,29.339959745898334,29.38461994662565,182384000
2015-05-26,28.942502975463867,29.677120208049125,28.830859309109393,29.607901680044442,282790400
2015-05-27,29.482864379882812,29.53198787642331,29.03852467085065,29.103276512420365,183332800
2015-05-28,29.424808502197266,29.46276694515732,29.272974730357046,29.442671900136368,122933200
2015-05-29,29.089881896972656,29.351127743404934,29.005031595584374,29.302004243348065,203538000
2015-06-01,29.14792823791504,29.337723842184424,29.038519620453748,29.089874755325262,128451200
2015-06-02,29.01841926574707,29.174719695721333,28.875515528757198,28.99608917271053,134670400
2015-06-03,29.054140090942383,29.237237297885816,29.005016616254803,29.17471713139136,123934000
2015-06-04,28.88444709777832,29.156857893637614,28.783968487819013,28.933570579464032,153800400
2015-06-05,28.725914001464844,28.958134735546285,28.661162174075283,28.915709597179813,142507200
2015-06-08,28.53611946105957,28.850955392058644,28.319530493529204,28.781733462637305,210699200
2015-06-09,28.451276779174805,28.598647263681052,28.049360528202932,28.290509597367066,224301600
2015-06-10,28.777278900146484,28.87998918795648,28.54729146556497,28.562921514172693,156349200
2015-06-11,28.71251678466797,29.067542819658165,28.68795504222306,28.844255490920546,141563600
2015-06-12,28.39545249938965,28.654466648645087,28.382055803237584,28.623206555258715,147544800
2015-06-15,28.339628219604492,28.41108009883974,28.069450748010365,28.156532672592473,175955600
2015-06-16,28.491466522216797,28.547288361681776,28.216824026035603,28.364192796378532,125976400
2015-06-17,28.424474716186523,28.55398005888413,28.299432666498323,28.518254975792463,131672400
2015-06-18,28.553985595703125,28.649999223978433,28.406616831110373,28.408850181595085,141628800
2015-06-19,28.26817512512207,28.540585935354017,28.223518341350022,28.516024193215262,218867600
2015-06-22,28.493701934814453,28.594180571703895,28.37535989915212,28.466906836655117,136157200
2015-06-23,28.364187240600586,28.493694291643774,28.330693802772586,28.46466755408458,121075600
2015-06-24,28.605350494384766,28.982706765889503,28.384296433445737,28.404391482827577,221123600
2015-06-25,28.46913719177246,28.848725006243843,28.46913719177246,28.772808124768485,127752400
2015-06-26,28.301671981811523,28.578547822431265,28.248083494105483,28.507095937640774,176267200
2015-06-29,27.80597496032715,28.23915298841273,27.794811614338297,28.01363227545043,196645600
2015-06-30,28.006933212280273,28.16100203350133,27.879659487133807,28.03819330592696,177482800
2015-07-01,28.26817512512207,28.34409370179107,28.131969720006097,28.33516200432724,120955200
2015-07-02,28.232454299926758,28.288276139840534,28.082850474261843,28.230220949336946,108844000
2015-07-06,28.13420867919922,28.185565523968155,27.87742786244942,27.897524611636374,112241600
2015-07-07,28.064985275268555,28.16769724345696,27.636272303574902,28.109642060203637,187787200
2015-07-08,27.36832618713379,27.83053086198302,27.361627840237674,27.794805777354732,243046400
2015-07-09,26.810115814208984,27.70103198892368,26.620321880745106,27.65414184325949,314380000
2015-07-10,27.52686309814453,27.654136814244254,27.064658370882672,27.22765887920902,245418000
2015-07-13,28.058286666870117,28.080615059129947,27.759080759237573,27.917614558893636,165762000
2015-07-14,28.04712677001953,28.216825648745473,27.919853036861934,28.1431404075628,127072400
2015-07-15,28.317304611206055,28.39098985323979,28.040428745332356,28.071688841307736,134596800
2015-07-16,28.69464874267578,28.708048842189182,28.435636369129387,28.522718276951153,144889600
2015-07-17,28.942502975463867,28.942502975463867,28.649997114750235,28.82192931492253,184658800
2015-07-20,29.489561080932617,29.690518327173155,29.18365510362248,29.24394364033243,235600800
2015-07-21,29.194822311401367,29.67935547360729,29.09881038203511,29.66372713010115,307025600
2015-07-22,27.960041046142578,28.02256122890645,27.238822186865725,27.238822186865725,461802400
2015-07-23,27.946640014648438,28.377582879483903,27.924309921228467,28.1788573135842,203998000
2015-07-24,27.799278259277344,28.076154127998937,27.665306174640925,27.98237383910819,168649200
2015-07-27,27.41298484802246,27.60054709170659,27.26784944586523,27.48443672572424,177822000
2015-07-28,27.549190521240234,27.667534238662494,27.363863329620226,27.549190521240234,134472400
2015-07-29,27.46211051940918,27.57598754415561,27.30134335589593,27.49783731287758,148046800
2015-07-30,27.32366943359375,27.368326215311846,27.176298987539383,27.31250438639071,134513200
2015-07-31,27.08475112915039,27.3839553040279,26.99766921535488,27.37502360728644,171540000
2015-08-03,26.44615364074707,27.368329760709486,26.240727989009937,27.129412370118644,279904000
2015-08-04,25.5976619720459,26.280920726034005,25.28729268813971,26.218400539858273,496554400
2015-08-05,25.767364501953125,26.22287097058106,25.03051545197168,25.220309388013096,397250400
2015-08-06,25.823436737060547,26.130725715606143,25.59689691360648,26.011848009757106,211612000
2015-08-07,25.910913467407227,26.07465181887954,25.682130178595333,25.700074435710377,154681600
2015-08-10,26.85296058654785,26.913520302057684,26.137449318951404,26.137449318951404,219806400
2015-08-11,25.455591201782227,26.507549851275787,25.41970439519699,26.42455893720568,388331200
2015-08-12,25.848098754882812,25.888472459762543,24.58978694926528,25.24025143399082,404870000
2015-08-13,25.82792091369629,26.108293477433204,25.691098965692007,26.027546042176308,194143200
2015-08-14,26.009607315063477,26.088111307342135,25.572226707183297,25.641758570164587,171718000
2015-08-17,26.278759002685547,26.388664562359022,25.90642343750448,26.02754458360224,163538800
2015-08-18,26.130720138549805,26.341560831476333,26.020814584501316,26.115019345114305,138242800
2015-08-19,25.79651641845703,26.13520520520476,25.7224976592639,26.041000445099755,193146000
2015-08-20,25.267175674438477,25.648481674930427,25.038390705136656,25.587921954384836,274006400
2015-08-21,23.72176170349121,25.098951562027775,23.697088781656007,24.769233162283008,513102000
2015-08-24,23.129610061645508,24.403622752777807,20.63541571949694,21.279151586799312,648825200
2015-08-25,23.268678665161133,24.921755869739176,23.214847613615213,24.921755869739176,414406400
2015-08-26,24.603254318237305,24.648113244948537,23.56251147495979,24.020078003441117,387098400
2015-08-27,25.32773208618164,25.39950738435373,24.677267483914413,25.172967615557567,338464400
2015-08-28,25.410724639892578,25.415209847647688,25.018203077879622,25.159510224151333,212657600
2015-08-31,25.291847229003906,25.688854003074386,25.121380241072895,25.128108908407583,224917200
2015-09-01,24.161388397216797,25.094467479451218,24.080640955039204,24.70643277628633,307383600
2015-09-02,25.197641372680664,25.197641372680664,24.4776448587597,24.724374075491905,247555200
2015-09-03,24.755781173706055,25.29633868870744,24.681762392214587,25.231292036299056,212935600
2015-09-04,24.509048461914062,24.7737202433098,24.33858316703833,24.441760070123664,199985200
2015-09-08,25.190916061401367,25.24699057971898,24.744563374745553,25.065309687972633,219374400
2015-09-09,24.706430435180664,25.57446278945002,24.6211960813706,25.51614652882644,340043200
2015-09-10,25.24923324584961,25.40848466751426,24.65035781974626,24.73334700904198,251571200
2015-09-11,25.61707878112793,25.61707878112793,25.067549271104706,25.07427793846086,199662000
2015-09-14,25.863811492919922,26.218202875992336,25.762878039722935,26.14867101762368,233453600
2015-09-15,26.081371307373047,26.137445807676567,25.664176888214204,26.002867349199704,173364800
2015-09-16,26.11053466796875,26.13969279601042,25.892965303615362,26.07464616152531,148694000
2015-09-17,25.552030563354492,26.12847641838841,25.50717164291733,25.94231035844189,256450400
2015-09-18,25.446611404418945,25.63726610331166,25.0922218094221,25.16848231997262,297141200
2015-09-21,25.84137725830078,25.877265766487003,25.493716319352583,25.49595806767053,200888000
2015-09-22,25.43539810180664,25.61035029936734,25.238014731218577,25.430911182697873,201384800
2015-09-23,25.64175796508789,25.7314775446858,25.412974662808935,25.48699173306296,143026800
2015-09-24,25.794273376464844,25.906422391145128,25.2043701752995,25.401751825083856,200878000
2015-09-25,25.729223251342773,26.17333404216788,25.574457084481946,26.117259542436617,224607600
2015-09-28,25.220077514648438,25.697831825132223,25.220077514648438,25.536336928276125,208436000
2015-09-29,24.461946487426758,25.460073906130113,24.1927894932025,25.30755115306745,293461600
2015-09-30,24.740081787109375,25.01821095951841,24.387933828985915,24.710921938111046,265892000
2015-10-01,24.57858657836914,24.587558707855127,24.069428925406434,24.46419406649622,255716400
2015-10-02,24.758018493652344,24.89932736235935,24.123256303717053,24.22643320282759,232079200
2015-10-05,24.847734451293945,24.980071173318276,24.464185041372186,24.645865890477733,208258800
2015-10-06,24.966615676879883,25.06306390790795,24.621196470669094,24.814092932725227,192787200
2015-10-07,24.847734451293945,25.069789012562733,24.540447258239688,25.063060345745207,187062400
2015-10-08,24.56063461303711,24.715400803406812,24.27128994512158,24.715400803406812,247918400
2015-10-09,25.148296356201172,25.184183152026744,24.55839142763354,24.67278390489033,211064400
2015-10-12,25.031661987304688,25.289605086536547,24.99577518923133,25.285119878499245,121868800
2015-10-13,25.07427406311035,25.22230985584071,24.825303141863056,24.856704725510646,132197200
2015-10-14,24.719892501831055,25.013722454604014,24.574098399850914,24.96213485177418,177849600
2015-10-15,25.08998680114746,25.143817868565886,24.782697773418832,24.88138948973493,150694000
2015-10-16,24.906063079833984,25.121389066481335,24.791670561182357,25.07204320701362,156930400
2015-10-19,25.060829162597656,25.065314371947483,24.69746559994444,24.852231847025056,119036800
2015-10-20,25.518386840820312,25.60810639760575,24.856708318136878,24.973342544077195,195871200
2015-10-21,25.516145706176758,25.92436807367214,25.50268666001744,25.569976757039264,167180800
2015-10-22,25.90641975402832,25.90641975402832,25.592402202636986,25.643991497092028,166616400
2015-10-23,26.709409713745117,26.743054760358998,26.092590133770575,26.175579309325563,237467600
2015-10-26,25.857078552246094,26.496327643150536,25.77633111852571,26.485113767569437,265335200
2015-10-27,25.693344116210938,26.13969678790186,25.56773603573498,25.883997129847085,279537600
2015-10-28,26.752023696899414,26.758754074856693,26.032027268696027,26.22716715926366,342205600
2015-10-29,27.03465461730957,27.070543141215992,26.527740340314928,26.624188609239674,204909200
2015-10-30,26.80362319946289,27.18941620885488,26.79240760985503,27.137826892420907,197461200
2015-11-02,27.180437088012695,27.22081080445379,26.828289226765772,27.095204447196274,128813200
2015-11-03,27.49220848083496,27.698562250318563,27.072770563752727,27.092958275581612,182076000
2015-11-04,27.364364624023438,27.772587044226565,27.279131973214778,27.61782082784864,179544400
2015-11-05,27.23820686340332,27.63691463095587,27.07151636392391,27.447696948409884,158210800
2015-11-06,27.26975440979004,27.438698042862917,27.170641980357402,27.281018006094968,132169200
2015-11-09,27.159378051757812,27.43869770715078,27.04224455710382,27.247228602394177,135485600
2015-11-10,26.303390502929688,26.59622675289473,26.143457440392293,26.332675159076057,236511600
2015-11-11,26.154726028442383,26.44981367862618,25.951993333491004,26.21329363333577,180872000
2015-11-12,26.066879272460938,26.314662949632865,26.051111267147732,26.188518907127232,130102400
2015-11-13,25.305498123168945,26.033082657183602,25.289730122423524,25.949736528338832,183249600
2015-11-16,25.719972610473633,25.733487547937305,25.003651708986375,25.089249177228126,152426800
2015-11-17,25.60959815979004,25.915949363767915,25.526252030363505,25.8866647060483,110467600
2015-11-18,26.420528411865234,26.465579354077473,26.01731612030753,26.07588372005007,186698800
2015-11-19,26.75615882873535,26.974659476924646,26.30113818914247,26.499364713164006,173183200
2015-11-20,26.873300552368164,27.012959518830655,26.771933344024283,26.850773360347215,137148400
2015-11-23,26.524150848388672,26.9701628035447,26.43179416913448,26.866542527791964,129930000
2015-11-24,26.7786865234375,26.884558122071645,26.38223344242789,26.42953744464211,171212800
2015-11-25,26.587223052978516,26.857533903611337,26.562444515372583,26.853027777546504,85553200
2015-11-27,26.53766441345215,26.672820690093285,26.490360404061132,26.645789091048368,52185600
2015-11-30,26.648042678833008,26.89807938952724,26.524149995666143,26.578211476237374,156721200
2015-12-01,26.431793212890625,26.76292300239936,26.323670252183778,26.749408061956874,139409600
2015-12-02,26.193017959594727,26.605240795250975,26.14796701607765,26.43179105368523,133546400
2015-12-03,25.94973373413086,26.307895024758317,25.72898174746501,26.253833559249966,166278000
2015-12-04,26.812471389770508,26.862028446783963,25.929460049514326,25.970006576290523,231108000
2015-12-07,26.643535614013672,26.999443928947482,26.537664000962682,26.80121736144958,128336800
2015-12-08,26.632272720336914,26.71561713872775,26.323668425837894,26.472337916140933,137238000
2015-12-09,26.04434585571289,26.51063012048139,25.922706258132,26.499366526441563,185445600
2015-12-10,26.168245315551758,26.341695096161008,26.01957579361326,26.138962367532404,116850800
2015-12-11,25.494726181030273,25.992546656088017,25.420390553717212,25.947495698156157,187544800
2015-12-14,25.33704376220703,25.382094715964918,24.731098638236222,25.269465612986476,257274800
2015-12-15,24.888778686523438,25.409126310744124,24.85724267518688,25.215404116200272,213292400
2015-12-16,25.080244064331055,25.226662219957333,24.508089819376277,25.01942511402226,224954000
2015-12-17,24.548633575439453,25.285226958728675,24.548633575439453,25.233416828828133,179091200
2015-12-18,23.88412094116211,24.670271389359083,23.834563874077595,24.53286550142011,385813200
2015-12-21,24.176963806152344,24.18597434067595,23.7805088800323,24.1657002083519,190362400
2015-12-22,24.154428482055664,24.264804477451136,23.978725708349995,24.192721949232027,131157600
2015-12-23,24.465286254882812,24.519347726245353,24.147671458638616,24.163439459393658,130629600
2015-12-24,24.334630966186523,24.553131586470567,24.316609906690704,24.553131586470567,54281600
2015-12-28,24.062074661254883,24.25804986349754,23.917909587852204,24.23552267442949,106816800
2015-12-29,24.49456214904785,24.649990767919025,24.071077594435508,24.093603057809506,123724800
2015-12-30,24.174705505371094,24.485561145461162,24.143169500662683,24.45853126633016,100855200
2015-12-31,23.710676193237305,24.109382410367616,23.611562045406348,24.104878003004163,163649200
2016-01-04,23.730945587158203,23.735451712532264,22.97633113383233,23.113738741825244,270597600
2016-01-05,23.136272430419922,23.843583130038468,23.06869599305702,23.8210576509175,223164000
2016-01-06,22.683494567871094,23.059676977036663,22.496531613200904,22.65195856498295,273829600
2016-01-07,21.72614860534668,22.555098693762698,21.72164419837296,22.2284750527924,324377600
2016-01-08,21.84103012084961,22.325335489351968,21.795979178070308,22.19919147470328,283192000
2016-01-11,22.194692611694336,22.314079195849445,21.926634774270234,22.29380678054033,198957600
2016-01-12,22.516813278198242,22.681252548217053,22.264523432791727,22.649716532364234,196616800
2016-01-13,21.93789291381836,22.793874642374632,21.91762050355392,22.597899416901196,249758400
2016-01-14,22.417688369750977,22.6339376871774,21.566212912248332,22.066286236453543,252680400
2016-01-15,21.87932014465332,22.00997026413208,21.48061403630687,21.669830028448768,319335600
2016-01-19,21.773448944091797,22.221712085453778,21.512148721093784,22.167650622227026,212350800
2016-01-20,21.80274200439453,22.118103837081524,21.04362123011172,21.422055085619366,289337600
2016-01-21,21.692365646362305,22.048272301143232,21.386014352653977,21.863560643341184,208646000
2016-01-22,22.845680236816406,22.85469076868208,22.15864393824545,22.217209817497473,263202000
2016-01-25,22.399669647216797,22.870458327659843,22.34785951963661,22.868205265091177,207178000
2016-01-26,22.523561477661133,22.724041089583306,22.091066250947,22.510046538883586,300308000
2016-01-27,21.043617248535156,21.76669574806189,21.02559618297217,21.633794256347503,533478800
2016-01-28,21.194543838500977,21.29140493610256,20.81160557463448,21.1269674076571,222715200
2016-01-29,21.92662239074707,21.92662239074707,21.25310116027118,21.35221527314038,257666000
2016-02-01,21.72164535522461,21.784717367715892,21.48962971559591,21.730655888235283,163774000
2016-02-02,21.282390594482422,21.63379275566783,21.237337933700136,21.49413208511767,149428800
2016-02-03,21.703622817993164,21.81399883237092,21.192287564028874,21.39952465347622,183857200
2016-02-04,21.878005981445312,22.04333743135985,21.558669520525868,21.71041097165715,185886800
2016-02-05,21.29369354248047,21.950487266896594,21.218956298789394,21.859894731130765,185672400
2016-02-08,21.51790428161621,21.674174589855877,21.071737596544722,21.092120004090088,216085600
2016-02-09,21.51338005065918,21.72853754079699,21.273311297699493,21.35484440774409,177324800
2016-02-10,21.35031509399414,21.821394929259718,21.311813825280545,21.724008249160672,169374400
2016-02-11,21.221223831176758,21.452234927010696,20.969830318132942,21.241607976295857,200298800
2016-02-12,21.286897659301758,21.402403176130246,21.0649477791782,21.332194787425067,161405600
2016-02-16,21.887075424194336,21.93463612193744,21.427320284768577,21.520176391435847,196231600
2016-02-17,22.222267150878906,22.242649566362235,21.77610029204698,21.893869391071842,179452800
2016-02-18,21.801008224487305,22.396651175658235,21.762505235441324,22.38532646219024,156084000
2016-02-19,21.751184463500977,21.91425067774679,21.69682963472199,21.742125037386337,141496800
2016-02-22,21.941421508789062,21.945952084619837,21.72400052243862,21.812327744146348,137123200
2016-02-23,21.445444107055664,21.85537335487408,21.41373696788239,21.83272564516595,127770400
2016-02-24,21.764772415161133,21.82818666911204,21.135156996778832,21.284634933584957,145022800
2016-02-25,21.91424560546875,21.91424560546875,21.572259692409883,21.753444716947833,110330800
2016-02-26,21.94822120666504,22.199612916119857,21.873482243576703,22.01389901650893,115964400
2016-02-29,21.898395538330078,22.2471756430575,21.88933611286731,21.93689680061531,140865200
2016-03-01,22.76807975769043,22.822434582820552,22.06372540771771,22.11581667240276,201628400
2016-03-02,22.817909240722656,22.84961637091377,22.56651575998669,22.763554407239177,132678400
2016-03-03,22.987764358520508,23.035325042947726,22.74995920847582,22.779402771151197,147822800
2016-03-04,23.32974624633789,23.497341256788854,22.95831853241505,23.184798930070844,184220400
2016-03-07,23.071563720703125,23.288984742123198,22.865465684869566,23.18933279267324,143315600
2016-03-08,22.881317138671875,23.04664860976079,22.738635092486373,22.82469703223038,126247600
2016-03-09,22.901710510253906,23.0058913407665,22.709200688399477,22.944740633522862,108806800
2016-03-10,22.913021087646484,23.155355040547636,22.68201184562909,22.967377626398576,134054400
2016-03-11,23.159889221191406,23.16441806950491,22.987763610832843,23.15535864496935,109632800
2016-03-14,23.218780517578125,23.307109503844107,23.051185428376535,23.080628999768237,100304400
2016-03-15,23.685333251953125,23.82122121869058,23.52000171168457,23.54491470717585,160270800
2016-03-16,24.000133514404297,24.077136037852313,23.687589388175116,23.692119964794824,153214000
2016-03-17,23.961631774902344,24.113373258371606,23.77138730256809,23.898215798851812,137682800
2016-03-18,23.98880958557129,24.120168665301076,23.82347981962583,24.08393096279268,176820800
2016-03-21,23.98655128479004,24.38062688248228,23.81216032706883,23.991080134642278,142010800
2016-03-22,24.16999626159668,24.299090061591315,23.828010264874134,23.83706969110818,129777600
2016-03-23,24.036375045776367,24.2492672705037,23.984285497965914,24.11564460377253,102814000
2016-03-24,23.932191848754883,24.06355094153387,23.755537351249522,23.88689644402851,104532000
2016-03-28,23.82347297668457,24.049953368582603,23.794029419876537,24.006921541191332,77645600
2016-03-29,24.387413024902344,24.412326010693874,23.753267123150128,23.75553241128806,124760400
2016-03-30,24.813199996948242,25.007973341395775,24.595778950848203,24.607103665628895,182404400
2016-03-31,24.684110641479492,24.890208737817986,24.659197646803207,24.849442176339448,103553600
2016-04-01,24.910587310791016,24.91285259938728,24.50518704750646,24.636546139546827,103496000
2016-04-04,25.166505813598633,25.408839802752272,24.973996067225556,25.007968477050717,149424800
2016-04-05,24.86982536315918,25.078188754894956,24.781498098539036,24.801882243864046,106314800
2016-04-06,25.130273818969727,25.134804396192514,24.73166769090215,24.964944036425578,105616400
2016-04-07,24.582189559936523,25.007972206572465,24.48706818056713,24.901526112936278,127207600
2016-04-08,24.6093692779541,24.86076101588604,24.4983926009516,24.66598939678476,94326800
2016-04-11,24.690906524658203,25.051011464475867,24.647876399103254,24.679583534947664,117630000
2016-04-12,25.01249885559082,25.02608712825009,24.609363972886182,24.763369004113997,108929200
2016-04-13,25.37486457824707,25.44280766245234,25.094029362133583,25.094029362133583,133029200
2016-04-14,25.388460159301758,25.454139702479686,25.214070958932584,25.279750502110513,101895600
2016-04-15,24.87887954711914,25.433757741234675,24.8517029962933,25.390725898548595,187756000
2016-04-18,24.342117309570312,24.675042089309276,24.219817670358456,24.661453816477476,243286000
2016-04-19,24.213024139404297,24.45988698420057,24.059017374461504,24.432708709948805,129539600
2016-04-20,24.262853622436523,24.48027467966977,24.020519573737165,24.15187866912047,122444000
2016-04-21,24.000133514404297,24.217554538615328,23.89821627536529,24.217554538615328,126210000
2016-04-22,23.934459686279297,24.115644780298073,23.694390905427163,23.78271816358631,134732400
2016-04-25,23.798568725585938,23.927662527208124,23.66947492396375,23.78044987288941,112126400
2016-04-26,23.63323402404785,23.848391482941093,23.533583803504545,23.533583803504545,224064800
2016-04-27,22.154321670532227,22.355889170290585,21.669653555617863,21.74212724398144,458408400
2016-04-28,21.477140426635742,22.167904728247734,21.345781357430408,22.106755770050007,328970800
2016-04-29,21.23027992248535,21.452231555372222,20.95170989694444,21.286900043048345,274126000
2016-05-02,21.207637786865234,21.3072897781457,20.926802398967762,21.282376780325585,192640400
2016-05-03,21.556411743164062,21.683240256607103,21.216691029662577,21.33446011672984,227325200
2016-05-04,21.332197189331055,21.719478606870442,21.248398788799193,21.56094123245143,164102000
2016-05-05,21.24560546875,21.43472914791066,21.118004788077215,21.418779062826562,143562000
2016-05-06,21.12712287902832,21.29345925989368,20.928884584268392,21.275231829934302,174799600
2016-05-09,21.143075942993164,21.366377202684173,21.097503015606634,21.190926212926954,131745600
2016-05-10,21.286619186401367,21.32079843518479,20.988124006445666,21.2661126801886,134747200
2016-05-11,21.079269409179688,21.320799769083546,21.067875746062786,21.30029326158782,114876400
2016-05-12,20.584815979003906,21.14079343395983,20.38657942691291,21.127122427175387,305258800
2016-05-13,20.625829696655273,20.887868323514734,20.50734358750293,20.50734358750293,177571200
2016-05-16,21.391433715820312,21.507642463277467,20.883308372958975,21.05192379387707,245039200
2016-05-17,21.302576065063477,21.5782857465761,21.193204520187564,21.54410822532073,187667600
2016-05-18,21.546384811401367,21.694493772549624,21.393719427055466,21.455242440014104,168249600
2016-05-19,21.46434783935547,21.564606499211887,21.32079708963908,21.564606499211887,121768400
2016-05-20,21.69676971435547,21.744619973939777,21.537267110645395,21.564610861163164,128104000
2016-05-23,21.972482681274414,22.145656317313065,21.799309045235763,21.844881969682415,152074400
2016-05-24,22.307430267333984,22.350722360838052,22.065898179024362,22.152485842890183,140560800
2016-05-25,22.69935417175293,22.726696187300238,22.355285989205374,22.48288669757087,152675200
2016-05-26,22.879365921020508,22.952280868191863,22.47605376133093,22.7130277742452,225324800
2016-05-27,22.865692138671875,22.893035894534986,22.6150471277629,22.658340973272143,145364800
2016-05-31,22.754032135009766,22.877076378047455,22.51705823046629,22.694788224266727,169228800
2016-06-01,22.435035705566406,22.681124268100326,22.40541461020609,22.56263640980064,116693200
2016-06-02,22.266416549682617,22.29375855981205,22.018048947623726,22.23907280112426,160766400
2016-06-03,22.311994552612305,22.391745003940326,22.204900344359192,22.282373453098884,114019600
2016-06-06,22.473773956298828,23.21659615184701,22.227687104041692,22.327944066654076,93170000
2016-06-07,22.564908981323242,22.75631172089091,22.548958897894998,22.615038311648792,89638000
2016-06-08,22.54441261291504,22.685684347248632,22.485168674217036,22.562640046151007,83392400
2016-06-09,22.706186294555664,22.783657644976127,22.435033091226014,22.44414767452766,106405600
2016-06-10,22.51934814453125,22.63783428459242,22.439597690794933,22.450989619368972,126851600
2016-06-13,22.179826736450195,22.58541781123821,22.125140983051885,22.48743822808399,152082000
2016-06-14,22.207176208496094,22.43959376261823,22.045396248257337,22.17527603258587,127727600
2016-06-15,22.134260177612305,22.423642565608542,22.109195506575492,22.289204626553907,117780800
2016-06-16,22.22768783569336,22.27325902579635,21.89045511827106,21.97704107483852,125307200
2016-06-17,21.721845626831055,22.022620084480288,21.715010120271064,22.015784577920297,244032800
2016-06-20,21.66942596435547,22.004379519882672,21.653475877826985,21.874499747171008,137647600
2016-06-21,21.853994369506836,21.954251316406683,21.573726562077685,21.63297048872019,142185600
2016-06-22,21.771963119506836,22.077293835540676,21.7263902032435,21.931463980356007,116876400
2016-06-23,21.897287368774414,21.940581209838957,21.703607231975436,21.860830769795754,128960800
2016-06-24,21.28206443786621,21.569167716421042,21.111169918940778,21.17041383892837,301245600
2016-06-27,20.972171783447266,21.202310180795983,20.84912754343197,21.190916519553806,181958400
2016-06-28,21.325359344482422,21.34131117057632,20.994963926386347,21.168137548481333,161779600
2016-06-29,21.509929656982422,21.544108917765705,21.334476929561966,21.411950036566033,146124000
2016-06-30,21.78335189819336,21.82208756760016,21.48713580819995,21.519035975761877,143345600
2016-07-01,21.849435806274414,21.981594663880156,21.72183510978838,21.758291706600488,104106000
2016-07-05,21.644363403320312,21.737786589539503,21.52359820234758,21.735507508833635,110820800
2016-07-06,21.76740264892578,21.79702547596092,21.503086716361018,21.555493391466726,123796400
2016-07-07,21.8608341217041,21.988434845338166,21.787919174137567,21.806146607207094,100558400
2016-07-08,22.02944564819336,22.07729591094634,21.88589485993442,21.986151808280546,115648400
2016-07-11,22.097803115844727,22.250468481000865,22.04083827167341,22.04539469429832,95179600
2016-07-12,22.198055267333984,22.261855600883973,22.129698512142728,22.14109043546025,96670000
2016-07-13,22.072738647460938,22.255025107420934,22.06590140581734,22.19578292060921,103568800
2016-07-14,22.51023292541504,22.55580411528833,22.175279290715043,22.191229381013642,155676000
2016-07-15,22.507953643798828,22.626441517900535,22.444153283173037,22.539853824111724,120548000
2016-07-18,22.747203826904297,22.81556060236729,22.46693600606127,22.48972159788227,145975600
2016-07-19,22.756317138671875,22.78593823253969,22.63555020575895,22.685679548019195,95119600
2016-07-20,22.77683448791504,22.890764233295826,22.7267051217987,22.785949076157095,105104000
2016-07-21,22.656063079833984,23.01380231358722,22.58770455580797,22.74720719905884,130808000
2016-07-22,22.480607986450195,22.62643785525426,22.400855810148364,22.61732327115036,113254800
2016-07-25,22.179826736450195,22.521615737439962,22.084126233395963,22.38717956482979,161531600
2016-07-26,22.027164459228516,22.323382329932556,21.97019961781843,22.061343711760365,224959200
2016-07-27,23.458120346069336,23.777123796795603,23.41254916957799,23.758894630827488,369379200
2016-07-28,23.77484893798828,23.799913611037777,23.428503415240453,23.43078249599839,159479200
2016-07-29,23.74522590637207,23.822698999963638,23.62446071248406,23.740669483656855,110934800
2016-08-01,24.16448974609375,24.18727533810684,23.79080047410553,23.79080047410553,152671600
2016-08-02,23.806751251220703,24.169046868471003,23.697377972592157,24.16449044530824,135266400
2016-08-03,24.105239868164062,24.11663179214504,23.872822367063407,23.881936949305473,120810400
2016-08-04,24.254154205322266,24.28393576146537,24.11898799361885,24.187716812837056,109634800
2016-08-05,24.623003005981445,24.66194853346762,24.32518035942909,24.345797962975762,162213600
2016-08-08,24.826892852783203,24.826892852783203,24.54968959670858,24.632161747114207,112148800
2016-08-09,24.927692413330078,24.957475721883466,24.74441844707523,24.794819355845505,105260800
2016-08-10,24.742124557495117,24.94830927837689,24.687142547875503,24.90478090734447,96034000
2016-08-11,24.72608757019043,24.95518131150681,24.70775965140195,24.861252038600757,109938000
2016-08-12,24.783355712890625,24.842920562309494,24.691717886364554,24.691717886364554,74641600
2016-08-15,25.081180572509766,25.094925636036056,24.760449023407794,24.774194086934088,103472800
2016-08-16,25.05826759338379,25.252998631350042,25.01932208492901,25.115541016821822,135177600
2016-08-17,25.021621704101562,25.055986118985572,24.820018068966988,24.99412982262501,101424000
2016-08-18,24.989551544189453,25.10867954837522,24.97580472797217,25.02391596296223,87938800
2016-08-19,25.053695678710938,25.129297044864174,24.824601900923053,24.918529440935743,101472400
2016-08-22,24.858964920043945,24.994129402375847,24.707762196235322,24.93914738819395,103280800
2016-08-23,24.936859130859375,25.044533493710123,24.863549186682878,24.877294255013805,85030800
2016-08-24,24.748992919921875,24.913940668833003,24.668810471936265,24.87270373160522,94700400
2016-08-25,24.64360809326172,24.714626577648865,24.439714849569597,24.602371159265214,100344800
2016-08-26,24.499286651611328,24.730670085075193,24.354956467736542,24.60696099582057,111065200
2016-08-29,24.4717960357666,24.613834800036564,24.350376619335105,24.425977981664925,99881200
2016-08-30,24.283939361572266,24.398486245353265,24.169392477791263,24.23812130719856,99455600
2016-08-31,24.306852340698242,24.41452670861414,24.2014694002276,24.20605225511812,118649600
2016-09-01,24.4511775970459,24.46721409021607,24.196883385456967,24.316011370743013,106806000
2016-09-02,24.680267333984375,24.74212186960598,24.47179120889458,24.673393054162965,107210000
2016-09-06,24.673398971557617,24.810856635409966,24.629872342661386,24.719218775457332,107521600
2016-09-07,24.82459831237793,24.916236159815647,24.529067172010745,24.70317890735775,169457200
2016-09-08,24.17397117614746,24.574885229446362,24.109825207275087,24.570304123604007,212008000
2016-09-09,23.62643814086914,24.21979187060213,23.62643814086914,23.972370197635943,186228000
2016-09-12,24.1556453704834,24.219791340326505,23.488981724228417,23.51647360323829,181171200
2016-09-13,24.730670928955078,24.923110598072498,24.568014567543866,24.629870862128524,248704800
2016-09-14,25.605806350708008,25.894464950249958,24.879579620064657,24.909362924653756,443554800
2016-09-15,26.476364135742188,26.51301997404146,25.99984872493112,26.08461404011325,359934400
2016-09-16,26.32745361328125,26.604656844016898,26.125851740340764,26.37327341248133,319547600
2016-09-19,26.020469665527344,26.616113091620228,25.944868305287013,26.389310758745914,188092000
2016-09-20,26.018178939819336,26.144181210282788,25.775340107122563,25.899050950528483,138057200
2016-09-21,26.013595581054688,26.11439564085053,25.759301382936105,26.082322656209136,144012800
2016-09-22,26.258726119995117,26.332036049706506,26.116687366496414,26.196869829017217,124296000
2016-09-23,25.82115364074707,26.297669010181558,25.555405827538955,26.212903702359732,209924800
2016-09-26,25.8601016998291,25.9769400009538,25.55540834270667,25.57602594110401,119477600
2016-09-27,25.90821647644043,25.928835826901764,25.736396129932732,25.88759887382604,98429600
2016-09-28,26.105236053466797,26.263311324136268,25.986108054539123,26.045672927926393,118564400
2016-09-29,25.699737548828125,26.07087006177409,25.61268255100721,25.92425019815642,143548000
2016-09-30,25.8990478515625,25.972357778011098,25.61268067827166,25.763881636889035,145516400
2016-10-03,25.777629852294922,25.899051016800733,25.722647837700507,25.821158227265812,86807200
2016-10-04,25.88759422302246,26.187706481695248,25.802828904748836,25.9013392889627,118947200
2016-10-05,25.8990478515625,26.038795171956153,25.81657396582702,25.979230310514634,85812400
2016-10-06,26.091493606567383,26.194585120843946,25.91738182340201,26.04796522381428,115117200
2016-10-07,26.13042640686035,26.244973254862153,26.00442592276608,26.187699830861252,97433600
2016-10-10,26.58633041381836,26.74669533984366,26.28163530652368,26.350362382885976,144944000
2016-10-11,26.643604278564453,27.19113821057531,26.620693504896412,26.96433413575745,256164000
2016-10-12,26.881858825683594,27.028480428464434,26.74669435697869,26.88415025249878,150347200
2016-10-13,26.79939079284668,26.904773720487054,26.510732144533684,26.7558624159214,140769600
2016-10-14,26.948299407958984,27.072010252913373,26.833752523502707,27.00557285018712,142608800
2016-10-17,26.929977416992188,26.996413082189044,26.753574208740204,26.87957650034876,94499600
2016-10-18,26.91164207458496,27.081170953777765,26.907059220964147,27.07429842119308,98214000
2016-10-19,26.831459045410156,26.978078896927713,26.0708679102204,26.861240601927424,80138400
2016-10-20,26.817710876464844,26.891020798516205,26.650473436088184,26.77189283062515,96503200
2016-10-21,26.712326049804688,26.78334628794399,26.639016133030722,26.760435518827016,92770800
2016-10-24,26.952877044677734,26.973494640922336,26.803965774141002,26.826874797028253,94154800
2016-10-25,27.090330123901367,27.11553057082107,26.874981485804383,27.021601314511965,192516000
2016-10-26,26.480947494506836,26.506147948519903,25.95861398923006,26.187707754551223,264536800
2016-10-27,26.22665023803711,26.542798947275006,26.139593504476434,26.43512461756348,138248000
2016-10-28,26.05254364013672,26.393892865891907,25.990687343831727,26.086908054989856,151446800
2016-10-31,26.01130485534668,26.16938010380211,25.9334120706561,26.03650530793658,105677600
2016-11-01,25.541658401489258,26.063991804417213,25.32172863961677,25.99297331039435,175303200
2016-11-02,25.5645694732666,25.7386812041485,25.48209733531888,25.521042851431016,113326800
2016-11-03,25.29054832458496,25.665887700158493,25.22607302147493,25.55535911106137,107730400
2016-11-04,25.06258201599121,25.387263508213586,24.89448592624151,24.99119888939781,123348000
2016-11-07,25.424102783203125,25.447129423904983,25.205345304485295,25.34811328774893,130240000
2016-11-08,25.573789596557617,25.725768663357414,25.26062220753466,25.401087069823824,97016800
2016-11-09,25.532331466674805,25.633650807028452,24.88066884225742,25.302061516285825,236705600
2016-11-10,24.820796966552734,25.580686712107354,24.36946809636885,25.580686712107354,228538000
2016-11-11,24.968170166015625,25.069489503833324,24.53526330257498,24.6665171007387,136575600
2016-11-14,24.34183692932129,24.82540348737254,23.96649753208758,24.802376843050165,204702000
2016-11-15,24.664215087890625,24.795468892325932,24.445459332771897,24.539869101032913,129058000
2016-11-16,25.327388763427734,25.382654810784636,24.54677385191776,24.569800493239743,235362000
2016-11-17,25.318180084228516,25.41028841480842,25.06027886678912,25.28594243204859,110528000
2016-11-18,25.343507766723633,25.454038105396624,25.251401200786297,25.26521683431287,113715600
2016-11-21,25.728063583374023,25.787932508481216,25.331998968318366,25.35732880464079,117058400
2016-11-22,25.74418067932129,25.88694692155281,25.652072349507886,25.77871976578358,103862000
2016-11-23,25.612932205200195,25.677407522427835,25.405688859239472,25.642866671964274,109705600
2016-11-25,25.74188232421875,25.76030434500653,25.548454619588256,25.589903287950463,45903600
2016-11-28,25.69121551513672,25.898458799429562,25.649766858278152,25.658977866115624,108776000
2016-11-29,25.6658878326416,25.797141630884603,25.345812749964455,25.509304199928877,114115200
2016-11-30,25.44943618774414,25.836289805737298,25.39186869552385,25.69812817577269,144649200
2016-12-01,25.212257385253906,25.54614988077354,25.106333414654,25.414896074071443,148347600
2016-12-02,25.306671142578125,25.35042124412152,25.064886960952965,25.13857328424874,106112000
2016-12-05,25.124753952026367,25.336601880738346,24.926721657893783,25.32969406344865,137298000
2016-12-06,25.318180084228516,25.412591606198497,25.143176188629006,25.214559310338796,104782000
2016-12-07,25.566875457763672,25.603719497634987,25.136271721895906,25.159298368405217,119994800
2016-12-08,25.81787109375,25.889254226207107,25.467859736213335,25.52773042362734,108273200
2016-12-09,26.23926544189453,26.411967939555495,25.861622787554868,25.861622787554868,137610400
2016-12-12,26.08959197998047,26.481050281412198,25.903072083360275,26.087288788046205,105497600
2016-12-13,26.524803161621094,26.692899286036468,26.193213783194057,26.213937240935365,174935200
2016-12-14,26.524803161621094,26.757374608103778,26.47644667007061,26.490262308564816,136127200
2016-12-15,26.669870376586914,26.87941691237197,26.53401192471621,26.568551018025296,186098000
2016-12-16,26.704402923583984,26.8264457001846,26.630716619401344,26.819537883670613,177404400
2016-12-19,26.858686447143555,27.02908571582107,26.653746335091068,26.66526053515615,111117600
2016-12-20,26.930076599121094,27.056725805620374,26.867904470271,26.88172010849975,85700000
2016-12-21,26.955402374267578,27.03369507833526,26.89092706316505,26.895533446426928,95132800
2016-12-22,26.77809715270996,26.828756831231956,26.628421308936957,26.791912789826654,104343600
2016-12-23,26.8310546875,26.8310546875,26.61690355665161,26.61690355665161,56998000
2016-12-27,27.001455307006836,27.125801293026985,26.82414645854798,26.831054276079044,73187600
2016-12-28,26.886320114135742,27.17645898903331,26.757367746249844,27.06132401291895,83623600
2016-12-29,26.879413604736328,26.96691555838618,26.803424095165973,26.81493653924547,60158000
2016-12-30,26.669870376586914,26.987642332774787,26.580065220342068,26.86099489139338,122345200
2017-01-03,26.74585723876953,26.78730590344384,26.42578212254811,26.665263101019615,115127600
2017-01-04,26.71592140197754,26.828754953267687,26.653749282483766,26.67677592833996,84472400
2017-01-05,26.851776123046875,26.909343604357442,26.667559480125014,26.692889312447274,88774400
2017-01-06,27.151138305664062,27.20870580940079,26.81954892195786,26.890932064408748,127007600
2017-01-09,27.399818420410156,27.50113775157672,27.158036048517403,27.160337482901994,134247600
2017-01-10,27.427459716796875,27.489631843515262,27.240941579821033,27.349167003603366,97848400
2017-01-11,27.5748291015625,27.61627776672702,27.310018282834758,27.342255938316,110354400
2017-01-12,27.45969009399414,27.471204293616978,27.22020914776478,27.379095967094887,108344800
2017-01-13,27.411334991455078,27.544891983763733,27.3583721300843,27.427453817642654,104447600
2017-01-17,27.63239097595215,27.687655265994422,27.222510790900074,27.25014205751116,137759200
2017-01-18,27.630098342895508,27.74753654132879,27.565623020405322,27.632401534933237,94852000
2017-01-19,27.58173370361328,27.653116824309897,27.487323939803588,27.494231757055484,102389200
2017-01-20,27.63239097595215,27.736011739383926,27.5702188692571,27.736011739383926,130391600
2017-01-23,27.65081787109375,27.818913962042,27.57943298717096,27.632395852222036,88200800
2017-01-24,27.6254825592041,27.65541701632256,27.51725541580804,27.528769614525945,92844000
2017-01-25,28.06529998779297,28.115959656285376,27.69686843078487,27.72910608222181,129510400
2017-01-26,28.079118728637695,28.194253705538035,28.00082603079889,28.016944857292128,105350400
2017-01-27,28.0814208984375,28.173529233733234,28.00082676386137,28.125172752987556,82251600
2017-01-30,28.00773048400879,28.00773048400879,27.78437013138144,27.846542238438513,121510000
2017-01-31,27.94326400756836,27.95247501834034,27.77516789223655,27.897210710529123,196804000
2017-02-01,29.647253036499023,30.047923973514425,29.246583856303737,29.251188481832827,447940000
2017-02-02,29.596599578857422,29.794631897723733,29.423897097763813,29.469952146814403,134841600
2017-02-03,29.723243713378906,29.74857354684435,29.51139579423172,29.545934879120793,98029200
2017-02-06,30.001873016357422,30.050231256335138,29.68179789677811,29.734762520001542,107383600
2017-02-07,30.287410736083984,30.416361365033605,30.03871873154924,30.05944218685019,152735200
2017-02-08,30.40484619140625,30.446296614324577,30.216026637519,30.245962858868847,92016400
2017-02-09,30.624549865722656,30.631487632866527,30.323900350281978,30.446472274989613,113399600
2017-02-10,30.555164337158203,30.744806022559064,30.538977392406924,30.633798235107353,80262000
2017-02-13,30.825742721557617,30.948318137566364,30.70085942237427,30.777178366437063,92141600
2017-02-14,31.225854873657227,31.24204182379985,30.816508889442268,30.867388210819275,132904800
2017-02-15,31.33916664123535,31.514932810960097,31.133337991590007,31.341481582757584,142492400
2017-02-16,31.302173614501953,31.429368388089166,31.18422449363915,31.376177653923147,90338400
2017-02-17,31.38774299621582,31.41318265769598,31.24435773816867,31.24435773816867,88792800
2017-02-21,31.6143856048584,31.625949729181603,31.44787209545506,31.505689188195795,98028800
2017-02-22,31.709205627441406,31.7115170406935,31.477937262724854,31.55194130441905,83347600
2017-02-23,31.5750732421875,31.794777508567016,31.521882500172072,31.771652786718207,83152800
2017-02-24,31.605133056640625,31.605133056640625,31.2859816094627,31.431681796891738,87106400
2017-02-27,31.667560577392578,31.785509646346615,31.517237622650356,31.716128463821924,81029600
2017-02-28,31.681453704833984,31.78552376039554,31.61438390469147,31.702267010171276,93931600
2017-03-01,32.329002380371094,32.41225913083941,31.822527637970225,31.88959390943423,145658400
2017-03-02,32.137046813964844,32.442319156734115,32.09079032756467,32.377564310423224,104844000
2017-03-03,32.32667922973633,32.33824334927274,32.05146941758944,32.09541095450349,84432400
2017-03-06,32.22493362426758,32.324380857751315,32.05379729003433,32.231871393013506,87000000
2017-03-07,32.26655960083008,32.37294106045336,32.097731172803236,32.160174612332,69785200
2017-03-08,32.146297454833984,32.331312822219466,32.10467084983143,32.1347333327084,74828800
2017-03-09,32.072296142578125,32.097735804659074,31.695331095765436,32.08617520915662,88623600
2017-03-10,32.17866516113281,32.229544460019554,32.063031032549056,32.20410481057618,78451200
2017-03-13,32.19255828857422,32.24574902871251,32.104678702449114,32.11161647164648,69686800
2017-03-14,32.14398193359375,32.296616327969346,32.109289571651075,32.215674541184775,61236400
2017-03-15,32.483943939208984,32.55101018724552,32.153228466057726,32.24111154109597,102767200
2017-03-16,32.537147521972656,32.613466507495595,32.43770028791237,32.54408529075881,76928000
2017-03-17,32.3752555847168,32.60883533337657,32.352127339597125,32.60883533337657,175540000
2017-03-20,32.71522521972656,32.72447440183468,32.43076258342925,32.470077782920484,86168000
2017-03-21,32.3405647277832,33.02512058613141,32.31512506851309,32.865544862425665,158119600
2017-03-22,32.70595932006836,32.747589444955736,32.322053133198985,32.342869960079604,103440800
2017-03-23,32.59032440185547,32.742962308001125,32.51863180229808,32.66895476724913,81385200
2017-03-24,32.52558135986328,32.779977962334236,32.45851508950733,32.72447228664738,89582400
2017-03-27,32.58108139038086,32.65971177065704,32.058412739296315,32.23649033017133,94300400
2017-03-28,33.256385803222656,33.31188794268025,32.5209506955383,32.58802048588234,133499200
2017-03-29,33.33039474487305,33.41596643727402,33.115316865024205,33.22863610236925,116760000
2017-03-30,33.28645324707031,33.41827790567941,33.187009546470556,33.34658527894468,84829200
2017-03-31,33.22400665283203,33.36508046474853,33.073680132236916,33.237882186975554,78646800
2017-04-03,33.23325729370117,33.33038956585056,33.082934295371665,33.2355722354098,79942800
2017-04-04,33.480716705322266,33.50846777533685,33.11068597037959,33.129187860014184,79565600
2017-04-05,33.30725860595703,33.640285493099675,33.25869071455128,33.3535115560882,110871600
2017-04-06,33.22400665283203,33.42289754292948,33.1754387544553,33.36970329021344,84596000
2017-04-07,33.15000915527344,33.344273749963605,33.13382220348699,33.24020368344212,66688800
2017-04-10,33.110694885253906,33.27489699442483,33.048251432033915,33.21014212770616,75733600
2017-04-11,32.7545280456543,33.15230977466501,32.39143514753885,33.05748893171937,121517600
2017-04-12,32.79384994506836,32.87479174335535,32.61114598794621,32.74759698477941,81400000
2017-04-13,32.62040328979492,32.92799063588841,32.62040328979492,32.81929422302548,71291600
2017-04-17,32.800777435302734,32.81234155397029,32.57875835505578,32.71983213350341,66328400
2017-04-18,32.65509033203125,32.849354899207185,32.6342770274499,32.70365823826272,58790000
2017-04-19,32.53483200073242,32.840107937390805,32.481641264693536,32.81235686274012,69313600
2017-04-20,32.94186019897461,33.052868004939796,32.645837030484415,32.65971256512075,93278400
2017-04-21,32.90254592895508,32.997363261249184,32.8054136549071,32.941861121150126,69283600
2017-04-24,33.21937942504883,33.29107203548828,33.112994451288344,33.187002003273776,68537200
2017-04-25,33.42521286010742,33.51078101657076,33.272574908950006,33.28182761870944,75486000
2017-04-26,33.2286376953125,33.44140770104317,33.15926000743867,33.411341683714326,80164800
2017-04-27,33.254058837890625,33.33963048673875,33.14305107023772,33.28412483847564,56985200
2017-04-28,33.2216911315918,33.3720176495641,33.13381157392462,33.32344975203475,83441600
2017-05-01,33.89931106567383,34.042696296088565,33.52465751323557,33.55703493716388,134411600
2017-05-02,34.11439895629883,34.248535046033865,33.95944955838308,34.1213367256924,181408800
2017-05-03,34.010318756103516,34.10976596924904,33.36508169256447,33.67035404157906,182788000
2017-05-04,33.88774108886719,34.02881488208259,33.721227643469526,33.88542967644114,93487600
2017-05-05,34.44973373413086,34.45435656017521,33.94094055926449,33.94094055926449,109310800
2017-05-08,35.38636779785156,35.54594351871682,34.46592078324636,34.46592078324636,195009600
2017-05-09,35.61301040649414,35.81883907325609,35.488123535633214,35.58525580803918,156521600
2017-05-10,35.44418716430664,35.60145148226307,35.178229964999915,35.52975885613039,103222800
2017-05-11,35.75071716308594,35.778586322509284,35.36987172307813,35.40238278953829,109020400
2017-05-12,36.249996185302734,36.32430567087355,35.91791559499993,35.92488199853969,130108000
2017-05-15,36.15709686279297,36.37770786054635,36.00615342839315,36.229085378997176,104038800
2017-05-16,36.10369110107422,36.240701748573535,35.92952394269511,36.21283613713365,80194000
2017-05-17,34.89148712158203,35.89469164682741,34.766088327646294,35.669435173615554,203070800
2017-05-18,35.423282623291016,35.60906166779874,35.09585099942377,35.12836206645458,134272800
2017-05-19,35.544029235839844,35.75767383492193,35.44417511011823,35.61834224948902,107843200
2017-05-22,35.760005950927734,35.897016612667926,35.509204791580785,35.76232690430899,91865600
2017-05-23,35.71588897705078,35.97133208567546,35.60209846050506,35.97133208567546,79675600
2017-05-24,35.609046936035156,35.80179230492048,35.45345806936752,35.72515834788614,76712000
2017-05-25,35.73214340209961,35.8436129669423,35.5370769787863,35.69963233154739,76942400
2017-05-26,35.67177200317383,35.81807361407988,35.60210440067374,35.76233882339152,87710400
2017-05-30,35.68568420410156,35.86217229085212,35.606729287142585,35.627628492789476,80507600
2017-05-31,35.4743766784668,35.8018118894274,35.38613436672782,35.755368007968826,97804800
2017-06-01,35.57190704345703,35.606742609341595,35.348975012935064,35.569586089774354,65616400
2017-06-02,36.09904861450195,36.09904861450195,35.504558565386986,35.6647929311988,111082800
2017-06-05,35.74606704711914,35.86682393968477,35.636925550951005,35.841279280554346,101326800
2017-06-06,35.866825103759766,36.18264837987697,35.71123619071204,35.73910180396234,106499600
2017-06-07,36.080467224121094,36.22212332066588,35.87378900556623,35.99919134332844,84278400
2017-06-08,35.992225646972656,36.11994539693089,35.85521145399643,36.05260232047,85003200
2017-06-09,34.5965690612793,36.03867492991036,33.90919121369438,36.03867492991036,259530800
2017-06-12,33.76984786987305,33.92543676083212,33.094078496969885,33.84416088591062,289229200
2017-06-13,34.04156494140625,34.24127684097852,33.70716329156977,34.1739337375671,136661600
2017-06-14,33.709476470947266,34.25287719776067,33.40294054703805,34.25287719776067,126124800
2017-06-15,33.50745391845703,33.55157685383752,33.024433213875035,33.28220087643953,128661600
2017-06-16,33.03835678100586,33.55621291549686,33.022099475281784,33.389012124760995,201444400
2017-06-19,33.98350143432617,34.07639272886052,33.3611457064286,33.3611457064286,130165600
2017-06-20,33.67464065551758,34.10657538102148,33.6583868954916,34.10657538102148,99600400
2017-06-21,33.87434768676758,33.920795093838045,33.581748156797836,33.79307181127359,85063200
2017-06-22,33.81862258911133,34.06709925340334,33.70018664045973,33.851133653881504,76425200
2017-06-23,33.969566345214844,34.17392363602884,33.6978659708955,33.702511421170456,141757600
2017-06-26,33.86273956298828,34.43400582129584,33.76056093637986,34.17623830178447,102769600
2017-06-27,33.37739944458008,33.94170298522307,33.35185478153137,33.67464449999742,99047600
2017-06-28,33.86507034301758,33.93009248001126,33.24503554447308,33.55389246691343,88329600
2017-06-29,33.36578369140625,33.702509722280126,33.04067305735441,33.604976532064576,125997600
2017-06-30,33.444740295410156,33.66303037038063,33.38900552836239,33.544594433334126,92096400
2017-07-03,33.32398986816406,33.741991843491185,33.2311021151761,33.64445863982163,57111200
2017-07-05,33.460994720458984,33.62355003161704,33.142850501232495,33.36810698363725,86278400
2017-07-06,33.14518356323242,33.32399624255115,33.07087405531587,33.212530208955656,96515200
2017-07-07,33.48188781738281,33.614256538801015,33.18464286168929,33.18464286168929,76806800
2017-07-10,33.68625259399414,33.89293082888166,33.29379533435106,33.46564155235199,84362400
2017-07-11,33.7953987121582,33.86971174179813,33.528343791700344,33.609619681498685,79127200
2017-07-12,33.84416961669922,33.94634472494956,33.63052495563669,33.874356186742034,99538000
2017-07-13,34.31557083129883,34.48277156333714,33.7744911767081,33.78842398047139,100797600
2017-07-14,34.610496520996094,34.677843140609845,34.213397380007194,34.36201988166245,80528400
2017-07-17,34.73124694824219,35.04242469951747,34.501348607324154,34.55940431659667,95174000
2017-07-18,34.85200881958008,34.86362067178961,34.52457372184604,34.647651559699575,71475200
2017-07-19,35.07029724121094,35.16318496765457,34.82181708064278,34.94489491272844,83692000
2017-07-20,34.91238784790039,35.23750201452352,34.877555832359356,35.18176724621783,68974800
2017-07-21,34.89612579345703,34.935603249499536,34.573336200225555,34.831103684276535,105010400
2017-07-24,35.318782806396484,35.400062245206634,34.81021404818792,34.96812747527722,85972800
2017-07-25,35.46971893310547,35.72516193878997,35.251428889934004,35.251428889934004,75415600
2017-07-26,35.63692855834961,35.74607006372819,35.544037270290794,35.611383897063476,63124000
2017-07-27,34.96348571777344,35.760012254548435,34.20644019952135,35.704277472611,129905200
2017-07-28,34.71731948852539,34.88684119353029,34.64533096489755,34.80788626719265,68854800
2017-07-31,34.53850173950195,34.910059698064146,34.39917016262061,34.81020203503184,79383600
2017-08-01,34.84505081176758,34.88452828403903,34.464205354244626,34.62443974039623,141474400
2017-08-02,36.49149703979492,37.097598795658755,36.26391964810976,36.98845377707275,279747200
2017-08-03,36.126914978027344,36.50776035775641,35.999191685920664,36.47060384669994,108389200
2017-08-04,36.31734085083008,36.55188471492229,36.154785522081,36.243031362019245,82239600
2017-08-07,36.87931823730469,36.90486289808057,36.38236137229772,36.472928161695805,87481200
2017-08-08,37.174251556396484,37.58064173305547,36.75392856920262,36.83056257058554,144823600
2017-08-09,37.401817321777344,37.45058568678089,36.94898340434453,36.983815419747046,104526000
2017-08-10,36.21050262451172,37.301571894907305,36.04963902653811,37.278256989530945,163217200
2017-08-11,36.714073181152344,36.968192857393895,36.385355764156465,36.50891694333438,105028400
2017-08-14,37.26660919189453,37.35053788468499,37.01015942021377,37.14304799936353,88490800
2017-08-15,37.67460250854492,37.81448131875585,37.33422397805453,37.455455126122445,117862000
2017-08-16,37.523048400878906,37.88673814928685,37.336539834236234,37.75385315230165,110686400
2017-08-17,36.80266571044922,37.46710142244014,36.798002017624476,37.422805233993365,111762400
2017-08-18,36.71873474121094,37.185004388718376,36.53688986327145,36.80266342005648,109712400
2017-08-21,36.6511344909668,36.80966449509237,36.16154984085042,36.71874203805428,105474000
2017-08-22,37.25028610229492,37.301576053957554,36.83997004634937,36.88892637280111,86418400
2017-08-23,37.29690170288086,37.41113902754948,37.04045557520558,37.0847517532884,77596400
2017-08-24,37.13139343261719,37.474101991719,36.96353603398136,37.40182719054739,79275600
2017-08-25,37.26893615722656,37.4321298359122,37.13138745357405,37.21997627494317,101920400
2017-08-28,37.644287109375,37.76784830380516,37.28525742350356,37.334217310615394,103864000
2017-08-29,37.97999954223633,38.028955868971686,37.3015762700593,37.3248911781703,118067600
2017-08-30,38.08257293701172,38.20846417016917,37.91005189560232,38.18748289086875,109078400
2017-08-31,38.2341194152832,38.355350546074234,38.11288828449217,38.15019071817493,107140400
2017-09-01,38.24576187133789,38.453251685961,38.14784568933811,38.42061295862774,66364400
2017-09-05,37.786495208740234,38.29239738351499,37.43212925668109,38.17582996377826,117874000
2017-09-06,37.746864318847656,37.99865038307383,37.42280702048679,37.93337290983247,86606800
2017-09-07,37.59531784057617,37.823792513609234,37.38549793641219,37.788820158012,87714000
2017-09-08,36.98217010498047,37.56966717046403,36.95885520478562,37.502059651665874,114446000
2017-09-11,37.651275634765625,37.779500504745165,37.27592841029202,37.41814080111383,126323200
2017-09-12,37.50205993652344,38.224779159801564,37.01480911199718,37.910045791552044,286856000
2017-09-13,37.219974517822266,37.29224930394388,36.81432218671921,37.27126446546717,179629600
2017-09-14,36.90057373046875,37.16168355305076,36.85627755184762,37.066100994154894,95042800
2017-09-15,37.273590087890625,37.52770614652858,36.83529555933749,36.944869191475775,196458400
2017-09-18,36.99150085449219,37.4181379949622,36.835300954542234,37.32721555895089,113077600
2017-09-19,37.005496978759766,37.2479592360703,36.937889431587216,37.18734189306476,83242400
2017-09-20,36.3853645324707,36.895926961005934,35.863141090434226,36.811998257060004,211805600
2017-09-21,35.76055908203125,36.32241499630013,35.61135290120424,36.32241499630013,150046800
2017-09-22,35.410858154296875,35.499450550486785,35.100788324988265,35.32925952018973,186581600
2017-09-25,35.09845733642578,35.39686970198637,34.774399991448774,34.96790237116252,177549200
2017-09-26,35.7022590637207,35.88410390242275,35.36421435369019,35.38519562953558,146640000
2017-09-27,35.956382751464844,36.070620095370714,35.79551915443488,35.85613648511578,102016800
2017-09-28,35.73490524291992,35.96804006499396,35.59968661923437,35.877117626679286,88022000
2017-09-29,35.93073654174805,35.93307016660472,35.43649187240753,35.718586563733275,105199200
2017-10-02,35.858455657958984,36.00766175703643,35.604339631887925,35.96336558495259,74795200
2017-10-03,36.01468276977539,36.156895218498704,35.881797710314714,35.905109068757916,64921200
2017-10-04,35.78152084350586,35.87011318787319,35.543725957078856,35.81649319081855,80655200
2017-10-05,36.22682571411133,36.238483168569914,35.91442585581295,35.94473096857849,85135200
2017-10-06,36.205833435058594,36.250129614135396,36.0333124105896,36.12889852782328,69630400
2017-10-09,36.33173751831055,36.53922741163713,36.250142447704626,36.32474375675449,65051600
2017-10-10,36.34571075439453,36.83529521500408,36.15920577640464,36.383013172934284,62468000
2017-10-11,36.497249603271484,36.5974958486221,36.31074107248768,36.36203100738708,67622400
2017-10-12,36.369049072265625,36.68844278794355,36.30610164511913,36.45064772069096,64500400
2017-10-13,36.59983825683594,36.66744579232641,36.46461962849979,36.539220924304615,65576800
2017-10-16,37.273590087890625,37.30156512337973,36.75369696268831,36.81198065819359,96486000
2017-10-17,37.4111442565918,37.50439676017066,37.12205580372936,37.25028066416653,75989200
2017-10-18,37.24561309814453,37.46709399648098,37.208314235005155,37.399482914666294,65496800
2017-10-19,36.36437225341797,36.62082200675138,36.14056479355921,36.543887080751354,170336800
2017-10-20,36.42731857299805,36.77702083129883,36.359711034962906,36.511247257284445,95896400
2017-10-23,36.40866470336914,36.763030628659415,36.25246479960394,36.576522059698476,87937200
2017-10-24,36.62548828125,36.70008958734267,36.415664770818275,36.43664605465474,71028800
2017-10-25,36.464622497558594,36.730396082480816,36.198848912636365,36.58118992177633,84828400
2017-10-26,36.69773483276367,36.79565098215458,36.55085883000068,36.655768735965694,68002000
2017-10-27,38.01262664794922,38.14085148861399,36.99848893047398,37.1360375971169,177816800
2017-10-30,38.86823272705078,39.18296611854663,38.16882835248632,38.208460840162424,178803200
2017-10-31,39.40910720825195,39.551319586418295,38.91952623556408,39.14333366383427,144187200
2017-11-01,38.90788269042969,39.61894483541886,38.60947030783689,39.60262368515141,134551200
2017-11-02,39.192291259765625,39.28321368921502,38.53251935074372,38.84025899340612,165573600
2017-11-03,40.21575927734375,40.62607530874295,39.89403206477131,40.56546153192935,237594400
2017-11-06,40.623741149902344,40.79626219210494,40.03391035782357,40.185446563274354,140105200
2017-11-07,40.754302978515625,40.85688288274763,40.47221179923316,40.54448303429965,97446000
2017-11-08,41.08768844604492,41.08768844604492,40.64240001575944,40.71933494539167,97638000
2017-11-09,41.00374984741211,41.05503978810688,40.36495921343929,40.82423505498039,117930400
2017-11-10,40.86804962158203,41.0341719661069,40.77446188137926,40.97099827789114,100582000
2017-11-13,40.70427703857422,40.82828242450991,40.57091073475048,40.594309459326475,67928400
2017-11-14,40.08891296386719,40.589614791274506,40.05147644570856,40.486666151409715,99130000
2017-11-15,39.560142517089844,39.850270228825735,39.3963621839097,39.76837827716392,116632400
2017-11-16,40.03276824951172,40.21292482835104,39.8455891985037,40.051482941483414,94550000
2017-11-17,39.81049346923828,40.10062119394135,39.69116855761888,40.01872923861939,87598000
2017-11-20,39.77070617675781,39.906410865454426,39.672438002903554,39.84323719292578,65049600
2017-11-21,40.510074615478516,40.64109889041839,39.957898335272105,39.957898335272105,100525200
2017-11-22,40.935909271240234,40.945266618461126,40.4890200758842,40.56155111981388,102355600
2017-11-24,40.93824005126953,41.062245407058306,40.863367006944024,40.96865767179468,56106800
2017-11-27,40.73234558105469,40.963980061627794,40.55686588762935,40.95696115950226,82867200
2017-11-28,40.493709564208984,40.91485811579513,40.210600658167905,40.78149535983144,105715200
2017-11-29,39.653724670410156,40.45859198877118,39.110909418349486,40.39074142106722,166665600
2017-11-30,40.208248138427734,40.276098715053735,39.41039961629005,39.87600344692711,166108800
2017-12-01,40.02107238769531,40.16613446908838,39.424440672392954,39.763700723794294,159037200
2017-12-04,39.728599548339844,40.38840127674619,39.688824583342225,40.355645213210316,130169600
2017-12-05,39.6911735534668,40.13104386915621,39.40104579224594,39.55546880564466,109400800
2017-12-06,39.54375076293945,39.822179030377534,38.94712284144919,39.19045303870745,114240000
2017-12-07,39.61629104614258,39.87833953783558,39.52036130538249,39.54843690945161,102693200
2017-12-08,39.62799072265625,40.009367709349114,39.49930847795134,39.8900428102044,93420800
2017-12-11,40.40010452270508,40.451578851805564,39.49228843145303,39.58821818751698,141095200
2017-12-12,40.17314910888672,40.33459099273524,40.116997893734805,40.27843620743994,77636800
2017-12-13,40.3065185546875,40.6036616119481,40.24334486253051,40.360331330154146,95273600
2017-12-14,40.29480743408203,40.50772359985313,40.16144118624432,40.336920836467016,81906000
2017-12-15,40.70427703857422,40.75107091758208,40.35097914639911,40.62472708724644,160677200
2017-12-18,41.277496337890625,41.45999490432386,40.91249920502416,40.91717966240892,117684400
2017-12-19,40.8376350402832,41.03651346570218,40.732347932179394,40.952283065190386,109745600
2017-12-20,40.793182373046875,41.0435315553513,40.53581071820715,40.914845727931436,93902400
2017-12-21,40.947593688964844,41.18390858984374,40.734681074997674,40.75105732062149,83799600
2017-12-22,40.947593688964844,41.04352342951681,40.828268801787004,40.870382207799324,65397600
2017-12-26,39.90876388549805,40.11933809181154,39.70052455306013,39.962576659085975,132742000
2017-12-27,39.91578674316406,39.957900160542586,39.70755096023451,39.79880026803186,85992800
2017-12-28,40.02809524536133,40.208255427893,39.88771003842733,40.009376979760525,65920800
2017-12-29,39.595245361328125,39.913448748540425,39.59290691684177,39.89707249684745,103999600
2018-01-02,40.304176330566406,40.313537247208004,39.60225752847971,39.81283531119191,102223600
2018-01-03,40.29716491699219,40.8399839384858,40.23399478356826,40.3673575242742,118071600
2018-01-04,40.48432922363281,40.587277867352185,40.262055690225814,40.36968122128297,89738400
2018-01-05,40.94526290893555,41.031831750925626,40.48901640769327,40.58026570794173,94640000
2018-01-08,40.793182373046875,41.08798698392758,40.694910599276334,40.793182373046875,82271200
2018-01-09,40.788509368896484,40.95930864188013,40.57325465921227,40.83998370927144,86336000
2018-01-10,40.77913284301758,40.781474856775525,40.47730939010454,40.514745908802524,95839600
2018-01-11,41.01077651977539,41.05991240789748,40.82593946856962,40.84933462041617,74670800
2018-01-12,41.43428039550781,41.49745410923801,41.09735868247327,41.22136409488947,101672400
2018-01-16,41.22368621826172,41.97239879142603,41.2119868591207,41.623777881825276,118263600
2018-01-17,41.90454864501953,41.93964315265485,40.961638125023185,41.214325720283874,137547200
2018-01-18,41.941978454589844,42.13851839305448,41.705667123879905,41.96771561497552,124773600
2018-01-19,41.75480651855469,42.01685503172588,41.509134252385074,41.78990102651753,129700400
2018-01-22,41.4131965637207,41.595695110424,41.31960884700095,41.48338913633179,108434400
2018-01-23,41.42256546020508,41.98410262756551,41.37109470075366,41.48340070616833,130756400
2018-01-24,40.76276397705078,41.48340102680674,40.52411058982438,41.47170166632772,204420400
2018-01-25,40.03512191772461,40.933577420048806,39.8994171433926,40.83062872433867,166116000
2018-01-26,40.128692626953125,40.243340638442135,39.78943262048329,40.243340638442135,156572000
2018-01-29,39.298091888427734,39.812831581035425,39.08985613945785,39.812831581035425,202561600
2018-01-30,39.06645965576172,39.16004739790291,38.53534011524448,38.7295380718238,184192800
2018-01-31,39.174076080322266,39.41039096493843,38.95648302394709,39.043051843776865,129915600
2018-02-01,39.2559814453125,39.452517867378766,39.01732803557838,39.11325780235259,188923200
2018-02-02,37.55265426635742,39.026684400187065,37.45906652490365,38.839505347136026,346375200
2018-02-05,36.614410400390625,38.34346951607353,36.499762425469704,37.22507964531474,290954000
2018-02-06,38.14459991455078,38.30604177963437,36.03182500659377,36.22602293342309,272975200
2018-02-07,37.32803726196289,38.231172856032934,37.218073276522176,38.15864182365693,206434400
2018-02-08,36.3008918762207,37.66963468893804,36.27281627231443,37.5035123688258,217562000
2018-02-09,36.74491882324219,37.092609646040515,35.29542021989697,36.899971444042855,282690400
2018-02-12,38.22494888305664,38.50216084208162,37.00332640992512,37.23590527913192,243278000
2018-02-13,38.60786819458008,38.70418903977146,37.97591454960506,38.04639330424993,130196800
2018-02-14,39.3197021484375,39.359639279128274,38.26488298242506,38.302468550622955,162579600
2018-02-15,40.63999938964844,40.66348992516853,39.70263991420008,39.88823055901645,204588800
2018-02-16,40.50844192504883,41.06992063350234,40.35339290200922,40.49199890679154,160704400
2018-02-20,40.372169494628906,40.93834032292862,40.27114911288943,40.419154134757335,135722000
2018-02-21,40.188941955566406,40.905466051719024,40.17484333201391,40.60241196228296,149886400
2018-02-22,40.52488708496094,40.865530346416314,40.33929642572378,40.36043898474452,123967600
2018-02-23,41.22966766357422,41.26490526188542,40.76920939900944,40.79975104067896,135249600
2018-02-26,42.04484558105469,42.14351439726515,41.39644896680103,41.42933857220452,152648800
2018-02-27,41.908599853515625,42.399596100612726,41.85456768273009,42.075399491200336,155712400
2018-02-28,41.845176696777344,42.43249392454348,41.82873367844383,42.1129932092507,151128400
2018-03-01,41.11219787597656,42.235147908327306,40.562469918991304,41.943837330028686,195208000
2018-03-02,41.396480560302734,41.417623126048376,40.513152910120006,40.59537877873199,153816000
2018-03-05,41.539772033691406,41.75590432996107,40.99943950066743,41.16153961904458,113605600
2018-03-06,41.50453567504883,41.87572061331402,41.37767672423165,41.795846326329126,95154000
2018-03-07,41.11924743652344,41.311889179650166,40.94070431594449,41.09810487975081,126814000
2018-03-08,41.56795883178711,41.61024394557519,41.128646754391646,41.22496404180873,95096400
2018-03-09,42.28213882446289,42.286838365775004,41.673679066083274,41.80758910823076,128740800
2018-03-12,42.6909065246582,42.848307080513344,42.336168279495034,42.35495927254413,128828400
2018-03-13,42.27980041503906,43.10909220167953,42.10830475768041,42.89530783234035,126774000
2018-03-14,41.920352935791016,42.409001275131494,41.77234785465769,42.362016616189074,117473600
2018-03-15,41.96968078613281,42.34321720616517,41.83342636615037,41.934443192119986,90975200
2018-03-16,41.82167434692383,42.08009170333701,41.727701466201786,41.969675808925395,157618800
2018-03-19,41.182682037353516,41.692472927584866,40.79740210449804,41.65723533010099,133787200
2018-03-20,41.16858673095703,41.53507208120745,41.09810795174742,41.16858673095703,78597600
2018-03-21,40.235939025878906,41.13335809512502,40.233587462211574,41.1216110308905,148219600
2018-03-22,39.66740036010742,40.56716704796147,39.60866864715772,39.937564805796335,165963200
2018-03-23,38.74882888793945,39.91876340626609,38.74882888793945,39.55932567120972,164115200
2018-03-26,40.58831024169922,40.66583652732721,39.101222947632834,39.48415483536228,150164800
2018-03-27,39.547584533691406,41.147435786997505,39.21398884136804,40.8020930353932,163690400
2018-03-28,39.110618591308594,39.942261596856255,38.807564550618565,39.291513258456376,166674000
2018-03-29,39.4160270690918,40.34868696132009,39.2092902915603,39.42307458789862,153594000
2018-04-02,39.1576042175293,39.688541173485575,38.63841790528605,39.148208721137635,150347200
2018-04-03,39.5593376159668,39.64391143708724,38.73474554856729,39.38314245402419,121112000
2018-04-04,40.3157958984375,40.40976520228885,38.70889714356491,38.734739239828905,138422000
2018-04-05,40.59536361694336,40.931307318434605,40.42621598475072,40.54367941906786,107732800
2018-04-06,39.556983947753906,40.52018187700721,39.51469525092662,40.165443625813566,140021200
2018-04-09,39.949310302734375,40.66348632700051,39.902325651152246,39.90937316965461,116070800
2018-04-10,40.70107650756836,40.87727164396476,40.297002041323346,40.64234479543622,113634400
2018-04-11,40.51078796386719,40.858478709963855,40.336940798469165,40.461451746423364,89726400
2018-04-12,40.910160064697266,41.11219729191981,40.651739104982695,40.7386644739953,91557200
2018-04-13,41.048770904541016,41.30953987307731,40.84203769697408,41.06051796495608,100497200
2018-04-16,41.304832458496094,41.391754228995794,41.07225363171487,41.11923827564178,86313600
2018-04-17,41.873355865478516,42.037803915384,41.44343937341934,41.46223394836548,106421600
2018-04-18,41.779396057128906,42.009626983699256,41.55386825663928,41.77234853740734,83018000
2018-04-19,40.59536361694336,41.20382334637826,40.562473998722545,40.82089140340053,139235200
2018-04-20,38.93208312988281,40.22418097949111,38.86395232674434,40.07852745991191,261964400
2018-04-23,38.81931686401367,39.21399228063409,38.549148815653716,39.192849722893605,146062000
2018-04-24,38.27897644042969,39.0753782130152,37.874902025195276,38.920325652232485,134768000
2018-04-25,38.44578552246094,38.86160713670381,38.154478462401514,38.2038111036761,113528400
2018-04-26,38.57968521118164,38.934423442282075,38.3799959671343,38.556191093752886,111852000
2018-04-27,38.13334274291992,38.60554460333177,37.7363156395032,38.52801828272076,142623200
2018-04-30,38.82400894165039,39.29386262956207,38.02055956548532,38.08869035766404,169709600
2018-05-01,39.72613525390625,39.74962579014744,38.82636490930883,39.0941813984154,214277600
2018-05-02,41.48102951049805,41.75824143197901,40.83028122820811,41.16622485353151,266157600
2018-05-03,41.55620574951172,41.69951125552429,40.980635747713265,41.31893094778877,136272800
2018-05-04,43.18659973144531,43.28526857020674,41.85691300893374,41.875707585559574,224805200
2018-05-07,43.499061584472656,44.08872675767489,43.40274070417876,43.5037575410482,169805600
2018-05-08,43.7081413269043,43.748078461393405,43.149014274658285,43.45911943850207,113611200
2018-05-09,44.01589584350586,44.0252913404696,43.51315251551119,43.82560566387086,92844800
2018-05-10,44.64549255371094,44.7230188366596,44.08401758147566,44.10516372024267,111957200
2018-05-11,44.47570037841797,44.82237483155684,44.20685116971051,44.68795202646433,104848800
2018-05-14,44.37193298339844,44.69738334833763,44.30354306537909,44.5747493038135,83115200
2018-05-15,43.96866226196289,44.11723805875026,43.65264721346762,44.04884454020393,94780800
2018-05-16,44.37900924682617,44.44504573353636,43.864895531861826,43.881405553170005,76732400
2018-05-17,44.09836959838867,44.55116807100797,43.94979380634148,44.33655939327812,69176000
2018-05-18,43.93799591064453,44.29174501015402,43.895547745993916,44.145529867217114,73190800
2018-05-21,44.249305725097656,44.63607134090016,44.079505835377276,44.33656270229301,73603200
2018-05-22,44.138458251953125,44.54409086890035,44.0488406556325,44.426174494172024,60962800
2018-05-23,44.42145538330078,44.45447182320738,43.808288815295995,43.94743286781569,80233600
2018-05-24,44.37193298339844,44.53465816586804,43.914420445273656,44.51815174366573,92936000
2018-05-25,44.47334289550781,44.72568208078346,44.25401655460162,44.39079998901704,69844000
2018-05-29,44.31296920776367,44.51342847074933,44.07006178001697,44.24222226649526,90056400
2018-05-30,44.21864318847656,44.3365595703125,44.04884331075102,44.27052668436617,74762000
2018-05-31,44.070068359375,44.39080106892208,43.8979114457168,44.152611267873816,109931200
2018-06-01,44.86482620239258,44.869540266724215,44.27760132608851,44.334202484769676,93770000
2018-06-04,45.23979187011719,45.614765037577044,45.12659317019987,45.19498307680026,105064800
2018-06-05,45.58882522583008,45.7374009997512,45.364784848273516,45.53222767273398,86264000
2018-06-06,45.74683380126953,45.77041851462867,45.2610189336562,45.66429450155658,83734400
2018-06-07,45.62420654296875,45.798720479292754,45.36007140934705,45.78457108970132,85388800
2018-06-08,45.20914077758789,45.27989132749158,44.753985263930446,45.08414969878442,106627200
2018-06-11,45.098289489746094,45.272806995892275,44.85774270920611,45.12659186279679,73234000
2018-06-12,45.34592056274414,45.42374580151868,45.079428405593966,45.1360295606633,67644400
2018-06-13,44.97330856323242,45.48742587356639,44.91199333844062,45.37894121591051,86553600
2018-06-14,44.99687957763672,45.17847176300368,44.860096180732384,45.17375410144935,86440400
2018-06-15,44.5346565246582,44.84595748808827,44.397873095137925,44.81529807845651,246876800
2018-06-18,44.511070251464844,44.62426895299645,44.1478858362066,44.30825396202139,73939600
2018-06-19,43.79179000854492,43.94272284557757,43.2635232796693,43.662081258316235,134314000
2018-06-20,43.982810974121094,44.147893191048695,43.80121873623951,43.94743749853748,82514800
2018-06-21,43.737548828125,44.4191054162956,43.614914775314446,44.159687919681474,102847600
2018-06-22,43.610191345214844,43.900264617780905,43.558307852752996,43.893189923219936,108801600
2018-06-25,42.96165466308594,43.61019477128706,42.62205490339157,43.25172795844052,126652400
2018-06-26,43.494632720947266,43.989882939520605,43.04890896364015,43.15503658085031,98276800
2018-06-27,43.43095779418945,44.1667547835361,43.40029838679268,43.6832969520397,101141200
2018-06-28,43.746971130371094,43.9144139509313,43.34605621168392,43.41680674992798,69460800
2018-06-29,43.654998779296875,44.145531311824726,43.136167469409244,43.93327968606021,90950800
2018-07-02,44.143165588378906,44.171467960995365,43.25643588103166,43.350771125550494,70925200
2018-07-03,43.374366760253906,44.32477262604797,43.28474914758595,44.28703851560642,55819200
2018-07-05,43.72340393066406,43.961597384872015,43.45927232051685,43.69038747939566,66416800
2018-07-06,44.32948684692383,44.43796790786526,43.67622905491156,43.72811255310879,69940800
2018-07-09,44.94501495361328,44.96859607423602,44.64314926086812,44.69031510063651,79026400
2018-07-10,44.89076232910156,45.1100850442981,44.850667597646556,44.97566225723099,63756400
2018-07-11,44.30824661254883,44.756327280740614,44.244570779145995,44.45446172771265,75326000
2018-07-12,45.05112838745117,45.14074598088069,44.645495783589865,44.69737927467831,72164400
2018-07-13,45.12188720703125,45.24216063196947,45.020477238201885,45.06292901075361,50055600
2018-07-16,45.022830963134766,45.43317764323029,44.907271620687844,45.16668908392699,60172400
2018-07-17,45.150184631347656,45.24923396629142,44.61956088081296,44.749269628425964,62138000
2018-07-18,44.90254592895508,45.23271387754126,44.79170426889305,45.2279962158199,65573600
2018-07-19,45.25159454345703,45.40960207271725,44.735120184452185,44.735120184452185,81147200
2018-07-20,45.147830963134766,45.381303127712265,44.84832230515157,45.228013249989196,82704800
2018-07-23,45.18791198730469,45.270454886685215,44.70445414490889,44.968585665291265,63957600
2018-07-24,45.515724182128906,45.67137467251111,45.2916837724395,45.38601544014374,74791600
2018-07-25,45.944942474365234,45.95201716965976,45.381298693402805,45.5298744916329,66839600
2018-07-26,45.80107879638672,46.213786098393896,45.65957771057542,45.89541045457952,76304000
2018-07-27,45.03934097290039,46.032198508380596,44.83181058429597,45.9850326745397,96096000
2018-07-30,44.78700637817383,45.32706188833266,44.58890769660208,45.25631133105051,84118000
2018-07-31,44.876609802246094,45.312901803761946,44.65256942249011,44.8789704326629,157492000
2018-08-01,47.52029800415039,47.58161322223618,46.532158229193854,46.96137555136066,271742800
2018-08-02,48.90936279296875,49.14283855349093,47.24910151371287,47.30334204851275,249616000
2018-08-03,49.05085754394531,49.227732115734135,48.458915007304384,48.82445650870577,133789600
2018-08-06,49.30556106567383,49.348009238803435,48.83389550544632,49.05321826366124,101701600
2018-08-07,48.84331512451172,49.40695518531018,48.76077223252612,49.36450702270394,102349600
2018-08-08,48.8763427734375,49.00840855209186,48.2325203032362,48.59334416224635,90102000
2018-08-09,49.26075744628906,49.473005531321085,48.86455646276678,49.41404733008741,93970400
2018-08-10,49.114009857177734,49.485567490537164,48.91048227705711,49.073778122997645,98444800
2018-08-13,49.43113708496094,49.9233899602011,49.154245519727546,49.535267986992444,103563600
2018-08-14,49.63941192626953,49.83110585938184,49.28678739016667,49.73644334784153,82992000
2018-08-15,49.75537109375,49.87370102571761,49.303349886959445,49.51397702141606,115230400
2018-08-16,50.484283447265625,50.600244468404085,50.04646125852407,50.11272573092973,114001600
2018-08-17,51.49245071411133,51.58001370324593,50.44641460805595,50.51267907731609,141708000
2018-08-20,50.99073791503906,51.87110932189364,50.90790551488635,51.61551983641066,121150800
2018-08-21,50.891334533691406,51.4001553976594,50.65230937590978,51.3078581970167,104639200
2018-08-22,50.89369583129883,51.20371962269942,50.60733585559325,50.668869720913406,76072400
2018-08-23,50.99782943725586,51.367018204194856,50.78720232734104,50.799032430245035,75532800
2018-08-24,51.15639114379883,51.33151711174363,50.90789759315165,51.26052204968089,73905600
2018-08-27,51.57764434814453,51.76697293591533,51.19662187429495,51.390681058681736,82100400
2018-08-28,51.994163513183594,52.19295690212046,51.809569136150444,51.83086765400602,91107200
2018-08-29,52.770416259765625,52.89111510335813,51.92554241033305,52.10066840120375,109019200
2018-08-30,53.25556564331055,54.01997594606434,52.63314908356902,52.83431140009816,195175200
2018-08-31,53.87088394165039,54.164339850677784,53.48512722248886,53.60582244851051,173360400
2018-09-04,54.04365158081055,54.2377108090671,53.63423099014002,54.05548529731061,109560400
2018-09-05,53.6910285949707,54.35367701544728,53.27214318574436,54.192750022078755,133332000
2018-09-06,52.7988166809082,53.80462109487018,52.37282820688396,53.539559593731255,137160000
2018-09-07,52.372825622558594,53.33602933601762,52.233197177478694,52.50298926252407,150479200
2018-09-10,51.669952392578125,52.502996187083596,51.22976486827535,52.29000012691845,158066000
2018-09-11,52.97631072998047,53.082806943997085,51.25105834056841,51.59421441290767,142996000
2018-09-12,52.318389892578125,53.248461282972364,52.02729570420869,53.234262271079686,197114800
2018-09-13,53.58216094970703,54.04128166600447,52.67338793396075,52.89821408368517,166825600
2018-09-14,52.973941802978516,53.68392137771475,52.66155266788886,53.42596299890154,127997200
2018-09-17,51.56344985961914,52.763313434962186,51.41908720503265,52.573984830581786,148780400
2018-09-18,51.64863967895508,52.502981761395574,51.38357822876502,51.54213987256272,126286800
2018-09-19,51.67940902709961,51.97523383237658,50.952865183133554,51.71017596241406,108495200
2018-09-20,52.072265625,52.60475027848478,51.8640038049603,52.12196578156135,106435200
2018-09-21,51.511375427246094,52.38701600738887,51.42380884143232,52.24975288340984,384986800
2018-09-24,52.25212860107422,52.36335902352826,51.267626333584346,51.31259228450954,110773600
2018-09-25,52.58345413208008,52.732550997350124,51.99416978895151,52.006003504013755,98217600
2018-09-26,52.164573669433594,52.95265155382891,52.00837727191883,52.30183684199414,95938800
2018-09-27,53.23664093017578,53.58926546229265,52.902949622381634,52.969217713082784,120724800
2018-09-28,53.423587799072266,53.44725161382536,53.01653262944028,53.19875808649364,91717600
2018-10-01,53.7833137512207,54.29449987051598,53.56795604203852,53.94660961803524,94403200
2018-10-02,54.26137924194336,54.43177465148295,53.634231978459695,53.780959954563045,99152800
2018-10-03,54.921653747558594,55.25297609687015,54.37970066265418,54.44359983400097,114619200
2018-10-04,53.956085205078125,54.98792238547319,53.65789145695204,54.61636465523451,128168000
2018-10-05,53.08042907714844,54.055469984480176,52.202423173171816,53.948973788434415,134322000
2018-10-08,52.95738983154297,53.201149253448435,52.11251220737347,52.588200944429595,118655600
2018-10-09,53.6910285949707,53.78569471854929,52.59766104842754,52.926618154183444,107564000
2018-10-10,51.20372009277344,53.56795305429234,51.13035612450343,53.357325953618734,167962400
2018-10-11,50.75170135498047,51.946834254825696,50.247618357424,50.76826927692951,212497600
2018-10-12,52.56452178955078,52.74675089335789,51.31732331289701,52.16456604729884,161351600
2018-10-15,51.44038772583008,52.498257597389845,51.419089204933876,52.33969592325769,123164000
2018-10-16,52.57399368286133,52.77279073706223,51.298397006527196,51.81194853999747,116736000
2018-10-17,52.34679412841797,52.68995019740248,51.90897195034415,52.6094867130337,91541600
2018-10-18,51.12326431274414,52.00363928676678,50.408550519609015,51.55871759140356,130325200
2018-10-19,51.9018669128418,52.36335286065442,51.45694527539042,51.6060421243539,132314800
2018-10-22,52.218994140625,52.8603439191293,51.81430782182485,52.015466526416446,115168400
2018-10-23,52.711246490478516,52.83431062152317,50.810868215917154,51.07829499747305,155071200
2018-10-24,50.903167724609375,53.066238670983005,50.77300408116082,52.68048556003546,163702000
2018-10-25,52.0178337097168,52.39175669137161,51.296020473330685,51.523215509312536,119423200
2018-10-26,51.18953323364258,52.11014003080295,50.33045670583249,51.09486711409227,189033600
2018-10-29,50.22868728637695,51.99180242637242,48.77322705892924,51.87347250273323,183742000
2018-10-30,50.479549407958984,50.92446749400943,49.52581045070183,49.970728536752276,146640000
2018-10-31,51.79536819458008,52.1716564405794,51.26524889935594,51.32678276350277,153435600
2018-11-01,52.59056091308594,52.62369315315729,51.3102300447155,51.84034949700051,233292800
2018-11-02,49.10218811035156,50.56237905391569,48.617034661599845,49.592075767555244,365314800
2018-11-05,47.708251953125,48.3709001672699,46.89887580704983,48.349601650275304,264654800
2018-11-06,48.224178314208984,48.449004447935366,47.731925396254766,47.78635615026074,127531600
2018-11-07,49.686737060546875,49.712769789684685,48.30937854826853,48.74483182553473,133697600
2018-11-08,49.513370513916016,49.900469550137,49.1001442948678,49.86722171346018,101450400
2018-11-09,48.55868911743164,48.924415408710615,48.031470706550515,48.815174043569215,137463200
2018-11-12,46.112579345703125,47.46149946228675,46.02233365648393,47.259635249162585,204542000
2018-11-13,45.651859283447266,46.82741236651,45.46662079150977,45.509370087049234,187531600
2018-11-14,44.3623046875,46.18619210460232,44.155689779845716,46.04845004074686,243204000
2018-11-15,45.457115173339844,45.59010651669054,44.38605290163745,44.739907715993084,185915200
2018-11-16,45.96058654785156,46.30256638175238,44.99402206817327,45.241005490578,147713200
2018-11-19,44.139076232910156,45.28850573158445,43.93246490893677,45.122266527022944,167701200
2018-11-20,42.03019714355469,43.09650870762466,41.68109304931267,42.36030195645278,271300800
2018-11-21,41.982704162597656,42.81153021281317,41.92808348913567,42.68328595925916,124496800
2018-11-23,40.91638946533203,41.939955371122814,40.871270248544576,41.545728433984664,94496000
2018-11-26,41.46974563598633,41.548116340235076,40.43430799230363,41.37950354749016,179994000
2018-11-27,41.379486083984375,41.50535314333375,40.581534441910556,40.73114788347668,165549600
2018-11-28,42.970645904541016,43.05376369196034,41.54335510075574,41.97082991406699,184250000
2018-11-29,42.64054489135742,43.41237317618883,42.201195033571544,43.379125333484275,167080000
2018-11-30,42.41017532348633,42.82577508860625,42.04207194963164,42.81627363610778,158126000
2018-12-03,43.89208984375,43.92058695583574,43.034766692325256,43.80659488375015,163210000
2018-12-04,41.961326599121094,43.314993644535846,41.86158309301077,42.97301383859059,165377200
2018-12-06,41.49348831176758,41.50773686933884,40.4722994088251,40.790529273726726,172393600
2018-12-07,40.01394271850586,41.438856057479995,39.96881988297296,41.201370500984304,169126400
2018-12-10,40.277557373046875,40.39392299254589,38.78852171429132,39.18512221335925,248104000
2018-12-11,40.047203063964844,40.797654902921295,39.66010032633159,40.76678423507608,189126800
2018-12-12,40.158809661865234,40.828517056992325,40.13981038220844,40.467537990997414,142510800
2018-12-13,40.598167419433594,40.98289660129505,40.265688989423055,40.48892605974861,127594400
2018-12-14,39.29912567138672,40.15407548968838,39.2516292645352,40.13507620219906,162814800
2018-12-17,38.933387756347656,39.98070006589324,38.64602860130792,39.2919896885735,177151600
2018-12-18,39.439231872558594,39.78595878885459,39.04025421520292,39.275366243130854,135366000
2018-12-19,38.20905685424805,39.76696176214106,37.78158206275483,39.42260837756745,196189200
2018-12-20,37.2448616027832,38.4987850963863,36.88150897814493,38.0926831856918,259092000
2018-12-21,35.796199798583984,37.56071950978802,35.53496783964715,37.25198753673331,382978400
2018-12-24,34.870018005371094,35.990950549802086,34.81302014550831,35.18349717525792,148676800
2018-12-26,37.32560348510742,37.33985203831882,34.84388021059676,35.21910781471175,234330000
2018-12-27,37.083377838134766,37.230621385586616,35.639468468150554,37.00975787628032,212468400
2018-12-28,37.10237503051758,37.646219094911956,36.70340095377201,37.40398276332058,169165600
2018-12-31,37.46097183227539,37.845697262350356,37.16173772111318,37.648583821681534,140014000
2019-01-02,37.50372314453125,37.72458662290483,36.62740075617171,36.78414211195393,148158800
2019-01-03,33.768070220947266,34.6063939048383,33.722947387601785,34.19316775202063,365248800
2019-01-04,35.20961380004883,35.278486653439785,34.15043005188284,34.32379352547417,234428400
2019-01-07,35.1312370300293,35.34497620753609,34.64914163479425,35.314101925245296,219111200
2019-01-08,35.80096435546875,36.05507575894766,35.271372331890156,35.51835583150387,164101200
2019-01-09,36.408912658691406,36.6986453479839,35.534967488442895,35.929190786032024,180396400
2019-01-10,36.52528762817383,36.56565974711911,35.82707935334201,36.2165556097032,143122800
2019-01-11,36.16667175292969,36.50152723829389,35.98143331926902,36.306790977358595,108092800
2019-01-14,35.62284469604492,35.924452462452855,35.43760619352494,35.82470893215311,129756800
2019-01-15,36.351932525634766,36.427926054181476,35.634724801804865,35.68697193806859,114843600
2019-01-16,36.79601287841797,37.01924988238542,36.33529031682422,36.354289596283365,122278800
2019-01-17,37.014503479003906,37.4419782573986,36.39703950757352,36.62027653760977,119284800
2019-01-18,37.242488861083984,37.49422298571699,37.042998228056234,37.40397730943639,135004000
2019-01-22,36.40654373168945,37.22111761208294,36.24505163700586,37.14512410332922,121576000
2019-01-23,36.55378341674805,36.84351614102213,36.02656509052752,36.60840409054777,92522400
2019-01-24,36.2640495300293,36.68677359804413,36.036065388764655,36.59890508773824,101766000
2019-01-25,37.465728759765625,37.553600900151864,36.64878130027886,36.924261855530716,134142000
2019-01-28,37.119014739990234,37.12613902091897,36.492052652053005,36.99789471671356,104768400
2019-01-29,36.734256744384766,37.55358464834963,36.59889188877837,37.10711073241994,166348800
2019-01-30,39.2444953918457,39.45823098230422,38.05231666544547,38.7695241919444,244439200
2019-01-31,39.527103424072266,40.13506597381766,39.080629341215584,39.44873274205534,162958400
2019-02-01,39.54609298706055,40.130305383973045,39.40597376494257,39.650587204067136,130672400
2019-02-04,40.669403076171875,40.7667730276874,39.72658509160154,39.75745937470211,125982000
2019-02-05,41.365234375,41.57897355982607,40.930638975712235,41.05175531049415,144406400
2019-02-06,41.379486083984375,41.6953423197784,41.049381294111875,41.47685241143466,112958400
2019-02-07,40.59579849243164,41.30825545825531,40.453305649769504,40.942525519836124,126966800
2019-02-08,40.64348220825195,40.70310822980999,40.16885776650786,40.3048068425163,95280000
2019-02-11,40.40976333618164,40.83430414432402,40.36683432865648,40.79614260033379,83973600
2019-02-12,40.75796127319336,40.784196867041736,40.47414084136545,40.569544655033816,89134000
2019-02-13,40.588623046875,41.1371831649396,40.52661329551529,40.877214588225634,89960800
2019-02-14,40.73650360107422,40.84621345605926,40.39782819422876,40.476534988953155,87342800
2019-02-15,40.645877838134766,40.95116286674207,40.486080490292245,40.843836724374356,98507200
2019-02-19,40.767513275146484,40.8891527227653,40.424070350564264,40.47654155555973,75891200
2019-02-20,41.029869079589844,41.337541474435355,40.78182636217737,40.82952646483924,104457600
2019-02-21,40.79851150512695,41.11095129951937,40.61724969597512,40.97500585247645,68998800
2019-02-22,41.254058837890625,41.26121367050578,40.87483815215059,40.92253824934637,75652800
2019-02-25,41.55457305908203,41.945719682081254,41.48779219461515,41.537879662607395,87493600
2019-02-26,41.578433990478516,41.80978333541097,41.30176826921919,41.43056256396765,68280800
2019-02-27,41.707210540771484,41.738217238147755,41.19681191554491,41.311296503110974,111341600
2019-02-28,41.29698181152344,41.7167513399161,41.24212688971162,41.57603479995883,112861600
2019-03-01,41.7310676574707,41.773996653747055,41.234978633444705,41.56649922650965,103544800
2019-03-04,41.94095230102539,42.39410868782575,41.4925633764932,41.902790767174956,109744800
2019-03-05,41.864627838134766,41.97672506553204,41.62850744949889,41.962415400636054,78949600
2019-03-06,41.623748779296875,41.85509811540578,41.48541592394316,41.65952294909317,83241600
2019-03-07,41.141963958740234,41.60466257047475,41.027482991072056,41.46871346445025,99185600
2019-03-08,41.23974609375,41.27790762437119,40.42644621389484,40.622021328865515,95997600
2019-03-11,42.668392181396484,42.72086338701754,41.82170533647012,41.855095772839455,128044000
2019-03-12,43.14778137207031,43.56754731458191,42.7804829879991,42.93074174869042,129870400
2019-03-13,43.33857345581055,43.71779403001178,43.150153214273004,43.467364044286846,124130000
2019-03-14,43.82036209106445,43.9086110924784,43.5413127001033,43.86090735580744,94318000
2019-03-15,44.39038848876953,44.67898009371108,43.82275112158004,44.08749085728255,156171600
2019-03-18,44.84354782104492,44.93179318512388,44.31168098754593,44.3140683580027,104879200
2019-03-19,44.48817825317383,45.07490005613711,44.34269057791804,44.92225754761337,126585600
2019-03-20,44.876930236816406,45.19414111173891,44.05885931953551,44.416615452853335,124140800
2019-03-21,46.52976608276367,46.82551249017216,45.27046466941773,45.320552133949356,204136800
2019-03-22,45.56621551513672,47.14988281885893,45.501818379976086,46.58939664841029,169630800
2019-03-25,45.0152702331543,45.78802127537282,44.50487154702467,45.67592404455743,175381200
2019-03-26,44.55017852783203,46.00267123954299,44.023086513229856,45.71169595103682,199202000
2019-03-27,44.95087432861328,45.25854305952079,44.49294682904075,45.01765519484567,119393600
2019-03-28,45.010498046875,45.21084063526759,44.72667756034346,45.065352975754955,83121600
2019-03-29,45.303855895996094,45.334862595503004,44.96756422056934,45.27523656677985,94256000
2019-04-01,45.61153793334961,45.7164767092003,44.929415874254,45.70693814386287,111448000
2019-04-02,46.27457809448242,46.37952050705975,45.56622044887009,45.575759013975,91062800
2019-04-03,46.59178161621094,46.86605990037226,46.06706963719681,46.09092150507348,93087200
2019-04-04,46.672874450683594,46.835055514550795,46.06468818261306,46.45821854703762,76457200
2019-04-05,46.985313415527344,47.009165284142306,46.7301122506272,46.85413541671345,74106400
2019-04-08,47.724674224853516,47.75567728467312,46.82789643538214,46.846977201039394,103526800
2019-04-09,47.581573486328125,48.380563770007704,47.51717635283578,47.77714861794036,143072800
2019-04-10,47.848697662353516,47.8773206328261,47.26674699962892,47.38599906529268,86781200
2019-04-11,47.45040512084961,47.93933940985185,47.32876930114629,47.90356523914055,83603200
2019-04-12,47.431312561035156,47.73421380848301,46.796894375967724,47.510019356322424,111042800
2019-04-15,47.517173767089844,47.66504879296179,47.226198455924894,47.36214754820143,70146400
2019-04-16,47.52194595336914,48.02757352365968,47.357377528133505,47.57203341989984,102785600
2019-04-17,48.44734191894531,48.50696794754076,47.36930230294008,47.59110938245884,115627200
2019-04-18,48.6214485168457,48.69061310818153,48.30185387954341,48.44495416346428,96783200
2019-04-22,48.781253814697266,48.87904139023964,48.258929140631615,48.37579748500796,77758000
2019-04-23,49.48483657836914,49.54923371338613,48.63099134409102,48.7573982436491,93292000
2019-04-24,49.40852355957031,49.7233471640804,49.382287955920745,49.45622366458279,70162400
2019-04-25,48.96012878417969,49.55161802291001,48.921967248962424,49.329810923117755,74172800
2019-04-26,48.72639083862305,48.89334298926619,48.20644998172418,48.86949112233834,74596400
2019-04-29,48.80034255981445,49.124708404439524,48.62146441695398,48.75025507852806,88818800
2019-04-30,47.86062240600586,48.51173764933064,47.48855655267741,48.43064712012503,186139600
2019-05-01,50.20988845825195,51.352321593970665,49.9022161048594,50.05724596672888,259309200
2019-05-02,49.88313293457031,50.717897315952065,49.63986136370917,50.047701352042424,127985200
2019-05-03,50.50325393676758,50.52471843691336,50.140726608516964,50.298140221488424,83569600
2019-05-06,49.72333908081055,49.809200711588794,48.53558955444818,48.72400621236716,129772400
2019-05-07,48.382957458496094,49.47053592258207,47.898794270662066,49.1032410915402,155054800
2019-05-08,48.39249038696289,48.9744410929356,48.11821207126675,48.153986237910765,105358000
2019-05-09,47.87255096435547,48.10151289928511,46.90422474446259,47.79622789318936,139634400
2019-05-10,47.209354400634766,47.609193424330066,46.15350333476438,47.26681714942141,164834800
2019-05-13,44.4655647277832,45.36579237166061,43.77842304776529,44.94201700800786,229722400
2019-05-14,45.16947937011719,45.418477326075944,44.39135573445882,44.63077839158447,146118800
2019-05-15,45.710567474365234,45.909288693023,44.53739806425962,44.59725372096499,106178800
2019-05-16,45.50944900512695,46.08166888253502,45.21256366098968,45.46874760084426,132125600
2019-05-17,45.25087356567383,45.7057750661255,44.714565600818894,44.755267006370964,131516400
2019-05-20,43.83588790893555,44.13756275712424,43.1631109114661,43.938841538280705,154449200
2019-05-21,44.67626190185547,45.01145210514859,44.22135673647284,44.34585752053852,113459200
2019-05-22,43.76166915893555,44.4631793828225,43.70660297552515,44.2117848841149,118994400
2019-05-23,43.01465606689453,43.22534542595184,42.571722889546706,43.04817507765125,146118800
2019-05-24,42.84946060180664,43.608429762680224,42.76566123520502,43.14394936030299,94858800
2019-05-28,42.67229080200195,43.23732830832482,42.595677466437365,42.83749298760257,111792800
2019-05-29,42.468788146972656,42.94045102998245,42.13838374175984,42.238940810020374,113924800
2019-05-30,42.689048767089844,42.91171002345526,42.29878877414538,42.60524939880032,84873600
2019-05-31,41.91571044921875,42.61482390464401,41.89655620551277,42.19343784970935,108174400
2019-06-03,41.49192810058594,42.59805909799943,40.76647807587993,42.042600689011465,161584400
2019-06-04,43.009883880615234,43.05537476777668,41.78404110502101,42.00430950042937,123872000
2019-06-05,43.704200744628906,44.290789049992995,43.36901055867717,44.12079739285381,119093600
2019-06-06,44.34585952758789,44.40571518469204,43.6108303047652,43.83349524890833,90105200
2019-06-07,45.52621078491211,45.94998985503987,44.47754216929505,44.654712574082296,122737600
2019-06-10,46.10800552368164,46.77599298149099,45.87815821635535,45.92364909565006,104883600
2019-06-11,46.64191818237305,46.92683167348995,46.35221886941992,46.65389004356182,107731600
2019-06-12,46.49348449707031,46.91965651730608,46.30194564843296,46.4360217464892,73012800
2019-06-13,46.48390197753906,47.11597757221876,46.35222245417614,46.615585154201376,86698400
2019-06-14,46.14631271362305,46.349819729325915,45.56212099174863,45.86139923834012,75046000
2019-06-17,46.42164993286133,46.677833880392626,46.00984274939172,46.18462023261922,58676400
2019-06-18,47.51340866088867,47.95394531637442,46.737681866076485,46.93879594967235,106204000
2019-06-19,47.37453842163086,47.85578008140378,47.240462379227836,47.807892649147135,84496800
2019-06-20,47.75524139404297,48.03057596879343,47.41286511903979,47.97311321999092,86056000
2019-06-21,47.592430114746094,48.08803671259237,47.44159268874081,47.5972195902715,191202400
2019-06-24,47.5445442199707,47.92283239718668,47.446380069181274,47.53496526934287,72881600
2019-06-25,46.823883056640625,47.707349446417524,46.75684136270738,47.50862823550264,84281200
2019-06-26,47.83663558959961,48.12154906442843,47.25005095787499,47.350608010173595,104270000
2019-06-27,47.822269439697266,48.26041321777397,47.7815680377949,47.953948941552476,83598800
2019-06-28,47.386531829833984,47.76482006624837,47.17823528732283,47.56849173394604,124442400
2019-07-01,48.255619049072266,48.959521979698415,48.04013654706308,48.64348243807098,109012000
2019-07-02,48.53814697265625,48.63391821311523,48.21013915067002,48.222111012389796,67740800
2019-07-03,48.94036865234375,48.94755103721536,48.52856153764481,48.66981997785124,45448000
2019-07-05,48.89728927612305,49.10080000030444,48.578856697014466,48.686599817639845,69062000
2019-07-08,47.88931655883789,48.21971731146836,47.503845969686104,48.07845883336478,101354400
2019-07-09,48.18140411376953,48.24604558375023,47.59960531085121,47.69297997634442,82312000
2019-07-10,48.65785217285156,48.77756346841761,48.25801688405682,48.32745148133247,71588400
2019-07-11,48.30351257324219,48.93558813067086,48.29393727609442,48.67701126809106,80767200
2019-07-12,48.67460632324219,48.84220138163717,48.41124005055131,48.471095689499386,70380800
2019-07-15,49.13191604614258,49.28993219429551,48.84221307681378,48.863760235202925,67789600
2019-07-16,48.96192932128906,49.34739991342239,48.72250668402115,48.98347648185129,67467200
2019-07-17,48.68659210205078,49.10318513012988,48.667437853715064,48.85418720836417,56430000
2019-07-18,49.239654541015625,49.29232780714967,48.770384620902945,48.84221213411293,74162400
2019-07-19,48.5046272277832,49.440770539487346,48.449561048653315,49.2707788735222,83717200
2019-07-22,49.6131477355957,49.61554064622825,48.74883206842125,48.75840736425008,89111600
2019-07-23,50.00102996826172,50.01779130889398,49.62992409581933,49.91005183710104,73420800
2019-07-24,49.96031188964844,50.07523371101221,49.60117800125017,49.720889297382925,59966400
2019-07-25,49.56526184082031,50.0967802425216,49.495827249145734,50.012980881065666,55638400
2019-07-26,49.73766326904297,50.21411201058921,49.59400821586636,49.67541104112655,70475600
2019-07-29,50.202117919921875,50.43196517257796,49.905236299643015,49.91002577350826,86693600
2019-07-30,49.98664855957031,50.317052906207756,49.634697056404036,49.98185908479763,135742800
2019-07-31,51.006595611572266,53.0009865627098,50.590002572472564,51.81584527199262,277125600
2019-08-01,49.902854919433594,52.20131353212769,49.4982337605151,51.21249694274107,216071600
2019-08-02,48.84699630737305,49.42400195472412,48.2747764812972,49.20852309178124,163448400
2019-08-05,46.28996658325195,47.56130005899529,46.108006714672,47.40328391275704,209572000
2019-08-06,47.16625213623047,47.422436071467594,46.45755963373709,47.00104995792599,143299200
2019-08-07,47.654666900634766,47.779167660416284,46.40488444167236,46.78556545258096,133457600
2019-08-08,48.70573806762695,48.72968178909559,47.73847236505692,47.93240408773638,108038000
2019-08-09,48.30438995361328,48.72977548121816,47.89582211277538,48.378892379334594,98478800
2019-08-12,48.18182373046875,48.55914724285479,47.86218129655646,47.975137783246524,89927600
2019-08-13,50.22222900390625,50.98408177249858,48.18180694508748,48.31158840964559,188874000
2019-08-14,48.72736358642578,49.61419017383491,48.68890954638256,48.82590068884438,146189600
2019-08-15,48.48463821411133,49.30176654519396,47.98714860628682,48.898010052333305,108909600
2019-08-16,49.62862014770508,49.78724034646014,48.989335347035194,49.095082146205236,110481600
2019-08-19,50.553890228271484,51.12587848929439,50.47698214806522,50.61877729536903,97654400
2019-08-20,50.55630874633789,51.27490372840222,50.54669706676171,50.68128258391001,107537200
2019-08-21,51.10425567626953,51.34698995795277,50.85431171958834,51.18837344081834,86141600
2019-08-22,51.06099319458008,51.53685003904177,50.65002341946824,51.23643471626912,89014800
2019-08-23,48.700931549072266,50.96245911325128,48.306786768888905,50.33278606566632,187272000
2019-08-26,49.626216888427734,49.79444876140259,49.282539799826424,49.47480636916046,104174400
2019-08-27,49.06623458862305,50.121293052732874,48.91482409284731,49.95546320825073,103493200
2019-08-28,49.3954963684082,49.44116009127208,48.86436404932155,49.051822946314466,63755200
2019-08-29,50.23185729980469,50.30636340005424,49.66707854342665,50.10928913577256,83962000
2019-08-30,50.166969299316406,50.577935508818626,49.796855476567124,50.50824075026929,84573600
2019-09-03,49.43635177612305,49.743976816789676,49.08066101044846,49.61179332263298,80092000
2019-09-04,50.27511978149414,50.344814542362265,49.82569950609764,50.0828531875686,76752400
2019-09-05,51.25807189941406,51.42390177073253,50.83268270783798,50.950446853296846,95654800
2019-09-06,51.253265380859375,51.53205173117485,51.07301615444194,51.44312995297315,77449200
2019-09-09,51.471954345703125,52.01750954613083,50.72692661728154,51.63297650314114,109237600
2019-09-10,52.08000183105469,52.09922885258903,50.88074615868259,51.397459068892765,127111600
2019-09-11,53.73589324951172,53.76473561660298,52.32754595134343,52.4092617130592,177158400
2019-09-12,53.6157341003418,54.41604113184608,53.560458695911414,54.02670396356076,128906800
2019-09-13,52.572689056396484,53.06296532020904,52.15691521661223,52.87310442243304,159053200
2019-09-16,52.84906768798828,52.90434675357643,52.28669102458082,52.32754707272448,84632400
2019-09-17,53.04133224487305,53.07017461149301,52.66160681112901,52.86348870875079,73274800
2019-09-18,53.53882598876953,53.558053012289186,52.738519012265336,53.12785615379395,101360000
2019-09-19,53.10381317138672,53.7767405072033,52.962014363244926,53.35615908872847,88242400
2019-09-20,52.327537536621094,53.48834269473416,52.26505247446734,53.20475241206062,221652400
2019-09-23,52.56547927856445,52.83465027251121,52.30832196549194,52.620754678997145,76662000
2019-09-24,52.315521240234375,53.47152241710132,52.19776078738406,53.12063572645369,124763200
2019-09-25,53.12063980102539,53.2335962580172,52.1857474445808,52.52461681555622,87613600
2019-09-26,52.8466682434082,53.09901788679732,52.591916597251874,52.87310494256668,75334000
2019-09-27,52.589515686035156,53.10382666173709,52.21940189013441,53.002883868542426,101408000
2019-09-30,53.827213287353516,53.97381610371218,53.06295484016568,53.089391533842786,103909600
2019-10-01,53.97622299194336,54.84863029507966,53.882493554454456,54.09158512052922,139223200
2019-10-02,52.623165130615234,53.73349924871789,52.37561947318438,53.60852541852388,138449200
2019-10-03,53.0701789855957,53.10382536010926,51.70268764433087,52.495781281747504,114426000
2019-10-04,54.557823181152344,54.673185302428074,53.80798772875578,54.228569169561645,138478800
2019-10-07,54.56985092163086,55.259603442439,54.276645225102136,54.37999002003267,122306000
2019-10-08,53.930564880371094,54.81018194958028,53.91374352685756,54.271839962271294,111820000
2019-10-09,54.56263732910156,54.74528854203184,54.22857560601276,54.56263732910156,74770400
2019-10-10,55.29804992675781,55.3821676863081,54.62752452153625,54.7789313546757,113013600
2019-10-11,56.76889419555664,57.11256762430423,55.83159602526527,55.985408550575364,166795600
2019-10-14,56.68717575073242,57.230329070079826,56.39877773778656,56.45405313736609,96427600
2019-10-15,56.55499267578125,57.114963649042345,56.44924588810258,56.812146302927566,87360000
2019-10-16,56.32667541503906,56.53576699278494,56.04548708687691,56.08634313450599,73903200
2019-10-17,56.54538345336914,56.754471381621265,56.12239992403728,56.49971972945663,67585200
2019-10-18,56.81694412231445,57.09813239505433,56.30743729432614,56.37953769771097,97433600
2019-10-21,57.80231475830078,57.91767689190389,57.03565787328163,57.08372359535983,87247200
2019-10-22,57.670135498046875,58.208477458025,57.58841973582485,57.95853350048938,82293600
2019-10-23,58.443992614746094,58.45841562963855,57.9729434759369,58.18443702154534,75828800
2019-10-24,58.540130615234375,58.833336257215784,58.114741500691004,58.763637850238034,69275200
2019-10-25,59.261131286621094,59.29717966007289,58.371902625409106,58.4391953673054,73477200
2019-10-28,59.85475158691406,59.902817306683154,59.29477696701474,59.46300881979624,96572800
2019-10-29,58.470428466796875,60.02297633510959,58.29739262954531,59.83551748317305,142839600
2019-10-30,58.46323013305664,58.953510046434744,57.97055188420088,58.82372855934893,124522000
2019-10-31,59.785064697265625,59.883601825447826,57.021243105367084,59.41976222287998,139162000
2019-11-01,61.48180389404297,61.50823692360431,59.88119007430968,59.972513844449246,151125200
2019-11-04,61.88556671142578,61.969684482565675,61.37606341335742,61.84470699366309,103272000
2019-11-05,61.7966423034668,62.05139394165395,61.60197373719849,61.77741161321152,79897600
2019-11-06,61.82307434082031,61.88315741177333,61.373654143589235,61.710117874054276,75864400
2019-11-07,62.53659439086914,62.75836715496231,62.218401564449074,62.37026665689407,94940400
2019-11-08,62.707759857177734,62.78007307860579,61.914690532407235,62.358228788720716,69986400
2019-11-11,63.20431137084961,63.26939325068321,62.25937720712118,62.26419563498271,81821200
2019-11-12,63.146446228027344,63.34652498524913,62.89575559310551,63.04761329533837,87388800
2019-11-13,63.75151443481445,63.82624054265363,62.93193278483699,62.94639542787812,102734400
2019-11-14,63.31037902832031,63.85033723289111,63.18020790529742,63.5779452383564,89182800
2019-11-15,64.06246948242188,64.06728791082074,63.39957143680535,63.56107338652864,100206400
2019-11-18,64.38548278808594,64.46502731928551,63.69365943729218,64.07210837908097,86703200
2019-11-19,64.19022369384766,64.60242366565966,63.97327672744023,64.5783168124191,76167200
2019-11-20,63.44295883178711,64.13960058313725,62.770416578609314,64.00943681004155,106234400
2019-11-21,63.15850830078125,63.64061589932131,62.95842952781536,63.56347691802414,121395200
2019-11-22,63.10307312011719,63.44054702045154,62.87648192495427,63.29832613946704,65325200
2019-11-25,64.20952606201172,64.22640160051589,63.281467077238176,63.327267906674514,84020400
2019-11-26,63.7081184387207,64.39994174998013,63.27663002561703,64.3469096134178,105207600
2019-11-27,64.56387329101562,64.59762436682284,63.95400724096207,64.01908914324333,65235600
2019-11-29,64.421630859375,64.60242121725912,64.09620674390789,64.2649473538178,46617600
2019-12-02,63.676788330078125,64.66269773145665,63.505642149829725,64.42646230113999,94487200
2019-12-03,62.54142379760742,62.56070486863775,61.779692755265934,62.26661887986274,114430400
2019-12-04,63.093441009521484,63.47189737152567,62.83792448194202,62.931939027415204,67181600
2019-12-05,64.01908111572266,64.09381458044176,63.33208349753309,63.58760000147574,74424400
2019-12-06,65.25566101074219,65.32556866060735,64.43366681014422,64.47706207759182,106075600
2019-12-09,64.34207916259766,65.27736166371423,63.85755870346598,65.08452157936348,128042400
2019-12-10,64.7181396484375,65.10141438333517,64.08657238840084,64.74706493312719,90420400
2019-12-11,65.2701416015625,65.34969348345126,64.7229520666511,64.79767816395331,78756800
2019-12-12,65.43647003173828,65.70163071358168,64.4385110100101,64.54939371100679,137310400
2019-12-13,66.32594299316406,66.36209958719724,65.30869579489323,65.4364539980619,133587600
2019-12-16,67.46133422851562,67.68551992411864,66.7671052447666,66.77192367399121,128186000
2019-12-17,67.59390258789062,67.9217322522176,67.20580211215017,67.39141826173947,114158400
2019-12-18,67.4323959350586,67.95307308973534,67.28294373773436,67.44685857632358,116028400
2019-12-19,67.4998779296875,67.77950120181951,67.24195597172216,67.37453261033633,98369200
2019-12-20,67.36006927490234,68.13384985354818,67.14794077021222,68.03261138491365,275978000
2019-12-23,68.45928192138672,68.51954537378231,67.58425541558223,67.62282490788083,98572000
2019-12-24,68.52434539794922,68.67380489910754,68.19892872751366,68.62559120758853,48478800
2019-12-26,69.88391876220703,69.9007942963268,68.62803033131719,68.65695561473434,93121200
2019-12-27,69.85739135742188,70.86258898425908,69.45242272121374,70.17558415289048,146266000
2019-12-30,70.2719955444336,70.55403170483157,68.75335966764395,69.77542534439749,144114400
2019-12-31,70.78544616699219,70.79267748666231,69.78989280626304,69.88872574600676,100805600
2020-01-02,72.40052795410156,72.46079141879511,71.15668916006118,71.4097927692221,135480400
2020-01-03,71.69664764404297,72.45596582996416,71.47246932030643,71.62915285765841,146322800
2020-01-06,72.26795196533203,72.3065214697964,70.56852501428666,70.81922311511464,118387200
2020-01-07,71.92805480957031,72.53309491165653,71.70869494472285,72.2775784441153,108872000
2020-01-08,73.08511352539062,73.38643082203993,71.63155918060959,71.63155918060959,132079200
2020-01-09,74.63748168945312,74.83032176731344,73.81066900497032,74.06135963491325,170108400
2020-01-10,74.80622863769531,75.37030104945943,74.30483992947904,74.87131787710281,140644800
2020-01-13,76.40443420410156,76.43095395568463,75.00391177805751,75.12203317921409,121532000
2020-01-14,75.37272644042969,76.55148346044966,75.24979396232517,76.34176775906714,161954400
2020-01-15,75.04969787597656,76.05248268254357,74.61820946436237,75.17263768221467,121923600
2020-01-16,75.98979949951172,76.10068954693726,75.23048148138665,75.5920621906251,108829200
2020-01-17,76.83108520507812,76.83349074089385,75.93195182564011,76.23808752279956,137816400
2020-01-21,76.31043243408203,76.90101005625795,76.17302994996994,76.45988467025404,110843200
2020-01-22,76.58280181884766,77.13480977194556,76.48878729766383,76.79492300181599,101832400
2020-01-23,76.95162200927734,77.03116654175618,76.0886451198764,76.6358420591075,104472000
2020-01-24,76.72985076904297,77.93993845348767,76.53941616685312,77.19749582877215,146537600
2020-01-27,74.47357177734375,75.15333787807808,73.4924810810553,74.74113795467083,161940000
2020-01-28,76.58038330078125,76.75152944120848,75.25458738363722,75.35342032568062,162234000
2020-01-29,78.18339538574219,79.0294966511186,77.46987813568431,78.20991513135742,216229200
2020-01-30,78.0700912475586,78.12312337660362,76.83589699674123,77.26738534868132,126743200
2020-01-31,74.60859680175781,77.78327262427467,74.31451074217603,77.36142828876531,199588400
2020-02-03,74.40369415283203,75.56798119819389,72.85130652142897,73.35269537300906,173788400
2020-02-04,76.86003112792969,77.05046575296248,75.60172957976908,76.00669833273602,136616400
2020-02-05,77.48674774169922,78.28463523931488,76.88411323556181,77.98572352193352,118826800
2020-02-06,78.39312744140625,78.39554033416145,77.19991519206019,77.75674904636442,105425600
2020-02-07,77.32754516601562,78.141823360646,76.83704482888538,77.89294895065062,117684000
2020-02-10,77.69480895996094,77.69480895996094,75.83429386411699,75.91402717049185,109348800
2020-02-11,77.22606658935547,78.26264398287658,77.00860470842123,78.19015914717811,94323200
2020-02-12,79.05999755859375,79.06482742202022,77.67547849475221,77.67547849475221,113730400
2020-02-13,78.49700927734375,78.82320573508036,78.12974054369347,78.3327054260137,94747600
2020-02-14,78.51631927490234,78.76519359393609,78.00890353860804,78.46557253958812,80113600
2020-02-18,77.07866668701172,77.25988612279623,76.01792538344428,76.19914481922879,152531200
2020-02-19,78.19497680664062,78.4245243735885,77.32029218115534,77.32029218115534,93984000
2020-02-20,77.39277648925781,78.44385067885128,76.88777921917897,77.95576899229526,100566000
2020-02-21,75.64099884033203,77.42903672549149,75.02485563249914,76.98685711850104,129554000
2020-02-24,72.04802703857422,73.49778279969091,69.88547911921196,71.8257352845529,222195200
2020-02-25,69.60759735107422,73.09909512359589,69.13643119372864,72.71732938397975,230673600
2020-02-26,70.71182250976562,71.97552869907848,69.22582460812832,69.23307309062069,198054800
2020-02-27,66.0895004272461,69.10499371673924,65.95419053994536,67.9210285159399,320605600
2020-02-28,66.05084991455078,67.27106508637516,61.94562839291094,62.160678974985316,426510000
2020-03-02,72.20023345947266,72.83571074634416,67.10434419306169,68.20615768991611,341397200
2020-03-03,69.90721893310547,73.45428597286327,69.05669090258408,73.37455265692115,319475600
2020-03-04,73.14983367919922,73.30930768219956,70.82781196815235,71.62759322830975,219178400
2020-03-05,70.77706909179688,72.37904277817594,70.41221158595323,71.40529059680607,187572800
2020-03-06,69.8371353149414,70.26964775134793,67.95245619771107,68.13850549074616,226176800
2020-03-09,64.31356048583984,67.19373670107173,63.54760324031838,63.72882264119381,286744800
2020-03-10,68.94554138183594,69.21133137729244,65.08677501833562,66.96421319736713,285290000
2020-03-11,66.55103302001953,67.95004932218703,65.68842661681832,67.02462518678024,255598800
2020-03-12,59.97880172729492,65.23899909398826,59.92322879744106,61.8417392125565,418474000
2020-03-13,67.16475677490234,67.6359302649127,61.119275269390535,64.00429300943405,370732000
2020-03-16,58.52421951293945,62.60044418179931,57.99022457275424,58.46139441002403,322423600
2020-03-17,61.0975341796875,62.24525368604919,57.60362153116066,59.804833950382424,324056000
2020-03-18,59.60186767578125,60.406482464640554,57.29433930824816,57.93465023452481,300233600
2020-03-19,59.14518737792969,61.09269153777121,58.62085961850456,59.77583112302971,271857200
2020-03-20,55.39032745361328,60.848656123776394,55.09070998430256,59.72509337905043,401693200
2020-03-23,54.2136116027832,55.21152792629808,51.37209184292637,55.110045472758834,336752800
2020-03-24,59.652610778808594,59.848327192203485,56.61295613694801,57.110704962845915,287531200
2020-03-25,59.32399368286133,62.399890444761496,59.02920978154729,60.587696143364745,303602000
2020-03-26,62.4458122253418,62.50380009475104,59.52697025468034,59.565631292232815,252087200
2020-03-27,59.86039733886719,61.82481325258339,59.69367489036661,61.0709416804956,204216800
2020-03-30,61.568695068359375,61.740251079824446,60.26149806281595,60.585279571290975,167976400
2020-03-31,61.443050384521484,63.42438208826982,60.88972867869349,61.759583420299464,197002000
2020-04-01,58.21009826660156,60.09719601446135,57.78000444616135,59.560786204803335,176218400
2020-04-02,59.18143844604492,59.234596446659125,57.241182484383906,58.072376290076036,165934000
2020-04-03,58.33091735839844,59.36749098851091,57.74134949209258,58.66677725772262,129880000
2020-04-06,63.4195442199707,63.57418094682844,60.256662375458305,60.62393105385243,201820400
2020-04-07,62.68500900268555,65.64976368215225,62.58111162954673,65.43229446081726,202887200
2020-04-08,64.28942108154297,64.60353188066507,63.119952317554805,63.4848025037082,168895200
2020-04-09,64.75332641601562,65.25591244712727,63.95838246710248,64.9248861243381,161834800
2020-04-13,66.02426147460938,66.1329960532875,64.23139447845989,64.83062922254491,131022800
2020-04-14,69.35871124267578,69.64866527052683,67.1840781553046,67.65525160710325,194994800
2020-04-15,68.72566223144531,69.18475002856255,67.80748663721087,68.23516188327974,131154400
2020-04-16,69.27172088623047,69.63657830758835,68.22306550095219,69.43844332553729,157125200
2020-04-17,68.33181762695312,69.3345712466482,66.8965588537916,68.78849422470407,215250000
2020-04-20,66.91345977783203,68.06118282102301,66.89413295001411,67.15992291899424,130015200
2020-04-21,64.84513854980469,66.99077762058634,64.1347578473476,66.75640021366904,180991600
2020-04-22,66.7129135131836,67.14783719048366,65.77057396314187,66.11125999851906,116862400
2020-04-23,66.4543685913086,68.07809487584751,66.41570756383898,66.65733345514633,124814400
2020-04-24,68.37287139892578,68.38253849821193,66.93036468813068,66.97869281072518,126161200
2020-04-27,68.42121124267578,68.75223755503086,67.64317552817161,68.09017755648323,117087600
2020-04-28,67.31214141845703,69.06392923095741,67.22032976851494,68.88270980207805,112004800
2020-04-29,69.52301025390625,69.99176500480674,68.59516785102663,68.79813268535943,137280800
2020-04-30,70.98970794677734,71.16609756172141,69.67285081769471,70.06186509494019,183064000
2020-05-01,69.84679412841797,72.2461373205468,69.068758508474,69.16540738463718,240616800
2020-05-04,70.83506774902344,70.96312921364829,69.18234705743826,69.87098252239187,133568000
2020-05-05,71.89820861816406,72.7294023781066,71.14916678667844,71.29414381435919,147751200
2020-05-06,72.6400146484375,73.27065487426464,72.21475059268822,72.59893499011841,142333600
2020-05-07,73.39146423339844,73.7369949485584,72.9637889533335,73.2658213930559,115215200
2020-05-08,75.13829040527344,75.19159229593362,73.72337622769179,74.05045567520663,133838400
2020-05-11,76.32060241699219,76.81484814613628,74.4380826460871,74.64644722875487,145946400
2020-05-12,75.44843292236328,77.45451148487108,75.32729289469059,77.00386673715238,162301200
2020-05-13,74.53744506835938,76.54837362731435,73.46172121123148,75.62770513487014,200622400
2020-05-14,74.9953384399414,75.0559084279637,73.05467365769209,73.77667057668484,158929200
2020-05-15,74.5519790649414,74.59801285788724,72.73487900802405,72.76880175811006,166348400
2020-05-18,76.3084945678711,76.68160777866888,75.18431939181484,75.87481876052446,135178400
2020-05-19,75.86756896972656,77.17102926581177,75.83607138413613,76.32547436249678,101729600
2020-05-20,77.34303283691406,77.41328870045753,76.68644883413718,76.7252145142633,111504800
2020-05-21,76.76643371582031,77.7452471676142,76.52899661001778,77.20496000564525,102688800
2020-05-22,77.26066589355469,77.34304019898961,76.4029926993938,76.5047461498377,81803200
2020-05-26,76.73735046386719,78.5568683167511,76.68162339962899,78.37758347481825,125522000
2020-05-27,77.0716781616211,77.21704762323688,75.85543536682479,76.59439371595593,112945200
2020-05-28,77.1055908203125,78.36302429903517,76.47081856121721,76.74701384773941,133560800
2020-05-29,77.03050994873047,77.8082267406315,76.67435802451047,77.34789618259597,153532400
2020-06-01,77.97781372070312,78.09895371175787,76.85363105469186,76.9844643152945,80791200
2020-06-02,78.33880615234375,78.36303562857958,77.27035057638682,77.71130190496551,87642800
2020-06-03,78.77008056640625,79.03174713400516,78.08684912120862,78.65863382513984,104491200
2020-06-04,78.09168243408203,78.89120338502829,77.71856920653472,78.59320375117642,87560400
2020-06-05,80.3157958984375,80.37636588026136,78.31214356147102,78.34121596973901,137250400
2020-06-08,80.79069519042969,80.82461794300563,79.30309967941871,80.01297837924804,95654400
2020-06-09,83.34188842773438,83.73438081455681,80.43937898287314,80.47087656345983,147712400
2020-06-10,85.4860610961914,85.95365964938672,83.85067134903046,84.28919748972832,166651600
2020-06-11,81.38186645507812,85.05483286146779,81.28011297568305,84.63084277845434,201662400
2020-06-12,82.08446502685547,84.26498513269779,80.97482582626513,83.51876594974783,200146000
2020-06-15,83.0996322631836,83.75136619138125,80.57749604693846,80.739826934257,138808800
2020-06-16,85.30194091796875,85.57330073439438,83.51876362996565,85.15172849785749,165428800
2020-06-17,85.1832275390625,86.10631378252053,85.06208753447432,86.04574378022643,114406400
2020-06-18,85.21711730957031,85.63383905983052,84.60899235587182,85.13958596212743,96820400
2020-06-19,84.73016357421875,86.38735791979117,83.62294217777347,85.92218445110363,264476000
2020-06-22,86.947021484375,87.08996579558588,85.07661960868549,85.12265339969562,135445200
2020-06-23,88.80288696289062,90.22022642343374,87.77077181014047,88.18991886652088,212155600
2020-06-24,87.2353286743164,89.35043555341034,86.86221543627708,88.4321923624518,192623200
2020-06-25,88.39342498779297,88.4321906709593,86.63205223537432,87.39038973838228,137522400
2020-06-26,85.6774673461914,88.50972079929527,85.52967271907464,88.28924513838203,205256800
2020-06-29,87.65206146240234,87.74655421504602,85.10812136493809,85.5854132789762,130646000
2020-06-30,88.38374328613281,88.66963931267749,87.22080221413067,87.24018136135113,140223200
2020-07-01,88.21659088134766,89.00400109226938,88.16813930464834,88.4612961129119,110737200
2020-07-02,88.21659088134766,89.75749593888166,88.10272634889391,89.12272335185443,114041600
2020-07-06,90.57638549804688,91.0439841546096,89.61210837219791,89.6436059572989,118655600
2020-07-07,90.29531860351562,91.73203698734285,90.18387189252502,90.95432038842118,112424400
2020-07-08,92.39830780029297,92.42980537831811,91.18448282629508,91.27170745727221,117092000
2020-07-09,92.7956771850586,93.34322502819465,91.74902567498292,93.28992312553895,125642800
2020-07-10,92.9579849243164,93.01613714978424,91.78050772022172,92.39105063414506,90257200
2020-07-13,92.52915954589844,96.86839541410872,92.31595195399946,94.26146013937891,191649200
2020-07-14,94.06037902832031,94.25177492913492,90.9785767404952,91.91134894412532,170989200
2020-07-15,94.70724487304688,96.18272909779543,93.51038115292206,95.93318100843004,153198000
2020-07-16,93.54187774658203,94.39712579079603,92.94344589283693,93.58064343111674,110577600
2020-07-17,93.35291290283203,94.14759106406643,92.8804639114332,93.99253569772281,92186800
2020-07-20,95.32022094726562,95.45832232514117,93.09609226760277,93.44013312925429,90318000
2020-07-21,94.00465393066406,96.18517425379802,93.75510578943518,96.11006803417185,103433200
2020-07-22,94.26871490478516,94.94952104533722,93.61940634409747,93.7066235863698,89001600
2020-07-23,89.97795867919922,94.07975781052636,89.16874426666178,94.00222642645338,197004400
2020-07-24,89.75503540039062,90.0990762102355,86.3921882418588,88.17779782726093,185438800
2020-07-27,91.88224029541016,91.97430785382991,90.59331665892428,90.8162100588698,121214000
2020-07-28,90.37285614013672,91.63028980605597,90.3680058085899,91.45342276195278,103625600
2020-07-29,92.10514831542969,92.28928344671583,90.81864234957972,90.85498286396583,90329200
2020-07-30,93.21966552734375,93.32384416441144,90.8719714748946,91.27900014562395,158130000
2020-07-31,102.97869110107422,103.12890351490226,97.7115189842411,99.7079111699714,374336800
2020-08-03,105.57350158691406,108.19012242087766,104.56077304212948,104.85877268635082,308151200
2020-08-04,106.27853393554688,107.36879381499179,105.0404794276689,105.76247640960193,173071600
2020-08-05,106.66375732421875,106.98356866072452,105.53473177113482,105.99991256912482,121776800
2020-08-06,110.38516998291016,110.8794231758555,106.406937145771,106.99567567916016,202428800
2020-08-07,107.87549591064453,110.36334336865978,107.07938502036484,109.90703455219526,198045600
2020-08-10,109.44343566894531,110.46041967667294,106.79539443179243,109.31964772784534,212403600
2020-08-11,106.18861389160156,109.20558233257063,105.9289051039155,108.7080157903305,187902400
2020-08-12,109.71772003173828,109.97499928394977,107.08424089381839,107.27841139872632,165598000
2020-08-13,111.6594467163086,112.66186835700262,110.60847874929773,111.09634192240293,210082000
2020-08-14,111.55992889404297,111.64973292886683,109.75168569136507,111.48468727529169,165565200
2020-08-17,111.2686767578125,112.70556367842538,110.64247058340116,112.68129051352851,119561600
2020-08-18,112.19586181640625,112.62061629597079,110.68616274132592,111.02111317320909,105633600
2020-08-19,112.33662414550781,113.74923783578949,112.24196843606359,112.60361413274605,145538000
2020-08-20,114.829345703125,114.94342292138063,112.36091202603218,112.37790398361146,126907200
2020-08-21,120.74677276611328,121.22977689357654,115.77592935893642,115.78806223773633,338054800
2020-08-24,122.19092559814453,125.03314486284968,120.32686221834298,124.9481850882098,345937600
2020-08-25,121.18848419189453,121.5331452755047,119.4676231261592,121.06470367206454,211495600
2020-08-26,122.8365478515625,123.29285663343889,121.43849667426107,122.50402701142234,163022400
2020-08-27,121.36812591552734,123.77102105443406,120.22492431150832,123.43850018201364,155552400
2020-08-28,121.17151641845703,122.75887903183632,120.9482136928383,122.34140581995463,187630000
2020-08-31,125.28071594238281,127.1836224608346,122.32928572568825,123.8632579117057,225702700
2020-09-01,130.27099609375,130.87294402694218,126.72733558856538,128.89236599971812,151948100
2020-09-02,127.57196807861328,133.96027723036116,123.30015752319882,133.58163954392333,200119000
2020-09-03,117.35843658447266,125.08653940539764,116.98950967695433,123.2127726268104,257599600
2020-09-04,117.43611907958984,120.09629366493147,107.65948471911047,116.57204769157234,332607200
2020-09-08,109.53324890136719,115.52349838716887,109.39732807142673,110.63032628792358,231366600
2020-09-09,113.90214538574219,115.66912348309229,111.90216122256825,113.84389572106855,176940500
2020-09-10,110.1837387084961,116.98952122909824,109.22258206036143,116.85360038621577,182274400
2020-09-11,108.73713684082031,111.87304145706314,106.7954022543771,111.23226548811466,180860300
2020-09-14,111.99925231933594,112.55264638404466,109.51383440164483,111.37789783991316,140150100
2020-09-15,112.17401123046875,115.36816560750079,110.30023700342959,114.88273194668369,184642000
2020-09-16,108.86335754394531,112.62061700186764,108.77598303445264,111.8730523722857,154679000
2020-09-17,107.12547302246094,108.93128643390796,105.54296230474263,106.52354015673073,178011000
2020-09-18,103.72745513916016,107.64975978247199,102.99930468969426,107.18374764280628,287104900
2020-09-21,106.87309265136719,106.97988866541388,100.09643446582953,101.49448598998192,195713800
2020-09-22,108.55266571044922,109.57207929386054,105.97987340331184,109.39732289119372,183055400
2020-09-23,103.99930572509766,108.84393137946276,103.65949625131259,108.36820848614498,150718700
2020-09-24,105.06725311279297,107.03811241012444,101.94105943821374,102.10610509006938,167743300
2020-09-25,109.00897979736328,109.16432212155291,104.53328092968297,105.27114215532431,149981400
2020-09-28,111.61090850830078,111.96042134324223,109.49441741099088,111.65945483814875,137672400
2020-09-29,110.7662353515625,111.95069452133387,110.26138766643038,111.21284078207377,99382200
2020-09-30,112.43614196777344,113.84390402616219,110.30994757365427,110.4749932403561,142675200
2020-10-01,113.38758850097656,114.29049535158379,112.45555681762868,114.21282419285578,116120400
2020-10-02,109.7274169921875,112.00896103141628,108.95072761058432,109.60120691204848,144712000
2020-10-05,113.10603332519531,113.25166489244758,110.2419779334605,110.59149073201426,106243800
2020-10-06,109.86335754394531,112.73712413305032,108.97986466252809,112.32935419932602,161498200
2020-10-07,111.72740173339844,112.18371051307483,110.80507342782535,111.28080369994235,96849000
2020-10-08,111.62061309814453,113.00895361392693,111.25167878876417,112.86332203954677,83477200
2020-10-09,113.56233978271484,113.59146461414193,111.57205902106843,111.9215718124515,100506900
2020-10-12,120.77589416503906,121.53316947743221,115.80505089927543,116.56232621166858,240226800
2020-10-13,117.57202911376953,121.73705073964729,116.16427448485399,121.62054399652054,262330500
2020-10-14,117.65940856933594,119.4458008172495,116.1351472290792,117.47494141501437,150712000
2020-10-15,117.19336700439453,117.6690898104226,114.70794959332586,115.26134354523187,112559200
2020-10-16,115.5526123046875,118.00891257285697,115.34873107903783,117.74677427764382,115393800
2020-10-19,112.60118865966797,116.9118342796432,112.29051143113706,116.46523622657561,120639300
2020-10-20,114.08661651611328,115.513792607474,112.2613812832418,112.81477533834804,124423700
2020-10-21,113.46527862548828,115.25167113205254,113.05750867757199,113.27110069621133,89946000
2020-10-22,112.37791442871094,114.60120191835932,111.25170456022265,114.0283862350058,101988000
2020-10-23,111.68856811523438,113.15457972080071,110.95070693925585,112.99923740706663,82572600
2020-10-26,111.69828033447266,113.15458121285103,109.591492767667,110.6885775032748,111850700
2020-10-27,113.20313262939453,113.86332273009963,111.20314823922772,112.12546926784462,92276800
2020-10-28,107.96044158935547,112.06721355762778,107.863356340069,111.6982866474873,143937800
2020-10-29,111.96041107177734,113.52350793821675,108.9313025825577,109.09635564462052,146129200
2020-10-30,105.68860626220703,108.72741799712837,104.58181822292556,107.82451118538518,190272600
2020-11-02,105.60124206542969,107.45560232371076,104.19348732192323,105.93134082759394,122866900
2020-11-03,107.22259521484375,108.24200151383607,105.56241289323033,106.46531984784082,107624400
2020-11-04,111.6011734008789,112.22252777022936,109.07692034950163,110.81477339747906,138235500
2020-11-05,115.56233215332031,116.13514770518474,113.46526266207991,114.51379370413532,126387100
2020-11-06,115.43104553222656,115.92703675245446,112.94133225108231,115.07120221763194,114457900
2020-11-09,113.1261215209961,118.64043465344767,112.86353836131654,117.19134868504119,154515300
2020-11-10,112.78571319580078,114.36122671431826,110.99623179932811,112.37724727765978,138023400
2020-11-11,116.20905303955078,116.34520833947562,113.24280409700836,113.97221066942316,112295000
2020-11-12,115.936767578125,117.22052312713384,115.31434109496367,116.33551348572685,103162300
2020-11-13,115.98539733886719,116.38413582545107,114.63356412889462,116.16045525051373,81581900
2020-11-16,116.99684143066406,117.66789057082231,114.90587400574458,115.65472831052979,91183000
2020-11-17,116.11182403564453,117.35667698637204,115.69363055189307,116.26743436443991,74271000
2020-11-18,114.7891616821289,116.53001321672764,114.75998660153422,115.35323797332128,76322100
2020-11-19,115.38241577148438,115.7908817492475,113.60266161420516,114.36124340716778,74113000
2020-11-20,114.11810302734375,115.50883872913519,114.06948036722605,115.38241090893905,73604300
2020-11-23,110.72395324707031,114.39044233270789,110.62670048886426,113.96252129270948,127959300
2020-11-24,112.00769805908203,112.66902713847026,109.49853707376413,110.78230006896696,113874200
2020-11-25,112.84407806396484,113.54430968345936,112.00769112066959,112.37726193090761,76499200
2020-11-27,113.38870239257812,114.26399194036229,113.02886649286769,113.36925481147574,46691300
2020-11-30,115.78116607666016,117.64844554887398,113.6026659391683,113.75827627180732,169410200
2020-12-01,119.35040283203125,120.07980962174469,116.71481385558914,117.68735624187373,127728200
2020-12-02,119.70050811767578,119.98254627518949,117.57063810536371,118.66960823368215,89004200
2020-12-03,119.5643539428711,120.38128592155832,118.85439479194712,120.12842284343223,78967600
2020-12-04,118.89328002929688,119.48653134532607,118.18332098194936,119.23366830409037,78260400
2020-12-07,120.35211181640625,121.14959622013072,118.89329833984375,118.95164850453536,86712000
2020-12-08,120.96479797363281,121.54832923828494,119.71021762648395,120.95507789382133,82225500
2020-12-09,118.43619537353516,122.49169482167979,117.67761359703715,121.11068659164964,115089200
2020-12-10,119.85609436035156,120.46880067316184,116.85094263147249,117.19133090530717,81312200
2020-12-11,119.04888916015625,119.38927743158283,117.23996015210895,119.06833673856299,86939800
2020-12-14,118.43619537353516,119.9630864267169,118.20278730843776,119.2336797308675,79184500
2020-12-15,124.36872100830078,124.38817601169539,120.72168696233577,120.92591997852064,157243700
2020-12-16,124.30062103271484,124.84524231148528,123.08494323552482,123.91161007354079,98208600
2020-12-17,125.16619110107422,126.02203307421959,124.52430962121518,125.3606965932024,94359800
2020-12-18,123.18221282958984,125.55521844582084,122.65703909059238,125.41906311570027,192541500
2020-12-21,124.70909881591797,124.78690398309315,120.0603476658836,121.58723882712805,121251600
2020-12-22,128.2588653564453,130.71939584455194,126.09008564573021,127.99627481697722,168904800
2020-12-23,127.36412048339844,128.7937437238064,127.18905518795543,128.53116804036412,88223700
2020-12-24,128.346435546875,129.79552922137646,127.50032831643357,127.71428885467729,54930100
2020-12-28,132.93679809570312,133.56894460120503,129.8441061270866,130.31093707619408,124486200
2020-12-29,131.16676330566406,134.979126993658,130.65131712079605,134.2594552546887,121047300
2020-12-30,130.0483856201172,132.2560612728946,129.73716489381331,131.85731528225065,96452100
2020-12-31,129.04660034179688,131.04031440956527,128.10323341470374,130.39843312807264,99116600
2021-01-04,125.856689453125,129.9413637183322,123.27945114345249,129.85383848203446,143301900
2021-01-05,127.41273498535156,128.12270140194101,124.90357459038079,125.35095048522051,97664900
2021-01-06,123.12385559082031,127.45167334436817,122.90989509434218,124.21310565475042,155088000
2021-01-07,127.32527160644531,128.01578336133306,124.34929371374605,124.83556499921514,109578200
2021-01-08,128.4241943359375,128.9882705657379,126.65416049347947,128.79375026318803,105158200
2021-01-11,125.4384994506836,126.59582714131227,124.97168331019907,125.64273985954293,100384500
2021-01-12,125.26344299316406,126.12900498980764,123.3767086805256,124.97167735433455,91951100
2021-01-13,127.2960433959961,127.84066463408008,124.96194813568883,125.22452383559776,88636800
2021-01-14,125.37041473388672,127.40302430824103,125.22452450445344,127.2085188421458,90221800
2021-01-15,123.64904022216797,126.64447259687851,123.51288487967291,125.24400916560404,111598500
2021-01-19,124.32007598876953,125.17591790643084,123.4545139910682,124.27144590893572,90757300
2021-01-20,128.40475463867188,128.85213061210496,125.02031169638846,125.12729193961263,104319500
2021-01-21,133.11184692382812,135.83496806730975,129.92190967683482,130.1261500695179,120150900
2021-01-22,135.25140380859375,136.00998527341633,131.312606301362,132.53800370458052,114459400
2021-01-25,138.99571228027344,141.1061268129052,132.790889061693,139.14160249614895,157611700
2021-01-26,139.22915649414062,140.3378541007655,137.48829750104505,139.65707747210416,98390600
2021-01-27,138.1593475341797,140.3378474829839,136.55465878230473,139.49172564743122,140843800
2021-01-28,133.32579040527344,138.0912555090123,132.94649958704122,135.68907538027003,142621100
2021-01-29,128.33673095703125,132.9854835040338,126.63478136815478,132.10046615626055,177523800
2021-02-01,130.45681762695312,131.66277536673383,127.3349504556567,130.07752674070377,106239800
2021-02-02,131.2834930419922,132.56724118693242,130.91392221186754,132.0031648608857,83305400
2021-02-03,130.2623291015625,132.04208344252265,129.94138833452192,132.03234852121233,89880900
2021-02-04,133.6175537109375,133.62727378925396,130.89443296109326,132.55748642168908,84183100
2021-02-05,133.20364379882812,133.84648451427685,132.32705363193958,133.77831254493844,75693800
2021-02-08,133.34971618652344,133.39841892980013,131.41145995524053,132.49259546322395,71297200
2021-02-09,132.47311401367188,134.29449558670797,132.3172860388913,133.06725182462114,76774200
2021-02-10,131.86924743652344,133.42764614924684,130.9049865610518,132.93089894279558,73046600
2021-02-11,131.61605834960938,132.84328771791823,130.29142345565842,132.36602442146648,64280000
2021-02-12,131.84982299804688,132.0056659122015,130.21351698541815,130.85635785980728,60145100
2021-02-16,129.72645568847656,132.47311511495084,129.33684859330893,131.96664818421948,80576300
2021-02-17,127.43757629394531,128.78169493091983,126.10320712430666,127.83691804290048,97918500
2021-02-18,126.33695220947266,126.61940434141995,124.09675977564942,125.84020503461309,96856700
2021-02-19,126.49278259277344,127.31095005461351,125.4506152038684,126.85317101046176,87668800
2021-02-22,122.72344207763672,126.34670679460257,122.33384236261952,124.68116782712916,103916400
2021-02-23,122.58709716796875,123.41499201171895,115.31134823227501,120.54170772135137,158273000
2021-02-24,122.09033203125,122.29487019049711,119.05147088701199,121.69099774824254,111039900
2021-02-25,117.84371185302734,123.17146835413952,117.4054168564186,121.43775757680415,148199500
2021-02-26,118.10670471191406,121.6033452358005,118.04825992472897,119.40211317040608,164560400
2021-03-01,124.46690368652344,124.60326248159897,119.59692548811965,120.53196041049354,116307900
2021-03-02,121.8663330078125,125.3727157063762,121.75919289657611,125.07077944616279,102260900
2021-03-03,118.88590240478516,122.44098788620711,118.67162218049718,121.56439034639122,112966300
2021-03-04,117.00607299804688,120.38583846392305,115.53534519039708,118.58394833274576,178155000
2021-03-05,118.26251983642578,118.76900160643346,114.51263902780947,117.83396691295218,153766600
2021-03-08,113.3341064453125,117.85344455096923,113.18800564768664,117.78526516954318,154376600
2021-03-09,117.94111633300781,118.8858931954571,115.7009310503409,115.93468789918522,129525800
2021-03-10,116.86000061035156,118.99304601715157,116.34377667711071,118.52553226949556,111943300
2021-03-11,118.78849029541016,120.00598467048323,118.10669641776761,119.35340946888309,103026500
2021-03-12,117.8826904296875,118.01904922400895,116.0613233493951,117.26907585524096,88105100
2021-03-15,120.76570129394531,120.77544332973144,117.28853761790177,118.25279852383531,92403800
2021-03-16,122.30460357666016,123.91169749251546,121.47670896273326,122.43122030505053,115227900
2021-03-17,121.51570129394531,122.58709503966791,119.15862613615897,120.82416526324258,111932600
2021-03-18,117.39569091796875,119.97678079779097,117.19115272943903,119.68457913932171,121229700
2021-03-19,116.86972045898438,118.27227638684158,116.56778422545804,116.78206442899135,185549500
2021-03-22,120.18130493164062,120.6488260443175,117.13270167198472,117.20088106018801,111912300
2021-03-23,119.35340881347656,121.00919818208511,118.9638091293934,120.12286614601692,95467100
2021-03-24,116.96710968017578,119.7040419397164,116.94763304087101,119.62612052050626,88530500
2021-03-25,117.45411682128906,118.4962991670475,115.90546750304253,116.43142597838931,98844700
2021-03-26,118.05801391601562,118.32099690748782,115.82756294666447,117.22037704784019,94071200
2021-03-29,118.23332977294922,119.39238695881983,117.59049651669116,118.48657071923124,80819200
2021-03-30,116.78206634521484,117.26906411360106,115.76911009525196,116.98660451621751,85671900
2021-03-31,118.97357177734375,120.3079410804402,117.9995761138878,118.48657394561577,118323800
2021-04-01,119.80145263671875,120.95076768283118,119.30471282559485,120.44429326652572,75089100
2021-04-05,122.62604522705078,122.87928615898178,119.86963594729222,120.6488353850815,88651200
2021-04-06,122.92797088623047,123.82404496077191,122.38253578537845,123.21043047231339,80171300
2021-04-07,124.57403564453125,124.59351228641088,121.88580577435263,122.55786509964642,83466700
2021-04-08,126.97005462646484,126.99927330265552,125.17790646414029,125.59671739753477,88844600
2021-04-09,129.54139709472656,129.58035037412546,126.1031942856078,126.42461457311639,106686700
2021-04-12,127.82719421386719,129.39532780187267,127.23305627401432,129.073907454543,91420000
2021-04-13,130.93421936035156,131.15824904554103,128.49923039780398,128.99597765783932,91266500
2021-04-14,128.59661865234375,131.48938634080065,128.2362450900617,131.43094899145666,87222800
2021-04-15,131.00241088867188,131.48940869866695,130.16477406100063,130.34010100083557,89347100
2021-04-16,130.67120361328125,131.16793583022613,129.81408305511337,130.8075623509909,84922400
2021-04-19,131.3335723876953,131.9471944147541,129.8725788847892,130.03815636501255,94264200
2021-04-20,129.6485595703125,132.0056272235911,128.38236227240412,131.50889480005515,94812300
2021-04-21,130.02842712402344,130.27192605122198,127.88563953707525,128.91807261047788,68847100
2021-04-22,128.5089569091797,130.66147844484067,127.99274053029319,129.58034294411806,84566500
2021-04-23,130.8271026611328,131.60628729046172,128.72326849315886,128.72326849315886,78657500
2021-04-26,131.21670532226562,131.54786030204147,130.08686671385888,131.32384544654548,66905100
2021-04-27,130.89524841308594,131.88872793710226,130.62253087504087,131.49912083847275,66015800
2021-04-28,130.10635375976562,131.5089100143574,129.619355885921,130.81736649421998,107760100
2021-04-29,130.00894165039062,133.50559750247544,129.00572727008065,132.92119413868548,151101000
2021-04-30,128.04147338867188,130.08685531571498,127.66161568350715,128.35314426527148,109839500
2021-05-03,129.09335327148438,130.58358001612103,128.40182480933737,128.6063555356659,75135100
2021-05-04,124.52532958984375,128.07068022860358,123.40523322106765,127.77847859118502,137564700
2021-05-05,124.76884460449219,127.05772538948398,124.6422204183204,125.84023086704354,84000900
2021-05-06,126.3662109375,126.37594554444907,123.82407406523244,124.5643128982338,78128300
2021-05-07,127.0394058227539,128.06382651595774,126.3271705323357,127.66382129004229,78973300
2021-05-10,123.76122283935547,126.3857167405833,123.72219593923793,126.25889234153651,88071200
2021-05-11,122.84410858154297,123.19533577203656,119.7805603965293,120.492788250042,126142800
2021-05-12,119.78053283691406,121.60500079746393,119.27319817304675,120.39519702699735,112172300
2021-05-13,121.92697143554688,123.07823863645709,121.23426088704589,121.54646856304096,105861300
2021-05-14,124.3465805053711,124.7758688561986,122.78554210729591,123.17580356771927,81918000
2021-05-17,123.19532012939453,123.83925269137897,122.12210663637244,123.7319305977149,74244600
2021-05-18,121.80989837646484,123.8977887358132,121.74160317568686,123.47825894714309,63342900
2021-05-19,121.65381622314453,121.87821158301546,119.86837471152245,120.16107272588073,92612000
2021-05-20,124.20997619628906,124.60999619540624,122.0537909874265,122.18063022793555,76857100
2021-05-21,122.37577056884766,124.88319058200729,122.16112639405591,124.70757329750661,79295400
2021-05-24,124.00511169433594,124.82466155300955,122.87336158160026,122.94165678285485,63092900
2021-05-25,123.80998229980469,125.19541091008112,123.24410353248182,124.7075784829674,72009500
2021-05-26,123.76122283935547,124.28807482551193,123.34169296761718,123.86854495377364,56575900
2021-05-27,122.22942352294922,124.5319579811851,122.03429651202822,123.3611810284224,94625600
2021-05-28,121.57574462890625,122.73677048730885,121.51720801205188,122.51236771666937,71311100
2021-06-01,121.2537841796875,122.2977294109628,120.92206674340329,122.03430717883234,67637100
2021-06-02,122.0147933959961,122.19041070349643,121.02939220066231,121.25378754470101,59278900
2021-06-03,120.53181457519531,121.8099138277147,120.1317944601695,121.6440550967321,76229200
2021-06-04,122.82456970214844,123.08799935298282,120.83424294183042,121.04888711847525,75169300
2021-06-07,122.83433532714844,123.24410653680496,121.7903901347652,123.09775754946514,71057600
2021-06-08,123.65388488769531,125.33201160333881,123.13679155370112,123.51729447658813,74403800
2021-06-09,124.03437042236328,124.63927604647924,123.43922338156383,124.11242420165917,56877900
2021-06-10,123.0392074584961,125.0685610035486,122.87334876469549,123.92704498219538,71186400
2021-06-11,124.2490234375,124.33683580636276,123.02946096276283,123.44899075181716,53522400
2021-06-14,127.30280303955078,127.36133965538929,123.97584053546844,124.70757800792384,96906500
2021-06-15,126.48328399658203,127.41991468464407,126.23937146072876,126.7759820170539,62746300
2021-06-16,126.98082733154297,127.70281361013316,125.33199152138447,127.19547149849583,91815000
2021-06-17,128.58091735839844,129.3224209462561,126.49302678487064,126.6393832290609,96721700
2021-06-18,127.28328704833984,128.3077074896389,127.06864288856177,127.52719951288445,108953300
2021-06-21,129.0784912109375,129.18581330080102,126.063736441913,127.1271913132279,79663300
2021-06-22,130.7175750732422,130.8151460223462,128.4150406144124,128.91263161271146,74783600
2021-06-23,130.44436645507812,131.0492794134617,129.98580988913096,130.5126690823285,60214200
2021-06-24,130.16143798828125,131.3614830240449,129.69311538491124,131.17610718778187,68711000
2021-06-25,129.86875915527344,130.6297648884673,129.57606120699057,130.2102425761428,70783700
2021-06-28,131.4980926513672,131.95664929646315,130.10292043684166,130.1614570490265,62111300
2021-06-29,133.01036071777344,133.16646828417475,131.07857796707717,131.51761747124857,64556100
2021-06-30,133.62501525878906,134.06405473109936,132.5615455661884,132.85424351014055,63261400
2021-07-01,133.92747497558594,133.98601159157678,132.4542339993765,133.27379128495963,52485800
2021-07-02,136.55197143554688,136.5909908825578,134.39577852908815,134.54212006442484,78852600
2021-07-06,138.5618133544922,139.66428770082487,136.65929888430668,136.65929888430668,108181800
2021-07-07,141.04971313476562,141.36191336128311,139.1862182535438,140.04478004189397,104911600
2021-07-08,139.7520751953125,140.55210024692394,137.24464819829342,138.13249304147996,105575500
2021-07-09,141.57656860351562,142.10341304013653,139.17646311232951,139.27403406481795,99890800
2021-07-12,140.98141479492188,142.75710481226085,140.49358983023356,142.64978272453996,76299700
2021-07-13,142.09364318847656,143.8693330567253,140.13259235448814,140.52284633857775,100827100
2021-07-14,145.5181884765625,145.9279745686904,144.0839818158266,144.4937679079545,127050800
2021-07-15,144.86448669433594,146.34747864637848,143.50833398770226,145.6059901139749,106820300
2021-07-16,142.82540893554688,146.11334481046933,142.32783277394142,144.84501166670194,93251400
2021-07-19,138.9813232421875,140.56188618036083,138.22031752231123,140.2496710710599,121434600
2021-07-20,142.59124755859375,143.518127007473,139.47893643261804,139.96676145319105,96350000
2021-07-21,141.8594512939453,142.57168624790816,141.1082117921086,141.9862905106955,74993500
2021-07-22,143.22540283203125,144.59130668501456,142.25950410848452,142.38634335455993,77338200
2021-07-23,144.94253540039062,145.09864294509043,143.3424702853048,143.9571344380385,71447400
2021-07-26,145.3620147705078,146.18155672348286,144.1034186617264,144.65954598589238,72434100
2021-07-27,143.19613647460938,145.57672455410125,142.00584243486344,145.48890475095865,104818600
2021-07-28,141.44973754882812,143.391286472983,139.06914908747908,141.28387882976534,118931200
2021-07-29,142.09364318847656,142.98148812260095,141.0594567321274,141.16677881083731,56699500
2021-07-30,142.3083038330078,142.76686050541852,140.60091640214495,140.86434605990442,70440600
2021-08-02,141.97659301757812,143.37176538004852,141.71316334757606,142.79613544954273,62880000
2021-08-03,143.7717742919922,144.43520909857267,141.64484970305608,142.2595139229218,64786600
2021-08-04,143.37176513671875,144.19130756729243,142.71808142038705,143.68398028393023,56368300
2021-08-05,143.47911071777344,144.2401166546182,142.61078266741262,143.40105691819448,46397700
2021-08-06,142.79515075683594,143.74295061398053,142.2968289914538,143.00035084231465,54126800
2021-08-09,142.74624633789062,143.34228507821692,142.18930041536296,142.8537292225246,48908700
2021-08-10,142.26748657226562,144.32919310328901,141.9743500451473,143.0882569205625,69023100
2021-08-11,142.52146911621094,143.3617855149169,142.19902056570945,142.70712266736663,48493500
2021-08-12,145.48216247558594,145.6385039280885,142.50196876649986,142.84396383015653,72282600
2021-08-13,145.6873779296875,146.01959236929383,144.87637333214747,145.56034862237908,59375000
2021-08-16,147.66111755371094,147.72952253031957,143.1175540441941,145.1401675406519,103296000
2021-08-17,146.7523956298828,148.2082823920191,145.67756689112312,146.79147353422863,92229700
2021-08-18,143.01007080078125,147.2702784625577,142.8048707810112,146.37133747643588,86326000
2021-08-19,143.34230041503906,144.61254875765684,141.19265740190144,141.71052547158095,86960300
2021-08-20,144.79820251464844,145.10110479232438,143.4204712746936,144.06536865206095,60549600
2021-08-23,146.28343200683594,146.75244155345382,144.5050811570284,144.91546637401214,60131800
2021-08-24,146.19544982910156,147.40707372149436,145.73620613091066,146.02934262692168,48606400
2021-08-25,144.9643096923828,146.8794554129226,144.41712946066949,146.3811188443998,58991300
2021-08-26,144.16307067871094,145.70690913613237,144.13375851701343,144.95454377317253,48597200
2021-08-27,145.19883728027344,145.34539810446006,143.46934500714787,144.10446179134948,55802400
2021-08-30,149.61534118652344,149.97688265994054,145.2085727146907,145.58964568755835,90956700
2021-08-31,148.3549041748047,149.30270392723426,147.8272553901817,149.16590885521063,86453100
2021-09-01,149.01931762695312,151.43278500420377,148.85321040744938,149.33200056452,80313700
2021-09-02,150.1332244873047,151.17874128646721,148.91183471793337,150.34819027947748,71115500
2021-09-03,150.76834106445312,151.09078972052774,149.5860293255129,150.24069238740682,57808700
2021-09-07,153.10366821289062,153.66061425099002,150.85630782844845,151.42303452779782,82278300
2021-09-08,151.55979919433594,153.44561765373206,150.4556581818044,153.38699333617137,74420200
2021-09-09,150.54360961914062,152.53691096459315,150.4263460744376,151.93110647020356,57305700
2021-09-10,145.5603485107422,151.92134106933233,145.2965241455898,151.45233157203938,140893200
2021-09-13,146.12709045410156,147.954284971399,145.3453979370689,147.18237311566395,102404300
2021-09-14,144.7298126220703,147.61230470977705,143.54751554982687,146.90878293557242,109296300
2021-09-15,145.61895751953125,146.0195769004921,143.01983678244974,145.15971382126716,83281300
2021-09-16,145.38442993164062,145.56031777444971,143.85037245648,145.04244981377065,68034100
2021-09-17,142.71690368652344,145.4137409758473,142.42376725383107,145.4137409758473,129868800
2021-09-20,139.6683349609375,141.5248410433877,138.03656037257468,140.50865153615536,123478900
2021-09-21,140.14710998535156,141.29034368063373,139.51199340756355,140.63566578658538,75834000
2021-09-22,142.51174926757812,143.0784609405733,140.4109501394529,141.14378392401113,76404300
2021-09-23,143.4693603515625,143.71363835769614,142.3065946568389,143.2934724341822,64838200
2021-09-24,143.55726623535156,144.09468071612673,142.22839356904527,142.32611071447462,53477900
2021-09-27,142.04273986816406,142.6192471706429,140.52822848156046,142.14045701354505,74150700
2021-09-28,138.66195678710938,141.43695107445913,138.4469909709511,139.9712831876772,108972300
2021-09-29,139.56088256835938,141.14379894035906,138.77919013309102,139.2091217179658,74602000
2021-09-30,138.26132202148438,141.07540882378817,138.04635622911155,140.37188712321222,89056700
2021-10-01,139.385009765625,139.64883415934378,135.92604012055145,138.65217582382982,94639600
2021-10-04,135.955322265625,138.95506236159227,135.1052398519007,138.51535016597074,98322000
2021-10-05,137.8802490234375,138.98439014714222,136.1703033445533,136.29733265175278,80861100
2021-10-06,138.74986267089844,138.89642346342436,135.20294239635672,136.2777712400183,83221100
2021-10-07,140.0103759765625,140.91909791585633,139.453429873389,139.7856443847238,61732700
2021-10-08,139.62924194335938,140.87994360098938,139.29702757701324,140.73338282452485,58773200
2021-10-11,139.54135131835938,141.49557516408288,138.56423939549762,139.0137174402137,64452200
2021-10-12,138.27110290527344,139.9712830193318,137.8118591085372,139.95173660619236,73035900
2021-10-13,137.68478393554688,138.1635590245904,136.013916723793,138.0072325170972,78762700
2021-10-14,140.4695587158203,140.58682224669744,138.27105760850728,138.85733053427336,69907100
2021-10-15,141.5248565673828,141.58348088448486,140.22529620330172,140.47935479013262,67940300
2021-10-18,143.19573974609375,143.47909561279081,139.88333128324254,140.1666871499396,85589200
2021-10-19,145.3551483154297,145.75576773810008,143.19573955238386,143.64520263819782,76378900
2021-10-20,145.84368896484375,146.32247907181252,144.7297822080243,145.29650879090318,58418800
2021-10-21,146.0586700439453,146.21501151275598,144.48551942420278,145.40400691653662,61421000
2021-10-22,145.28672790527344,146.7426146643611,145.23786934278849,146.26383951681254,58883400
2021-10-25,145.23788452148438,145.95117189778182,144.24122639888336,145.27696242983234,50720600
2021-10-26,145.90237426757812,147.38757380600188,145.59945701676844,145.91214002036054,60893400
2021-10-27,145.4430694580078,146.30291753836434,145.09130868119013,145.94139101285785,56094900
2021-10-28,149.0779571533203,149.66421529809745,146.29318250961379,146.39089965518153,100077900
2021-10-29,146.37132263183594,146.5081176612954,143.05891485963772,143.85037288076313,124953200
2021-11-01,145.55055236816406,146.27360541935798,144.41709931929685,145.57986452377787,74588300
2021-11-02,146.58633422851562,148.10086068451773,145.24768076131065,145.25746142260692,69122000
2021-11-03,148.02264404296875,148.49165344387518,146.39086943374969,146.9478153017873,54511500
2021-11-04,147.5048065185547,148.94114717338857,147.19212358039826,148.11061107430388,60394600
2021-11-05,148.03321838378906,148.93347149692437,146.83940090236302,148.63012712450208,65463900
2021-11-08,147.2112274169922,148.31697989696048,146.93723803048172,148.16041026715402,55020900
2021-11-09,147.5732879638672,148.17997664131613,146.83938459031998,146.97637928946335,56787900
2021-11-10,144.74534606933594,146.90792172221626,144.67685617034908,146.80028193983205,65187100
2021-11-11,144.69638061523438,146.22289720379737,144.51045604306032,145.76299817171153,41000000
2021-11-12,146.77088928222656,147.1720784304826,144.31474986015922,145.24435777936998,63804000
2021-11-15,146.78067016601562,148.62032601011296,146.22289645235986,147.14272437440852,59222800
2021-11-16,147.75917053222656,148.23865930855874,146.1347946104137,146.7219231148491,59256200
2021-11-17,150.19577026367188,151.6733569463972,147.7494257967945,147.7592057993934,88807000
2021-11-18,154.4817657470703,155.2645990140686,149.7652210699027,150.411059635024,137827700
2021-11-19,157.10426330566406,157.56417731455713,153.17053675502055,154.26649442831288,117305600
2021-11-22,157.56419372558594,162.14374442137012,157.54461878472307,158.210017461011,117467900
2021-11-23,157.94580078125,158.32742995233392,155.64623082003743,157.6620164381372,96041900
2021-11-24,158.4644317626953,158.66013635871653,156.2137915801923,157.2999692591092,69463600
2021-11-26,153.44451904296875,157.00639624695634,153.00417999336176,156.1452930856568,76959800
2021-11-29,156.80091857910156,157.73052659848017,155.38202667808307,155.94958045222978,88748200
2021-11-30,161.75230407714844,161.9675835913138,156.48776584559891,156.55627065978888,174048100
2021-12-01,161.2336883544922,166.64500155872992,160.99883389139347,163.88551760970591,152052500
2021-12-02,160.24534606933594,160.6759050938818,154.4132690949476,155.33309702351337,136739200
2021-12-03,158.36654663085938,161.4195945786872,156.29205136899398,160.49976670029744,118023100
2021-12-06,161.77186584472656,164.27692006238982,160.75417823673777,160.76395823883925,107497000
2021-12-07,167.50607299804688,167.8974970290668,164.7270295686555,165.45115282756737,120405400
2021-12-08,171.3223876953125,172.1835056764081,167.03638765651502,168.43570437579535,116998900
2021-12-09,170.8135528564453,172.95655298827864,170.18728927314578,171.15604705270513,108923700
2021-12-10,175.5986328125,175.7747774084515,170.94079752796398,171.4496414446743,115402700
2021-12-13,171.96824645996094,178.22110269969062,171.76274694249355,177.2327699190323,153237000
2021-12-14,170.5885009765625,173.92531854630914,168.51400556372403,171.48875398461132,139380400
2021-12-15,175.4518280029297,175.6475325738547,168.611843504033,171.35175229088827,131063300
2021-12-16,168.56289672851562,177.25231617436867,167.08531019517628,175.43223547777242,150185800
2021-12-17,167.46694946289062,169.74694420568176,166.0480727156741,166.2829122189755,195432700
2021-12-20,166.10679626464844,166.91898445345717,163.8659512088188,164.66834446331637,107499100
2021-12-21,169.27728271484375,169.48276731961977,165.49033075391415,167.8779657038139,91185900
2021-12-22,171.8704071044922,172.08568665070675,168.45530424072862,169.32620242994054,92135300
2021-12-23,172.4966583251953,173.05443209039555,171.50834043001467,172.07589419886108,68356600
2021-12-27,176.459716796875,176.54778161213417,173.26968906108772,173.2892490658333,74919600
2021-12-28,175.44204711914062,177.43827272382592,174.69836371754772,176.29338521436063,79144300
2021-12-29,175.53012084960938,176.75329313798875,174.3167285642682,175.48119097181373,62348900
2021-12-30,174.3754119873047,176.6945564474762,174.26777224500728,175.6181590245021,59773000
2021-12-31,173.75894165039062,175.3833028387427,173.45558242966288,174.2677704894889,64062300
2022-01-03,178.10366821289062,178.9550062933326,173.89596741451703,174.0133871781769,104487900
2022-01-04,175.84324645996094,179.01371442958575,175.27569272230144,178.71037008888723,99310400
2022-01-05,171.1658172607422,176.3031403228598,170.8918278919333,175.75516158524204,94537600
2022-01-06,168.3084716796875,171.53764883189484,167.95619753705944,168.99344503165895,96904000
2022-01-07,168.47486877441406,170.40258963561612,167.35933616352636,169.1794172582698,86709100
2022-01-10,168.4944305419922,168.79777487885306,164.56070430318124,165.4511773077938,106765600
2022-01-11,171.3223876953125,171.4202325096092,167.15382233749222,168.62162893365016,76138300
2022-01-12,171.7627410888672,173.37732250749067,171.0679876032979,172.3400748149154,74805200
2022-01-13,168.4944305419922,172.82934594142114,168.10300645305696,172.00737775161056,84505800
2022-01-14,169.3555450439453,170.05029852382498,167.4180294399018,167.66266389110206,80440800
2022-01-18,166.15573120117188,168.83691537487223,165.77410203397278,167.82902257608225,90956700
2022-01-19,162.66232299804688,167.40823697043027,162.3785536255594,166.35141442818917,94815000
2022-01-20,160.97923278808594,166.0382709410417,160.6563135530504,163.3962221186515,91420500
2022-01-21,158.92433166503906,162.76019814543096,158.81669190708894,160.89118731707072,122848900
2022-01-24,158.15127563476562,158.81668910799385,151.37979580013618,156.58562410189697,162294600
2022-01-25,156.3507537841797,159.26679197315192,153.64999508546384,155.5679206315474,115798400
2022-01-26,156.2626953125,160.86181974023197,154.43283450239605,159.99092174206848,108275300
2022-01-27,155.8028106689453,160.32365113506773,154.88298262420264,158.96348400735147,121954600
2022-01-28,166.6743621826172,166.6939371213685,159.3059729952558,162.15352186578443,179935700
2022-01-31,171.02883911132812,171.24411862639118,165.87194061535732,166.5079991576081,115541600
2022-02-01,170.8624725341797,171.0875320298687,168.61183278338754,170.27534392743365,86213900
2022-02-02,172.0660858154297,172.105235689561,169.6099612749151,170.9994831805343,84914300
2022-02-03,169.1891632080078,172.45749049022623,168.42590499267487,170.7352545735362,89418100
2022-02-04,168.9050750732422,170.5805134014752,167.22963674500915,168.20942139418403,82465400
2022-02-07,168.1898193359375,170.43351937589156,167.49416572772904,169.36555780513737,77251200
2022-02-08,171.29571533203125,171.80520742660315,167.96443926792173,168.25837758980256,74829200
2022-02-09,172.71641540527344,173.07893089654075,171.36430797248656,172.49106914991745,71285000
2022-02-10,168.64053344726562,171.93261055270034,168.08206395678414,170.61970267650963,90865900
2022-02-11,165.23085021972656,169.58109560057568,164.64297356543503,168.84625725787345,98670700
2022-02-14,165.4660186767578,166.15186486791518,163.19291135712115,163.98653444619794,86185500
2022-02-15,169.29690551757812,169.4536745778196,166.80826022510666,167.51370604587285,62527400
2022-02-16,169.06179809570312,169.83582117930217,166.61233714082573,168.3759520184021,61177400
2022-02-17,165.4660186767578,168.43476465088062,165.06430342539218,167.57254946752525,69589300
2022-02-18,163.91795349121094,167.0924457737123,162.83039207397334,166.3870146722984,82772700
2022-02-22,160.9982147216797,163.3202994694817,158.87206895600934,161.6448612037598,91162800
2022-02-23,156.83413696289062,162.79121451131508,156.52059869701176,162.19354527351996,90009200
2022-02-24,159.4501495361328,159.5579264390306,148.9272576589058,149.49553451506446,141147500
2022-02-25,161.51751708984375,161.78204820003634,157.6179631395797,160.52792495432507,91974200
2022-02-28,161.78201293945312,162.07595128148682,159.14639022474867,159.76365924798694,95056600
2022-03-01,159.90081787109375,163.23209394256236,158.69568719407653,161.37049453342058,83474400
2022-03-02,163.19290161132812,163.97673219026618,159.65587901852524,161.0667710705488,79724800
2022-03-03,162.8695526123047,165.4953825137644,162.2033064128783,165.06427499633645,76678400
2022-03-04,159.87144470214844,162.20333673673338,158.82308299816066,161.16476749621853,83737200
2022-03-07,156.07969665527344,161.68406601052743,155.8249430798264,160.05761991470098,96418800
2022-03-08,154.25726318359375,159.58729287941838,152.65041731502816,155.60937048225745,131148300
2022-03-09,159.65591430664062,160.10662184800367,156.18748303740642,158.2156295977199,91454900
2022-03-10,155.31544494628906,157.14763719865718,152.82678391494153,156.9614757494235,105342000
2022-03-11,151.60205078125,156.06007322521145,151.37670453340775,155.71714267170483,96970100
2022-03-14,147.57510375976562,151.0043487465107,147.06562669739512,148.38832650780375,108732100
2022-03-15,151.95477294921875,152.42508026860065,147.33999637401098,147.84947354452075,92964300
2022-03-16,156.36380004882812,156.76551526978483,151.33751588171134,153.87515407206308,102300200
2022-03-17,157.37298583984375,157.7453087439647,154.44343967423552,155.40362432397723,75615400
2022-03-18,160.66505432128906,161.1549465596943,156.53036263312293,157.2652009907308,123511700
2022-03-21,162.03677368164062,162.9871658912754,159.71467413165345,160.2045664067095,95811400
2022-03-22,165.40721130371094,165.9950729796282,161.57625067180703,162.16411234772428,81532000
2022-03-23,166.76914978027344,169.1500192740017,164.2608885491977,164.59402668830268,98062700
2022-03-24,170.5510711669922,170.6196482982035,166.76910292949728,167.60191066747961,90131400
2022-03-25,171.18795776367188,171.73663471959298,169.25778100424003,170.36494232979024,80546200
2022-03-28,172.05015563964844,172.17751745210523,168.52292563460833,168.68948719730128,90371900
2022-03-29,175.3422393798828,175.39121664425457,172.7751938429614,173.11812439551318,100589400
2022-03-30,174.17628479003906,175.97908457885987,173.12790825883917,174.9405154603071,92633200
2022-03-31,171.08018493652344,174.43104638306448,170.87442359799343,174.2448849220912,103049300
2022-04-01,170.7862091064453,171.34469336684182,168.4641249613338,170.51187068214196,78751300
2022-04-04,174.832763671875,174.88175589117134,170.91362533338986,171.04100211349504,76468400
2022-04-05,171.5210723876953,174.6955795536943,170.8940109049415,173.9117489626708,73401800
2022-04-06,168.35638427734375,170.11999949152553,166.69075350018778,168.87566890286308,89058800
2022-04-07,168.66009521484375,169.85543344405016,166.41639539463952,167.69991063657648,77594700
2022-04-08,166.6515655517578,168.30740398265033,165.7795578216243,168.30740398265033,76575500
2022-04-11,162.39927673339844,165.61296861541499,162.1543306146452,165.29944535757966,72246700
2022-04-12,164.27069091796875,166.43600652884118,163.2713064320056,164.62341397476007,79265200
2022-04-13,166.95526123046875,167.5823226689275,163.39865390857594,164.00611547230426,70618900
2022-04-14,161.9485626220703,167.80768430539896,161.70361651341247,167.17081545269417,75329400
2022-04-18,161.73301696777344,163.23208589340007,160.26334037791807,160.60625594535696,69023900
2022-04-19,164.0159149169922,164.4274375522312,160.59647667199232,161.6840380358106,67723800
2022-04-20,163.84938049316406,165.46603411276996,162.7422340206999,165.34844979022682,67929800
2022-04-21,163.0557403564453,168.06243992326603,162.55605562621574,165.49540922825548,87227800
2022-04-22,158.51934814453125,164.4764404677371,158.2352171809879,163.09495550660975,84882400
2022-04-25,159.58729553222656,159.87142644375086,155.25665006996203,157.8628653370747,96046400
2022-04-26,153.63021850585938,159.0582182667308,153.55183394880203,158.9700412464134,95623200
2022-04-27,153.40487670898438,156.55976925790796,152.23893068313222,152.75821530720194,88063200
2022-04-28,160.33193969726562,161.19415486672693,155.717147988404,156.030686213781,130216800
2022-04-29,154.4630126953125,162.84017274008735,154.0711048951049,158.5683119363977,131747600
2022-05-02,154.76678466796875,155.0313157503038,150.17159242252777,153.5420538968097,123055300
2022-05-03,156.25604248046875,157.46118829235783,153.15993453329665,154.95292717961667,88966500
2022-05-04,162.66384887695312,163.11454143572888,156.04049519291306,156.44221048032446,108256500
2022-05-05,153.600830078125,160.76305283929582,151.8176149978829,160.53770657596968,130525300
2022-05-06,154.32693481445312,156.44638259515347,151.28513392702433,153.0807759379822,116124600
2022-05-09,149.20492553710938,152.90414437032265,148.6456356183626,152.02103374851995,131577900
2022-05-10,151.6089324951172,153.79707304983472,150.05859659800515,152.59997843272657,115366700
2022-05-11,143.7493133544922,152.53126499841446,143.0722664113859,150.61788122808568,142689800
2022-05-12,139.88330078125,143.45495579096956,136.19390367446763,140.08936442340104,182602000
2022-05-13,144.34783935546875,145.319256344765,140.42294400487185,141.87515109235218,113990900
2022-05-16,142.807373046875,144.7502078730768,141.47290744658727,142.81719487180055,86643800
2022-05-17,146.43789672851562,146.95794432736452,143.92595034164182,146.06502676243824,78336300
2022-05-18,138.1759796142578,144.59317839270622,137.27324030149254,144.09275951105042,109742900
2022-05-19,134.77117919921875,139.00025402634077,134.03526088900597,137.25367576788614,136095600
2022-05-20,135.00662231445312,138.0582299092985,130.1201304167111,136.47845848613497,137426100
2022-05-23,140.42298889160156,140.5701665253798,135.06549843768857,135.20286921997902,117726300
2022-05-24,137.72463989257812,139.30441157484717,134.75153153593112,138.1661878220446,104132700
2022-05-25,137.88162231445312,139.12776621000188,135.742545873108,135.8308524536192,92482700
2022-05-26,141.08041381835938,141.62989697300142,134.56508575048807,134.8103917996885,90601500
2022-05-27,146.8303985595703,146.86964094239937,142.5326314835253,142.66019542923442,90978500
2022-05-31,146.04537963867188,147.8312145429356,144.08293159739236,146.2710719434681,103718400
2022-06-01,145.91786193847656,148.8909701597807,144.90718720632282,147.08550619630913,74286600
2022-06-02,148.37086486816406,148.429735903567,144.10253513399695,145.0543234657787,72348100
2022-06-03,142.65037536621094,145.19174238635256,141.74765092180013,144.14182533230215,88570300
2022-06-06,143.39608764648438,145.78046996633253,142.17936438712687,144.2693764860653,71598400
2022-06-07,145.91786193847656,146.20241037757677,141.39441763595644,141.63972369363694,67808200
2022-06-08,145.1819305419922,147.0560572730291,144.69131847131706,145.79028471849585,53950200
2022-06-09,139.96180725097656,145.17210490927135,139.85387199936835,144.31844471982856,69473000
2022-06-10,134.55526733398438,138.11710068108783,134.48657445941151,137.6461172993445,91437900
2022-06-13,129.40382385253906,132.6614796951245,128.9720829038409,130.37522601482007,122207100
2022-06-14,130.26727294921875,131.37606069096353,129.0113076188741,130.63033595491132,84784300
2022-06-15,132.88719177246094,134.76133366612893,129.67859928442957,131.7685967366082,91533000
2022-06-16,127.61803436279297,129.90428885550853,126.61718135082461,129.60011170782576,108123900
2022-06-17,129.08984375,130.58130861525225,127.37270152778396,127.62782938306579,134520300
2022-06-21,133.31890869140625,134.48656772231706,130.8167993077871,130.91491273074396,81000500
2022-06-22,132.8087158203125,135.17345501908306,131.39575042395327,132.25921763216581,73409200
2022-06-23,135.67384338378906,135.98782727058793,133.08341268546732,134.2510716127321,72433800
2022-06-24,139.00021362304688,139.24551965514786,137.1457006192552,137.27324957478913,89116800
2022-06-27,139.00021362304688,140.79585557470105,138.32316657888146,140.02068012877845,70207900
2022-06-28,134.8594512939453,140.7271675936439,134.7417091855751,139.46139501178652,67083400
2022-06-29,136.6158447265625,138.0288100068747,134.1039131048046,134.8790886274478,66242400
2022-06-30,134.15293884277344,135.77195236171494,131.25833120197146,134.67298633539292,98964500
2022-07-01,136.32144165039062,136.42937688810812,133.11284998534265,133.48570492012948,71051600
2022-07-05,138.90206909179688,138.95113328697806,134.35899711370092,135.18323666479031,73353800
2022-07-06,140.23654174804688,141.41400763305737,138.43109305954474,138.69602774966668,74064300
2022-07-07,143.60214233398438,143.79838414491758,140.58977738452884,140.59958423477383,66253700
2022-07-08,144.2791748046875,144.77960864232728,142.27748437099987,142.53259722881296,64547800
2022-07-11,142.14993286132812,143.88670373849325,141.08040216848238,142.93491514840724,63141600
2022-07-12,143.121337890625,145.66270453987497,142.32654882035914,143.0232094985196,77588800
2022-07-13,142.75830078125,143.7002675399076,139.45156535802397,140.3052405126538,71185600
2022-07-14,145.68234252929688,146.1533259024835,140.56035155748177,141.3747693527097,78140700
2022-07-15,147.35043334960938,148.0274804295402,145.41742051675783,146.96775651820843,76259900
2022-07-18,144.30862426757812,148.7241323716371,143.9455611978647,147.90971463576915,81420900
2022-07-19,148.1648406982422,148.3905180514349,144.15163767930207,145.14266864096726,82982400
2022-07-20,150.16651916503906,150.8337592919261,147.54665279809592,148.2825708215841,64823400
2022-07-21,152.43316650390625,152.64903699884627,149.08718880462706,151.5991200487024,65086600
2022-07-22,151.19680786132812,153.3456908921451,150.52958270466215,152.47240210045547,66675400
2022-07-25,150.0782470703125,152.1290021734992,149.4208286149878,151.11834238686484,53623900
2022-07-26,148.75357055664062,150.21558479499407,147.96858832963514,149.4011670445513,55138700
2022-07-27,153.84609985351562,154.37596918243503,149.30304304810883,149.7151553193297,78620700
2022-07-28,154.39561462402344,154.68016301876492,151.51081343985047,154.0325515340952,81378700
2022-07-29,159.45872497558594,160.55770616166393,156.50524578988953,158.21258113398608,101786900
2022-08-01,158.4774932861328,160.51844113720935,157.8691391572039,157.98688125382472,67829400
2022-08-02,157.0056610107422,159.36060780651525,156.63280603827062,157.0939825576486,59907000
2022-08-03,163.01077270507812,163.46212742924678,157.73178199101062,157.82008857109244,82507500
2022-08-04,162.69674682617188,164.05084071884252,161.34265293350123,162.89298862903826,55474100
2022-08-05,162.47079467773438,162.96208826310027,160.16170882927858,160.368058732092,56697000
2022-08-08,161.99913024902344,164.88793871959618,161.3407986917232,163.47301089783898,60276900
2022-08-09,162.04824829101562,162.93258559805665,160.40732977942574,161.16392597706255,63135500
2022-08-10,166.2930450439453,166.39129475740782,163.99377985120265,164.76019658442047,70170500
2022-08-11,165.5561065673828,168.01257432763373,165.26132743753485,167.09876052441393,57149200
2022-08-12,169.10324096679688,169.1720142653812,166.45024387983412,166.86294364369544,68039400
2022-08-15,170.1742401123047,170.370754508125,168.36628368181792,168.53332166791955,54091700
2022-08-16,170.01699829101562,170.68516513298147,168.67085912936273,169.77135158308857,56377100
2022-08-17,171.51055908203125,173.08268924248625,169.56504107416526,169.76155547008622,79542000
2022-08-18,171.11752319335938,171.85446345688476,170.10545976423154,170.72449438338106,62290100
2022-08-19,168.53334045410156,170.71468497495962,168.32699056998192,170.01704154998163,70346300
2022-08-22,164.6521453857422,166.9022634916105,164.22962509055057,166.73522546568063,69026800
2022-08-23,164.31805419921875,165.77229405857466,163.74815182078322,164.1706721156108,54147100
2022-08-24,164.61280822753906,165.1827105189657,163.35509799580043,164.40647334198977,53841500
2022-08-25,167.0692901611328,167.17737534622174,165.41855096314578,165.841056236527,51218200
2022-08-26,160.77085876464844,168.0714870002958,160.7119059513814,167.5998495010736,78961000
2022-08-29,158.56991577148438,160.0634374134409,157.03708224821386,158.3439099366534,73314000
2022-08-30,156.1428985595703,159.72933499269527,154.9736176696823,159.30682979347176,77906200
2022-08-31,154.48228454589844,157.78377650832422,154.40367580952122,157.51847389718657,87991100
2022-09-01,155.20945739746094,155.66143904544523,151.97673759886456,153.91243529158203,74229900
2022-09-02,153.0968780517578,157.56765189981036,152.2715085702032,156.9682732301626,76957800
2022-09-06,151.8391571044922,154.3545772465812,151.01378768157298,153.74537814772464,73714800
2022-09-07,153.24427795410156,153.9419063408882,150.93519246411637,152.1241293530868,87449600
2022-09-08,151.77041625976562,153.63732582875608,150.0213973567108,151.94727474830393,84923800
2022-09-09,154.62973022460938,155.07190642293236,152.05535676886382,152.76282069447305,68028800
2022-09-12,160.584228515625,161.39977773963366,156.52615333191596,156.81109704001935,104956000
2022-09-13,151.16116333007812,157.74449248447965,150.6993462930314,157.11563747555653,122656600
2022-09-14,152.60557556152344,154.3644145838136,150.93518075875835,152.0946261536245,87965400
2022-09-15,149.716796875,152.53683214610933,148.7440452074938,151.95709434204855,90481100
2022-09-16,148.07586669921875,148.71455728301882,145.78643705402317,148.57699569456918,162278800
2022-09-19,151.79005432128906,151.86866309017464,146.50374580326707,146.71008070263835,81474200
2022-09-20,154.1678924560547,155.32735289857166,150.41441795742156,150.72883799724963,107689800
2022-09-21,151.0432891845703,155.97588059110078,150.92538353116046,154.60024966459952,101696800
2022-09-22,150.08033752441406,151.78020876552435,148.28220159016286,149.7266056194288,86652500
2022-09-23,147.81056213378906,148.8324610577634,145.97312915554878,148.55733788432917,96029900
2022-09-26,148.1446533203125,151.09241446222893,147.03432515906897,147.05398109807987,93339400
2022-09-27,149.11741638183594,152.02588086273627,147.33893608818533,150.08036255735442,84442700
2022-09-28,147.2308349609375,148.01690757279204,142.31789987820665,145.06914652315353,146691400
2022-09-29,139.99900817871094,144.16518295071455,138.23034837016746,143.55598373619551,128138200
2022-09-30,135.79351806640625,140.60820327947016,135.59700366840286,138.8198877735382,124925300
2022-10-03,139.96949768066406,140.57871173992285,135.29238954196313,135.80333891625202,114311700
2022-10-04,143.5559844970703,143.67389015390162,141.74801279814906,142.50460908002574,87830100
2022-10-05,143.85073852539062,144.81368463210958,140.51976901629106,141.56132388640066,79471000
2022-10-06,142.8976287841797,144.97088807825529,142.69129389793306,143.27101666436323,68402200
2022-10-07,137.65061950683594,140.60821619318722,137.02176437961742,140.05795483791823,85925600
2022-10-10,137.97483825683594,139.41924206903255,136.15706165160717,137.97483825683594,74899000
2022-10-11,136.55992126464844,138.88866238055874,135.81316062854552,137.4638994009055,77033700
2022-10-12,135.9311065673828,137.91593686444165,135.7542480720767,136.70735883391194,70433700
2022-10-13,140.50015258789062,141.0896959265644,132.03024051986287,132.63945479417762,113224000
2022-10-14,135.9703826904297,142.00346577520415,135.78368877686898,141.79711592519322,88598000
2022-10-17,139.93023681640625,140.41169491464842,137.82750095740744,138.61357366022068,85250900
2022-10-18,141.2469024658203,144.14553155258784,138.1615794221166,142.95660950013638,99136600
2022-10-19,141.35498046875,142.42599680685538,139.03607431855443,139.22276826600364,61758300
2022-10-20,140.89317321777344,143.3496411342512,140.16605331698352,140.52962076392365,64522000
2022-10-21,144.70559692382812,145.27549920361895,140.1660346242772,140.38220497154572,86548600
2022-10-24,146.84764099121094,147.61405773965313,143.45771845108737,144.62699951406933,75981900
2022-10-25,149.68728637695312,149.83468340940922,146.75918158114587,147.47646582788911,74732300
2022-10-26,146.7493896484375,149.3434189974195,145.46218795090752,148.33135548203074,88194300
2022-10-27,142.27859497070312,146.45458955551916,141.62026350591435,145.49165853167307,109180200
2022-10-28,153.02813720703125,154.7574852960008,145.24604831703184,145.61942126085685,164762400
2022-10-31,150.66989135742188,151.55422867895751,149.27461957607085,150.49303288896766,97943200
2022-11-01,148.0267333984375,152.74315424703352,146.5332118743015,152.3796018355527,80379300
2022-11-02,142.50462341308594,149.52029556888522,142.47514699591338,146.35636351890798,93604600
2022-11-03,136.461669921875,140.313408670562,136.33392883040858,139.58628898595558,97918500
2022-11-04,136.19595336914062,140.41823769444377,132.25908536615194,139.84739003185524,140814800
2022-11-07,136.7274169921875,136.95378268582516,133.52871190234,134.94598671425354,83374600
2022-11-08,137.2982940673828,139.1978259809836,135.3200229786847,138.19393528890745,89908500
2022-11-09,132.7413330078125,136.363259132224,132.46575346788492,136.31404528196006,74917800
2022-11-10,144.55194091796875,144.55194091796875,137.298266687944,139.0108096143879,118854000
2022-11-11,147.3372802734375,147.64238513720315,142.0914019190675,143.5185285677149,93979700
2022-11-14,145.93971252441406,147.90814675324938,145.10312196997452,146.61882473623606,73374100
2022-11-15,147.67193603515625,151.1659099557232,146.21529884381314,149.8175372526668,89868300
2022-11-16,146.44163513183594,147.50459125268796,144.96530968920132,146.77628031248196,64218300
2022-11-17,148.3411865234375,149.0891860323431,143.8433076526517,144.11888720950952,80389400
2022-11-18,148.9021759033203,150.28992540848853,147.60301733738748,149.90608139833125,74829600
2022-11-21,145.6739501953125,147.99670287508093,145.3885338782466,147.790025718782,58724100
2022-11-22,147.8096923828125,148.04590985414606,144.6109873377189,145.79205967642807,51804100
2022-11-23,148.68565368652344,149.43365312101446,146.98294764352303,147.09121210280074,58301400
2022-11-25,145.77239990234375,146.5302512983949,144.7980195359923,145.9692403249909,35195900
2022-11-28,141.94378662109375,144.32559012136235,141.11704788902577,142.8492645206864,69246000
2022-11-29,138.94192504882812,142.52447466230237,138.13487484288268,142.01267756953146,83763800
2022-11-30,145.69363403320312,146.3727461321645,138.33169544585772,139.16827084330671,111380900
2022-12-01,145.96925354003906,146.7763188693085,144.29608726911914,145.8708408287867,71250400
2022-12-02,145.47711181640625,145.66411544857186,143.35119950014382,143.65631938407483,65447400
2022-12-05,144.31573486328125,148.53801893223152,143.4693076933105,145.43774157529282,68826400
2022-12-06,140.65444946289062,144.9751613197971,139.68006926529813,144.74879562385667,64727200
2022-12-07,138.71556091308594,141.10720126498546,137.79039443330282,139.9458322919547,69721100
2022-12-08,140.39854431152344,141.25482328488022,138.8730200272998,140.1131279990439,62128300
2022-12-09,139.91629028320312,143.27247380855323,138.67616726979998,140.09344213199822,76097000
2022-12-12,142.20950317382812,142.21933993621704,138.83363144766497,140.44774653895632,70462700
2022-12-13,143.174072265625,147.60304951034107,141.96348935709867,147.14046624112265,93886200
2022-12-14,140.94970703125,144.34525228867759,138.93205940879196,143.05593056925082,82291200
2022-12-15,134.3456268310547,139.5619801804679,133.88304361781863,138.88286801559113,98931900
2022-12-16,132.38702392578125,135.47746472052233,131.61933586337778,134.5326248058533,160156900
2022-12-19,130.28079223632812,133.0661279935264,129.24737645818792,132.97755207276447,79592600
2022-12-20,130.21189880371094,131.14690185461754,127.83993247167396,129.31625782088165,77432800
2022-12-21,133.31222534179688,134.65076142091874,130.6548417338536,130.8812074994361,85928000
2022-12-22,130.14303588867188,132.43626376220547,128.24350390512237,132.2295865606811,77852100
2022-12-23,129.77886962890625,130.3300288114699,127.5939064280565,128.85370313619094,63814900
2022-12-27,127.97772979736328,129.33595400462013,126.68840798575984,129.30642869732836,69007800
2022-12-28,124.05072021484375,128.9619612841453,123.883405115354,127.62342547026658,85438400
2022-12-29,127.56433868408203,128.42060248517595,125.7140138231083,125.96990478190652,75703700
2022-12-30,127.87931823730469,127.8990067839709,125.41878304163788,126.38331908581098,77034200
2023-01-03,123.09603118896484,128.83401111884518,122.21023430585915,128.2238013285794,112117500
2023-01-04,124.36565399169922,126.62935597280962,123.10585750129947,124.88728777203856,89113600
2023-01-05,123.04682922363281,125.75342648367807,122.79093816187682,125.12352808569513,80962700
2023-01-06,127.57418823242188,128.2336117453076,122.91884655664052,124.02117217456781,87754700
2023-01-09,128.0958251953125,131.30438194257326,127.83993420444634,128.41078181603234,70790800
2023-01-10,128.66668701171875,129.18832083166095,126.09787998496417,128.20410381019116,63896200
2023-01-11,131.38316345214844,131.40283698381694,128.40098644639082,129.17851145026387,69458900
2023-01-12,131.30442810058594,132.14100375978632,129.3655188993163,131.7670114136582,71379600
2023-01-13,132.63307189941406,132.7905502170586,129.58200833933589,129.94616380817476,57809700
2023-01-17,133.79444885253906,135.12313266732727,132.01301865225,132.7019674841355,63646600
2023-01-18,133.07598876953125,136.42232060237055,132.8988218980733,134.6605787592018,69672800
2023-01-19,133.13504028320312,134.0995687562006,131.65871475561192,131.96381962844052,58280400
2023-01-20,135.69398498535156,135.84162653742413,132.1015991542997,133.14486670992753,80223600
2023-01-23,138.8828582763672,141.0579844042408,135.72351517113088,135.94004410758743,81760300
2023-01-24,140.28042602539062,140.90048744485267,138.08562666123444,138.0954634232415,66435100
2023-01-25,139.62103271484375,140.18202862963406,136.61916767862735,138.6663409653264,65799300
2023-01-26,141.6878662109375,141.97328249331738,139.6603668579937,140.91032647908082,54105100
2023-01-27,143.6267852783203,144.9062704324847,140.82177572822627,140.90051489349364,70555800
2023-01-30,140.74305725097656,143.25281407268088,140.59543068062553,142.6721295386836,64015300
2023-01-31,142.01268005371094,142.06189391275458,140.0344090710312,140.4477784546675,65874500
2023-02-01,143.13467407226562,144.29605796571016,139.08955653554688,141.69772563249788,77663600
2023-02-02,148.43963623046875,148.79393998354684,145.83145179927072,146.54992610628193,118339000
2023-02-03,152.0615234375,154.8960731461596,145.4967979818679,145.69363837431163,154357300
2023-02-06,149.3352508544922,150.6836384438328,148.40024764766747,150.1620046015634,69858300
2023-02-07,152.20916748046875,152.7800151967711,148.26246234257331,148.26246234257331,83322600
2023-02-08,149.52224731445312,152.14026818212696,148.78408455222657,151.45131927430748,64120100
2023-02-09,148.48880004882812,151.89419715713953,148.04590544398496,151.3528748543498,56007100
2023-02-10,148.85353088378906,149.17882019931434,147.08909918660703,147.32567733632254,57450700
2023-02-13,151.6529998779297,152.05713357186568,148.76483299254943,148.79440338379132,62199000
2023-02-14,151.0122528076172,151.57412024796835,148.70567235340334,149.94767374239032,61707600
2023-02-15,153.11184692382812,153.27941747242824,150.69683660205456,150.92354792770303,65573800
2023-02-16,151.51498413085938,154.09756497312395,151.16012443154224,151.3178281549916,68167900
2023-02-17,150.37156677246094,150.8151376986906,148.69584602843153,150.17442580979125,59144100
2023-02-21,146.35968017578125,149.1394173925265,146.29068760704538,148.05511953332274,58867200
2023-02-22,146.78353881835938,147.8086807909047,145.0585291708209,146.74410160351695,51011300
2023-02-23,147.2665557861328,148.19313495368198,145.13741210681397,147.94670496405263,48394200
2023-02-24,144.61492919921875,145.08807039598366,143.6390613800591,145.00921102304162,55469600
2023-02-27,145.80767822265625,147.03982803359767,145.344388690471,145.6006854773172,44998500
2023-02-28,145.304931640625,146.9510815880518,144.7332124606566,144.95007197860627,50547000
2023-03-01,143.2349395751953,145.1275197577975,142.93922063146897,144.73323786008925,55479000
2023-03-02,143.82638549804688,144.6149643784106,141.8450789930105,142.31823534576338,52238100
2023-03-03,148.8732452392578,148.95210462024477,145.2260853537234,145.9259379185379,70732300
2023-03-06,151.63327026367188,154.06799923846452,151.26855877090114,151.59383305095145,87558000
2023-03-07,149.4351043701172,151.83039589059405,148.9718149331636,151.50510660246357,56182000
2023-03-08,150.68698120117188,151.278419098267,149.66183922588297,150.62784041964048,47204800
2023-03-09,148.43955993652344,152.3331506331596,148.08470016179072,151.36714931784533,53833600
2023-03-10,146.37937927246094,148.78453780981002,145.5020893181875,148.06496662146847,68572400
2023-03-13,148.32125854492188,150.9531285889032,145.59081050522525,145.69924028415588,84457100
2023-03-14,150.41098022460938,151.209410853691,147.95654755608294,149.11968969699433,73695900
2023-03-15,150.80526733398438,151.06154904978908,147.7791005346977,149.03096880678774,77167900
2023-03-16,153.6244354248047,154.22572509887632,149.47454848721353,149.98712698991974,76161100
2023-03-17,152.7865447998047,154.50170239485772,152.07682545294745,153.85112382009055,98944600
2023-03-20,155.15228271484375,155.5662982460434,151.94869352566715,152.85556893212473,73641400
2023-03-21,157.0054473876953,157.1237289497417,154.3045697408097,155.07344501678244,73938300
2023-03-22,155.57615661621094,159.82460651427928,155.5564380089166,157.0251659140942,75701800
2023-03-23,156.66043090820312,159.24302685232914,155.4282812343858,156.56186795883147,67622100
2023-03-24,157.9615936279297,158.0503047976887,155.59587218901564,156.5914437450547,59196500
2023-03-27,156.0197296142578,158.47417734472043,155.61558088418133,157.6560281012329,52390300
2023-03-28,155.39874267578125,156.22675885726497,153.75259217928735,155.71418027651652,45992200
2023-03-29,158.4741668701172,158.75016719414856,157.074446643704,157.09415020907082,51305700
2023-03-30,160.0414276123047,160.14985736503138,158.96699690675885,159.2232785764371,49501700
2023-03-31,162.545166015625,162.64374399803975,159.59787385661696,160.1203040734608,68749800
2023-04-03,163.79702758789062,163.91530912930577,161.87487733545584,161.92416632467473,56976200
2023-04-04,163.26478576660156,164.4574983782598,162.75220722625122,164.22093523724538,46278300
2023-04-05,161.4214324951172,162.6930191721889,159.48943054732956,162.38744850989812,51511700
2023-04-06,162.30862426757812,162.60434321282244,159.686606015777,160.1104583059446,45390100
2023-04-10,159.71617126464844,159.71617126464844,157.7940207437735,159.11488161033475,47716900
2023-04-11,158.5037384033203,160.04145880285023,158.21787125365222,160.03160702009572,47644200
2023-04-12,157.81375122070312,159.74575366976245,157.49831365463328,158.9177526201656,50133100
2023-04-13,163.1957550048828,163.4323331532267,159.11487595150933,159.32188371142138,68445600
2023-04-14,162.8507537841797,163.9449032227771,161.48060404043056,162.23959735915352,49386500
2023-04-17,162.87045288085938,163.02817163401676,161.68759231395518,162.73245273206868,41516200
2023-04-18,164.0927734375,165.01935243982652,163.2844759960185,163.72806193096773,49923000
2023-04-19,165.2362060546875,165.7586363174907,163.17604035173306,163.43233711220313,47720200
2023-04-20,164.27020263671875,165.47278202514906,163.19577163848064,163.71820194187683,52456400
2023-04-21,162.66348266601562,164.07305473489896,162.14105238473394,162.69305305620966,58337300
2023-04-24,162.9690399169922,163.23518844762253,161.5496011414824,162.64375061086378,41949600
2023-04-25,161.43133544921875,163.93505711689548,161.3918982344198,162.83105575677226,48714100
2023-04-26,161.4214324951172,162.9197304634229,160.47515012420936,160.73143179947874,45498800
2023-04-27,166.0050811767578,166.15293313578908,162.8310621018307,162.8310621018307,64902300
2023-04-28,167.25694274902344,167.42452836533985,165.48265898999023,166.08394872105114,55275900
2023-05-01,167.168212890625,168.01593249804148,166.2317821133474,166.86264216717663,52472900
2023-05-02,166.13323974609375,167.91740555428416,165.14751976054677,167.66110873187023,48425700
2023-05-03,165.05877685546875,168.47922575134587,164.77292473257992,167.07950544573387,65136000
2023-05-04,163.4224853515625,164.6546351492701,161.9636242025262,162.53534351356944,81235400
2023-05-05,171.09140014648438,171.81097141948842,168.32151475691046,168.53837432535954,113453200
2023-05-08,171.02236938476562,171.3673772990156,169.65221959190652,170.01693107088172,55962800
2023-05-09,169.31707763671875,171.06179068201072,169.14950709207488,170.57879765359286,45326900
2023-05-10,171.08152770996094,171.54481722364216,169.4452292165715,170.54924563088602,53724500
2023-05-11,171.26878356933594,172.0967844383617,169.71134476851833,171.36736154745756,49514700
2023-05-12,170.3409423828125,171.8116866019269,168.79121464447562,171.3773676163626,45533100
2023-05-15,169.847412109375,170.97268634600138,169.2551561693846,170.92332917405315,37266700
2023-05-16,169.847412109375,170.903583292935,169.58089543020992,169.76844364659667,42110300
2023-05-17,170.45941162109375,170.69630196545663,168.21872838992437,169.4920742376562,57951600
2023-05-18,172.7888946533203,172.97644284674885,170.350798262134,170.7653713447007,65496700
2023-05-19,172.8975067138672,174.11161490131875,172.68034719263906,174.11161490131875,55809500
2023-05-22,171.9498748779297,172.4532969038887,171.20956254487746,171.73271538863227,43570900
2023-05-23,169.34397888183594,171.1404774028389,169.0675968111729,170.89370662105455,50747300
2023-05-24,169.62037658691406,170.19288666082696,168.317434571077,168.88006417332414,45143500
2023-05-25,170.75550842285156,171.65374258398057,169.47229739906246,170.18299842572435,56058300
2023-05-26,173.16400146484375,173.49962120538788,170.87397623432938,171.08127033696854,54835000
2023-05-30,175.0098419189453,176.67801481811213,174.28927545149398,174.67423726963298,55964400
2023-05-31,174.9605255126953,177.03340659281355,174.47684924421523,175.03949398887755,99625300
2023-06-01,177.76382446289062,177.79343575638538,174.64463768008144,175.40469602373648,68901800
2023-06-02,178.6127166748047,179.43199760539318,176.94454352013497,178.69168514468382,61996900
2023-06-05,177.26039123535156,182.56102285189482,175.7402747725204,180.27099781019854,121946500
2023-06-06,176.8951873779297,177.79342164547316,175.13816542041533,177.64536518975015,64848400
2023-06-07,175.5231475830078,178.86935913776645,175.02960596689772,176.135134367242,61944600
2023-06-08,178.2376251220703,178.50412674833163,175.1677956906412,175.60209965770608,50214900
2023-06-09,178.62255859375,179.87614324556046,178.29681937394096,179.15557682326966,48900000
2023-06-12,181.41603088378906,181.51474523727245,178.63246384356634,178.92859184232086,54274900
2023-06-13,180.9422149658203,181.7713612206094,180.08345742062403,180.4388079672042,54929100
2023-06-14,181.57394409179688,182.00826309164242,179.668880824476,181.00143405215442,57462900
2023-06-15,183.6073455810547,184.11076766616947,181.4061542027307,181.5838370156226,65433200
2023-06-16,182.53143310546875,184.57470266619666,181.88983501651188,184.31805138125782,101256200
2023-06-20,182.62025451660156,183.69618663444365,182.02801364300083,182.02801364300083,49799100
2023-06-21,181.58384704589844,183.01511479137184,180.23153270863293,182.51169267844918,49515700
2023-06-22,184.58456420898438,184.63392138287654,181.29757524213758,181.36667829792557,51245300
2023-06-23,184.26869201660156,185.13733008755815,182.62026481317798,183.15329819733586,53117000
2023-06-26,182.8769073486328,185.6209974197008,182.83741558637178,184.4167547195407,48088700
2023-06-27,185.630859375,185.9565986299679,183.27173119056016,183.48889069387212,50730800
2023-06-28,186.80551147460938,187.4471095844542,185.17683008088284,185.50255431027165,51216800
2023-06-29,187.14109802246094,187.61490879718235,186.49949997485513,186.63769101872532,46347300
2023-06-30,191.4645233154297,191.96793030893548,188.7895213028153,189.15475231695294,85213200
2023-07-03,189.9740447998047,191.37570117698604,189.28307449044232,191.27698682945007,31458200
2023-07-05,188.85861206054688,190.4872931571664,188.15777642969255,189.09551742767218,46920300
2023-07-06,189.3323974609375,189.5396915286371,186.75611009728527,187.38784264698543,45094300
2023-07-07,188.21702575683594,190.1813268348204,187.78272178125238,188.93760736945495,46815000
2023-07-10,186.17376708984375,187.5359467558433,184.62403920180722,186.8153651594175,59922200
2023-07-11,185.65060424804688,186.85484691926047,184.18972537508213,186.71665587805697,46638100
2023-07-12,187.3187713623047,189.22383458950753,186.0355602702456,187.22992243297554,60750200
2023-07-13,188.07882690429688,188.72044002337208,187.32864909209994,188.03935020331573,41342300
2023-07-14,188.22686767578125,188.7105287268448,187.1805620612046,187.77280284934832,41616200
2023-07-17,191.48426818847656,191.81000743962883,189.33241906132668,189.421252931179,50520200
2023-07-18,191.2276153564453,191.81987127398517,189.93453883356673,190.85253399958415,48288200
2023-07-19,192.57992553710938,195.6694855056854,190.1615598085878,190.60575926840173,80507300
2023-07-20,190.63539123535156,193.9322456468904,190.01352397351403,192.57006595398724,59581200
2023-07-21,189.46075439453125,192.45161532627134,188.75991868585442,191.59285775033445,71951700
2023-07-24,190.26026916503906,192.392372294224,189.76672761078473,190.91174763146105,45377800
2023-07-25,191.11904907226562,191.92846454581797,190.42809382758358,190.83280156435973,37283200
2023-07-26,191.98768615722656,193.11296042478057,190.8229351880455,191.1684052777898,47471900
2023-07-27,190.7241973876953,194.65278390019768,190.06285351948284,193.4880330742484,47460200
2023-07-28,193.3004913330078,194.0901608500724,191.63231843190331,192.15547128634879,48291400
2023-07-31,193.9124755859375,193.9519673452193,192.7378442652397,193.52751377225187,38824100
2023-08-01,193.0833282470703,194.1888565133771,192.75758901252786,193.7051954277144,35175100
2023-08-02,190.09246826171875,192.65887532596588,189.37190180440743,192.52068429221174,50389300
2023-08-03,188.7007293701172,189.88522642270962,188.22693356141966,189.0955717621128,61235200
2023-08-04,179.63925170898438,184.95962880576235,179.57014866509618,183.12365370967743,115956800
2023-08-07,176.53982543945312,180.76454006954836,175.05920073091434,179.7774569305225,97576100
2023-08-08,177.47755432128906,177.94148460917899,175.2862285117603,177.36897457174686,67823000
2023-08-09,175.8883514404297,178.59294967088076,174.72358547458126,178.53372709089916,60378500
2023-08-10,175.67117309570312,178.41526279292168,175.30595718386297,177.16166309157035,54686900
2023-08-11,175.73049926757812,176.5508864753638,174.5048729038775,175.2659575562626,52036700
2023-08-14,177.38113403320312,177.60846548002914,175.25603067938326,175.90838882978548,43675600
2023-08-15,175.39439392089844,177.40087693965438,174.99903360389376,176.80783646414736,43622600
2023-08-16,174.52462768554688,176.471793411816,174.45543132326716,175.07813825565708,46964900
2023-08-17,171.9844207763672,175.4537562487029,171.47044012349116,175.08804707675128,66062900
2023-08-18,172.46875,173.0716844916875,169.96805819399307,170.30411608587545,61172200
2023-08-21,173.80308532714844,174.08973444525807,171.7274205434044,173.0420157807921,46311900
2023-08-22,175.177001953125,175.62178623446252,174.20835828322907,175.00897300604348,42038900
2023-08-23,179.02191162109375,179.44693836874362,176.26423745502308,176.45203891919172,52722800
2023-08-24,174.3368377685547,179.0021629998802,173.97111355320405,178.57713623123834,54945800
2023-08-25,176.541015625,177.07475372946672,173.78334110152613,175.3252679389123,51449600
2023-08-28,178.1027069091797,178.49806733287568,176.48170504077262,178.003859262239,43820700
2023-08-29,181.98716735839844,182.75813070921157,177.4206898063463,177.61837000977968,53003900
2023-08-30,185.47628784179688,185.67398314097,182.6000082560471,182.7976884731864,60813900
2023-08-31,185.69374084472656,186.92926105598286,185.30825914209595,185.66408956621913,60794500
2023-09-01,187.26531982421875,187.7199827815663,186.09898099052413,187.29497110047913,45766500
2023-09-05,187.5025177001953,187.77927298177536,185.43673181910435,186.09896874874457,45280000
2023-09-06,180.7912139892578,186.66240873519862,179.36789222272253,186.21760937163043,81755800
2023-09-07,175.503173828125,176.1456533918577,171.52973657694065,173.15073850258275,112488800
2023-09-08,176.11598205566406,178.15213198996554,175.7305003611282,176.2840260730559,65551300
2023-09-11,177.28231811523438,178.21143169284028,175.28571330476424,177.98410020535158,58953100
2023-09-12,174.2577667236328,178.043402311121,172.79491507430095,177.4108165912451,90370200
2023-09-13,172.1919708251953,175.24617287306006,171.96462426919445,174.46531572894506,84267900
2023-09-14,173.7042694091797,174.06009984649242,171.5692867853032,171.98441978182902,60895800
2023-09-15,172.98269653320312,174.45544195430384,171.806494041059,174.43566940930017,109259500
2023-09-18,175.90841674804688,177.30208708635865,174.1292647291417,174.43567131089117,67257600
2023-09-19,176.99569702148438,177.54920768301113,175.07816717117066,175.4636488877364,51826900
2023-09-20,173.4571533203125,177.61837681135137,173.36818440563272,177.18347129792434,58436200
2023-09-21,171.91519165039062,174.25774788080986,171.84601037143327,172.52801984046553,63149100
2023-09-22,172.76524353027344,175.0287248458324,172.03382526857388,172.6466384244914,56725400
2023-09-25,174.0403289794922,174.92001880772483,172.13267784152856,172.18210166869468,46172700
2023-09-26,169.9680633544922,173.17052232124786,169.6715354659317,172.79493440563715,64588900
2023-09-27,168.4557647705078,171.03553164114703,167.0917606780329,170.62039864934732,66921800
2023-09-28,168.71273803710938,170.03721192481018,165.678293523344,167.3783703364052,56294400
2023-09-29,169.2267303466797,171.06518493104676,168.36679806748614,170.02734498983367,51861100
2023-10-02,171.7373046875,172.28093658205415,168.9499639274405,169.23661305458424,52164500
2023-10-03,170.4029541015625,171.61871693838452,168.84126971126884,170.26457643095287,49594600
2023-10-04,171.64834594726562,172.19197782627828,168.98950418793981,169.10810929534875,53020300
2023-10-05,172.88385009765625,173.4175881136583,170.6796715086417,171.77681389678688,48527900
2023-10-06,175.43399047851562,175.92819856079907,171.17390414032383,171.78673241813826,57266700
2023-10-09,176.91661071777344,176.9759132731787,173.76356081110382,174.76185568517045,42390800
2023-10-10,176.3235626220703,177.63815795783916,175.8886570875863,176.03692856454262,43698000
2023-10-11,177.71722412109375,177.76664794425923,175.54271164011269,176.13575227199846,47551100
2023-10-12,178.61669921875,180.2278073787141,176.96603088257305,177.98411345020415,56743100
2023-10-13,176.7782440185547,179.82255265296823,176.0764618780152,179.31846581874476,51427100
2023-10-16,176.64971923828125,177.00554962273654,174.46531311220224,174.7025383958498,52517000
2023-10-17,175.09791564941406,176.35320838797153,172.77514673671925,174.60370757241088,57549400
2023-10-18,173.80308532714844,175.52293478970745,173.08154578913502,173.54610256783715,54764400
2023-10-19,173.42752075195312,175.77994115612455,173.1606441431901,174.00078890109597,59302900
2023-10-20,170.8773956298828,173.3879661145723,170.64017031492207,173.27923973046956,64244000
2023-10-23,170.99598693847656,171.99428177951037,167.96154224302492,168.93020088937016,55980100
2023-10-24,171.43089294433594,171.65822442721412,169.4639394511676,171.045411263789,43816600
2023-10-25,169.11801147460938,171.0552987076063,168.67321213575732,169.88897487497013,57157000
2023-10-26,164.95675659179688,169.39475015606334,163.75088778515044,168.39644027726376,70625300
2023-10-27,166.27134704589844,167.00278034322866,164.8974493569631,164.9765244498122,58499100
2023-10-30,168.31736755371094,169.18717852998205,166.91381853056686,167.06208999172168,51131000
2023-10-31,168.79185485839844,168.92033872091713,165.95508983700142,167.38830552985596,44846000
2023-11-01,171.95477294921875,172.21175573979943,168.1493644262673,169.01917553597846,56934900
2023-11-02,175.51307678222656,175.72063574409248,173.4275179386151,173.4868204991482,77334800
2023-11-03,174.60369873046875,174.77174274032964,171.34193765305042,172.22162738228718,79829200
2023-11-06,177.15380859375,177.35148879200258,174.16880291146146,174.33683183407777,63841300
2023-11-07,179.71383666992188,180.32664987384885,176.89684453064555,177.10440348202485,70530000
2023-11-08,180.77145385742188,181.32496456419335,179.4865096698249,180.23771569933098,49340300
2023-11-09,180.29696655273438,181.98714947029399,179.7039109186948,180.84059837026544,53763500
2023-11-10,184.4834747314453,184.65174012268164,181.64298820237886,182.07846664625706,66133400
2023-11-13,182.8999481201172,184.11729742228064,182.31601793716675,183.9094650326421,43627500
2023-11-14,185.5128173828125,186.17592689168708,184.38453902262373,185.7701387274506,60108400
2023-11-15,186.0769500732422,187.55163591900057,185.84931907084464,185.91860660743325,53790500
2023-11-16,187.75946044921875,188.99660829200764,186.7103463929358,187.62090049490251,54412900
2023-11-17,187.7396697998047,188.42257785422723,186.63119011836693,188.29390964052354,50922700
2023-11-20,189.4815673828125,189.93684445013852,187.92771748948175,187.93760923589429,46505100
2023-11-21,188.6798858642578,189.55084275358138,187.78914548337832,189.44197314241592,38134500
2023-11-22,189.34300231933594,190.9463411053134,188.8679417719912,189.52115946327928,39617700
2023-11-24,188.01678466796875,188.93721542830764,187.30418629136327,188.9075250877743,24048300
2023-11-27,187.838623046875,188.7095799535061,186.95777439426936,187.9672912540552,40552600
2023-11-28,188.44235229492188,189.1153685705385,187.45263402635211,187.82873180101734,38415400
2023-11-29,187.42295837402344,190.11499348364924,187.02707707633283,188.93722623545,43014200
2023-11-30,187.9969940185547,188.36320007044645,186.2550951920731,187.88812439803064,48794400
2023-12-01,189.2737274169922,189.59042941044567,187.2843840288066,188.37308016671426,45704800
2023-12-04,187.48233032226562,188.09596593756666,185.52269231677565,188.02667840765253,43389500
2023-12-05,191.43130493164062,192.40122460244103,188.22461231756913,188.25431775925796,66628400
2023-12-06,190.34262084960938,192.7575206909756,190.1347733725338,192.45071045016567,41089700
2023-12-07,192.27256774902344,192.99505783958267,191.5995514892092,191.63914867608756,47477700
2023-12-08,193.69778442382812,193.9749043529612,191.67875053796885,192.20330005396386,53406400
2023-12-11,191.1937713623047,191.5005967167582,189.4518726145205,191.12449893522992,60943700
2023-12-12,192.70806884765625,192.71796059458774,189.7488055095461,191.09482308550778,52696900
2023-12-13,195.92465209960938,195.96423418895137,192.8466274130704,193.08415015292962,70404200
2023-12-14,196.07308959960938,197.56755876987646,194.14314196862804,195.9840185786185,66831600
2023-12-15,195.53866577148438,196.36011872958818,194.9745190512041,195.4990685795855,128538400
2023-12-18,193.87591552734375,194.60831249977454,192.39133809002112,194.0738561652729,55751900
2023-12-19,194.9151153564453,194.92500710230044,193.87590816937887,194.14313632648785,40714100
2023-12-20,192.8268280029297,195.6475162401682,192.8268280029297,194.87553713507947,52242800
2023-12-21,192.67832946777344,195.05366217859583,191.5104692555924,194.08374258350807,46482500
2023-12-22,191.60946655273438,193.40085423729087,190.98593919883143,193.17320815773428,37149600
2023-12-26,191.06512451171875,191.89648427525853,190.84738527337694,191.6193643540786,28919300
2023-12-27,191.16409301757812,191.5105004803971,189.12527563548673,190.5108903848591,48087700
2023-12-28,191.5896759033203,192.65857351066379,191.18388776405135,192.14391575114956,34049900
2023-12-29,190.55047607421875,192.40124458871406,189.75869835988954,191.90638540499626,42672100
2024-01-02,183.7313232421875,186.50253778362813,181.99931604152513,185.22579259007347,82488700
2024-01-03,182.35560607910156,183.96885182302105,181.5440297827802,182.32591573673892,58414500
2024-01-04,180.03965759277344,181.2075179249861,179.0202489631632,180.27718031693732,71983600
2024-01-05,179.31715393066406,180.88091065327836,178.31754388665928,180.1188384374096,62379700
2024-01-08,183.65213012695312,183.6917273170526,179.63387614033877,180.21780632812883,59144500
2024-01-09,183.2364501953125,183.24634194188326,180.85122540618832,182.0289926299427,42841800
2024-01-10,184.27565002441406,184.48348240733844,182.02898528742006,182.45457200324566,46792900
2024-01-11,183.68179321289062,185.12678839904137,181.7320471921432,184.62202246254375,49128400
2024-01-12,184.00840759277344,184.81998377301193,183.28591752878404,184.14696753794814,40477800
2024-01-16,181.7419891357422,182.3655014396163,179.06973745492456,180.28710192352952,65603000
2024-01-17,180.80174255371094,181.04917214343425,178.44622312883942,179.40625114511818,47317400
2024-01-18,186.69056701660156,187.1953179109023,183.91935276727983,184.17667408756796,78005800
2024-01-19,189.59043884277344,189.97642838325277,186.8786203129096,187.38337121910467,68903000
2024-01-22,191.89646911621094,193.3216657993532,190.28322355100102,190.32282073770045,60133900
2024-01-23,193.1732177734375,193.73736447446063,191.83710707958323,193.01487431695855,42355600
2024-01-24,192.5001983642578,194.36087349468033,192.3418398208385,193.41073733606618,53631300
2024-01-25,192.173583984375,194.251998276528,191.12448509283354,193.2127911304515,54822100
2024-01-26,190.44158935546875,192.7575265029299,189.96652881027472,192.27257421163478,44594000
2024-01-29,189.75869750976562,190.22386634852867,187.63080907007364,190.03581744325376,47145600
2024-01-30,186.10662841796875,189.82797900977772,185.54249682198056,188.97682064057707,55859400
2024-01-31,182.50405883789062,185.17631048108575,182.45458500160478,185.11691469411622,55467800
2024-02-01,184.9387664794922,185.02783750412453,181.93002942176474,182.0982797244824,64885400
2024-02-02,183.9391326904297,185.40391139136472,177.4069865588012,178.01071526218476,102551700
2024-02-05,185.7503204345703,187.30418539055444,183.9292424150712,186.21548923655902,69668800
2024-02-06,187.35366821289062,187.36355995873058,184.8496822422945,184.93875326056028,43490800
2024-02-07,187.46253967285156,189.08567701882757,186.6707620426896,188.67988890685803,53439000
2024-02-08,186.3837890625,187.59123169918772,185.42376094080055,187.4427799698137,40962000
2024-02-09,187.14682006835938,188.27653811843788,186.30447993507684,186.9486117161699,45155200
2024-02-12,185.4621124267578,186.96840797825126,185.10535861511914,186.72066269575697,41781900
2024-02-13,183.37115478515625,184.53061609699293,181.85495475727518,184.0945819491523,56529500
2024-02-14,182.48916625976562,183.8567250370981,180.7945970211484,183.648627470826,54630500
2024-02-15,182.2018280029297,182.826151079826,179.71447030737514,181.89462620990932,65434500
2024-02-16,180.665771484375,183.18287207946292,180.0315441516518,181.76576116844507,49752500
2024-02-20,179.92254638671875,180.78469520216953,178.3766181157698,180.15046783149373,53665600
2024-02-21,180.6757049560547,181.24055639365764,179.03067248659073,180.2991272502037,41371400
2024-02-22,182.7071990966797,183.29188949706392,180.8144364958238,181.82522643308513,52292200
2024-02-23,180.87388610839844,183.37114775196545,180.58649310326592,183.34141952676862,45119700
2024-02-26,179.5261688232422,181.11172976770854,179.02075870271764,180.59643039937333,40867400
2024-02-27,180.98291015625,182.26126931281985,177.94059046680667,179.46671005654383,54318900
2024-02-28,179.78382873535156,181.4684939502017,178.50546948959806,180.86399474191828,48953900
2024-02-29,179.119873046875,180.92346630197014,177.9108746304469,179.63518756564144,136682600
2024-03-01,178.03970336914062,178.90185225837237,175.78026722267666,177.93069482167198,73563100
2024-03-04,173.52081298828125,175.30456703921072,172.22261492332544,174.56133114426578,81510100
2024-03-05,168.58572387695312,170.48840604509627,168.0902332564625,169.21995126633416,95132400
2024-03-06,167.59474182128906,169.69563232435493,167.15870765798908,169.5172478388351,68587700
2024-03-07,167.47584533691406,169.19023880968834,166.9704503005263,167.6244864884472,71765100
2024-03-08,169.1902313232422,172.13344696276567,167.41638146834518,167.47583792632756,76267000
2024-03-11,171.1920166015625,172.80732093128213,170.49833272784605,171.38030546468005,60139500
2024-03-12,171.6676788330078,172.4604668624585,169.4676992338398,171.58839851794536,59825400
2024-03-13,169.5866241455078,171.62804307697533,169.21995080494636,171.21183277143888,52488700
2024-03-14,171.43975830078125,172.73794133442243,170.49832912625453,171.35057361629615,72913500
2024-03-15,171.06317138671875,171.06317138671875,168.75418335618096,169.62625165850892,121752700
2024-03-18,172.1532440185547,176.10726419166866,171.9550508157469,173.98656516716395,75604200
2024-03-19,174.4919891357422,175.0172080151,171.46949314620932,172.76767622994936,55215200
2024-03-20,177.05860900878906,177.05860900878906,173.51089450186836,174.1352174960067,53423100
2024-03-21,169.824462890625,175.88927881289044,169.29924400405602,175.45324461547284,106181300
2024-03-22,170.72625732421875,171.48931715990707,168.5262776263353,170.210942813777,71160100
2024-03-25,169.3091583251953,170.38932429506946,167.92177545566648,169.0316847755244,54288300
2024-03-26,168.17942810058594,169.87399750483326,168.0505957042821,168.4668059986792,57388400
2024-03-27,171.74696350097656,172.0343565405087,168.57582642397568,168.87312383270142,60273300
2024-03-28,169.93344116210938,170.67667701496117,168.97218824939392,170.2010103030642,65672700
2024-04-01,168.49655151367188,169.70554992575666,167.9515087670476,169.64609346633853,46240500
2024-04-02,167.31727600097656,167.81276664190898,166.71277681419204,167.5551169522469,49329500
2024-04-03,168.1199493408203,169.14065873561202,167.05960735256843,167.26770493028647,47691700
2024-04-04,167.29747009277344,170.3695030458197,167.29747009277344,168.75419869027797,53704400
2024-04-05,168.05059814453125,168.85329051832247,167.42627513328318,168.06050251317026,42104800
2024-04-08,166.93077087402344,167.67400673287588,166.72267330140122,167.50554175274334,37425500
2024-04-09,168.1397705078125,168.54607640984824,166.83168324813985,167.17851757917794,42373800
2024-04-10,166.26683044433594,167.5650134431552,165.60287483124418,167.27763553824258,49709300
2024-04-11,173.46136474609375,173.877590209879,166.64342350182488,166.82179288243998,91070300
2024-04-12,174.95774841308594,176.7514221146486,172.63885584160187,172.68839280877705,101670900
2024-04-15,171.13255310058594,175.0370216134587,170.94426424521788,173.77847120218846,73531800
2024-04-16,167.85240173339844,172.19288913903023,166.7524119884344,170.20102235595408,73711200
2024-04-17,166.48484802246094,169.11094225529814,166.48484802246094,168.08032842085646,50901200
2024-04-18,165.5334930419922,167.11906901091456,165.0479219314042,166.51456987389489,43122900
2024-04-19,163.5119171142578,164.89928490796945,162.60021611822233,164.71101115974596,68149400
2024-04-22,164.34434509277344,165.75153680925646,163.28400290071727,164.02723892062434,48116400
2024-04-23,165.394775390625,165.54343166054898,163.4326366212621,163.8587664496344,49537800
2024-04-24,167.49566650390625,167.77314006308927,164.71101142134987,165.03802194946388,48251800
2024-04-25,168.35781860351562,169.07132637527934,166.63350563489078,168.00106471763377,50558300
2024-04-26,167.7731170654297,169.79471202253325,167.6541890412428,168.3478879652858,44838400
2024-04-29,171.9352264404297,174.4424074952563,171.5388400360099,171.80639405446584,68169400
2024-04-30,168.79380798339844,173.41178341278996,168.46678241475865,171.7667512024824,65934800
2024-05-01,167.7731170654297,171.15236652369296,167.58482822154218,168.05059058657778,50383100
2024-05-02,171.469482421875,171.8559644998941,169.34878317714927,170.95416794412498,94214900
2024-05-03,181.72613525390625,185.31348231884328,181.01262758822543,184.9666328542693,163224100
2024-05-06,180.0712127685547,182.53874644704828,178.79283846563771,180.70544017490002,78569700
2024-05-07,180.75498962402344,183.23244296383282,179.6847430878599,181.79552305097843,77305800
2024-05-08,181.09190368652344,181.41892928578648,179.81352951475225,181.20091221961113,45057100
2024-05-09,182.90542602539062,182.99461071341904,180.46760537105857,180.9135439323752,48983000
2024-05-10,181.64515686035156,183.66949389545601,180.7322193628195,183.48094965782863,50759500
2024-05-13,184.85035705566406,185.6640710757596,183.2030934113359,184.01680743143146,72044800
2024-05-14,185.9915313720703,186.8548647149755,184.8602810891409,186.07091921634225,52393600
2024-05-15,188.26397705078125,189.18683240943687,185.9320062923224,186.46787049037354,70400000
2024-05-16,188.38304138183594,189.6333810173086,188.2044300863017,189.00821119957226,52845200
2024-05-17,188.41281127929688,189.34559954047234,187.72810435814964,188.0555735439889,41282900
2024-05-20,189.57383728027344,190.44708847543168,187.55941793463836,187.8769693298537,44361300
2024-05-21,190.873779296875,191.25085261805762,189.4547462309282,189.62343971650407,42309400
2024-05-22,189.4348907470703,191.34016861791716,188.80973611420333,190.79438668312676,34648500
2024-05-23,185.44577026367188,189.5341459487459,185.19768892080702,189.51429520164533,51005900
2024-05-24,188.52195739746094,189.11735863774422,186.59684388111853,187.37087155015982,36327000
2024-05-28,188.53189086914062,191.5187845976106,187.64872194997955,190.04021443649896,52280100
2024-05-29,188.82960510253906,190.77456966628964,188.05559245514976,188.15483105781396,53068000
2024-05-30,189.82191467285156,190.70508365256933,189.16699143181853,189.29598343446253,49889100
2024-05-31,190.77452087402344,191.09207220798447,188.45248352573708,189.97073987974593,75158300
2024-06-03,192.54087829589844,193.49351725389894,191.04247253185534,191.41954585254337,50080500
2024-06-04,192.85842895507812,193.82098571162214,191.54855228534223,193.14619663099631,47471400
2024-06-05,194.36676025390625,195.38885414673365,193.3744349100596,193.90036613096368,54156800
2024-06-06,192.9874267578125,194.9919281725913,192.67980832687616,194.1881470745491,41181800
2024-06-07,195.37893676757812,195.42855606321456,192.65004206608782,193.1561225415401,53103900
2024-06-10,191.6378631591797,195.7857909182053,190.6753063763642,195.3888517006261,97010200
2024-06-11,205.5601806640625,205.57011360777915,192.14395345618084,192.16378906024917,172373300
2024-06-12,211.4347686767578,218.51003809526938,205.3121079690946,205.77850209290926,198134300
2024-06-13,212.5957794189453,215.08651049080893,209.97604121171418,213.09194207290335,97862700
2024-06-14,210.8592071533203,213.51863167298376,209.67833763090172,212.20877015870124,70122700
2024-06-17,215.00714111328125,217.26964179829142,211.08745883873982,211.7324642876032,93728300
2024-06-18,212.6453857421875,216.95208913019513,211.36529274424583,215.9200623200828,79943300
2024-06-20,208.0707550048828,212.59577094768608,207.2471383568116,212.28813739547695,86172500
2024-06-21,205.89759826660156,210.26382387597764,205.5205097773767,208.77533580800622,241805100
2024-06-24,206.54261779785156,211.06761941054305,205.0045103276704,206.12584292738626,80727000
2024-06-25,207.46548461914062,209.75775393646785,207.0090082596573,207.54485732874397,55549700
2024-06-26,211.61338806152344,213.2110325348534,209.0234182045521,209.87681864015101,66213200
2024-06-27,212.45687866210938,214.08429174664712,210.72030917561003,213.04234702641065,49772700
2024-06-28,209.00355529785156,214.41174043740799,208.68601906723538,214.1140398112984,82542700
2024-07-01,215.08651733398438,215.84067914098924,210.29358412725625,210.46227761796723,60402900
2024-07-02,218.57949829101562,218.68865467979296,213.4491783018458,214.49110775455017,58046200
2024-07-03,219.84967041015625,219.84967041015625,217.34900644671097,218.3115631866412,37369800
2024-07-05,224.6029052734375,224.71206166235044,219.94889718329503,219.94889718329503,60412400
2024-07-08,226.0715789794922,226.10134753003678,221.53664465186893,225.34717053841655,59085900
2024-07-09,226.92495727539062,227.63943274976205,224.63268810415036,226.180713251394,48076100
2024-07-10,231.1919708251953,231.2912094233167,227.49060126886744,227.54022056792812,62627700
2024-07-11,225.823486328125,230.60648662367137,224.03729767642758,229.61416127735984,64710600
2024-07-12,228.7706756591797,230.8545649156238,226.92494993371525,227.16311346469493,53046500
2024-07-15,232.60105895996094,235.409341553401,231.30111515749465,234.66509753137677,62631300
2024-07-16,233.01785278320312,234.4567215545301,230.54695713829173,233.19646408342908,43234300
2024-07-17,227.12342834472656,229.6836295353235,224.9006141352506,227.68904591405493,57345900
2024-07-18,222.45950317382812,228.67146993188885,220.5641731481692,228.51269423226466,66034600
2024-07-19,222.5885009765625,225.0593965950336,221.56640705838353,223.09459660515446,49151500
2024-07-22,222.2412109375,226.03188622300922,221.3778775132773,225.26779139889447,48201800
2024-07-23,223.2831268310547,225.19832267550643,220.97100689389265,222.64803919770813,39960300
2024-07-24,216.86277770996094,223.0747441599071,215.46361045876344,222.280880842846,61777600
2024-07-25,215.8208465576172,219.15506035064124,212.97286249707204,217.24978234747041,51391200
2024-07-26,216.28724670410156,217.80550332568987,214.35220009781358,217.02155779536062,41601300
2024-07-29,216.5651092529297,217.61697179557376,214.0942134588753,215.29493390237633,36311800
2024-07-30,217.12078857421875,218.63904514115285,214.46134877521007,217.50779485320817,41643800
2024-07-31,220.37562561035156,222.10227724921992,218.93675681546986,219.74053796301214,50036300
2024-08-01,216.6841583251953,222.7571844619209,215.35444602521784,222.64802807062824,62501000
2024-08-02,218.17266845703125,223.8686218452105,216.03917485082664,217.468110743228,105568600
2024-08-05,207.66392517089844,211.8614570593827,194.49576385779395,197.56204548052773,119548600
2024-08-06,205.6396026611328,208.37843064571763,199.52688928096438,203.72442177434476,69660500
2024-08-07,208.20973205566406,212.0004073803907,204.8060479069825,205.31212843272615,63516400
2024-08-08,211.6729278564453,212.55609685346144,207.22731432081122,211.4744658055274,47161100
2024-08-09,214.5804443359375,215.11629337558463,210.3432107490655,210.47221789303094,42201600
2024-08-12,216.1103973388672,218.07747160820446,214.1929998012183,214.65993379251097,38028100
2024-08-13,219.8259735107422,220.44192247615112,217.58071280084246,217.58071280084246,44155300
2024-08-14,220.27305603027344,221.57450454206742,218.2662343099079,219.13056699635618,41960600
2024-08-15,223.2534637451172,223.87935717471936,221.30624816369337,223.13425172393934,46414000
2024-08-16,224.57479858398438,225.34970708383625,222.19045191126241,222.45869413327577,44340200
2024-08-19,224.41583251953125,224.51518597934856,221.58442566604344,224.2469437652095,40687800
2024-08-20,225.0317840576172,225.68748051768907,223.97870407222223,224.29662301984854,30299000
2024-08-21,224.92250061035156,226.4921913011218,223.58131984717622,225.04172779494317,34765500
2024-08-22,223.06471252441406,226.84984597984075,222.43881906323927,226.30343225653021,43695300
2024-08-23,225.359619140625,226.7306179936649,222.8660050723941,224.18732719786422,38677300
2024-08-26,225.69741821289062,225.79677167752968,222.42889539152742,225.28016094798537,30602200
2024-08-27,226.5418701171875,227.35652605602343,223.4223624308928,224.52511915345738,35934600
2024-08-28,225.0119171142578,228.35991942602843,224.20719049274723,226.43257756563742,38052200
2024-08-29,228.29037475585938,231.39995310375193,227.3863249726349,228.59836441740794,51906300
2024-08-30,227.50555419921875,228.8964117856607,225.99546942021698,228.68779072729976,52990800
2024-09-03,221.31619262695312,227.50553099413642,219.7266282681139,227.05847075546578,50190600
2024-09-04,219.40872192382812,220.33264539565292,216.06070449558098,220.2134333758585,43840200
2024-09-05,220.92874145507812,224.00850159902006,220.07435325324454,220.1836359939166,36615400
2024-09-06,219.37893676757812,223.77009004470926,218.33578603187902,222.48850009081283,48423000
2024-09-09,219.4683380126953,219.82598924771256,215.2957503769675,219.37892899374344,67180000
2024-09-10,218.6735382080078,220.0345925843304,215.31559161387113,217.49130185519834,51591000
2024-09-11,221.2069091796875,221.63409569372266,216.46803428284608,220.01474349397893,44587100
2024-09-12,221.31619262695312,222.09110108310472,218.38544755210194,221.04795042006705,37455600
2024-09-13,221.04795837402344,222.57790161811045,220.46181236980377,222.12091208096655,36766600
2024-09-16,214.90829467773438,215.80241517960704,212.52394807405793,215.126845002842,59357400
2024-09-17,215.37521362304688,215.48449636527135,213.10016491936787,214.34200737227792,45519300
2024-09-18,219.24977111816406,221.25659276615585,216.12031904206836,216.13026348358338,59894900
2024-09-19,227.37637329101562,228.32018565098164,223.16405353373213,223.52170475455895,66781300
2024-09-20,226.71075439453125,231.56884144729943,226.1345376792504,228.46920754640476,318679900
2024-09-23,224.99205017089844,227.95259834339626,224.33635371548323,225.8563676699032,54146000
2024-09-24,225.88616943359375,227.85325878901892,224.25687274556688,227.15781488965328,43556100
2024-09-25,224.89268493652344,225.80667911779153,222.5580303354434,223.46208007568333,42308700
2024-09-26,226.03518676757812,227.00878694842402,223.93895622483703,225.81662129607273,36636700
2024-09-27,226.3034210205078,228.02214184296878,225.8166284941723,226.9690618971705,34026000
2024-09-30,231.4794464111328,231.4794464111328,228.15130238402674,228.53875664504176,54541900
2024-10-01,224.73377990722656,228.15131803302592,222.27989769941507,228.02217670997004,63285000
2024-10-02,225.30001831054688,225.8861642954019,221.56456176324298,224.41582711263038,32880600
2024-10-03,224.197265625,225.3298253274289,221.8626109260752,223.67072564154154,34044200
2024-10-04,225.3199005126953,226.5120662505933,222.66732681912907,226.41271278943105,37245100
2024-10-07,220.24322509765625,224.2171205854488,219.8855738973866,223.0348842523572,39505400
2024-10-08,224.29660034179688,224.50522136577493,221.79304193960246,222.83619253711748,31855700
2024-10-09,228.04202270507812,228.25065892191472,223.36276850208282,223.76015205132026,33591100
2024-10-10,227.54525756835938,228.00226223679437,225.68746620848788,226.2934858996686,28183500
2024-10-11,226.06500244140625,227.91286461183438,225.85636623992795,227.80358186995707,31759200
2024-10-14,229.79054260253906,230.21772915238438,227.1081657950345,227.2075041009655,39882100
2024-10-15,232.32388305664062,235.9401275315396,230.853530735341,232.08544385770335,64751400
2024-10-16,230.26736450195312,230.60514196799298,228.34002283458457,230.0885464878877,34082200
2024-10-17,230.63499450683594,232.32391251820164,229.0156421145612,231.9066400773438,32993800
2024-10-18,233.4663543701172,234.63864623478992,232.48280980290272,234.63864623478992,46431500
2024-10-21,234.9367218017578,235.30431748145634,232.9199708414818,232.9199708414818,36254500
2024-10-22,234.32077026367188,234.67842149785605,231.0820505913223,232.36362533760988,38846600
2024-10-23,229.25404357910156,233.60546433739609,226.27362172475395,232.55238437433343,52287000
2024-10-24,229.0653076171875,229.3136761173618,226.91940013747097,228.47914643577636,31109500
2024-10-25,229.8998260498047,231.69801159617745,228.07183749564092,228.24072625952675,38802300
2024-10-28,231.8768310546875,233.1981533252385,231.03238723011694,231.79736647290133,36087100
2024-10-29,232.1450653076172,232.80076177889833,230.80388451731673,231.5787930163908,35417200
2024-10-30,228.59835815429688,231.94636045913163,228.05194445904854,231.09197226998216,47070900
2024-10-31,224.43569946289062,228.330115454563,223.89921505082026,227.84330777090054,64370100
2024-11-01,221.45529174804688,223.87937072005496,218.83252100898451,219.52794977327943,65276700
2024-11-04,220.56114196777344,221.33605042122997,218.2761640538016,219.54780947276666,44944500
2024-11-05,221.9917449951172,222.4884819564664,219.6968226591573,220.35251908634842,28111300
2024-11-06,221.26651000976562,224.59465366535846,219.7464961432124,221.15722727351368,54561100
2024-11-07,225.9954376220703,226.39283627600352,223.1044401056504,223.16404611393824,42137700
2024-11-08,225.7269287109375,227.4176895436531,225.17991383614745,225.9357792784742,38328800
2024-11-11,223.01173400878906,224.4737485807484,220.29657059338746,223.77755477883602,42005600
2024-11-12,223.01173400878906,224.36434561359883,222.14646565326132,223.3300027044557,40398300
2024-11-13,223.89691162109375,225.4185978724207,221.54973296285615,222.79294167641658,48566200
2024-11-14,226.98007202148438,227.62653447284012,223.77756520755418,223.7974607959322,44923900
2024-11-15,223.77755737304688,225.6871240415238,223.05152776948486,225.1699449930133,47923700
2024-11-18,226.7811737060547,228.49183017609323,223.94665165924164,224.0262188410909,44633700
2024-11-19,227.0397491455078,228.90953992555222,225.4285554930197,225.74680903538962,36211800
2024-11-20,227.75582885742188,228.68076882556113,224.66272507245372,226.82093350733243,35169600
2024-11-21,227.27845764160156,228.90954693288327,224.48372676835862,227.63650237265796,42108300
2024-11-22,228.62110900878906,229.46649702017746,226.82094518602503,226.82094518602503,38168300
2024-11-25,231.60479736328125,231.982737654973,228.4918131754458,230.2024695182051,90152800
2024-11-26,233.7829132080078,234.29015208323423,232.06231657216094,232.06231657216094,45986200
2024-11-27,233.65362548828125,234.4095061449918,232.53971526898803,233.19613315216662,33498400
2024-11-29,236.04058837890625,236.51797629056327,232.698842645531,233.5342752849028,28481400
2024-12-02,238.2882843017578,239.4817615684827,235.8714939748314,235.98089694287458,48137100
2024-12-03,241.33168029785156,241.441083276618,237.60205398884364,238.50711361537608,38861000
2024-12-04,241.68972778320312,242.78375758332757,239.9392952788925,241.55048900644988,44383900
2024-12-05,241.7195587158203,243.21140922639395,240.81451427308068,242.6644095132275,40033900
2024-12-06,241.52064514160156,243.3009285590703,240.76477968960373,241.5902721155965,36870600
2024-12-09,245.40940856933594,245.89675186527563,240.43657354260168,240.516140724136,44649200
2024-12-10,246.42385864257812,246.86147053083658,244.00705305092782,245.54863486606115,36914800
2024-12-11,245.1508331298828,249.43741460876686,244.92207178593077,246.61284788068906,45205800
2024-12-12,246.61282348632812,247.38858448031883,244.3451969163318,245.54862958315107,32777500
2024-12-13,246.7819366455078,247.93562293505155,244.9022054543665,246.47362327606555,33155300
2024-12-16,249.6760711669922,250.0142354510927,246.304489938892,246.6426542229925,51694800
2024-12-17,252.1028289794922,252.45093348613432,248.42293425963442,248.72130738305802,51356400
2024-12-18,246.70233154296875,252.89847930582897,246.39401822090946,250.79000225751088,56774100
2024-12-19,248.43287658691406,250.6308762664829,245.7475488049507,246.15532490458142,60882300
2024-12-20,253.1073455810547,253.61456925624782,244.35515348919105,246.6923766885693,147495300
2024-12-23,253.8831024169922,254.26102752773247,252.07298333460633,253.38581895601413,40858800
2024-12-24,256.79718017578125,256.80710520536127,253.90297174117552,254.10189725758943,23234700
2024-12-26,257.6127014160156,258.6868506395932,256.2302692406472,256.7872242633273,27237100
2024-12-27,254.20135498046875,257.29447387899233,251.68510189149424,256.4291751646687,42355300
2024-12-30,250.82977294921875,252.1227129740064,249.3876539575231,250.85960874260036,35557500
2024-12-31,249.05947875976562,251.90394112888606,248.07485191726244,251.06850844936815,39480700
2025-01-02,242.52517700195312,247.74665392379396,240.5062071395791,247.57756417344766,55740700
2025-01-03,242.037841796875,242.8533788995599,240.57582699573507,242.037841796875,40244100
2025-01-06,243.66891479492188,245.98625772407811,241.87869116125097,242.98266113735735,45045600
2025-01-07,240.89407348632812,244.215923537777,240.0387452815234,241.6598791297847,40856000
2025-01-08,241.3813934326172,242.3859157551251,238.74579711055483,240.605632433071,37628900
2025-01-10,235.56321716308594,238.85523174451487,231.73412786407496,238.70603757812466,61710900
2025-01-13,233.12649536132812,233.39503269669683,228.47192915300568,232.2612269401141,49630700
2025-01-14,232.0125732421875,234.83713969366363,231.2069764534674,233.47458784982285,39435300
2025-01-15,236.57762145996094,237.66171090461415,233.15630892744326,233.36517465190275,39832000
2025-01-16,227.0198516845703,236.7168796666606,226.79110553013876,236.06047699847062,71759100
2025-01-17,228.7305145263672,231.0279618693864,227.2386640256131,230.85888730040747,68488300
2025-01-21,221.4303741455078,223.20070201452856,218.18809151282764,222.78298573737737,98070400
2025-01-22,222.6139373779297,222.9023551356524,218.59587812819439,218.59587812819439,64126500
2025-01-23,222.44485473632812,225.7965406078772,221.09224303438072,223.51898889751178,60234800
2025-01-24,221.5696258544922,224.4041477572621,220.2070739772995,223.55875977197638,54697900
2025-01-27,228.61117553710938,230.888727332658,222.76311661057002,222.80290778981754,94863400
2025-01-28,236.9655303955078,238.88505261672515,229.5560092044273,229.59580038333414,75707600
2025-01-29,238.05953979492188,238.5568232574634,232.73860067537262,232.84800364416722,45486100
2025-01-30,236.2991485595703,239.48175963713217,235.92122345328548,237.3732826437262,55658300
2025-01-31,234.71780395507812,245.8470107317681,232.1717149504871,245.8470107317681,100959800
2025-02-03,226.77120971679688,230.5704628324937,224.47376244068877,228.7404632470789,73063300
2025-02-04,231.5352020263672,231.86341095944582,225.4186058340825,226.0153521080233,45067300
2025-02-05,231.2069854736328,231.4058958330951,227.0298072213747,227.2883891710869,39620300
2025-02-06,231.95291137695312,232.5297620441898,229.17806101517482,230.03338922164468,29925300
2025-02-07,226.39329528808594,232.72868233994458,226.02529517161955,231.33629458433444,39707200
2025-02-10,226.66209411621094,229.58933825388894,226.21404995469493,228.57377553913867,33115600
2025-02-11,231.6105499267578,234.20922454356437,227.1400438259152,227.2097321635687,53718400
2025-02-12,235.8420867919922,235.9317077791751,229.67894615315132,230.19669384296432,45243300
2025-02-13,240.48187255859375,241.28835511000761,234.54774465400956,235.8819260401158,53614100
2025-02-14,243.53855895996094,244.484433375407,239.94422402720738,240.2030902821229,40896200
2025-02-18,243.40911865234375,244.11602908498713,240.7905267294893,243.0905000064508,48822500
2025-02-19,243.807373046875,244.94242536854557,242.10480216065562,243.5982928571997,32204200
2025-02-20,244.76321411132812,245.70908851524857,243.2298884862767,243.87707690453925,32316900
2025-02-21,244.4844207763672,247.6107939080121,244.155851012499,244.88267886995578,53197400
2025-02-24,246.0277099609375,247.7800669312537,243.3593319822528,243.86711335623195,51326400
2025-02-25,245.9679718017578,248.91513366913293,243.84722519384715,246.92381259977986,48013300
2025-02-26,239.31695556640625,243.91690216055417,238.0922974197643,243.26972892021308,44433600
2025-02-27,236.27023315429688,241.4078448384303,236.0312691715791,238.3710773588995,41153600
2025-02-28,240.79052734375,241.03944246427386,229.2010399398617,235.92174819400608,56833400
2025-03-03,236.9970703125,242.97103338088397,235.08540395372597,240.7407483660274,47184000
2025-03-04,234.9061737060547,239.02822274747484,233.6615980851158,236.6784633674393,53798100
2025-03-05,234.7169952392578,235.5234777567522,228.23523611666363,234.3983766092207,47227600
2025-03-06,234.3087921142578,236.82781201573715,232.1482106078643,233.42265485870865,45170400
2025-03-07,238.03256225585938,240.32256924437755,233.74125275300776,234.08974000390756,46273600
2025-03-10,226.4928436279297,235.13518456664028,223.24699590534985,234.5178647329352,72071200
2025-03-11,219.88165283203125,224.8599551431671,216.50636447278404,222.8387656202518,76137400
2025-03-12,216.0384063720703,220.78771110845915,213.9773970817033,219.18469713036333,62547500
2025-03-13,208.77008056640625,215.899013195213,207.51555384047248,215.01287598245443,61368300
2025-03-14,212.5635528564453,213.02154815111564,208.67051688888432,210.3332680009786,60107600
2025-03-17,213.0713348388672,214.28604179494317,209.05882446828872,212.3843267022667,48073400
2025-03-18,211.7670440673828,214.2163605039484,210.57225445008928,213.23066628615402,42432400
2025-03-19,214.3059539794922,217.81066771448715,212.82241448637808,213.29037609854922,54385400
2025-03-20,213.17092895507812,216.54621759798974,211.29908226715483,213.0614056873257,48862900
2025-03-21,217.32281494140625,217.89033350890864,210.36314278996363,210.64192650603025,94127800
2025-03-24,219.77212524414062,220.5188705761007,217.63146136955083,220.0409578175666,44299500
2025-03-25,222.77903747558594,223.12752472855482,219.1249652538438,219.81197343150768,34493600
2025-03-26,220.56866455078125,224.04352508950674,219.51326687455483,222.5400680439697,34466100
2025-03-27,222.8786163330078,224.0136687326393,219.60288467242046,220.42928473771144,37094800
2025-03-28,216.9544219970703,222.8387793372666,216.73537546649092,220.7080664246457,39818600
2025-03-31,221.1660614013672,224.6409066608951,215.29165561007284,216.0682695484103,65299300
2025-04-01,222.22146606445312,222.70932997882656,217.95007407622174,218.85612876373423,36412700
2025-04-02,222.91842651367188,224.21278818927524,220.06088576879955,220.3595869543347,35905900
2025-04-03,202.30824279785156,206.58958563447752,200.37665915579902,204.64803566499702,103419000
2025-04-04,187.56253051757812,199.01262630823254,186.52703508606032,193.0486144227304,125910900
2025-04-07,180.6725616455078,193.30748067285785,173.86223225537526,176.43103817745248,160466300
2025-04-08,171.67178344726562,189.5140179775097,168.47572171547168,185.88981432593783,120859500
2025-04-09,197.9871063232422,199.73946342084193,171.1440912269536,171.2038284291051,184395900
2025-04-10,189.5936737060547,193.93475416517637,182.20587449762067,188.24954112448538,121880000
2025-04-11,197.29013061523438,198.67409816298056,185.25259829067514,185.29243322025624,87435900
2025-04-14,201.64117431640625,212.01595519155484,200.28707539108044,210.52246440005902,101352900
2025-04-15,201.26280212402344,202.62685207462172,198.93296032454862,200.98401841430368,51343900
2025-04-16,193.4269561767578,199.8290454554037,191.53519224238798,197.49920369317184,59732400
2025-04-17,196.1251983642578,197.9671763411939,193.5763099497932,196.34424488667963,52164700
2025-04-21,192.32177734375,192.958999427942,188.98630873883343,192.43130060162235,46742500
2025-04-22,198.8732452392578,200.715208155226,195.1196006832811,195.26894368988752,52976400
2025-04-23,203.71214294433594,207.09738254349836,201.9199510184256,205.10606155750318,52929200
2025-04-24,207.46578979492188,207.923800345576,202.0593601483308,204.00089523709073,47311000
2025-04-25,208.371826171875,208.8397878176709,205.30519003897632,205.47445049920006,38222300
2025-04-28,209.2281036376953,210.5822025692478,206.55974070372147,209.08871177088434,38743100
2025-04-29,210.29345703125,211.31898611202763,207.46576971677675,207.78438836336602,36827600
2025-04-30,211.57785034179688,212.65316547487808,205.7731479657814,208.39173986928208,52286500
2025-05-01,212.39430236816406,213.62891164873253,207.99346964638974,208.1726964341785,57365700
2025-05-02,204.45887756347656,206.09176007843143,201.28271832700744,205.19565656630735,101010600
2025-05-05,198.02691650390625,203.21431440062256,197.34987465543003,202.21865389928206,69018500
2025-05-06,197.6485595703125,199.77927242381972,196.16503515467957,197.3498735756035,51216500
2025-05-07,195.39837646484375,198.574535944944,192.41139491378883,198.30570335142838,68536700
2025-05-08,196.63299560546875,199.18188402861682,193.83517686729027,196.86199326420865,50478900
2025-05-09,197.66847229003906,199.6697443694255,196.6827629534363,198.1364339272832,36453900
2025-05-12,210.15049743652344,210.6290521628615,206.1227607044075,210.32995926202443,63775800
2025-05-13,212.28399658203125,212.75257189298435,208.36592688565332,209.79158118866218,51909300
2025-05-14,211.68582153320312,213.29093762104833,209.94113079478424,211.78550901932945,49325800
2025-05-15,210.80850219726562,212.31393091132972,208.90429308394448,210.31001909194578,45029500
2025-05-16,210.6190643310547,211.92510277199543,209.1335944967917,211.71573318604425,54737900
2025-05-19,208.14659118652344,208.84446444770495,203.64029993754312,207.27923550566183,46140500
2025-05-20,206.232421875,207.83753801206538,204.40797196423648,207.03996203611737,42496600
2025-05-21,201.4768829345703,206.41186226922272,200.10108001028593,204.5475404614086,59211800
2025-05-22,200.74908447265625,202.13486667390606,199.09411717835945,200.1010626250374,46742400
2025-05-23,194.67759704589844,197.1002176461426,192.8730906309023,193.082445017036,78432900
2025-05-27,199.60260009765625,200.1309909415137,196.83102019804124,197.6983910952664,56288500
2025-05-28,199.81195068359375,202.11494001836002,199.2935240345892,199.98143310081724,45339700
2025-05-29,199.3433837890625,203.19167383577107,197.90775006205254,202.9623758748587,51396800
2025-05-30,200.24066162109375,201.3472946799051,196.18300200128658,198.7651407343476,70819900
2025-06-02,201.08807373046875,201.51677709467234,199.51286535414474,199.67238359256916,35423300
2025-06-03,202.65330505371094,203.1517881077627,200.35031577799097,200.73913195165156,46381600
2025-06-04,202.20468139648438,205.6143037964219,201.48686455307688,202.29440469878628,43604000
2025-06-05,200.02133178710938,204.12882762641604,199.54277706238673,202.88261988754903,55126100
2025-06-06,203.30133056640625,205.07592905349443,201.4370087789868,202.3841235560851,46607700
2025-06-09,200.83883666992188,205.37503589356555,199.4131823149893,203.76991971327615,72862600
2025-06-10,202.05511474609375,203.73002568042446,199.96149509379936,199.9914028593682,54672600
2025-06-11,198.1769256591797,203.8795731269679,197.80805305990708,202.88260699920767,60989900
2025-06-12,198.5956573486328,199.07419684911244,196.7612432530472,198.47602627663701,43904600
2025-06-13,195.85400390625,199.76210952406473,195.1062792678608,199.12405177447246,51447300
2025-06-16,197.81802368164062,198.08720880439395,195.96366601516638,196.701426450214,43020700
2025-06-17,195.04644775390625,197.78810453675544,194.61775963167673,196.6017124403596,38856200
2025-06-18,195.9835968017578,196.97059871241268,194.4781834746436,195.34553910938874,45394700
2025-06-20,200.3901824951172,201.08805571006383,196.26274352386682,197.63856158511533,96813500
2025-06-23,200.88868713378906,201.68626312768808,198.35639970659372,201.01829760639046,55814300
2025-06-24,199.69232177734375,202.8227948624406,199.59261907789957,201.97536755465325,54064000
2025-06-25,200.94850158691406,203.05210084338043,200.01135094007643,200.83883469818846,39525700
2025-06-26,200.3901824951172,202.0252062612044,198.85486142223453,200.81887060840756,50799100
2025-06-27,200.46995544433594,202.60346239871808,199.39323017588663,201.2774955925489,73188600
2025-06-30,204.54754638671875,206.7608124915243,198.6554726965608,201.39712965217615,91912800
2025-07-01,207.18951416015625,209.55231908550664,205.51460310500556,206.04299395149746,78788900
2025-07-02,211.7954864501953,212.69274987948137,207.5085290616707,208.2761972389462,67941800
2025-07-03,212.90213012695312,213.9987837940836,211.16740350258758,211.5063683517463,34955800
2025-07-07,209.3130340576172,215.57398008038285,208.16652910348648,212.03474730839852,50229000
2025-07-08,209.37286376953125,210.78855393169587,207.8175989494771,209.46260228799343,42848900
2025-07-09,210.4994354248047,210.6888614301138,206.59132988433592,208.8943192909964,48749400
2025-07-10,211.7655792236328,212.83232507172787,209.39279496736208,209.87133445003573,44443600
2025-07-11,210.5193634033203,211.48642172848318,209.22330444266433,209.93115706069412,39765800
2025-07-14,207.98707580566406,210.27013683517245,206.91035052542594,209.29309904361602,38840100
2025-07-15,208.47560119628906,211.2471659954246,208.2861751856472,208.5852680860029,42296300
2025-07-16,209.5224151611328,211.7556096589697,208.0070223143888,209.66198981724762,47490500
2025-07-17,209.38282775878906,211.15742622671814,208.95412441878605,209.93116216460888,48068100
2025-07-18,210.539306640625,211.1474566075158,209.06380098140497,210.23024956462245,48974600
2025-07-21,211.83535766601562,215.12534891613055,210.98794558852114,211.45652088357517,51377400
2025-07-22,213.74954223632812,214.29787667610697,211.5861274580158,212.49337032996837,46404100
2025-07-23,213.50030517578125,214.49727137359017,211.76559372759175,214.3477325289176,46989300
2025-07-24,213.11146545410156,215.0356179140754,212.88216751340357,213.25104009789538,46022600
2025-07-25,213.2311248779297,214.58699944946258,212.7525701732737,214.04862920984866,40268800
2025-07-28,213.40061950683594,214.1981955143971,212.41361748607306,213.38067592321022,37858000
2025-07-29,210.62904357910156,214.1582970701604,210.18041185237743,213.53020352524888,51411700
2025-07-30,208.415771484375,211.74563469104578,207.0898047125579,211.25711581327238,45512500
2025-07-31,206.94027709960938,209.20337937318874,206.5315173151756,207.85748415888986,80698400
2025-08-01,201.76602172851562,212.93203997684435,200.88868661623732,210.23025491744008,104434500
2025-08-04,202.7330780029297,207.24933356384108,201.06813110178,203.8895472057539,75109300
2025-08-05,202.3043670654297,204.71702329589334,201.54667827641916,202.78290655256814,44155100
2025-08-06,212.60304260253906,214.72658548105818,204.96627784328447,205.00616501036765,108483100
2025-08-07,219.36245727539062,220.1799768073744,215.92292715514498,218.2159523061407,90224800
2025-08-08,228.65419006347656,230.29917810781973,218.58482597462978,220.16003429974123,113854000
2025-08-11,226.747802734375,229.12327986736793,224.3324083989562,227.48640043221798,61806100
2025-08-12,229.21310424804688,230.36092560837628,226.63802588155738,227.57622481823222,55626200
2025-08-13,232.88612365722656,234.55294488479396,229.99163136972763,230.6304284784954,69878500
2025-08-14,232.337158203125,234.67270293292236,230.41083714463488,233.6147219132583,51916300
2025-08-15,231.1494140625,233.834298979768,228.9036945156081,233.5548328767578,56038700
2025-08-18,230.4507598876953,232.67651332576617,229.672244959047,231.25921652669462,37476200
2025-08-19,230.1213836669922,232.42698672077375,228.9136940815642,230.84001516813981,39402600
2025-08-20,225.5800323486328,230.0315543310328,225.3404986724704,229.54248102593337,42263900
2025-08-21,224.47215270996094,226.08908123987146,223.35428822884654,225.83955683035407,30621200
2025-08-22,227.3267059326172,228.65417758009713,224.98118568943215,225.73973438952316,42477800
2025-08-25,226.72784423828125,228.86377239669042,225.79960559269966,226.04912998143794,30983100
2025-08-26,228.87376403808594,229.0534295301293,224.26255788237486,226.43840339540802,54575100
2025-08-27,230.05152893066406,230.46073738560713,227.82576024347395,228.17510050695543,31259500
2025-08-28,232.11758422851562,232.9659733126178,228.90370861616245,230.3809040856524,38074700
2025-08-29,231.69837951660156,232.9360260407387,230.92984008944924,232.0676707602769,39418400
2025-09-02,229.28298950195312,230.4108447009183,226.53822101083426,228.81388239599917,44075600
2025-09-03,238.01634216308594,238.395624134605,233.9141603097862,236.75874463665696,66427800
2025-09-04,239.32383728027344,239.44360411673358,236.28962732845326,237.99636566705198,47549400
2025-09-05,239.2340087890625,240.86091270031892,238.03629475202086,239.54341659874092,54870400
2025-09-08,237.42745971679688,239.69313028194867,235.89038089866295,238.84475646782593,48999500
2025-09-09,233.9041748046875,238.3257397896772,232.9160527142261,236.54912730927947,66313900
2025-09-10,226.35855102539062,231.97784546194652,225.52015268533836,231.7482872752143,83440800
2025-09-11,229.59239196777344,230.01159113632517,226.21881717306923,226.44839058875493,50208600
2025-09-12,233.6247100830078,234.06386022938602,228.58431421011397,228.78393068206054,55824200
2025-09-15,236.24969482421875,237.7368657054393,234.58287368836292,236.54912714503797,42699500
2025-09-16,237.6969451904297,240.76111223381088,235.87043992435724,236.72878926810645,63421100
2025-09-17,238.5353546142578,239.6432435766681,237.27774187166392,238.5153883976145,46508000
2025-09-18,237.42745971679688,240.74113579799257,236.199788714976,239.5134800259323,44249600
2025-09-19,245.032958984375,245.83144010441063,239.7530294205925,240.77107799962133,163741300
2025-09-22,255.5928192138672,256.15178189089505,247.64797087114997,247.82763635806887,105517400
2025-09-23,253.9459686279297,256.8504363399061,253.0975947938589,255.39322235208516,60275200
2025-09-24,251.8300018310547,255.2534845023776,250.56241362070242,254.73446948849343,42303700
2025-09-25,256.3813171386719,256.6807646844572,251.2311452680336,252.72829161839874,55202100
2025-09-26,254.97401428222656,257.10994249251326,253.2972024297037,253.61660096533106,46076300
2025-09-29,253.9459686279297,254.5148915782133,252.52867184357527,254.0757261912774,40127700
2025-09-30,254.14559936523438,255.4331385813304,252.6284867333586,254.37515755125318,37704300
2025-10-01,254.9640350341797,258.29769267334166,254.44502000530687,254.55481135314994,48713900
2025-10-02,256.6408386230469,257.68882891050583,253.66649683440303,256.09186667190835,42630200
2025-10-03,257.5291442871094,258.7468246365968,253.46689477740222,254.18552630266564,49155600
2025-10-06,256.20166015625,258.57713717661323,254.56478079871025,257.49917477533796,44664100
2025-10-07,255.99209594726562,256.9103287268919,254.94407514023973,256.32145476920215,31955800
2025-10-08,257.569091796875,258.0282082133661,255.62278908467795,256.03201279963565,36496900
2025-10-09,253.55670166015625,257.50917476461467,252.65841993311406,257.3195337882977,38322000
2025-10-10,244.80340576171875,255.8922708493858,243.53581752909898,254.45500785015722,61999100
2025-10-13,247.18885803222656,249.2149949644775,245.09284695690994,248.90558714178317,38142900
2025-10-14,247.29864501953125,248.37659224814226,244.23447809703134,246.13087266264282,35478000
2025-10-15,248.86566162109375,251.3409547309234,246.99922390992754,249.01538540478128,33893600
2025-10-16,246.97926330566406,248.56623493239263,244.66368465033412,247.77774448085987,39777000
2025-10-17,251.81002807617188,252.89796599708643,246.79958926324147,247.5481624372989,49147000
2025-10-20,261.7411193847656,263.87706298772724,255.14370850365398,255.4032084113237,90483000
2025-10-21,262.27008056640625,264.7853058703715,261.3318664386604,261.3817895915523,46695900
2025-10-22,257.9583435058594,262.349966966352,254.94406918261987,262.15033525743416,45015300
2025-10-23,259.0861511230469,260.12418111371363,257.51916110368444,259.4454820834593,32754900
2025-10-24,262.3200378417969,263.62754335723145,258.68694768993146,260.69313376057823,38253700
2025-10-27,268.2986145019531,268.60802232244004,264.1465248140549,264.37609822840903,44888200
2025-10-28,268.4882507324219,269.3765722048576,267.63986169210665,268.4782600095115,41534800
2025-10-29,269.1869201660156,270.8936584399069,266.6018207191691,268.76770579477784,51086700
2025-10-30,270.8836669921875,273.6184749716116,267.969239224885,271.4725408872279,69886500
2025-10-31,269.85565185546875,276.79244258078194,268.647962249571,276.4630533049319,86167100
2025-11-03,268.53814697265625,270.33474092754267,265.74348587775046,269.90556627002525,50194600
2025-11-04,269.5262756347656,270.9734988318123,267.11086611942017,267.8195068636227,49274800
2025-11-05,269.6260986328125,271.18312844251227,266.4221834255846,268.0989800730272,43683100
2025-11-06,269.25677490234375,272.8798740142925,267.38037702601645,267.38037702601645,51204000
2025-11-07,267.9592590332031,271.7719991063764,266.26248096015127,269.28671541495146,48227400
2025-11-10,269.1781311035156,273.4741297822401,267.20997142836535,268.7085692371889,41312400
2025-11-11,274.99267578125,275.65206242273547,269.5477586519058,269.55775905965567,46208300
2025-11-12,273.21435546875,275.4722525277038,271.4460210796085,274.74292397164845,48398000
2025-11-13,272.6948547363281,276.4413491841305,271.83564282199285,273.85374352181776,49602800
2025-11-14,272.15533447265625,275.70200347225597,269.3479639093673,270.7965900477885,47431300
2025-11-17,267.2099609375,270.2371271729127,265.48159771217263,268.5687054184609,45018300
2025-11-18,267.19000244140625,270.4569347049811,265.0719890725528,269.7376065335732,45677300
2025-11-19,268.3089294433594,271.9555110777923,265.2517925781922,265.2817633125939,40424500
2025-11-20,266.0010986328125,275.17250947675234,265.67142054546326,270.5768036466949,45823600
2025-11-21,271.2361755371094,273.0744516711978,265.4216397990326,265.70137680880595,59030800
2025-11-24,275.6620788574219,276.7410558404627,270.64675212306133,270.64675212306133,65585800
2025-11-25,276.7110900878906,280.1179060838009,274.9926967216935,275.012667049666,46914200
2025-11-26,277.29052734375,279.26868736786383,276.3714044558947,276.70108254872224,33431400
2025-11-28,278.5893249511719,278.73917862681736,275.73198274965245,277.0008150112318,20135600
2025-12-01,282.8353576660156,283.1550658399818,275.88187257202503,277.75011957449965,46587700
2025-12-02,285.9224548339844,287.1313151163589,282.36578537497866,282.7354345985028,53669500
2025-12-03,283.8843688964844,288.35019153510143,283.0351573834178,285.9324708384744,43538700
2025-12-04,280.4375915527344,284.46382276925783,278.32954829392816,283.83440686502166,43989100
2025-12-05,278.5193786621094,280.8771882481053,277.79005013345267,280.27774306596746,47265800
2025-12-08,277.6302185058594,279.4085531850005,275.8918244790692,277.86998437615557,38211800
2025-12-09,276.9208679199219,279.7682096639769,276.6611317163261,277.8999627322321,32193300
2025-12-10,278.5193786621094,279.48847306800184,276.1815698919154,277.490342786908,33038300
2025-12-11,277.77008056640625,279.3286197507982,273.5540244422053,278.83908758708685,33248000
2025-12-12,278.0198669433594,278.9589906850317,276.5612402656973,277.64021728323,39532900
2025-12-15,273.8537292480469,279.8880911943856,272.5849275039148,279.8880911943856,50409100
2025-12-16,274.353271484375,275.2424541197232,271.53593087885605,272.5649667835892,37648600
2025-12-17,271.58587646484375,275.90184538512057,271.38608172110213,274.75292651919426,50138700
2025-12-18,271.935546875,273.374203136776,266.7004552212896,273.35420232069225,51630700
2025-12-19,273.4141845703125,274.34330788170604,269.64768928264715,271.8955859651445,144632000
2025-12-22,270.7166748046875,273.62395794129594,270.25711338978425,272.6048920133635,36571800
2025-12-23,272.1053771972656,272.2452609569047,269.30800689497966,270.5868091030317,29642000
2025-12-24,273.55401611328125,275.17249671786806,271.9455359163183,272.085389177814,17910600
2025-12-26,273.1444091796875,275.1125687682936,272.6049054553,273.9037084592662,21521800
2025-12-29,273.50408935546875,274.10350406329195,272.0954038139857,272.4350823114352,23715200
2025-12-30,272.82470703125,273.82377221524894,272.02546707967076,272.5549704076282,22139600
