Date,Close,High,Low,Open,Volume
2015-01-02,39.76768493652344,40.32899090171103,39.58058511096881,39.68263985620423,27913900
2015-01-05,39.40199279785156,39.742176400533225,39.3339541307579,39.43600888713618,39673900
2015-01-06,38.823665618896484,39.75917430483516,38.73011410145037,39.444503673275605,36447900
2015-01-07,39.31694030761719,39.51254658843973,38.687598924842355,39.10432436181939,29114100
2015-01-08,40.473575592041016,40.60964968109724,39.73367293556417,39.759185813430285,29645200
2015-01-09,40.13337707519531,40.669170064393114,39.886745090939655,40.4905734827476,23944200
2015-01-12,39.6316032409668,40.43104111700109,39.42749378974276,40.328983147127836,23651900
2015-01-13,39.427520751953125,40.74573961045484,39.17238214131787,39.94630443199411,35270600
2015-01-14,39.087310791015625,39.32544283261171,38.79815300385445,39.087310791015625,29719600
2015-01-15,38.67909622192383,39.44451499874286,38.61956401086704,39.308440910004165,32750800
2015-01-16,39.3254508972168,39.35946698648214,38.41545156879696,38.53451923614339,35695300
2015-01-20,39.4530143737793,39.67413677414309,38.75563433126924,39.37647250353981,36161900
2015-01-21,39.053287506103516,39.240390538908585,38.67908468475459,39.070297167655,39081100
2015-01-22,40.08236312866211,40.0908663398925,39.18937671340926,39.44451522572976,35898000
2015-01-23,40.124881744384766,40.303478361095046,39.8017045968172,40.27796548563983,26211600
2015-01-26,39.980308532714844,40.08236654174321,39.32545415155975,39.97180532076038,42525500
2015-01-27,36.280784606933594,36.74003582526155,35.81303017830853,36.52741988095363,169164000
2015-01-28,35.03059005737305,36.391333590734334,35.0050771907839,36.348811064998834,84507100
2015-01-29,35.72798156738281,35.82153310120963,34.69041797358257,34.80948238235786,63585300
2015-01-30,34.358741760253906,35.362289389740624,34.31621597120237,35.33677326745726,78004900
2015-02-02,35.10715103149414,35.183692917230466,34.21416452741203,34.520332070357334,50352500
2015-02-03,35.37929916381836,35.659953825687026,34.91154463829976,35.40481528851893,52082400
2015-02-04,35.58341598510742,35.89808677524332,35.17519363038069,35.66846109241025,41614800
2015-02-05,36.1021842956543,36.26377122884836,35.60041058869625,35.90657803623154,36548200
2015-02-06,36.06816101074219,36.391338085921326,35.84704190304772,36.297786571190954,34616600
2015-02-09,36.0256462097168,36.348823354239514,35.898075345118876,35.92359146459557,31381100
2015-02-10,36.22976303100586,36.374343589756656,35.87256972867303,36.348830709379314,29670700
2015-02-11,36.04264831542969,36.27227387698973,35.89806781625729,36.27227387698973,38262500
2015-02-12,36.646480560302734,36.646480560302734,36.1532100624745,36.28078091377809,33268800
2015-02-13,37.309837341308594,37.309837341308594,36.69750575347446,36.893111992780206,40264900
2015-02-17,37.32697296142578,37.686708152737744,36.99292894004376,37.6610137154582,33695700
2015-02-18,37.28415298461914,37.42976245265416,37.164241227031674,37.36980657386043,27111700
2015-02-19,37.25845718383789,37.28415162599881,36.873024214672974,36.984372242954,27603400
2015-02-20,37.566802978515625,37.58393369547487,37.07858898090292,37.2670203327542,29721100
2015-02-23,37.8151969909668,37.849455160721796,37.38693882919979,37.42976399190639,32518800
2015-02-24,37.763797760009766,37.943665370088404,37.61818831326764,37.81518990603932,25271700
2015-02-25,37.67815017700195,37.76380049256559,37.5154100031409,37.643888743836456,29759800
2015-02-26,37.73810958862305,37.88371579219916,37.59250011769652,37.67815370863872,28957300
2015-02-27,37.55823516845703,37.8580178076901,37.39549826191344,37.79806193331351,33807700
2015-03-02,37.58393478393555,37.849452736117925,37.30128284694754,37.40406388432942,31924000
2015-03-03,37.070037841796875,37.54112459126136,36.90730086211469,37.30986471443831,31748600
2015-03-04,36.88158416748047,37.010059621113555,36.727411009241074,36.83875574891984,25748700
2015-03-05,36.92441177368164,37.03575978811319,36.67602130585351,36.89015034349504,23193500
2015-03-06,36.28202438354492,36.92441149156137,36.102156777464266,36.83019419294299,36248800
2015-03-09,36.70172882080078,36.94155565020196,36.13642809071748,36.13642809071748,32108000
2015-03-10,35.99937438964844,36.58180565974298,35.99937438964844,36.27345930882823,39159700
2015-03-11,35.95655059814453,36.29059140186181,35.836638849871676,36.23920251965921,32215300
2015-03-12,35.13429641723633,35.67390256114964,34.99725395007503,35.39981762682704,59992500
2015-03-13,35.442649841308594,35.519736448643044,34.78313181574736,34.86021842308181,58007700
2015-03-16,35.59682846069336,35.66534808464364,35.35700160848916,35.51974184165474,35273500
2015-03-17,35.71672821044922,35.82807623759521,35.24564492731641,35.43407628015942,31673400
2015-03-18,36.40193176269531,36.68458362470984,35.39980956249706,35.48545985970482,44194800
2015-03-19,36.22208023071289,36.479034503560165,36.16212434262689,36.19638251628257,33879100
2015-03-20,36.72740173339844,36.813052014188735,36.393361064028,36.45331691405096,71904500
2015-03-23,36.71027755737305,36.9415372774844,36.64175470666627,36.72740827004974,26246100
2015-03-24,36.74455261230469,36.975809150846175,36.6160738532478,36.64176829811895,25513300
2015-03-25,35.51115798950195,36.77023774700006,35.494027274808474,36.76167075597844,43469900
2015-03-26,35.29704284667969,35.63965074067027,35.048652286904066,35.30560984107252,37495600
2015-03-27,35.091461181640625,35.485457753166365,34.97154946572837,35.21993661982552,34401400
2015-03-30,35.08292007446289,35.57970128385622,35.04009489680696,35.20283187884014,35049700
2015-03-31,34.82594680786133,35.142856871047286,34.72316578389423,34.928727831828425,34887200
2015-04-01,34.87733459472656,34.911592753534286,34.52616314498926,34.77455031625508,36865300
2015-04-02,34.509029388427734,34.8944622303294,34.363419973776374,34.82593938405837,37487500
2015-04-06,35.588253021240234,35.78525138596162,34.41482655861695,34.551869041351424,39223700
2015-04-07,35.57111740112305,35.89659447802625,35.382686055421246,35.63964026672375,28809400
2015-04-08,35.47689437866211,35.70815411177948,35.15142062154836,35.51115580594236,24753400
2015-04-09,35.52829360961914,35.6482053616801,35.33129526446898,35.33129526446898,25723900
2015-04-10,35.73385238647461,35.93085069545719,35.46833122183743,35.65676580753798,28022000
2015-04-13,35.76811599731445,36.025073477824904,35.45120590999501,35.45977290193208,30276700
2015-04-14,35.67389678955078,35.99937055430737,35.45120077434931,35.80237224384429,24244400
2015-04-15,36.19638442993164,36.367688376670024,35.699606578476455,35.768126196761195,27343600
2015-04-16,36.1107292175293,36.26490242205492,35.81951352757541,35.93086156803293,22509700
2015-04-17,35.64820098876953,35.750985278513554,35.254204346800165,35.69102614248798,42387600
2015-04-20,36.75311279296875,36.975805584189274,35.6995981793154,35.74242333908662,46057700
2015-04-21,36.52185821533203,36.95868340237571,36.42764088999513,36.83020463739799,26013800
2015-04-22,36.82162857055664,36.94154030176091,36.444759395515085,36.547540412640224,25064300
2015-04-23,37.12141418457031,37.35267396277477,36.658894628161384,36.73598122089621,46309500
2015-04-24,41.001426696777344,41.23268644660199,39.09996308824659,39.10852681201056,130933700
2015-04-27,41.13846969604492,41.22412327157369,40.444693704685896,40.453257428563866,59248200
2015-04-28,42.10633850097656,42.14916365978447,40.85582556662476,40.92434516724737,60730800
2015-04-29,42.020687103271484,42.23481615915726,41.541036841841304,41.72947145657282,47804600
2015-04-30,41.66095733642578,42.43182340638587,41.62669589612738,41.71234949687338,64725500
2015-05-01,41.67808532714844,41.86651996909859,41.45539251449418,41.60956571838965,38937300
2015-05-04,41.318336486816406,41.85793925623574,41.266944346579066,41.429681222973066,34039500
2015-05-05,40.770172119140625,41.249822394517054,40.52178489027712,40.95860673935104,50369200
2015-05-06,39.63956069946289,40.91577101782418,39.41686796998978,40.74446715888752,52433000
2015-05-07,39.99930191040039,40.33334266150461,39.53678243932552,39.63099973165739,32971700
2015-05-08,40.898651123046875,41.095649469358584,40.701652776735166,40.72734721879967,35364900
2015-05-11,40.57316207885742,41.03568150386157,40.57316207885742,40.72733522052547,24609400
2015-05-12,40.55604934692383,40.83870132107635,39.75948885094034,40.12779115628113,29928300
2015-05-13,40.79587173461914,41.386866797416374,40.7444795810649,41.275518765057356,34184600
2015-05-14,41.72947692871094,41.81512725535685,41.13847856586236,41.13847856586236,32980900
2015-05-15,41.36973190307617,41.892207309071495,41.15560285257645,41.857945876827536,28642700
2015-05-18,41.121337890625,41.30120876079131,40.77873339964339,41.095643452322555,24136500
2015-05-19,41.01790237426758,41.21618102930156,40.67306792898283,41.00066032314484,28574800
2015-05-20,41.01790237426758,41.31963004745299,40.75065551474265,40.85410453289408,25047900
2015-05-21,40.87995910644531,41.03513425192966,40.52650533919417,40.75926805742069,22410700
2015-05-22,40.431678771972656,40.8196133448459,40.362710579453775,40.776509868813804,25720600
2015-05-26,40.164424896240234,40.41442961728319,39.819590571451066,40.371326148830505,29581900
2015-05-27,41.04375457763672,41.181687667018245,40.19029132618688,40.362708510059846,27335600
2015-05-28,40.905826568603516,41.39721346609009,40.85410042044216,40.94893004777899,19283700
2015-05-29,40.3972053527832,41.009283424531965,40.16444257438889,40.88859234430943,36519600
2015-06-01,40.7161750793457,41.18170063582927,40.190303982790404,40.56962256448159,28837300
2015-06-02,40.44892120361328,40.819617050594296,40.1902970353575,40.45754387275315,21498300
2015-06-03,40.38855743408203,41.15581350037815,40.362696015511155,40.836840657948905,28002200
2015-06-04,39.96615982055664,40.655825414684045,39.828226701731154,40.3368556940098,27745500
2015-06-05,39.77648162841797,40.1040738630216,39.51785756471338,39.92303734728672,25438100
2015-06-08,39.42303466796875,40.02649311146772,39.37130853101148,39.91442145901895,22121600
2015-06-09,39.354068756103516,39.60407019013781,39.19027097093389,39.448895071863355,24406100
2015-06-10,40.181671142578125,40.37133036990058,39.38855342807126,39.47476366257428,28417400
2015-06-11,40.03512954711914,40.44892895332621,39.767885947106336,40.22478884151689,27347800
2015-06-12,39.62994384765625,40.0609852093629,39.569598320104085,39.845464528509574,23931000
2015-06-15,39.20752716064453,39.354082953479136,38.810969843585106,39.181665727796975,33254500
2015-06-16,39.5092658996582,39.86271980197177,39.05235966843405,39.095463161187276,27070300
2015-06-17,39.62994384765625,39.71615080456373,39.1040728602006,39.42304254705983,28704100
2015-06-18,40.2765007019043,40.345465600829485,39.80235263423779,39.845459395723246,32658300
2015-06-19,39.742008209228516,40.371331427542835,39.64718188166722,40.33684733283822,63837000
2015-06-22,39.85408401489258,40.276505997467176,39.79373848717972,39.94029426061424,20318100
2015-06-23,39.57823181152344,39.89720161210767,39.32822694333692,39.76789113064228,25896500
2015-06-24,39.34543991088867,39.87131069706656,39.267852363934836,39.3713013303455,34890900
2015-06-25,39.354068756103516,39.70752246137669,39.22475506134685,39.68165774927504,20616000
2015-06-26,39.017860412597656,39.89718513548157,38.81958179203331,39.354075418164435,49835300
2015-06-29,38.250606536865234,38.991998147410946,38.24198715727988,38.828203626614425,34081700
2015-06-30,38.060951232910156,38.55233809220079,37.87991137271013,38.543715423885146,35945400
2015-07-01,38.319576263427734,38.99199970989857,38.0178453484998,38.328195643358484,28343900
2015-07-02,38.27647018432617,38.57819779015626,37.983361957840835,38.345435084836936,21752000
2015-07-06,38.267845153808594,38.34543271745825,37.888530002956976,37.89714938176958,23034000
2015-07-07,38.19026565551758,38.35406348480583,37.34542494434708,38.22474975521877,36435800
2015-07-08,38.13854217529297,38.70751665678503,37.95750229909368,38.310956093829894,39785900
2015-07-09,38.37992477416992,38.98338336238278,38.36268272438273,38.57820341384556,32424700
2015-07-10,38.457515716552734,38.91441856581729,38.42303161396314,38.80234687669362,25465800
2015-07-13,39.25923538208008,39.32820026770011,38.75060660737108,38.77646802840565,28178300
2015-07-14,39.32822036743164,39.62132868043055,39.0609767772697,39.181667855224795,22880300
2015-07-15,39.44890594482422,39.56097762526375,39.164420341966654,39.379941033573964,26629600
2015-07-16,40.22477722167969,40.25063864941405,39.62994136369858,39.66442217114959,26271700
2015-07-17,40.190277099609375,40.328210140165275,39.87992693621282,40.12993159990261,29467100
2015-07-20,40.44892120361328,40.62996108111857,40.035121876687086,40.216161754192385,30631900
2015-07-21,40.759281158447266,40.80238793716972,40.069615450499484,40.328239679906716,42781900
2015-07-22,39.25923538208008,40.45752945590714,38.96612721888195,39.1730251643256,59152400
2015-07-23,39.750633239746094,39.85408224142409,38.87992788391826,39.02648365083119,33934000
2015-07-24,39.60406494140625,39.931657179745805,39.48337392953995,39.57820352131588,32333200
2015-07-27,39.0954475402832,39.66442196761024,39.00924058922144,39.60407644415013,39701400
2015-07-28,39.086814880371094,39.34543893426998,38.61267023345927,39.29371609664016,34328900
2015-07-29,39.90580368041992,40.32822230579638,39.01785638093162,39.13855070533754,40945900
2015-07-30,40.414432525634766,40.86271586468705,39.59545341176203,39.87993895488931,39777900
2015-07-31,40.25925064086914,40.83684429765337,40.08683349500189,40.767879412456594,31201500
2015-08-03,40.354087829589844,40.51788234026659,40.043737566341996,40.5006402935768,24125900
2015-08-04,40.983402252197266,41.12995469657779,40.24201078664386,40.30235629769275,33403900
2015-08-05,41.01790237426758,41.73342940864369,40.98341827202211,41.36273353096733,26959700
2015-08-06,40.190277099609375,41.181673089505814,39.94027572450267,41.12994696607869,27368000
2015-08-07,40.29375076293945,40.328231574967965,39.879948132748986,39.99201981544994,19163000
2015-08-10,40.80238342285156,40.940316549180395,40.379961373640384,40.474791014601166,23079900
2015-08-11,40.00925827026367,40.4661610522833,39.56959753700123,40.3627120483247,29237400
2015-08-12,40.29375076293945,40.431683876808,39.40580325936242,39.819602600968054,30181400
2015-08-13,40.28512191772461,40.60409157803744,40.07822392293198,40.56961077129489,22627200
2015-08-14,40.517879486083984,40.60408642487613,40.10408026043064,40.112699638876286,21473400
2015-08-17,40.79375457763672,40.90582625349735,40.14719252923134,40.3540938316983,21099700
2015-08-18,41.019371032714844,41.15821370338584,40.52474381155752,40.646230734610846,23574100
2015-08-19,40.44664001464844,40.85449176172614,40.177630922493144,40.59415888726037,31485500
2015-08-20,39.62228012084961,40.32517327499027,39.62228012084961,39.97806480893451,36238200
2015-08-21,37.3747444152832,39.46606387142714,37.3747444152832,39.30986546306202,70053100
2015-08-24,36.16855239868164,37.04499618341016,34.46772876458694,35.10119869023638,88753700
2015-08-25,35.11854553222656,37.52226147653194,35.049122555656,36.94085563369749,70616600
2015-08-26,37.062347412109375,37.1751581087545,35.63053308965879,36.454909528219666,63408000
2015-08-27,38.094993591308594,38.13838130313518,37.25325807873774,37.51358765996752,50943200
2015-08-28,38.12103271484375,38.31194265505473,37.65243739447363,37.66111692463095,28246700
2015-08-31,37.76525115966797,38.12103578857602,37.40078699990275,37.79996266255439,34441700
2015-09-01,36.29003143310547,36.95821271047663,36.15118878522768,36.5937486908788,49688900
2015-09-02,37.62641525268555,37.64377100726273,36.34211920641948,36.75864738545672,37671500
2015-09-03,37.74789047241211,38.164418521771765,37.55698054177076,37.669791256265256,28285200
2015-09-04,36.975582122802734,37.34872249757651,36.619797499212744,37.14913632436954,37138800
2015-09-08,38.086307525634766,38.18176246143149,37.4875492605503,37.574324669309334,32469800
2015-09-09,37.3747444152832,38.52887673150658,37.23590175343312,38.36399879474886,33469500
2015-09-10,37.56565856933594,37.99954235051948,37.09706329119278,37.41813636239285,31366600
2015-09-11,37.730533599853516,37.82598856233212,37.26193831692431,37.43549249322445,27132500
2015-09-14,37.348724365234375,37.695829475454254,37.1925259070405,37.68715325456402,23656000
2015-09-15,38.1644287109375,38.43343792954597,37.38343965123065,37.4788913317644,28882200
2015-09-16,38.44210433959961,38.511527337110415,38.04293203472461,38.15574275054431,23372200
2015-09-17,38.398704528808594,39.049530029296875,38.251185670960695,38.43341601663269,32768200
2015-09-18,37.730533599853516,38.17309691493241,37.60037045033135,37.74788934851059,63143700
2015-09-21,38.2772331237793,38.58963002009436,37.83466975057594,37.85202550151245,26177200
2015-09-22,38.094993591308594,38.22515672678838,37.58301064710625,37.64375410571753,28085900
2015-09-23,38.06895065307617,38.32928018190408,37.75655389437485,38.12101788294957,17145200
2015-09-24,38.10367202758789,38.29458194306208,37.54830133923072,37.704499759114974,27905600
2015-09-25,38.12969970703125,38.81523677163706,37.97350130470917,38.598294913997506,29384600
2015-09-28,37.56565856933594,38.2598719571755,37.49623557541671,38.03425384747909,27613800
2015-09-29,37.695823669433594,37.80863438525845,37.35739483222974,37.635080201744216,32763600
2015-09-30,38.40739059448242,38.44210209120763,37.886731384686406,38.07764130640452,34958900
2015-10-01,38.711116790771484,38.8326037365049,37.96483605524222,38.8326037365049,28657900
2015-10-02,39.54417419433594,39.54417419433594,38.11235615182482,38.416076835830474,41839000
2015-10-05,40.46400451660156,40.68962263832239,39.65698037576779,39.7003680941444,34369300
2015-10-06,40.56813049316406,40.94127078177308,40.10821477894517,40.20366973327821,27017200
2015-10-07,40.61151885986328,41.088790328942856,39.873917799492155,40.87184845115483,27711500
2015-10-08,41.175575256347656,41.23631872643854,40.351195334766004,40.40326258495998,33772700
2015-10-09,40.88052749633789,41.253667786540085,40.71564955259673,41.17556857904962,28600600
2015-10-12,40.78506851196289,40.84581196620166,40.351184804388815,40.76771276642753,19769100
2015-10-13,40.689613342285156,40.8978789772911,40.403251818205696,40.403251818205696,19987800
2015-10-14,40.50739288330078,40.87185369582242,40.3772264158169,40.48136091391232,24697800
2015-10-15,40.79375457763672,40.81111032736194,40.37722651504375,40.79375457763672,27189400
2015-10-16,41.22764587402344,41.25368115847286,40.698310307532246,40.80244151451576,26450300
2015-10-19,41.323089599609375,41.548711015244216,40.802430396294405,41.149535428414225,29387600
2015-10-20,41.45325469970703,41.4879661948648,40.802429061715486,41.166889830060974,30802200
2015-10-21,40.958614349365234,41.644151262748856,40.88051516543205,41.58340451056143,25144300
2015-10-22,41.678871154785156,42.4772189605926,40.863170912353205,41.24498741322705,56637100
2015-10-23,45.878868103027344,46.92018979469905,45.34085316460062,45.3842408787806,135227100
2015-10-26,47.076393127441406,47.13713659568741,45.55779980074975,45.58383176992068,64633300
2015-10-27,46.590450286865234,47.180532634112396,46.49499861298315,46.85078326556412,50999900
2015-10-28,46.84209442138672,46.84209442138672,45.870195641021795,46.46027787095388,47000800
2015-10-29,46.3040657043457,46.71191741265955,46.18257880661894,46.46026409007145,30202100
2015-10-30,45.679290771484375,46.850779141699476,45.661935020414035,46.26937306679175,46619800
2015-11-02,46.199954986572266,46.30408618636062,45.66193661541158,45.86152279428558,30285000
2015-11-03,46.98960876464844,47.197871098999286,45.90489945161657,45.9309314158429,36596900
2015-11-04,47.2065544128418,47.62308242521583,46.9115133236264,47.01564449915231,37087800
2015-11-05,47.1891975402832,47.46688287524625,46.859444963663215,47.28465249485243,31468500
2015-11-06,47.65778732299805,47.70985456230484,46.82473135571033,46.93754205240663,32851200
2015-11-09,46.9982795715332,47.61439359593479,46.47762048533153,47.33670830859126,32513100
2015-11-10,46.43423843383789,46.972256678417786,46.22597608325954,46.92018943563801,55283700
2015-11-11,46.555728912353516,47.033000387737175,46.39085096448378,46.59911662643014,36516300
2015-11-12,46.26935958862305,46.84208596602607,46.15654889466288,46.40820224647014,35361100
2015-11-13,45.85283660888672,46.243332661069765,45.583827481767194,46.052422744386845,36848200
2015-11-16,46.659854888916016,46.76398605315073,45.8615071357298,46.06109655672888,32165200
2015-11-17,46.27546691894531,46.7646900244805,46.17063053983137,46.45018755230362,31551300
2015-11-18,47.044254302978516,47.157825398268535,46.284208766216324,46.30168149876732,29710000
2015-11-19,47.12287521362305,47.75188019212984,46.983096699797386,47.16655870691696,28149200
2015-11-20,47.34127426147461,47.437372604260254,46.53754872650795,47.39369244824377,37147600
2015-11-23,47.34127426147461,47.577151103062384,46.95688422291433,47.39369244824377,28235900
2015-11-24,47.39371109008789,47.55969708127239,46.808389437555505,47.10541594833295,24600000
2015-11-25,46.90447998046875,47.3762338038929,46.90447998046875,47.25392799765329,21005100
2015-11-27,47.1141471862793,47.245191019552685,46.99184138593513,47.000576086281235,9009100
2015-11-30,47.48106002807617,48.01396667776185,47.17529555657593,47.64704931196156,56241400
2015-12-01,48.24110794067383,48.24984264001549,47.43737896534929,47.53347732102118,39952800
2015-12-02,48.23236846923828,48.88758087553775,48.10132798752797,48.32846682204209,47274900
2015-12-03,47.35001754760742,48.721595260766726,47.11414067983967,48.476983693859125,38627800
2015-12-04,48.84390640258789,49.1234634618887,47.26265907819403,47.2801318109732,43963700
2015-12-07,48.756534576416016,48.89631307311219,48.30225362900791,48.73906184775622,30709800
2015-12-08,48.73907470703125,49.009893741255226,48.04018203915516,48.459517639880815,32878000
2015-12-09,48.031429290771484,48.80894735386075,47.62082851618551,48.37213915369086,36373200
2015-12-10,48.2847900390625,48.62549998095815,48.05764785607682,48.389623098280495,31775800
2015-12-11,47.22771453857422,48.1362732687117,47.184031042560804,47.79556332833729,39549500
2015-12-14,48.17122268676758,48.23237558710686,46.89574314742953,47.46359531638928,46768900
2015-12-15,48.2236328125,48.835165046085145,48.127534461604576,48.62549561389671,39843000
2015-12-16,49.03609848022461,49.140931534374786,47.83924139272784,48.52066457616075,37503300
2015-12-17,48.66044616699219,49.61268841152564,48.51192960936181,49.2370330001218,41280900
2015-12-18,47.28887939453125,48.92254191462845,47.20151571299063,48.72161044596055,84684200
2015-12-21,47.90041732788086,48.35469519365088,47.37624517627964,47.94409750736828,37246300
2015-12-22,48.354679107666016,48.46825020261925,47.61210630565685,48.04017992042954,28322200
2015-12-23,48.76527404785156,48.817692238961925,48.433298835984374,48.660440998213396,27279800
2015-12-24,48.63423156738281,48.88758116580938,48.42456546236836,48.800220844150466,9558500
2015-12-28,48.87883758544922,48.87883758544922,48.03142862248382,48.354665752989185,22458300
2015-12-29,49.403018951416016,49.66510326960995,48.974948675968605,49.17588009767005,27731400
2015-12-30,49.1933479309082,49.60394543324173,49.175875200424265,49.333126442197134,21704500
2015-12-31,48.46824645996094,49.0885134191625,48.41582826651104,48.95747293441183,27334100
2016-01-04,47.87417984008789,47.87417984008789,46.64238080342198,47.454844352348665,53778000
2016-01-05,48.09258270263672,48.38961241533168,47.647039799885334,47.98774966656265,34079700
2016-01-06,47.21897888183594,47.52474670639821,46.860796191553234,47.45485577532694,39518900
2016-01-07,45.57658386230469,46.729761028526134,45.489223521077086,46.03960300204451,56564900
2016-01-08,45.71635437011719,46.54628740311388,45.55910312895132,45.7512964983676,48754000
2016-01-11,45.69013595581055,46.170624297750734,44.956298064137194,45.87359459558338,36943800
2016-01-12,46.10948944091797,46.38904652486739,45.48048766832343,46.092016706598216,36095500
2016-01-13,45.11355972290039,47.23644828196163,44.816529951969684,47.00057140511229,66883600
2016-01-14,46.39777374267578,46.66859273004388,45.05240350691976,45.42805887576829,52381900
2016-01-15,44.545711517333984,45.40185537806295,43.97785939918322,44.825268560323735,71820700
2016-01-19,44.170066833496094,45.14851672137382,43.73325843126344,44.97379269396403,43564500
2016-01-20,44.3709831237793,44.88641699543928,42.894569096311585,43.66335255444127,63273000
2016-01-21,44.10017013549805,45.06115049457548,43.942918864605076,44.5544512144574,40191200
2016-01-22,45.68141555786133,45.71636102378036,44.78158813965317,44.912631970557996,37555800
2016-01-25,45.24460220336914,45.99591297421613,45.122296418828036,45.375642687127744,34707700
2016-01-26,45.57658386230469,45.8124607827193,45.034942415010065,45.24461189957307,28900800
2016-01-27,44.74665451049805,45.602798592727595,44.571930480279356,45.43680926435717,36775200
2016-01-28,45.48048400878906,45.61152450676822,44.77285332240265,45.30576001223381,62513800
2016-01-29,48.12752914428711,48.12752914428711,47.17528710461293,47.8130266970432,83611700
2016-02-01,47.795562744140625,48.12753798080439,47.61210406042492,47.94407929708868,44208500
2016-02-02,46.301673889160156,47.40242919830204,45.99590945122698,47.32380358103601,56313800
2016-02-03,45.56784439086914,46.64239247187812,44.78158807179767,46.5200866739299,57559800
2016-02-04,45.42806625366211,46.135696946958674,44.877686825542554,45.515426586501306,46987100
2016-02-05,43.82061004638672,45.428064779582975,43.29644140119395,45.375646582030505,62009000
2016-02-08,43.16539764404297,43.305176171828,42.099584286817745,43.287703439282,59290500
2016-02-09,43.05182647705078,43.89050097494652,42.51891979932612,42.82468761949719,46740500
2016-02-10,43.4274787902832,44.021538323059005,43.26149284211277,43.58473003911108,38237000
2016-02-11,43.41001510620117,43.7769358741313,42.37914707463175,42.52766365506977,48878600
2016-02-12,44.11764144897461,44.274892714805326,43.46242895220766,43.899237283385624,34243300
2016-02-16,44.953548431396484,44.953548431396484,44.10885543454685,44.786370658013205,37291200
2016-02-17,46.123783111572266,46.43174629779717,45.270293002144776,45.30548937025798,40789000
2016-02-18,45.92140579223633,46.59012331320106,45.842215647819714,46.04459307194785,27176000
2016-02-19,45.595848083496094,46.000596221235995,45.34067946585173,45.72783277717702,33559100
2016-02-22,46.32615280151367,46.6341125797192,46.00059148568515,46.00059148568515,25008300
2016-02-23,45.0327262878418,46.07979315224105,44.85674778918788,46.0533975522217,28895300
2016-02-24,45.191104888916016,45.31428882635373,44.1704336632042,44.60157744423621,33014500
2016-02-25,45.84221649169922,45.84221649169922,44.53118373462495,45.51665849488692,26939500
2016-02-26,45.138309478759766,46.35255735829197,44.9623309901085,46.28216462022726,35975900
2016-02-29,44.76875686645508,45.44627185381783,44.575180196777026,45.182302447343965,31654000
2016-03-01,46.26456069946289,46.273358111736705,44.803941880282274,44.84793901118084,33024500
2016-03-02,46.590126037597656,46.59892345126497,45.895012880016786,46.11498514331374,29289900
2016-03-03,46.062198638916016,46.60773236388552,45.560662059500565,46.60773236388552,24427800
2016-03-04,45.78061294555664,46.150167984968974,45.49904879958028,46.10617421650568,33034200
2016-03-07,44.900733947753906,45.578248870754884,44.50478658867772,45.36707739344894,38407800
2016-03-08,45.4462776184082,45.868624023223916,44.522391291581044,44.69836979938197,33835100
2016-03-09,46.493343353271484,46.50214076800762,45.63105237916726,45.65744797988643,28251600
2016-03-10,45.7982292175293,46.58133001768374,45.015128417374854,46.57253260311928,38387800
2016-03-11,46.695716857910156,46.695716857910156,46.08859455358702,46.63412488601552,32275700
2016-03-14,46.783695220947266,47.15325033607992,46.3085577250768,46.378947097738696,24083600
2016-03-15,47.153263092041016,47.153263092041016,46.40535860307023,46.41415601834158,21104800
2016-03-16,47.82196807861328,48.04194033906047,46.986076174122246,47.03006995490962,31691700
2016-03-17,48.09474182128906,48.39390427287271,47.514015104275025,47.698791024117945,28223900
2016-03-18,47.06525802612305,48.36749317564891,47.03006166509295,48.32349604610643,67625500
2016-03-21,47.390830993652344,47.45242296672009,46.57253380116847,46.85409806562413,23925700
2016-03-22,47.575599670410156,47.73397996462004,47.03886682408891,47.17085152143391,23124100
2016-03-23,47.48760986328125,47.72518029335695,47.28523579836716,47.61079378483677,20129000
2016-03-24,47.69879150390625,47.804380621887844,47.276445101512394,47.373233448073435,19950000
2016-03-28,47.109256744384766,47.769173478679065,46.92448086434479,47.6987807492295,17025100
2016-03-29,48.138729095458984,48.27071379549601,47.03007036988729,47.214846264730845,23924300
2016-03-30,48.43788528442383,48.95701989123424,48.305903957850965,48.33229955186356,23008300
2016-03-31,48.59627151489258,48.913032107888654,48.270713508317876,48.349903656566894,26360500
2016-04-01,48.89543914794922,48.9306355190446,48.01555000962872,48.437896393241274,24399200
2016-04-04,48.77225112915039,48.97462521126802,48.39389856277513,48.77225112915039,18928800
2016-04-05,48.00674819946289,48.65786422255586,47.91875727978115,48.56107588916114,19272300
2016-04-06,48.49948501586914,48.56987775319981,47.698786089540306,47.83077079378008,21188700
2016-04-07,47.91875076293945,48.314701456382934,47.716376709959434,48.27950509329686,19225100
2016-04-08,47.88357162475586,48.64027692076232,47.7955840418993,48.10354393840838,22167200
2016-04-11,47.786766052246094,48.52587284216618,47.77796528384282,47.945146318408234,21414200
2016-04-12,48.085933685302734,48.200316835029966,47.30282968038137,47.839562490598574,24944300
2016-04-13,48.70186233520508,48.78105249170584,48.2971141382059,48.49948823670549,20818000
2016-04-14,48.71066665649414,48.90424335460725,48.45549798289248,48.58748270551704,20877100
2016-04-15,48.9658203125,49.203387369945986,48.49067948458823,48.65785717299723,28793800
2016-04-18,49.678531646728516,49.792918155428396,48.57867040752618,48.825041607534395,23786000
2016-04-19,49.616947174072266,49.951305981074235,48.9922267014846,49.8281220407342,29596800
2016-04-20,48.91302490234375,49.713723680458884,48.825037353477846,49.528947813934586,36195700
2016-04-21,49.080230712890625,49.47618162270389,48.76346998504002,49.0978289040503,38909100
2016-04-22,45.56064224243164,46.13257132075839,44.67195600686477,45.67502872939889,126834100
2016-04-25,45.85102462768555,45.86862281365265,45.42867823400725,45.56065959399441,33226900
2016-04-26,45.26149368286133,46.062192622298355,44.95353384327421,45.983002469760166,33532600
2016-04-27,44.82155227661133,45.314291410977475,44.478396043744674,45.29669322512396,43369300
2016-04-28,43.90646743774414,44.6719700150108,43.607305009448694,44.539985307391134,43134800
2016-04-29,43.88006591796875,44.21442469629096,43.42252320987266,43.42252320987266,48411700
2016-05-02,44.53118133544922,44.65436525428149,43.80087187878639,43.9944485263857,33114500
2016-05-03,43.80087661743164,44.35520766865782,43.6424963170813,44.29361570257829,26460200
2016-05-04,43.88006591796875,44.04724698538503,43.51931154226938,43.85367032059159,24257600
2016-05-05,43.94165802001953,44.25841861557562,43.75688212478193,43.88006605494033,25390700
2016-05-06,44.33760452270508,44.33760452270508,43.6952859793935,43.92405563401419,24787300
2016-05-09,44.056053161621094,44.51359596072105,43.9944611844837,44.42560838095648,17951600
2016-05-10,44.89194107055664,44.962330451267285,44.16163152618479,44.28481881632171,22891000
2016-05-11,44.918338775634766,45.560657428607925,44.874344991063296,44.9887315161576,24039100
2016-05-12,45.32307815551758,45.58704752466487,44.80394354284317,45.05031473027998,24102800
2016-05-13,44.944740295410156,45.6662491443739,44.909543923140994,45.26149757630018,22592300
2016-05-16,45.604652404785156,45.71903556793896,44.654370591901454,44.69836437438448,20032000
2016-05-17,44.754051208496094,45.83502525165892,44.62114672482046,45.826166304742166,27803500
2016-05-18,45.01985549926758,45.31224799306636,44.567971581596936,44.727459625482275,24907500
2016-05-19,44.58570098876953,44.85151331709942,44.14267931489067,44.71860884292804,23842400
2016-05-20,44.851524353027344,45.38315252048386,44.656597066949125,44.72747879461721,23905800
2016-05-23,44.32874298095703,44.90467244889536,44.284441494189494,44.83378736607788,26118700
2016-05-24,45.710968017578125,45.817292253308,44.656577844956125,44.92239012427407,34757900
2016-05-25,46.180580139160156,46.50841862420256,45.88818758059402,46.00337078670239,24040200
2016-05-26,45.976783752441406,46.056527780228876,45.507181911018925,46.012226293677344,24335200
2016-05-27,46.3577995300293,46.3577995300293,45.87047624023493,46.00338074836721,17721400
2016-05-31,46.96030044555664,46.96030044555664,46.145142135688076,46.30462683893368,37653100
2016-06-01,46.827388763427734,46.915995124656355,46.46411113235809,46.46411113235809,25324800
2016-06-02,46.49956130981445,46.72993450683785,45.93249402481475,46.64132813106438,22840800
2016-06-03,45.888179779052734,46.44638458141036,45.719829401845175,46.41094542093371,23368300
2016-06-06,46.18943786621094,46.38436509251499,45.976785988440135,46.06539234583919,18243300
2016-06-07,46.162845611572266,46.72105372854515,46.162845611572266,46.2868944886667,20866800
2016-06-08,46.10969161987305,46.46410689248572,45.95906250952291,46.09197034924439,21149400
2016-06-09,45.737552642822266,46.07425003175835,45.6223694513334,46.07425003175835,20305700
2016-06-10,45.61351013183594,46.11855455852978,45.22365228420876,45.23251123029679,25833200
2016-06-13,44.42620849609375,44.94011520906175,43.46928353330709,43.93002643390319,83217800
2016-06-14,44.151546478271484,44.390775233986574,43.92117328982269,44.21356924901058,42577100
2016-06-15,44.02750015258789,44.40849912672679,44.02750015258789,44.10724420252365,33757600
2016-06-16,44.64771270751953,44.71859778019804,43.86799380798744,43.876856132065406,31188600
2016-06-17,44.41733932495117,44.68315156564191,44.142664760912,44.66543029893106,45710500
2016-06-20,44.36419677734375,45.03759171499971,44.3287542269434,44.8692412905919,35607900
2016-06-21,45.3565559387207,45.56920782086173,44.4439324086701,44.4793749523581,34097800
2016-06-22,45.17935562133789,45.5957937317138,45.14391307322454,45.259099664599226,28816800
2016-06-23,45.99451446533203,46.12742233225824,45.32112294354166,45.43630615622441,29028800
2016-06-24,44.151546478271484,45.13505186284325,43.876871793578694,44.13382520377638,133503000
2016-06-27,42.91107940673828,43.54903169581225,42.565523043485584,43.504726824636585,50216300
2016-06-28,43.80596923828125,43.832552829423705,43.12371565205167,43.34522642498389,38140700
2016-06-29,44.780643463134766,44.9401315783567,44.12496972500149,44.22243505985801,31304000
2016-06-30,45.338829040527344,45.45401560322571,44.7451817173638,44.9401123034708,28527800
2016-07-01,45.32998275756836,45.82616830626281,45.250238711885096,45.30340253566978,21400400
2016-07-05,45.338829040527344,45.43629433358084,44.957833573115664,45.037577596524294,24806400
2016-07-06,45.524906158447266,45.66667295267418,44.64772179542718,44.993278145106096,28167500
2016-07-07,45.524906158447266,45.72869571389927,45.250231515888316,45.56034532201375,19585200
2016-07-08,46.34006118774414,46.393224999411736,45.67552875183963,45.83501680685565,28391000
2016-07-11,46.59701156616211,46.80966341927045,46.49068732960121,46.5172675437448,22269200
2016-07-12,47.146366119384766,47.31471652006594,46.774229532591534,46.90713400788033,27317600
2016-07-13,47.41217803955078,47.72229523918127,47.11978549245663,47.45648291091737,25356800
2016-07-14,47.615970611572266,47.83748144672475,47.47420381227416,47.704573593638415,24545500
2016-07-15,47.58053207397461,47.846344422546835,47.146369313316306,47.80204292778269,32024400
2016-07-18,47.8109016418457,48.14759908439036,47.447623978569524,47.580531842201914,31433900
2016-07-19,47.04003143310547,47.75772760848607,46.89826466290532,47.58937724513274,53336500
2016-07-20,49.5386848449707,50.36270545218882,49.201987416863226,49.7513367416668,89893300
2016-07-21,49.44120407104492,49.822202872648624,49.405761536015234,49.60069209869234,32776700
2016-07-22,50.123470306396484,50.17663412235405,49.423495272896815,49.68931097269762,32157200
2016-07-25,50.265235900878906,50.27409822665352,49.848794469132464,50.03486613054304,25610600
2016-07-26,50.29182434082031,50.761429664032946,50.070313480055624,50.079175807279206,28079000
2016-07-27,49.78676986694336,50.327256799645156,49.715888163303205,50.15890979601133,32327500
2016-07-28,49.80449295043945,49.946259742866054,49.370333627377285,49.618424669127094,37550400
2016-07-29,50.22092819213867,50.29180988962223,49.662720037014566,49.84878829539376,30558700
2016-08-01,50.13234329223633,50.28296906616376,49.74248198562369,50.15006118800259,26003400
2016-08-02,50.13234329223633,50.41587694432493,49.89311113953887,50.37157206494604,35122000
2016-08-03,50.477882385253906,50.6019278929467,50.05258205317008,50.22092904504078,22075600
2016-08-04,50.85002136230469,50.96520793071532,50.2120691433987,50.32725571180934,26587700
2016-08-05,51.355072021484375,51.57658286013466,50.90319139783215,51.08040074474981,29335200
2016-08-08,51.44368362426758,51.470263846016806,51.19558916132058,51.44368362426758,19473500
2016-08-09,51.567726135253906,51.833538477087664,51.40823805415619,51.541142535079416,16920700
2016-08-10,51.408233642578125,51.6740459616013,51.231024303233674,51.53227916612314,15756900
2016-08-11,51.656333923339844,51.78924179660248,51.417101779459664,51.417101779459664,18162300
2016-08-12,51.337345123291016,51.55885593766833,51.053811551287,51.417089151666325,21655200
2016-08-15,51.496849060058594,51.83354654813538,51.35508223034013,51.39938373087943,19283900
2016-08-16,51.2115364074707,51.372018517537796,51.05997185965927,51.36310435633562,20523500
2016-08-17,51.31852722167969,51.42551416236031,51.024308883491074,51.30069549805733,18856400
2016-08-18,51.35418701171875,51.443345629385824,51.05997207605119,51.19370490097153,14214300
2016-08-19,51.37201690673828,51.470089682154544,50.99756092902534,51.20262064078053,17271000
2016-08-22,51.41659927368164,51.48792617188006,51.05105742304897,51.35418993828487,15221900
2016-08-23,51.61273956298828,51.871294440928345,51.57707611753724,51.62165712487772,18732400
2016-08-24,51.666236877441406,51.746477932512896,51.46117715915949,51.53250065197109,18151500
2016-08-25,51.86237335205078,51.96936368112787,51.51466328518306,51.6038218927473,18552600
2016-08-26,51.7375602722168,52.33491110351786,51.434427775971514,51.96045171354264,20971200
2016-08-29,51.79997634887695,52.2457592895766,51.79997634887695,51.87130325189479,16417200
2016-08-30,51.61273956298828,51.88020860176444,51.36310224693766,51.692980614726466,16930200
2016-08-31,51.229366302490234,51.53249878834742,51.086715920972345,51.39876596876692,20860300
2016-09-01,51.34526824951172,51.55032795019065,50.82815851654061,50.82815851654061,26075400
2016-09-02,51.41659927368164,51.8802139088103,51.19370781839211,51.41659927368164,18900500
2016-09-06,51.36310577392578,51.53250204987029,51.0064780970332,51.5146703259203,16278400
2016-09-07,51.40767288208008,51.56815496379424,51.18478147981628,51.23827664073863,17493400
2016-09-08,51.20261001586914,51.52357415933693,50.9797186274668,51.38092380680155,20146100
2016-09-09,50.11490249633789,51.28285467854462,50.11490249633789,50.63201218650746,35113900
2016-09-12,50.86381530761719,51.006465663390195,49.57996210566013,49.92767213529103,29303000
2016-09-13,50.400211334228516,50.50720167420774,49.972260177472016,50.373465449760445,30130200
2016-09-14,50.15949249267578,50.48937430112133,49.954432758294196,50.27539700377972,24062500
2016-09-15,50.9886474609375,51.13129785452729,49.90985364684882,50.06142160313066,26847000
2016-09-16,51.04214096069336,51.38093690975802,50.59635807020695,51.38093690975802,44607000
2016-09-19,50.756839752197266,51.48792341430748,50.68551285781894,51.059972251198104,20937100
2016-09-20,50.64985275268555,51.13129568496436,50.596357581964114,51.13129568496436,17384000
2016-09-21,51.496829986572266,51.57707103039613,50.89056847896791,51.27393857606744,33707300
2016-09-22,51.55033493041992,51.71081704851685,51.380938650674786,51.63949015111659,19822200
2016-09-23,51.20261001586914,51.630561073475306,51.15803241839921,51.59489763507829,19955300
2016-09-26,50.7300910949707,50.94406496430512,50.66768176632706,50.890573197498185,21688700
2016-09-27,51.666236877441406,51.76430965597917,50.533947945234175,50.756839386982364,28065100
2016-09-28,51.7375602722168,51.76430955789227,51.41659605253903,51.60382744805339,20536400
2016-09-29,51.175872802734375,51.86237540232634,51.00647314219201,51.541414605565905,25463500
2016-09-30,51.35418701171875,51.50575496122602,51.12238140789138,51.32744112694538,29910800
2016-10-03,51.19371795654297,51.30962248854171,50.87275705424965,51.184803793029694,19189500
2016-10-04,51.033226013183594,51.35418683250444,50.79250284790283,51.05997189786362,20085900
2016-10-05,51.38984680175781,51.67514755588272,51.05105088083951,51.07780016476284,16726400
2016-10-06,51.479000091552734,51.58598701302672,51.0688773239721,51.479000091552734,16212600
2016-10-07,51.53248977661133,51.692971852886345,51.193693904358206,51.577067375342665,20089000
2016-10-10,51.74647521972656,52.05852186139373,51.59490727873586,51.63057072379877,18196500
2016-10-11,50.9886474609375,51.728648715908946,50.72117839808834,51.61274420828797,26497400
2016-10-12,50.91732406616211,51.059974460036244,50.284313155911484,50.91732406616211,22177500
2016-10-13,50.747920989990234,51.08671692816974,50.21298289901496,50.55177883719447,25313700
2016-10-14,51.19371795654297,51.479022204783206,50.92624883743802,50.92624883743802,27402500
2016-10-17,51.015403747558594,51.22937766677487,50.70335363054151,51.14022243394378,23830000
2016-10-18,51.40767288208008,51.66622772495877,51.18478147981628,51.29176840060809,19149500
2016-10-19,51.291786193847656,51.56817285291297,51.17588507322219,51.23829441542177,22878400
2016-10-20,51.04214096069336,51.282864129682444,50.51611701387726,51.265032405936566,49455600
2016-10-21,53.190818786621094,53.89515662850096,53.03925422373885,53.74358866456489,80032200
2016-10-24,54.3855094909668,54.3855094909668,53.43153443263575,53.440448593465874,54067000
2016-10-25,54.3765869140625,54.715379390024715,54.20718727502857,54.25176487438646,35137200
2016-10-26,54.055625915527344,54.56381806021768,53.9129755486152,54.21610800343514,29911600
2016-10-27,53.58310317993164,54.233949206377254,53.574189018401825,54.037803642185224,28479900
2016-10-28,53.37802505493164,53.9575439851655,53.11947364704575,53.50284367964603,33574700
2016-10-31,53.42261505126953,53.868397900766986,53.42261505126953,53.63659231549173,26434700
2016-11-01,53.31562423706055,53.51176976489248,52.8252638185337,53.46719216339967,24533000
2016-11-02,52.985755920410156,53.43153882170854,52.86985141377756,53.33346603925432,22147000
2016-11-03,52.78960037231445,53.17297386701453,52.70044516933661,53.074901103107116,21600400
2016-11-04,52.34381103515625,52.85200311114397,52.17441481017786,52.29031928045389,28697000
2016-11-07,53.86840057373047,53.95755918868598,53.29779904222885,53.29779904222885,31664800
2016-11-08,53.9129753112793,54.18935848286256,53.62767457871095,53.98429879389487,22935400
2016-11-09,53.64551544189453,54.01997486660419,52.78069888204724,53.49395088023968,49632500
2016-11-10,52.33490753173828,53.9308109589661,51.380932500055344,53.92189339733172,57822400
2016-11-11,52.62021255493164,52.70936777219035,51.71972921577248,51.91587477500587,38767800
2016-11-14,51.81781005859375,52.67371592230835,51.06889455350227,52.62022074299679,41328400
2016-11-15,52.84104537963867,53.39755283440436,52.34737228346774,52.356350087850906,35904100
2016-11-16,53.54117202758789,53.55014640880336,52.78719731639872,52.903881392347074,27332500
2016-11-17,54.42978286743164,54.708036620839756,53.82840003061889,54.22333785968863,32132700
2016-11-18,54.16947555541992,54.878571435526176,54.12459680615364,54.55543896236236,27686300
2016-11-21,54.62724304199219,54.725978336375675,54.23230186445824,54.30411059638398,19652600
2016-11-22,54.860618591308594,54.98628045735474,54.58236829478615,54.73495672526245,23206700
2016-11-23,54.21437072753906,54.84268021597323,54.07973102342894,54.76189707831314,21848900
2016-11-25,54.3310432434082,54.3310432434082,53.97200981565754,54.12459825204501,8409600
2016-11-28,54.40285873413086,54.770870012057934,54.04382183779877,54.16050934271114,20732600
2016-11-29,54.83369827270508,55.12092640610697,54.32207294608112,54.438760445284835,22366700
2016-11-30,54.08870315551758,54.91448668657932,54.05280220340775,54.62725852552213,34655400
2016-12-01,53.13726043701172,53.98997052662502,52.90388541929201,53.954066150971265,34542100
2016-12-02,53.18213653564453,53.37960716783765,52.77822088980841,53.029548082789525,25515700
2016-12-05,54.052791595458984,54.38489844949927,53.46038320153592,53.58604506933337,23552700
2016-12-06,53.81044387817383,54.26821261394657,53.67580420198992,54.24128604832146,19907000
2016-12-07,55.085018157958984,55.09399596251273,53.675804157590974,53.86429696486917,30809000
2016-12-08,54.76189041137695,55.27351917028972,54.6093019610568,55.022191981483736,21220800
2016-12-09,55.62357711791992,55.64152930418581,54.86960241489979,54.9144811685498,27349400
2016-12-12,55.8030891418457,55.919776634305585,55.39917695661323,55.488934459102836,20198100
2016-12-13,56.53013229370117,56.9250700637503,55.865918615708146,56.09929015618514,35718900
2016-12-14,56.260868072509766,56.95201188168484,56.1262283785554,56.5480962238514,30352700
2016-12-15,56.17110061645508,56.68272588447211,55.91977346049599,56.27881029813523,27669900
2016-12-16,55.9197883605957,56.50322252121107,55.75822208301083,56.50322252121107,42453100
2016-12-19,57.10458755493164,57.2392272187439,56.02748051652021,56.15314580062513,34338200
2016-12-20,57.032779693603516,57.266151219871254,56.57500759634515,57.16741592736342,26028400
2016-12-21,57.032779693603516,57.17639373069799,56.655790706212585,56.93404440109568,17096300
2016-12-22,57.04177474975586,57.535447967215944,56.91611284975111,57.302076356354256,22176600
2016-12-23,56.76350402832031,57.032779920942204,56.3685628567147,56.95199681075276,12403800
2016-12-27,56.799415588378906,57.508511529937586,56.73658464915516,56.73658464915516,11763200
2016-12-28,56.53911209106445,56.90712331050338,56.39549804016217,56.90712331050338,14653300
2016-12-29,56.45833206176758,56.72760799393545,56.3057401983206,56.42242769107073,10250600
2016-12-30,55.77615737915039,56.539109775343505,55.677422081193605,56.51217978788234,25579900
2017-01-03,56.17110061645508,56.40447216410025,55.76718503011819,56.35959341540261,20694100
2017-01-04,55.9197883605957,56.323704054557886,55.75822208301083,56.08135463818058,21340000
2017-01-05,55.9197883605957,56.242920915765445,55.67743894421839,55.82105303273495,24876000
2017-01-06,56.404476165771484,56.68272990588433,55.686405863577846,55.91977742777979,19922900
2017-01-09,56.224971771240234,56.619913104069035,56.13521424506831,56.33268148745257,20382700
2017-01-10,56.20701599121094,56.61093168124645,55.90183562807633,56.30575131811183,18593000
2017-01-11,56.71864700317383,56.75455138451433,56.036480877855595,56.198047169857595,21517300
2017-01-12,56.198036193847656,56.90713217869322,55.605627713553424,56.60195184496409,20968200
2017-01-13,56.278812408447266,56.43140084454674,55.96465430772554,56.20700366861515,19422300
2017-01-17,56.1262321472168,56.27882403887968,55.67743770260696,56.2608718502117,20664000
2017-01-18,56.09929275512695,56.27881117674918,55.75820809644764,56.25188118788694,19670100
2017-01-19,55.9197883605957,56.53014909279857,55.830030839284085,55.86593521742071,18451700
2017-01-20,56.31472396850586,56.38652929347674,55.982613640422976,56.251889601115614,30213500
2017-01-23,56.51218795776367,56.6558020235459,56.16212888642132,56.27881638487858,23097600
2017-01-24,57.014835357666016,57.212305969858704,56.49423226153229,56.72760724394713,24672900
2017-01-25,57.158447265625,57.53543286669712,56.95200228065278,57.40079661946954,23672700
2017-01-26,57.688026428222656,57.9303792276473,57.041764851197996,57.55339359305203,43554600
2017-01-27,59.043373107910156,59.1600640009505,58.244519854581064,58.693314124903345,44818000
2017-01-30,58.459964752197266,59.0523767351597,58.163765608776146,58.96261921145451,31651400
2017-01-31,58.029117584228516,58.47791198650707,57.67905849829598,58.21761041141841,25270500
2017-02-01,57.068695068359375,58.00218820157371,56.9699597568039,57.76881320625543,39671500
2017-02-02,56.700687408447266,56.91611024432979,56.32370172569011,56.77249616175138,45827000
2017-02-03,57.158447265625,57.17639945006116,56.6109176244239,56.99688102972864,30301800
2017-02-06,57.12255096435547,57.13152876985605,56.67375656215402,56.99688907958379,19796400
2017-02-07,56.9340705871582,57.248225367784656,56.75455210221582,57.21232441002042,20277200
2017-02-08,56.853267669677734,57.27513544898525,56.74555798577996,57.059712657160595,18096400
2017-02-09,57.49953079223633,57.840618886104764,56.835317061739595,57.01483548923546,22644400
2017-02-10,57.4456901550293,57.71496956685496,57.427737965972256,57.67008738219738,18170700
2017-02-13,58.09195327758789,58.21761517265822,57.56237227859747,57.66110760301841,22920100
2017-02-14,58.30866622924805,58.444122152241526,57.811996808130104,58.164184963742926,23108400
2017-02-15,58.272560119628906,58.30868216827297,57.93844322642985,58.24547030553993,17005200
2017-02-16,58.26352310180664,58.91370614486905,58.19128590002529,58.4621909082508,20546300
2017-02-17,58.353824615478516,58.4170364653902,58.064855174514406,58.21836868293207,21248800
2017-02-21,58.23643112182617,58.65182429730098,58.20030907749243,58.344797254827405,20655900
2017-02-22,58.11902618408203,58.14611598866425,57.83908901730062,58.09193637949982,19292700
2017-02-23,58.353824615478516,58.453158506707574,57.96552128328534,58.17321440889162,20273100
2017-02-24,58.353824615478516,58.51637035661926,57.920367009244885,58.27254830012068,21796800
2017-02-27,58.00165557861328,58.28159284599667,57.83910980313149,58.28159284599667,15871500
2017-02-28,57.77588653564453,57.97455088791824,57.577218738583106,57.86619164557596,23239800
2017-03-01,58.642799377441406,58.68794676600342,57.81200613090888,57.91134003115108,26937500
2017-03-02,57.802982330322266,58.471222949232285,57.68558740464807,58.417043325681014,24539600
2017-03-03,58.01969909667969,58.046788904431786,57.450789020374124,57.784912724991,18135900
2017-03-06,58.03776931762695,58.2996489989151,57.62237954403337,57.766864291504746,18750300
2017-03-07,58.1551628112793,58.4983119047072,57.96552724205001,57.96552724205001,18521000
2017-03-08,58.687950134277344,58.769226461674535,58.01970949485753,58.02874172891854,21510900
2017-03-09,58.45315933227539,58.877577822205325,58.22740173803446,58.8685524789297,19846800
2017-03-10,58.63377380371094,58.93177553828552,58.471228029359004,58.796319578062864,19538200
2017-03-13,58.43510055541992,58.868558209974026,58.30867684150324,58.706012450713196,20100000
2017-03-14,58.16419982910156,58.2906235523198,57.9294099618779,58.272559083530794,14280200
2017-03-15,58.47121810913086,58.62473162286915,58.01970291137695,58.29061478585936,24833800
2017-03-16,58.37188720703125,58.480253340294894,58.06486016381421,58.47122110679571,20674300
2017-03-17,58.5795783996582,58.913695203374814,58.40800043694461,58.615700438628146,49219700
2017-03-20,58.63377380371094,58.859531440889924,58.44413821522974,58.6157162241502,14598100
2017-03-21,57.98358917236328,59.14849937613866,57.91134507687888,58.8685621181068,26640500
2017-03-22,58.724063873291016,58.82339776518158,57.90230981896677,57.90230981896677,20680000
2017-03-23,58.5795783996582,58.913695203374814,58.48926985744612,58.64279024546198,19269200
2017-03-24,58.67892837524414,59.103346947981535,58.480260551218436,59.02207750519449,22617100
2017-03-27,58.78727722167969,58.89564334911493,58.11000442675348,58.36285183452724,18614700
2017-03-28,58.95885467529297,59.121400420208765,58.38091577994239,58.66085299468484,20080400
2017-03-29,59.121402740478516,59.14849255076513,58.65182306359269,58.80534347117575,13618400
2017-03-30,59.33811950683594,59.581941543205886,59.02206028336967,59.076239896085504,15122800
2017-03-31,59.47358703613281,59.77158874338195,59.10334123811254,59.28395146504037,21040300
2017-04-03,59.193641662597656,59.54582294474425,58.868550188373916,59.428424590978885,20400900
2017-04-04,59.35618209838867,59.42841928320626,58.94981434711583,59.04914822701092,12997400
2017-04-05,59.202667236328125,59.91606203590174,59.09430800421426,59.87091465237923,21448600
2017-04-06,59.35618209838867,59.654176848499795,59.13042453309514,59.238783755108585,18103500
2017-04-07,59.311031341552734,59.56387872732177,59.09430599511849,59.464544841544715,14108500
2017-04-10,59.17558670043945,59.4374663683728,59.02207317117448,59.24783079288504,17952700
2017-04-11,59.13045120239258,59.247842709045,58.561537471931246,59.23881047327874,18791500
2017-04-12,58.904685974121094,59.157533426502326,58.79631982756784,59.076257094193295,17108500
2017-04-13,58.651824951171875,59.47358596738096,58.651824951171875,58.958858886643874,17896500
2017-04-17,59.13045120239258,59.13947654858159,58.70602568588245,58.733115503604,16689300
2017-04-18,59.049156188964844,59.338125635921095,58.84146305905179,58.99497657065275,15155600
2017-04-19,58.733097076416016,59.37424782311817,58.59764114072963,59.28394616251894,26992800
2017-04-20,59.14848327636719,59.37424084612431,58.82339182475098,59.11236123845713,22299500
2017-04-21,59.96122741699219,60.23213243703756,59.10334429624169,59.30201211135393,32522600
2017-04-24,60.981651306152344,61.09904968576255,60.59334789810004,60.9365039128668,29770000
2017-04-25,61.333805084228516,61.44217118061925,61.04483571675973,61.315747512949976,30242700
2017-04-26,61.252567291259766,61.68601812137817,61.06293169188587,61.47832494140631,26190800
2017-04-27,61.649864196777344,61.74919806265098,61.026778089429136,61.5415049900593,34971000
2017-04-28,61.82145309448242,62.435513969925715,61.12612279958273,62.22782086048756,39548800
2017-05-01,62.67933654785156,62.80576023892333,61.85757566631068,62.02012139619929,31954400
2017-05-02,62.580020904541016,62.95025985357701,62.426500472427115,62.95025985357701,23906100
2017-05-03,62.38133239746094,62.65223734338043,62.04720871896197,62.65223734338043,28928000
2017-05-04,62.13753890991211,62.38136105176871,61.984025347751924,62.3362067619205,21749400
2017-05-05,62.30908966064453,62.33617946686075,61.848542286245916,62.21878801006571,19128800
2017-05-08,62.25490188598633,62.35423575547169,61.785322341224,62.28199168865081,18566100
2017-05-09,62.34523010253906,62.56195550581849,62.02013855283176,62.182684327685415,22858400
2017-05-10,62.58902359008789,62.81478114958418,62.236842348439595,62.3000541895156,17977800
2017-05-11,61.82145309448242,62.06527513200038,61.51442610154797,61.73115144300608,28789400
2017-05-12,61.74922180175781,61.95692184377166,61.44219474525784,61.95692184377166,18714100
2017-05-15,61.79436111450195,61.83951538343911,61.01775453788709,61.53248151172958,31530300
2017-05-16,63.03861999511719,63.06586508298117,61.90336180701091,61.96693598838222,34956000
2017-05-17,61.2857780456543,62.75706815009967,61.240364948748756,62.56634561541474,30548800
2017-05-18,61.494667053222656,61.87611215603581,60.97698957681442,61.213125229108144,25201300
2017-05-19,61.47650146484375,61.848862534376764,61.24036582985584,61.30394000899883,26961100
2017-05-22,62.1667366027832,62.2121497026598,61.30394313765747,61.658143143683084,16237600
2017-05-23,62.37562561035156,62.439199791158096,62.103160876000096,62.41195470353616,15425800
2017-05-24,62.457359313964844,62.557262585461885,62.16673350480959,62.54818550919187,14593900
2017-05-25,63.22931671142578,63.46544532917088,62.58449115546661,62.638981308936515,21854100
2017-05-26,63.53812789916992,63.77426353670648,63.13851480934896,63.39281845773152,19827900
2017-05-30,63.94682312011719,63.94682312011719,63.365564584202666,63.383732594516154,17072800
2017-05-31,63.42913055419922,64.24651768589041,63.40188547132031,64.05579517667327,30436400
2017-06-01,63.665287017822266,64.12847436574785,63.07495128875117,63.79243539896778,21603600
2017-06-02,65.17289733886719,65.263716598816,63.79241964300992,63.97406509197292,34770300
2017-06-05,65.64517211914062,66.19917870098328,65.2183139073209,65.3636302896708,33316800
2017-06-06,65.86310577392578,65.95393193055547,65.63605424047738,65.66330624490404,31511100
2017-06-07,65.74507904052734,66.09019507412023,65.34546589600208,65.97213070372271,22301800
2017-06-08,65.34546661376953,65.86314413437857,64.93677638715546,65.8540670566792,24588300
2017-06-09,63.865089416503906,65.46353501222922,62.29388891080271,65.42720591584151,49187400
2017-06-12,63.374656677246094,63.51997306203646,61.87611437216179,62.89330827849455,47761700
2017-06-13,64.16478729248047,64.31918072652012,63.5381226225879,63.59261279246888,25258600
2017-06-14,63.81967544555664,64.57348859494655,63.05678521899328,64.40093405078572,25510700
2017-06-15,63.483642578125,63.76518440616876,62.48461670626243,62.91146798685357,26068700
2017-06-16,63.5744514465332,63.60169653135984,62.86605152477943,63.329238754028175,48345100
2017-06-19,64.3646011352539,64.42817531702812,63.89232984573162,64.02856221498098,23798300
2017-06-20,63.492733001708984,64.36461059231686,63.456403902633596,64.31919748620584,21512200
2017-06-21,63.81967544555664,64.13755330235793,63.51997253030192,63.7651852662497,19891100
2017-06-22,63.810604095458984,64.1103070376124,63.311087643424685,64.0649008604702,22965700
2017-06-23,64.67337036132812,64.70969944513591,63.50178339251796,63.65617680190286,27617300
2017-06-26,64.0557861328125,65.1274697921518,63.97405089571577,64.84592807006682,19607000
2017-06-27,62.85698318481445,63.737944768769516,62.82973809319803,63.6743705786422,25215100
2017-06-28,63.392822265625,63.42914443136697,62.47553167664777,62.85697677853545,25806200
2017-06-29,62.20307922363281,63.11128598613495,61.839795132818416,63.0113826879343,28918700
2017-06-30,62.602684020996094,63.01137423768688,62.43012254196067,62.46645163907691,24161100
2017-07-03,61.912452697753906,63.211188631889534,61.77622029897119,62.965975857334755,16165500
2017-07-05,62.73889923095703,63.06585408644715,61.95784117940451,61.99417026657729,21176300
2017-07-06,62.27573013305664,62.46645269935403,61.86703990942893,62.003265364593574,21117600
2017-07-07,63.08403778076172,63.42915383902788,62.393798735162015,62.393798735162015,16878300
2017-07-10,63.5562858581543,63.80149853326587,62.84787905758401,63.084014657774105,15014500
2017-07-11,63.565372467041016,64.19203718385565,63.34740484213127,63.5744564723898,17460000
2017-07-12,64.61888885498047,64.73695319637072,64.07396638300713,64.20111472883207,17750900
2017-07-13,65.18199157714844,65.42721126554929,64.76421732813029,64.9367788178148,20269800
2017-07-14,66.09927368164062,66.54429296501459,65.35454456435372,65.60884129771027,25868100
2017-07-17,66.61695098876953,66.70777026059034,66.04478334013882,66.11744152922198,21803900
2017-07-18,66.57154846191406,66.65328373230757,65.99029677556021,66.38081897286254,26435300
2017-07-19,67.08013153076172,67.24360897521055,66.70776354599168,66.75317664186407,22416200
2017-07-20,67.40711975097656,67.47977796867404,66.55340301570376,67.37079064212783,42361000
2017-07-21,67.01653289794922,67.47063597469716,66.45344258831906,66.70773920264783,46717100
2017-07-24,66.84402465820312,66.98025707535655,66.41716631802107,66.780450454074,21394800
2017-07-25,67.37982177734375,67.48880208930197,66.7531572673297,67.0256219053524,22018700
2017-07-26,67.2527084350586,67.55241137786601,67.0347338396586,67.51608227863268,16252200
2017-07-27,66.44438934326172,67.58872451810997,65.68149229763068,66.98931184496072,36844200
2017-07-28,66.33541870117188,66.5806314632368,65.88131534773757,65.99937972516626,18306700
2017-07-31,66.02659606933594,66.69867372872041,65.76322233659779,66.57152539944535,23600100
2017-08-01,65.91761016845703,66.68050007954979,65.83586800423213,66.38987436164821,22132300
2017-08-02,65.62701416015625,65.89947199643336,64.88228498782523,65.89039491890424,26499200
2017-08-03,65.527099609375,65.79048032284254,65.25463489087323,65.56342870044627,18214400
2017-08-04,66.00845336914062,66.33540828660726,65.60884026355559,65.7541566397924,22579000
2017-08-07,65.75415802001953,66.20826131169223,65.62700965267649,66.11744203917095,18705700
2017-08-08,66.10835266113281,66.41713954842591,65.16381705972006,65.47260394701314,22044600
2017-08-09,65.81771850585938,65.85404759312043,65.43627348321569,65.61791199045605,22213400
2017-08-10,64.85501861572266,65.56341845828395,64.80052152309634,65.30003778596111,24734500
2017-08-11,65.84500122070312,66.02663983175339,64.73698767771752,65.03669762211241,21443700
2017-08-14,66.83489990234375,66.95297115879136,66.25364841065573,66.35355166038939,20096600
2017-08-15,66.85319519042969,67.19101758016556,66.6888467154825,67.19101758016556,19181400
2017-08-16,67.24578857421875,67.65665617793367,66.80752375973766,66.96273979083148,18150400
2017-08-17,66.1044692993164,67.44664676500601,66.1044692993164,67.181862839409,22977500
2017-08-18,66.1866455078125,66.50620993901117,65.67534241789464,65.98577444649273,18761500
2017-08-21,65.8761978149414,66.17750433527536,65.46532338740043,66.1683719348463,17734800
2017-08-22,66.79840087890625,66.87143921246296,66.05882941153551,66.05882941153551,14343700
2017-08-23,66.39665222167969,66.7892619609359,66.22317139368805,66.61578113294426,13766500
2017-08-24,66.36925506591797,66.52447107164812,65.80316455763051,66.4149031444365,17098300
2017-08-25,66.48794555664062,66.97185835711653,66.17751355859248,66.52446819746655,12794300
2017-08-28,66.4970703125,66.73445700160154,66.24141882209486,66.7070667656268,14569700
2017-08-29,66.69795989990234,66.79839543709178,65.78491462798571,65.96752089597601,11478400
2017-08-30,67.57449340820312,67.75709970560298,66.49709953518304,66.6614479892364,16897800
2017-08-31,68.26839447021484,68.44187530748367,67.38274637474746,67.59274289419436,27652800
2017-09-01,67.51057434082031,68.24100642968278,67.23665795375746,68.21361618417312,21736200
2017-09-05,67.20926666259766,67.46491823802121,66.63405061789464,66.96274052487995,21556000
2017-09-06,67.01753997802734,67.60188853102505,66.97188491739331,67.32797209918928,16535800
2017-09-07,67.87579345703125,68.11318721767866,67.20014179394038,67.27318709967554,17471200
2017-09-08,67.54708099365234,67.96708091263002,67.41924826824211,67.86664539222433,14703800
2017-09-11,68.25926971435547,68.42361814972965,67.84839514292855,67.84839514292855,17910400
2017-09-12,68.18622589111328,68.69752904955875,67.90318406639997,68.25927118974352,14394900
2017-09-13,68.67012786865234,68.68839267339285,68.067521665873,68.41447633014099,13380800
2017-09-14,68.26839447021484,68.92578820514629,68.04013314369604,68.47839795564462,15733900
2017-09-15,68.76145935058594,68.83450466770681,67.62928479915186,68.32320137983042,38578400
2017-09-18,68.62448120117188,69.36404559079863,68.51491326841965,68.68839408711516,23307000
2017-09-19,68.88017272949219,69.1266920138101,68.4875627833665,68.67016914464006,16093300
2017-09-20,68.4236068725586,68.98056498031086,67.8483839605623,68.7979517677796,21587900
2017-09-21,67.7571029663086,68.69753867854394,67.66579981321485,68.57884527612048,19186100
2017-09-22,67.93972778320312,68.03103095181166,67.42841750022193,67.55624332947092,14111400
2017-09-25,66.88970947265625,67.79362248869677,66.57927040729882,67.64753187770886,24149200
2017-09-26,66.88970947265625,67.39188027446376,66.6431833081101,67.26405447284121,18019600
2017-09-27,67.42837524414062,67.72054938017908,66.80750433431129,67.1544659099688,19565100
2017-09-28,67.44667053222656,67.53797368488664,66.93536033855894,67.14536385906271,10883800
2017-09-29,68.01277160644531,68.05842667741268,67.4558131773753,67.51060065573331,17079100
2017-10-02,68.12232971191406,68.4875493286984,67.83928781774898,68.21363287461395,15304800
2017-10-03,67.80274200439453,68.36882559940346,67.7388291157328,68.17708693341827,12190400
2017-10-04,68.19537353515625,68.22276378676796,67.30058584192753,67.64754063898354,13317700
2017-10-05,69.36405944824219,69.50101765004824,68.44188165313048,68.67927540519541,21195300
2017-10-06,69.39143371582031,69.41882395667734,68.97143376872133,69.09012713442912,13959800
2017-10-09,69.6562271118164,69.89362084144659,69.26361735226693,69.3640528930342,11386500
2017-10-10,69.6562271118164,69.966659171655,69.5192689229535,69.69274975991203,13944500
2017-10-11,69.77493286132812,69.81145551589745,69.34580037761879,69.7201523624662,15388900
2017-10-12,70.4140625,70.56927854339584,69.72927846221233,69.83883945002894,16876500
2017-10-13,70.75186157226562,71.09882316223498,70.5692553419521,70.8431646874224,15335700
2017-10-16,70.89797973632812,71.04406338426637,70.6240633182161,70.68797622031106,12380100
2017-10-17,70.84320068359375,70.87059790144465,70.5327685411307,70.733639676129,16824000
2017-10-18,70.86144256591797,71.08057147592572,70.64231365591021,70.91622305192429,13300700
2017-10-19,71.13536834716797,71.1536261895935,70.62405820146911,70.82492929806688,15092800
2017-10-20,71.95709228515625,72.10318286550181,71.41839894359212,71.50970207331696,22866400
2017-10-23,71.975341796875,72.44098974932227,71.91142892305004,72.12142538019744,20627200
2017-10-24,72.00275421142578,72.31318627534222,71.63753469165476,72.03927686000117,17517200
2017-10-25,71.79273986816406,72.22187221655915,71.22665631579767,71.74709178883425,20410800
2017-10-26,71.91144561767578,72.5140518584979,71.90231321472899,72.31318078956305,32120700
2017-10-27,76.5223388671875,78.70451699049775,76.3397325589712,77.03364906896459,71066700
2017-10-30,76.59536743164062,76.99710958106886,75.8831932329143,76.4218866005725,31756700
2017-10-31,75.94710540771484,77.02449909886086,75.8831925178156,77.02449909886086,27086600
2017-11-01,75.94710540771484,76.47667333315565,75.67318904187096,76.40362804013294,22307400
2017-11-02,76.74146270751953,77.11580767018945,75.89233027270356,76.10232679747416,23992900
2017-11-03,76.82363891601562,77.18885846691755,76.14798727473635,76.76885842147458,17633500
2017-11-06,77.12493896484375,77.33493548659445,76.76885184884652,76.87841282854848,19860900
2017-11-07,76.94231414794922,77.51753706878803,76.63188213084666,77.39883673732255,17939700
2017-11-08,77.20711517333984,77.25277022877441,76.54059594628924,76.8236377852299,18034200
2017-11-09,76.77798461914062,76.94233307037251,75.69146532609217,76.79624942815728,21178400
2017-11-10,76.57711029052734,76.78710680438613,75.99276186746764,76.50406499614921,19397800
2017-11-13,76.63188934326172,76.64102174638363,76.20275695430475,76.38537018683034,14196900
2017-11-14,76.74146270751953,76.78711079439081,75.76450448389109,76.2392849900541,18801300
2017-11-15,76.14498901367188,76.79650588881996,75.87887530394111,76.59462603999211,19383100
2017-11-16,76.34688568115234,76.54876559296514,76.10830669534447,76.2551239942287,20962800
2017-11-17,75.61280059814453,76.27349608022348,75.46597626836282,76.27349608022348,22079000
2017-11-20,75.73206329345703,75.78711889714153,75.47512780830685,75.612773818485,16315000
2017-11-21,76.82403564453125,76.93414683690546,75.92475456800149,75.92475456800149,21237500
2017-11-22,76.26429748535156,76.989226668278,76.20006360843239,76.92499279135882,20553100
2017-11-24,76.40192413330078,76.5579196518369,75.9614583740018,76.17251648805387,7425600
2017-11-27,76.9616928100586,77.06263275170109,76.43864356744156,76.44781483416035,18265200
2017-11-28,77.88850402832031,78.05367786136044,77.09934093723611,77.14522528012363,21926000
2017-11-29,76.475341796875,77.92520003276574,76.32852452034905,77.73249841928157,27381100
2017-11-30,77.23698425292969,77.55815363896176,76.47534899393396,76.63135155369315,33054600
2017-12-01,77.319580078125,77.82427286264766,76.36524312072224,76.71394033553617,29532100
2017-12-04,74.4014892578125,77.47555030686573,74.05278515608589,77.46637204077666,39094900
2017-12-05,74.8694839477539,75.86970503115339,74.30973567289345,74.64007627736471,26152300
2017-12-06,75.96147155761719,76.291819184184,74.72267145847508,74.832789667653,26162100
2017-12-07,75.69532775878906,75.97979793601529,75.24569083480229,75.74121207797644,23184500
2017-12-08,77.22782135009766,77.61322465507969,76.46618600860819,76.74147108318037,24489100
2017-12-11,78.20967102050781,78.338138763981,77.1911003394227,77.34709588493057,22857900
2017-12-12,78.53084564208984,78.96213323878206,78.0720302415181,78.28308140523936,23924100
2017-12-13,78.31977844238281,78.9162397945114,78.15460463719285,78.67765385346664,22062700
2017-12-14,77.71416473388672,78.79696949783643,77.56734042645095,78.39320965335638,19306000
2017-12-15,79.69624328613281,79.91647274468401,77.88850926981137,78.23721349689971,53936700
2017-12-18,79.26496124267578,80.2927104568725,79.12732219695329,79.94401320609425,22283800
2017-12-19,78.76023864746094,79.2374034946015,78.24636073404099,79.2374034946015,23524800
2017-12-20,78.47576904296875,79.19152682107041,77.73249046686131,79.09975815654234,23674900
2017-12-21,78.45743560791016,79.00801270321074,78.36567392552134,78.96213536250013,17990700
2017-12-22,78.46660614013672,78.57671734776001,77.92520036577682,78.36566619917075,14145800
2017-12-26,78.36566162109375,78.48495108937247,78.02613574850069,78.28307121923424,9891200
2017-12-27,78.6501235961914,78.89788779672095,78.20048652981643,78.59506799650323,14678000
2017-12-28,78.65930938720703,78.8520110055147,78.50331383919135,78.82448320303747,10594300
2017-12-29,78.49413299560547,78.96212662526243,78.45742692651798,78.5767164003272,18717400
2018-01-02,78.87035369873047,79.20070130173602,78.45742269545676,79.03552750023324,22483800
2018-01-03,79.23739624023438,79.38422048804543,78.8886991531313,78.97128254180092,26061400
2018-01-04,79.934814453125,80.43951416134298,79.43929301259287,79.45764254699763,21912000
2018-01-05,80.92584991455078,81.12772977932875,80.22844865467228,80.4395067862946,23407100
2018-01-08,81.00843811035156,81.2837301242538,80.38444894634434,80.93502597318206,22113000
2018-01-09,80.9533920288086,81.42138570709598,80.62304437366073,81.34797356129256,19484300
2018-01-10,80.58633422851562,80.92586013497365,80.21010925197795,80.62304029956249,18652200
2018-01-11,80.82489776611328,80.87077509146843,80.05408448991493,80.87077509146843,17808900
2018-01-12,82.21971893310547,82.3848927584566,81.16444210452701,81.36632200228588,24271500
2018-01-16,81.07267761230469,83.31169894475336,80.76068650911022,82.67853146937172,36599700
2018-01-17,82.71522521972656,82.84369294907874,81.43971919189697,81.74253898292689,25621200
2018-01-18,82.67852783203125,83.20157707099777,82.27477506924615,82.40324281208235,24159700
2018-01-19,82.5867691040039,83.14652443245286,82.27477800340857,82.71523685142165,36875000
2018-01-22,84.06417083740234,84.07334910705866,82.34819846203135,82.58678446631632,23601600
2018-01-23,84.33026123046875,84.69731490413442,83.99991362426631,84.33026123046875,23412800
2018-01-24,84.25687408447266,85.73426048343997,84.03664461534414,84.92674776265633,33277500
2018-01-25,84.724853515625,85.55989390382558,84.35779979512222,84.85332126765586,26383200
2018-01-26,86.3123550415039,86.3123550415039,84.95426531142833,85.44978680785084,29172200
2018-01-29,86.18388366699219,87.58785768079451,86.00036030607758,87.30339437108664,31569900
2018-01-30,85.10108947753906,85.94531524385171,84.51380624938925,85.6149675528964,38635100
2018-01-31,87.18408966064453,87.54196505260539,85.80764369126697,86.02787308609685,48756300
2018-02-01,86.4958724975586,88.15678183875245,85.87188333607122,86.98221565265072,47227900
2018-02-02,84.22016143798828,86.2297753148456,83.96322591054805,85.92695544280473,47867800
2018-02-05,80.75151824951172,85.5599021486434,80.75151824951172,83.10065108555136,51031500
2018-02-06,83.80721282958984,83.94485883366363,78.22801653873599,79.73293031441851,67998600
2018-02-07,82.22889709472656,84.21097599540016,81.85266510376105,83.03640968374656,41107600
2018-02-08,78.00780487060547,82.47666287879102,77.77839714530747,82.32066730582073,55628700
2018-02-09,80.91669464111328,81.60491782971393,76.92500154742314,79.19155103536956,63499100
2018-02-12,81.78844451904297,82.38490604013431,80.68729017315789,81.43056900658189,35720300
2018-02-13,82.43074798583984,82.58674348775178,80.56795922510383,81.60487915076932,26407700
2018-02-14,83.72145080566406,83.88740044887437,81.50879827466093,81.60099095781092,34960900
2018-02-15,85.42707061767578,85.48238483602577,83.54630982139555,84.09025172544453,27823900
2018-02-16,84.81858825683594,86.20150002189304,84.63420283503618,85.23345897281187,30596900
2018-02-20,85.48240661621094,85.795863311864,83.90588768687769,84.33920126463128,30911700
2018-02-21,84.34838104248047,86.07241326351136,84.34838104248047,85.72207821186865,26922500
2018-02-22,84.56968688964844,85.49162828063015,84.22856604279755,84.8647078534084,24392800
2018-02-23,86.7177963256836,86.72701770815189,85.15049893105932,86.29370417224236,26329200
2018-02-26,87.97162628173828,87.99928339190234,86.89295678222163,87.03124936689498,30199800
2018-02-27,86.84688568115234,88.35886916442374,86.84688568115234,88.2666764220497,25869100
2018-02-28,86.45043182373047,88.23900018037723,86.32136060560687,87.43690872444873,31167300
2018-03-01,85.60224151611328,87.1879815518945,84.67107890740857,86.65325395213509,37135600
2018-03-02,85.78665161132812,85.87884434619906,83.76759765853701,84.43139660377545,32830400
2018-03-05,86.33056640625,86.91138678297426,85.05829018558384,85.13204012987636,23901600
2018-03-06,86.03558349609375,87.1142534005489,85.68524824607616,86.97596076395976,22175800
2018-03-07,86.53341674804688,86.60717374508762,85.21504031982467,85.88806060857631,26716100
2018-03-08,87.05891418457031,87.67661314576402,86.45042957167836,86.9114002054982,25887800
2018-03-09,89.00421142578125,89.00421142578125,87.58442101992217,87.85178483341384,36937300
2018-03-12,89.21626281738281,89.62191926891275,88.54324955973114,88.96734174366952,26073700
2018-03-13,87.04045867919922,89.64954652812634,86.63480236276654,89.42828264364127,35387800
2018-03-14,86.52418518066406,87.96241831825452,86.20150714890944,87.69505451084254,32132000
2018-03-15,86.82843017578125,87.19720809516372,85.58381085248749,86.22916693601647,27611000
2018-03-16,87.21565246582031,87.93476561123468,86.58873205092108,87.28940946377422,49081300
2018-03-19,85.63912963867188,86.5702923520782,84.9200165262042,86.42277836292885,33344100
2018-03-20,85.86040496826172,86.45044693535345,85.74055511158389,85.78665499776656,23075200
2018-03-21,85.26113891601562,86.70858655030979,85.01221081321962,85.67600970886994,24457100
2018-03-22,82.7811279296875,84.58813242127275,82.66127806716412,84.14559740744218,38604700
2018-03-23,80.37483215332031,83.39879809076285,80.28263944232081,82.51373540423234,44068900
2018-03-26,86.45966339111328,86.66249162458757,83.34350399041685,83.53711084040923,56396800
2018-03-27,82.486083984375,87.7134891344115,81.60102123679106,87.52910369969322,56569000
2018-03-28,82.41231536865234,84.10869067088818,81.93290908571649,82.80875032782818,52501100
2018-03-29,84.14559173583984,85.08597593915,81.4996243172242,83.14067894724414,45867500
2018-04-02,81.61024475097656,83.78602688752426,80.67908905705598,83.40803459374112,48515400
2018-04-03,82.70735168457031,83.02081537851065,81.02941883024158,82.58750184992319,37213800
2018-04-04,85.1228256225586,85.51926058702551,80.88189786114546,80.992526294302,35560000
2018-04-05,85.1689453125,85.8050871391382,84.26544666553322,85.22426658037384,29771900
2018-04-06,83.18675994873047,85.24268494453987,82.49530402896569,84.34840082956089,38026000
2018-04-09,83.68460845947266,85.89726897972238,83.54632289196333,83.93353654869722,31533900
2018-04-10,85.62992095947266,85.99869895320175,84.48671550938214,85.1781716099285,26812000
2018-04-11,84.68953704833984,86.00791352362451,84.33920185067187,84.82782966426431,24872100
2018-04-12,86.27528381347656,86.8100115502522,85.21504972403666,85.21504972403666,26758900
2018-04-13,85.81428527832031,86.82841915248244,85.22424349575861,86.70856933328652,23346100
2018-04-16,86.8192138671875,87.27097018591212,86.12775786563196,86.7270211404176,20288100
2018-04-17,88.57090759277344,89.00422116433192,87.47379510596403,87.584430603124,26771000
2018-04-18,88.9120101928711,89.17015259943066,88.06381895636432,88.70918200661627,21043300
2018-04-19,88.60779571533203,89.49285868717325,87.89789684070021,88.91203809017424,23552500
2018-04-20,87.58444213867188,88.60779776215848,86.70860053082733,88.42341227646133,31154400
2018-04-23,87.90709686279297,88.77372388943512,87.24329803675673,88.26665338792034,22331800
2018-04-24,85.8511734008789,88.93967524163949,85.19659594471828,88.72762565512232,34524800
2018-04-25,85.10440826416016,86.0171353132592,83.23286835019398,86.0171353132592,33729300
2018-04-26,86.90216827392578,87.72269527339623,85.83271324360118,86.24759095040734,42529000
2018-04-27,88.34040832519531,90.25804777059024,86.5795042345366,89.98146258821185,48272800
2018-04-30,86.21995544433594,88.8751511413941,85.87884163270608,88.81061552563808,41523600
2018-05-01,87.58444213867188,87.85180601663153,85.54695227614016,85.93416601641741,31408900
2018-05-02,86.21074676513672,87.74116591109097,85.91572578315427,87.57521616910991,27471000
2018-05-03,86.72701263427734,87.51988266767174,85.23346528521623,85.70365728963698,31142500
2018-05-04,87.73196411132812,87.92557099902629,85.66680990816896,86.03558794686566,22531300
2018-05-07,88.70919036865234,89.16093962271505,87.67661361122677,87.74114921895001,24242000
2018-05-08,88.33119201660156,88.65387709252711,87.63973605479616,88.36807051196031,23484600
2018-05-09,89.37298583984375,89.40064295156017,87.63051746317478,88.51558020736748,27327400
2018-05-10,90.26726531982422,90.30413677764604,89.47439533344654,89.85238756387139,22388100
2018-05-11,90.07366943359375,90.2304048129159,89.46519178430852,90.16586919808483,16778300
2018-05-14,90.37789916992188,90.98638376819464,89.71410034775286,90.27648507020974,19454100
2018-05-15,89.72332763671875,90.21195540358097,88.8198220617602,89.64957064409887,24594000
2018-05-16,89.9548110961914,90.1862954237347,89.4640654520942,90.14925708360686,17384700
2018-05-17,89.05662536621094,90.31590031390897,88.73254881298108,89.59367054832843,17246700
2018-05-18,89.22331237792969,89.75109631840802,88.89923575909921,88.89923575909921,17865800
2018-05-21,90.37147521972656,90.75111288744783,89.63072964986708,89.81591427624677,19422500
2018-05-22,90.27887725830078,90.89925348863412,90.00109327176992,90.44554623735125,15441200
2018-05-23,91.35299682617188,91.41781216837488,89.18629941017808,89.54741446878663,21251200
2018-05-24,91.0289077758789,91.61225288624485,89.64000161114794,91.41780687090355,26649300
2018-05-25,91.07520294189453,91.64928667124688,90.61223424335475,91.0196489586591,18363900
2018-05-29,90.75112915039062,91.55669019027664,90.0288990880065,90.59371441898382,28671000
2018-05-30,91.62151336669922,91.89929744415662,90.65854457735671,91.0289139281765,22158500
2018-05-31,91.5196533203125,92.58448279082839,91.30669166481455,91.9363294075624,34140900
2018-06-01,93.32524108886719,93.39005643102689,91.82521980187359,91.92707349160206,28655600
2018-06-04,94.14006042480469,94.31599080384456,93.38079198564529,93.76042973739611,27281600
2018-06-05,94.6215591430664,94.75118983306672,94.010436977914,94.44562875049051,23514400
2018-06-06,94.89932250976562,95.00117618930126,94.35302283256702,94.8900682220564,21122900
2018-06-07,93.4085693359375,95.08452095869472,92.94560060140589,95.04748261221113,28232200
2018-06-08,94.1030044555664,94.39930410647297,93.0937361980331,93.60299747009765,22165100
2018-06-11,93.56597137451172,94.06597132331778,93.21411066284803,93.52893303305547,23490900
2018-06-12,93.80670928955078,93.93633995149872,93.28818664175898,93.61226329662885,18325200
2018-06-13,93.3807601928711,94.45485067807903,93.11223757156911,94.18632805677704,29492900
2018-06-14,93.9085693359375,94.473391714624,93.51967732369681,94.1215380460741,25691800
2018-06-15,92.714111328125,94.01042512908688,92.6585573435104,93.99190948899597,65738600
2018-06-18,93.3900375366211,93.62152186383572,92.05668555127563,92.60299223695952,23586000
2018-06-19,93.3900375366211,93.519668194714,92.13076223142617,92.26965424062317,28653100
2018-06-20,94.32523345947266,94.92708704129342,93.63078049798024,93.86226481847771,26180800
2018-06-21,93.64929962158203,94.87153659673513,93.40855394128701,94.51968295964326,23198200
2018-06-22,92.9733657836914,93.30669670568508,92.2511287704061,92.9733657836914,38923100
2018-06-25,91.10297393798828,92.6955872864493,90.09370563247593,92.59373361432624,35433300
2018-06-26,91.74187469482422,92.66781204847159,91.43631367267865,91.50112900486032,26897200
2018-06-27,90.31593322753906,92.61225398241558,90.18630255900611,92.20484633745842,31298400
2018-06-28,91.32518005371094,91.76963300128341,90.056650658659,90.16775859729715,26650700
2018-06-29,91.30667877197266,92.51040010160192,91.04741745527492,91.6029784288188,28053200
2018-07-02,92.60299682617188,92.64928945530436,90.74186076511666,90.83445308772298,19564500
2018-07-03,91.7140884399414,93.17706394202123,91.61223477618171,93.0381790044768,14670300
2018-07-05,92.37151336669922,92.51965967141116,91.69557598299063,92.13076767415818,18977400
2018-07-06,93.6678466796875,93.91784671182715,92.2881946330965,92.49190202598069,19234600
2018-07-09,94.30672454833984,94.67710092816436,93.751163510774,94.12153989059851,18212000
2018-07-10,94.5567398071289,94.91785486608009,94.31599407971396,94.44562476424298,19293100
2018-07-11,94.42710876464844,94.76043976335768,93.61227924859206,93.65857894903797,19644600
2018-07-12,96.4734115600586,96.67711890060255,95.12154392157908,95.15857519773151,24335900
2018-07-13,97.62155151367188,97.77895912970989,96.38079209090604,96.64006042032939,24635200
2018-07-16,97.14010620117188,97.98270564998394,96.77898407814673,97.59381359668606,21786900
2018-07-17,98.10305786132812,98.61232622154206,96.59378254776689,96.86230522275777,25901700
2018-07-18,97.33453369140625,98.19565568219781,96.96415735027226,98.09380201177743,29493900
2018-07-19,96.6678466796875,97.510445872062,96.1956167219205,97.15859227344873,40171600
2018-07-20,98.39935302734375,100.18641228556255,98.2234297454103,100.07530433157109,56004000
2018-07-23,99.97345733642578,100.13086499131303,98.26972892999353,98.42714364922217,29707000
2018-07-24,99.6864242553711,100.760507970013,99.31604788108908,100.52902361912945,26316600
2018-07-25,102.62162017822266,102.9179197956264,99.6308399545166,99.96417790713834,30702100
2018-07-26,101.5012435913086,102.77903444940891,101.39012857847095,102.53828878709763,31372100
2018-07-27,99.70494079589844,102.01978432564688,98.27899633385238,102.01978432564688,37005300
2018-07-30,97.56603240966797,99.56605364378953,97.00120999562084,99.25123829922144,34668300
2018-07-31,98.22342681884766,98.81602610361537,97.57526649439873,98.60305742424227,27655200
2018-08-01,98.40862274169922,98.5660303994586,97.61231603682744,98.17713839875606,23628700
2018-08-02,99.60308074951172,100.08456506461589,97.07526866827604,97.59379838955135,26104300
2018-08-03,100.03826904296875,100.04753039419745,98.90862438066563,99.81604606386784,18659600
2018-08-06,100.12161254882812,100.39013525335744,99.59382849215798,100.11235826078169,20265900
2018-08-07,100.81604766845703,101.01975499866482,100.15863305282147,100.51974802388409,16080200
2018-08-08,101.38088989257812,101.62163560871024,100.70495950697548,101.23274357334908,15487500
2018-08-09,101.54753875732422,102.0012531061813,101.48272343096474,101.58457709586402,13677200
2018-08-10,100.92718505859375,101.56608417872852,100.3531012793174,101.31607710374433,18183700
2018-08-13,100.1956787109375,101.46421540986564,100.09382503839298,101.14939304081679,18472500
2018-08-14,101.4456787109375,101.62160904184941,100.03825725666307,100.51974149871108,16788300
2018-08-15,100.07005310058594,101.30628369557378,99.28926879117101,100.84153332544257,29982800
2018-08-16,100.05144500732422,101.18543688519658,99.73541820412798,100.66491881333131,21384300
2018-08-17,99.99567413330078,100.29311403534363,99.16841918413391,99.79118287098508,18061500
2018-08-20,99.33573913574219,100.29312369100401,98.97323444183775,99.93061899709959,17914200
2018-08-21,98.50846862792969,99.78187980689859,98.38762902126463,99.38219429802247,22881900
2018-08-22,99.51234436035156,99.77260342612091,98.3225845788187,98.38764934526105,18000600
2018-08-23,99.97710418701172,100.55339723831545,99.33575345463174,99.59601254505009,18167700
2018-08-24,100.75786590576172,100.90658231335225,99.97708171844951,100.07932735121095,17234000
2018-08-27,101.873291015625,101.91047190034345,100.8601385002797,101.56655403534428,19662300
2018-08-28,102.48673248291016,102.70981062896558,102.04986609038707,102.18929259099411,19151500
2018-08-29,104.12265014648438,104.13194713775961,102.4960241581178,102.66333454343943,20818000
2018-08-30,104.05758666992188,104.6710604541522,103.58354648195474,103.79732764322777,22798700
2018-08-31,104.41079711914062,104.82906952456453,103.65789686124073,103.81591734223596,23222700
2018-09-04,103.83450317382812,104.06687830592196,102.44954937217618,103.03513215210322,22634600
2018-09-05,100.8415298461914,103.56496720485693,100.47902513731849,103.18387560209231,32872400
2018-09-06,101.07389831542969,101.30627347705618,99.93061649148257,100.61844498426937,23477600
2018-09-07,100.58126068115234,101.05530798034968,99.6703540498615,100.59985466470427,22498600
2018-09-10,101.66878509521484,101.91045726541492,100.7206974913955,101.16685386088896,20727900
2018-09-11,103.39765930175781,103.72298313921084,101.21333400282717,101.22263099576233,24301800
2018-09-12,103.83450317382812,103.96463268047857,102.71910537638819,103.57424416052721,18891100
2018-09-13,104.94990539550781,105.7120955257436,104.21559914577043,104.21559914577043,26055600
2018-09-14,105.37748718261719,105.71210797104439,104.51305132776805,105.36819019084784,19122300
2018-09-17,104.23419952392578,105.6842182296893,103.97394048356074,105.67492832933839,20736500
2018-09-18,105.22875213623047,105.6842054015857,103.84379835866595,104.28066473404849,22170900
2018-09-19,103.82521057128906,105.33100404385185,103.21174388422563,105.08004201085467,21728400
2018-09-20,105.5633773803711,105.77716562754884,104.03899704279743,104.36432081761015,23714500
2018-09-21,106.20475006103516,107.16213463020374,105.50762454854998,105.96307789774595,71229700
2018-09-24,106.58583068847656,106.79961894391707,104.30855708524608,105.06145029198666,27334500
2018-09-25,106.38134002685547,106.98551683058024,105.7306924483991,106.7066709076104,22668000
2018-09-26,105.9444808959961,106.94833614863424,105.72139564738606,106.39993420173643,19352000
2018-09-27,106.34416961669922,106.80891992791662,106.14896824544418,106.68808030842284,19091300
2018-09-28,106.30699920654297,106.49289651272038,105.66564144463385,106.13968879437223,21647800
2018-10-01,107.4595718383789,107.52463660089872,106.64161381076882,106.66020070369137,18883100
2018-10-02,107.0320053100586,107.67335596055385,106.37206067460555,107.17143183113232,20787200
2018-10-03,107.05059814453125,107.9893958742327,106.82751995334945,107.2829733287079,16648000
2018-10-04,104.83837890625,106.66949631688402,103.76015475097279,106.53006980142202,34821700
2018-10-05,104.22490692138672,105.19158846311565,102.83995291738837,104.68965725347599,29068900
2018-10-08,103.03514862060547,104.13195970305696,101.63160061279687,103.7880489911663,29640600
2018-10-09,104.34573364257812,105.10792380928852,102.9886636916804,103.30469047448712,26198600
2018-10-10,98.67578887939453,103.63931876897108,98.33187109824287,103.39764662298539,61376300
2018-10-11,98.44339752197266,101.25048580229127,96.85394548838072,97.9228724400231,63904300
2018-10-12,101.84537506103516,103.39763927880637,99.56810154833016,101.32485702190863,47742100
2018-10-15,100.0142593383789,101.76172493850389,99.41008255304902,101.23190990031263,32068100
2018-10-16,103.17456817626953,103.55566683202471,101.26908908054749,101.81749813051985,31610200
2018-10-17,102.90499114990234,103.92744019859187,101.82677434502854,103.80660769635077,26548200
2018-10-18,100.85081481933594,102.73769989744052,100.22805112103549,102.33801435689176,32506200
2018-10-19,100.99952697753906,103.04442522561423,100.58124750075596,101.25048899038813,32785500
2018-10-22,101.9011459350586,102.74699486598296,100.60914069741555,101.6130030248225,26545600
2018-10-23,100.47903442382812,101.28770266764468,97.69982903509914,100.17229745980856,43770400
2018-10-24,95.10650634765625,100.84152366362588,94.42796775200448,100.76716900109012,63897800
2018-10-25,100.66493225097656,101.56654200537606,98.6665042561162,99.03830596773427,61646800
2018-10-26,99.41938018798828,101.08318706047258,97.37448176912268,98.23891758350779,55523100
2018-10-29,96.52865600585938,101.03673343692493,94.46516310923462,100.48833137258448,55162000
2018-10-30,96.41710662841797,97.02127638448658,93.05231168465076,96.35204186584778,65350900
2018-10-31,99.27993774414062,100.51617500661473,97.9600488476696,98.0065267053515,51062400
2018-11-01,98.45270538330078,99.75400768830724,98.09020070361338,99.50304563757251,33384200
2018-11-02,98.67578887939453,99.75400590724453,97.57897786795421,98.97322879309732,37680200
2018-11-05,99.93061065673828,100.1443918216972,98.4341141359189,98.8709805489133,27922100
2018-11-06,100.12580108642578,101.16683717118708,98.78731801570244,99.80976720960435,24340200
2018-11-07,104.06688690185547,104.32714593665378,101.68736762195445,101.72454849714376,37901700
2018-11-08,103.8716812133789,104.29925059378866,103.09090419476789,103.91815907514072,25644100
2018-11-09,101.84537506103516,103.5928335434788,101.09248188422336,103.03513463133946,32039200
2018-11-12,99.33573913574219,102.20789280152768,98.62001964873176,101.70596158884601,33621800
2018-11-13,99.40079498291016,101.07389178358157,99.12194197036824,99.96779090795914,35374600
2018-11-14,97.99116516113281,101.06243332674786,97.52440721113955,100.91306736411269,39495100
2018-11-15,100.1476058959961,100.63303825557124,97.00166120259762,98.00985317601787,38505200
2018-11-16,101.0904541015625,101.64122515347289,99.6995171786206,99.96090053357212,33502100
2018-11-19,97.66446685791016,101.34251582212343,96.66560481442251,101.07179527098859,44773900
2018-11-20,94.94792175292969,96.12415403408403,92.74482318537956,95.03194190552203,64052500
2018-11-21,96.25486755371094,97.48710880135077,95.4427057978394,96.71228855263975,28130600
2018-11-23,96.21752166748047,96.90832171309945,95.21865954343103,95.37735560001741,13823100
2018-11-26,99.39144134521484,99.54080018919646,97.62709682257942,97.823134311521,32336200
2018-11-27,100.01690673828125,100.19427706281394,98.35524934685522,99.20474522938963,29124500
2018-11-28,103.7323226928711,103.92836024018294,100.68905788710858,100.71706223355835,46788500
2018-11-29,102.8641586303711,103.73232903420391,101.78127635369195,102.99485033656839,28123200
2018-11-30,103.5176010131836,103.59228401140729,102.08932250242822,103.34023067294298,33665600
2018-12-03,104.6378173828125,105.87939551880592,103.36824202521939,105.48732046180675,34732800
2018-12-04,101.3051528930664,105.15124136591389,101.0157652129957,104.49778301666979,45197000
2018-12-06,101.93061065673828,101.97728218176425,98.0191764781838,98.78465928579362,49107400
2018-12-07,97.85115051269531,102.17332719115926,97.36572530820258,101.17446531850509,45044900
2018-12-10,100.4369888305664,100.80106664401333,96.98298227965387,97.83248530742621,40801500
2018-12-11,101.37052154541016,103.57362036470118,100.29698360460462,102.50008242389565,42381900
2018-12-12,101.82794952392578,103.87234517328211,101.79060802100265,103.51761157875755,36183000
2018-12-13,102.17333984375,103.49893819056844,101.40785688507376,102.29470150152355,31333400
2018-12-14,98.98069763183594,101.99595736307423,98.48593530492106,101.05310423467019,47043100
2018-12-17,96.04947662353516,98.76601205337496,94.94792727568718,98.4019413226777,56957300
2018-12-18,97.05767059326172,97.56177014470885,95.7040679674789,96.85229591058001,49319200
2018-12-19,96.79627227783203,99.7741833504337,94.6118412255082,96.75893078473162,68198200
2018-12-20,94.76121520996094,97.37505584853552,92.21271328713449,96.19883076614994,70334200
2018-12-21,91.69930267333984,96.15217196963808,90.9804911857377,94.8732521668397,111242100
2018-12-24,87.87186431884766,91.4565696990963,87.73184260733048,91.18584918655921,43935200
2018-12-26,93.87438201904297,93.99574367705584,87.71317683679607,88.81472618166468,51634800
2018-12-27,94.4531478881836,94.46248504226271,89.99094260804416,92.69814039588393,49498500
2018-12-28,93.71569061279297,95.60139732247933,92.90352895598785,95.30266530163419,38196300
2018-12-31,94.81723022460938,95.5920502988283,93.76235959300134,94.55584685551447,33173800
2019-01-02,94.39714813232422,94.98526069599663,92.36208280255053,92.93152817846168,35329300
2019-01-03,90.92446899414062,93.52897975146426,90.73776150201411,93.44495959946669,42579100
2019-01-04,95.1533203125,95.69476149612551,92.3527713074687,93.09025006678667,44060600
2019-01-07,95.27465057373047,96.404204196358,94.2664586018881,94.8825755223383,35656100
2019-01-08,95.96544647216797,97.05765846945678,94.9479103411205,96.18948831521553,31514400
2019-01-09,97.33769989013672,97.90714515967532,96.37617965138956,96.95496207414584,32280800
2019-01-10,96.7122573852539,96.85228621143777,95.57336671146265,96.35752386479514,30067600
2019-01-11,95.96544647216797,96.5628961350693,94.88256450680822,96.3295171379309,28314200
2019-01-14,95.26530456542969,96.03078735166115,94.52782611786404,95.12527574993925,28437100
2019-01-15,98.02853393554688,98.06587543659873,95.10662379716635,95.6947435360292,31587600
2019-01-16,98.37393188476562,99.1954306763425,97.98185680087477,98.26191450203291,29853900
2019-01-17,99.06472778320312,99.5408158503254,97.7951453598856,98.01918722218798,28393000
2019-01-18,100.54902648925781,100.7263968418376,98.86870164530524,100.31564744519525,37427600
2019-01-22,98.65397644042969,99.97956752199711,97.88849356438179,99.65283832895757,32371300
2019-01-23,99.6155014038086,99.92356342373857,98.33658179274825,99.06473032771797,25874300
2019-01-24,99.13941955566406,99.88623537932818,98.33659503798236,99.7555436785115,23164800
2019-01-25,100.044921875,100.7077174721914,99.13941008996743,100.11026771916922,31225600
2019-01-28,98.09387969970703,99.4008037467752,97.70180462223551,99.19542905224351,29476700
2019-01-29,96.09614562988281,97.99118209478706,95.37733427426666,97.90716194574514,31490500
2019-01-30,99.30744934082031,99.30744934082031,97.3937454320837,97.66446598078723,49471900
2019-01-31,97.4870834350586,98.22456198471603,96.32018834803651,96.89897087517792,55636400
2019-02-01,95.94678497314453,97.17902595765626,95.5453727595904,96.88030108632502,35535700
2019-02-04,98.70999908447266,98.76601489846026,95.93745488455511,96.03081220048003,31315100
2019-02-05,100.09159851074219,100.13827004297114,98.91536621726684,99.00871640388745,27325400
2019-02-06,98.98069763183594,99.8862092666024,98.51393964460883,99.8862092666024,20609800
2019-02-07,98.271240234375,98.56996511219202,97.35639841200666,98.19656435654291,29760700
2019-02-08,98.64466094970703,98.74734830752304,97.32840673377326,97.4497612829359,21461100
2019-02-11,98.2525405883789,99.49411834503752,97.99115729690563,99.13937777332904,18914100
2019-02-12,99.7835464477539,100.01692549868835,98.46729230400868,99.0834092949506,25056600
2019-02-13,99.7088394165039,100.61435105548549,99.61548924305627,100.35296772096744,18394900
2019-02-14,99.79287719726562,100.15694792357682,98.63531917315214,99.2420989688955,21784700
2019-02-15,101.02513122558594,101.09981423602228,100.22230666880493,100.73574346284995,26606900
2019-02-19,100.97843170166016,101.4358597044565,100.61436100370382,100.6236981586203,18038500
2019-02-20,100.45342254638672,101.1940505879116,99.64716959751549,101.11904865020766,21607700
2019-02-21,102.57217407226562,102.63779897531096,100.19091635056964,100.21904028722078,29063200
2019-02-22,104.0346908569336,104.25031250377266,102.95656116500119,103.17218996441927,27763200
2019-02-25,104.6159439086914,105.16907433232286,104.30657339140473,104.77532483571842,23750600
2019-02-26,105.33781433105469,106.16281421347584,104.22218371922284,104.30656268988359,21536700
2019-02-27,105.15970611572266,105.33783396831883,103.9503264297076,104.70970869690497,21487100
2019-02-28,105.02845764160156,105.82533374360462,104.74721103931935,105.03783467411833,29083900
2019-03-01,105.4971923828125,105.95656676708354,104.69093937629165,105.8346939740342,23501200
2019-03-04,105.24407196044922,106.17219777937459,103.87531865754117,105.9565689767055,26608000
2019-03-05,104.71908569335938,105.36596507352381,104.27846527699195,105.23471522140066,19538300
2019-03-06,104.76593780517578,105.6190687856414,104.46593719555047,104.8784407160023,17687000
2019-03-07,103.4909439086914,104.57845069909814,103.00344555088871,104.43782383446562,25339000
2019-03-08,103.60345458984375,103.79095232167597,102.00032537916432,102.33782701852631,22818400
2019-03-11,105.7784423828125,105.89093814088794,104.04406363755533,104.0534335156758,26491600
2019-03-12,106.51909637451172,106.86596791643288,105.60971729500295,105.76909109278189,26132700
2019-03-13,107.34408569335938,107.81283715926924,106.66908243803641,106.99720703365738,35513800
2019-03-14,107.42845916748047,108.00033653684577,107.1847135513358,107.38158831172028,30763400
2019-03-15,108.66595458984375,109.92220492720251,107.42844400904903,108.13157111945758,54681100
2019-03-18,110.22221374511719,110.25971471877288,108.79721250909778,108.90970827748548,31207600
2019-03-19,110.29721069335938,111.03783879618774,109.67845538495375,110.7097070797174,37588700
2019-03-20,110.17533874511719,111.32847047060031,109.4159636774695,110.05346594184644,28113300
2019-03-21,112.70659637451172,113.26909666698754,109.77220780858772,109.81908581320208,29854400
2019-03-22,109.73471069335938,112.11596162159397,109.72533366220217,112.03158979891641,33624500
2019-03-25,110.30659484863281,110.63471943371599,109.05033724099783,109.27533593468637,27067100
2019-03-26,110.54096221923828,111.29096019237413,109.5472043547793,111.20658837083518,26097700
2019-03-27,109.47221374511719,110.82222025013559,108.30033508522753,110.51284256730558,22733400
2019-03-28,109.62220001220703,110.23157824783664,108.87219492949697,110.10032843124917,18334800
2019-03-29,110.56908416748047,110.92533266185758,109.65032826266321,110.69095695836712,25399800
2019-04-01,111.58158111572266,111.66596008782498,110.71908024855877,111.51595620523364,22789100
2019-04-02,111.74098205566406,112.01285877715333,111.11284962546054,111.6191020910702,18142300
2019-04-03,112.47222900390625,112.90347949856297,111.70347687819995,112.36910310816445,22860700
2019-04-04,111.90035247802734,112.71598261795327,110.98159644158503,112.59410265702672,20112800
2019-04-05,112.39720916748047,112.7159638361207,111.90971086274557,111.92845777145209,15826200
2019-04-08,112.43473815917969,112.51910999825472,111.22535839770761,112.32223522116584,15116200
2019-04-09,111.8253402709961,112.06909301791684,111.16909112841623,111.2159619799838,17612000
2019-04-10,112.67847442626953,112.82847116904648,112.0690961183983,112.2753478982236,16477200
2019-04-11,112.80972290039062,113.29722124927135,112.42534328760176,113.00659764624126,14209100
2019-04-12,113.39097595214844,113.41910704807393,112.8472296914439,113.10035233413569,19745100
2019-04-15,113.48471069335938,113.98158600620528,113.03470622644367,113.38158481870323,15792600
2019-04-16,113.22220611572266,114.0472131290052,112.59408097793963,114.03783609860558,14071800
2019-04-17,114.15973663330078,114.23473858957212,113.00661195409484,113.66286119001852,19300900
2019-04-18,115.65972137451172,115.80034107045917,113.71909089207197,114.55346780006045,27991000
2019-04-22,116.02538299560547,116.2503817317184,114.90975204338649,114.95663005834291,15648700
2019-04-23,117.60037231445312,117.73162215522176,116.09099199303388,116.34411464235058,24025500
2019-04-24,117.19725036621094,117.98474944177441,116.73786875288543,117.92850155139992,31257000
2019-04-25,121.0784683227539,123.1597254670076,120.77847489659305,121.93159921538572,38033900
2019-04-26,121.77224731445312,122.36287870070032,120.95662439451826,121.59411948017802,23654900
2019-04-29,121.65975189208984,122.04411719828077,121.26600240186298,121.78161753812954,16324200
2019-04-30,122.43787384033203,122.53161553910437,121.30348913547223,121.6972386026946,24166500
2019-05-01,119.88785552978516,122.4847351395324,119.7191047396247,122.3722393811446,26821700
2019-05-02,118.32221984863281,120.00035061000398,117.6753406698007,119.9816037023556,27350200
2019-05-03,120.84413146972656,121.34100691733582,119.29725723549556,119.40038313812167,24911100
2019-05-06,120.14098358154297,120.52536318032503,118.22848407651986,118.49098372808857,24239800
2019-05-07,117.67535400390625,119.23161216046104,116.45660459647064,118.55660896738084,36017700
2019-05-08,117.66600036621094,118.47225349672027,116.95349610266268,117.60037544408019,28419000
2019-05-09,117.65663146972656,117.92850820952006,115.84725031719647,116.52225365012093,27235800
2019-05-10,119.18473815917969,119.93474332169248,116.0816059256272,117.10348778073639,30915100
2019-05-13,115.64096069335938,117.70347099765479,115.35033713493348,116.35346477321256,33944900
2019-05-14,116.93474578857422,118.01286845613316,115.96911174448408,116.12849268151946,25266300
2019-05-15,118.58142852783203,119.23070227302496,116.39837119308541,116.92532101806226,24722700
2019-05-16,121.31964874267578,121.74309810270357,118.9954513338714,119.2683343805284,30112200
2019-05-17,120.51042938232422,122.75935447171601,120.36927480530045,120.73625373258665,25770500
2019-05-20,118.7696304321289,120.05875903447827,118.33678365084577,119.05191806563253,23706900
2019-05-21,119.40950775146484,120.00231831892629,119.10839659638116,119.90822242903567,15293300
2019-05-22,120.13404846191406,120.67041008558014,119.05192783042168,119.14603089502997,15396500
2019-05-23,118.73199462890625,118.83550225171375,117.37699096964849,118.75081093348237,23603800
2019-05-24,118.78844451904297,119.89879308650009,118.53438493572585,119.41890196478387,14123400
2019-05-28,118.71317291259766,120.444560016894,118.60966529450872,119.48477058804367,23128400
2019-05-29,117.56520080566406,117.98863589889483,116.71832344014632,117.9792241562068,22763100
2019-05-30,118.30857849121094,118.33680654211625,117.41464953122141,117.86631988287651,16829600
2019-05-31,116.37954711914062,117.26406408349875,116.04079624679302,116.89708516829796,26646800
2019-06-03,112.76622009277344,117.02883453965536,111.98521782574865,116.53952447599198,37983600
2019-06-04,115.89024353027344,116.00315570094416,113.52839917999799,114.12120961318308,29382600
2019-06-05,118.40265655517578,118.44029634373301,116.87827742435823,117.57459556502795,24926100
2019-06-06,120.27517700195312,120.41632439765586,118.18621564690602,118.97663675540846,21459000
2019-06-07,123.64387512207031,124.44370810074517,120.6892197913941,121.56433235049462,33885600
2019-06-10,124.77308654785156,126.16572324847526,124.2084967285664,124.58488036934615,26477100
2019-06-11,124.30254364013672,126.31622536028134,123.53093885970954,125.97747449342948,23913700
2019-06-12,123.72856140136719,124.1802244811919,122.99460351236061,123.64386290793533,17092500
2019-06-13,124.50958251953125,125.1494374129066,123.79443368798024,124.1896407147318,17200800
2019-06-14,124.63190460205078,125.89280531627537,123.86971856372269,124.45311738651952,17821700
2019-06-17,125.00827026367188,125.8363167498981,124.70715200823784,124.80125505258815,14517800
2019-06-18,127.18195343017578,127.25723301641315,125.68580934375441,126.2692081894529,25934500
2019-06-19,127.68063354492188,127.90645788435931,125.91159964274695,127.03135985282113,23744400
2019-06-20,128.86624145507812,129.53433856104968,127.70884875740857,129.3367279257853,33042600
2019-06-21,128.88510131835938,129.60023578679758,128.4052101516838,128.51812234193414,36727900
2019-06-24,129.6472930908203,130.23069191056948,128.91333510529319,128.91333510529319,20628800
2019-06-25,125.55406188964844,129.46851430607614,124.89538344412291,129.14858682655137,33327400
2019-06-26,126.0245132446289,127.72768651985942,125.71400477437378,126.41973455935391,23657700
2019-06-27,126.2315444946289,126.75850152848139,125.62932224262283,126.22213993188747,16557500
2019-06-28,126.05277252197266,126.65499477812611,125.29999111225307,126.62676673159635,30043000
2019-07-01,127.67119598388672,128.63099236068155,127.00311326645344,128.5651317239984,22613500
2019-07-02,128.5181121826172,128.52751674502406,127.35130032919045,128.08525822402177,15237800
2019-07-03,129.3461456298828,129.60961690235635,128.24519466363074,128.72510004843485,13629300
2019-07-05,128.9697723388672,129.2238390991918,127.70887181565809,127.91588704879513,18141100
2019-07-08,128.87570190429688,129.00743758422283,127.37954353314429,128.34874482648078,16779700
2019-07-09,128.40518188476562,128.88507294579873,127.7841362588815,127.97232798724104,19953100
2019-07-10,129.71316528320312,130.40007171969035,128.93215578062745,129.03566341007993,24204400
2019-07-11,130.23068237304688,131.0022872725657,129.73196773627933,130.04249060866292,22327900
2019-07-12,130.70115661621094,130.91759076501245,129.86369113942004,130.6541194481418,18936800
2019-07-15,130.70115661621094,131.30337882021664,130.2871405169213,131.2092901259685,16651500
2019-07-16,128.9885711669922,130.84228899060955,128.46162862267389,130.75760487272427,22726100
2019-07-17,128.22640991210938,129.7884143648862,128.17935838491684,129.57199456953273,20211000
2019-07-18,128.36752319335938,128.555714904521,126.7208205940075,127.54888135284733,30381800
2019-07-19,128.5557403564453,132.3666842839282,128.39577665238238,131.94324926045456,48992400
2019-07-22,130.25892639160156,130.97407528530488,129.22386438151926,129.29914396812555,25074900
2019-07-23,131.0681610107422,131.72685378899644,129.88253985448742,131.51041959814708,18034600
2019-07-24,132.41371154785156,132.43253502667753,130.65409676747075,130.7011339273745,20738300
2019-07-25,131.9149932861328,132.31020018157292,131.09635145687167,132.1408175931803,18356900
2019-07-26,132.9971466064453,133.31707404360185,132.01854081099262,132.08440146776655,19037600
2019-07-29,132.7054443359375,133.15710743495026,131.14342543580088,133.1477028722185,16605900
2019-07-30,132.0655517578125,132.8841935831162,131.54801379315217,131.8679411319942,16846500
2019-07-31,128.22640991210938,132.1973175909083,127.10664961223387,132.04675844713628,38598800
2019-08-01,129.91075134277344,132.62075862086454,128.84744708416753,128.91332209684015,40557500
2019-08-02,128.81924438476562,130.15543916148184,127.27604868290362,129.9390049556382,30791600
2019-08-05,124.40605926513672,126.02451977982514,123.06046027244633,125.43171649321536,42749600
2019-08-06,126.73970031738281,127.6712547263777,125.34706380703078,125.90223462667005,32696700
2019-08-07,127.29485321044922,127.64300869947908,124.0484985455629,125.89279797503693,33414500
2019-08-08,130.69178771972656,130.78589079776512,127.90650029228253,128.53696507053607,27496500
2019-08-09,129.58143615722656,131.15285980519363,128.40521956221116,130.42830636239256,23466700
2019-08-12,127.77472686767578,129.72254801461997,127.25720316562318,128.97918560683033,20484300
2019-08-13,130.41888427734375,130.60707603564092,127.03137519555139,128.01939987425007,25154600
2019-08-14,126.49138641357422,129.2670618631319,126.1987156998724,128.73836452148703,32527300
2019-08-15,126.20816040039062,127.05786496393036,124.85809490903395,126.87848240920786,28074400
2019-08-16,128.521240234375,128.83279715118604,127.19004642779791,127.34110694611671,24449100
2019-08-19,130.67379760742188,130.80597195482486,129.23875154567287,130.14510021780998,24355700
2019-08-20,129.5880584716797,130.9570244791791,129.5691867131472,130.48497120926137,21170800
2019-08-21,131.0325469970703,131.69343313334414,130.28670913122966,130.8059706357634,14970300
2019-08-22,130.07901000976562,131.4196396923654,128.67228594838454,130.9098284520228,18697000
2019-08-23,125.93437957763672,130.61715468124206,125.3773601376089,129.5219875610384,38508600
2019-08-26,127.87922668457031,127.98307897916995,126.41585868100178,127.44494574782449,20312600
2019-08-27,128.1530303955078,129.07825079610006,127.13339357599018,128.7666939007539,23102100
2019-08-28,127.9830322265625,128.17185058251616,126.08538397946508,127.34104693513667,17393300
2019-08-29,130.39999389648438,130.70211491154487,129.25763302235376,129.57862579641338,20168700
2019-08-30,130.15451049804688,131.4007234704586,128.6533847608089,131.3724014305802,23940100
2019-09-03,128.43624877929688,129.531415835195,128.11525600957862,128.974396427874,18869300
2019-09-04,129.9374237060547,129.99406780919892,128.85169224072604,129.6258667328348,17995900
2019-09-05,132.22207641601562,132.5336331912555,131.00417134863096,131.3346142815598,26101800
2019-09-06,131.32522583007812,132.3448482188125,130.475521298236,132.20323799980014,20824500
2019-09-09,129.83355712890625,131.93891103156488,128.83280633407995,131.78785050247885,25773900
2019-09-10,128.47401428222656,129.23873824247855,126.99176016199735,129.15377211487765,28903400
2019-09-11,128.5117645263672,128.65338913649668,127.53933604167992,128.3135102404754,24726100
2019-09-12,129.83355712890625,130.68324739464651,129.21987913171608,130.14511406792434,27010000
2019-09-13,129.64471435546875,130.34334396109406,128.9366344648449,130.07899528773493,23363100
2019-09-16,128.7100067138672,129.0593214162635,128.07745725545746,128.23795358915086,16731400
2019-09-17,129.7108154296875,129.83355390726493,128.80446668358604,129.30485647450766,17814200
2019-09-18,130.7776641845703,130.91927442727277,128.89888666447607,129.68249695458798,23982100
2019-09-19,133.1851348876953,134.412462034287,132.24102821744046,132.45816871794023,35772100
2019-09-20,131.646240234375,133.73270796900792,130.52275095914575,133.1284802587071,39167300
2019-09-23,131.3629913330078,131.82560875167962,130.7021195962791,131.4479574693179,17139300
2019-09-24,129.701416015625,132.82640768180002,129.22936254566676,132.51485066291613,29773200
2019-09-25,131.5707244873047,132.13719433080792,128.42684710830753,129.81468525955654,21382000
2019-09-26,131.74063110351562,132.34485876264458,130.70212246753474,131.64622908529395,17456600
2019-09-27,130.0317840576172,132.5147887595768,129.01214731011197,132.31652005620552,22477700
2019-09-30,131.25912475585938,131.4385072947318,130.0789916379322,130.3339044250626,17280900
2019-10-01,129.40872192382812,132.41097453862955,129.3426275350606,131.85395500155775,21466600
2019-10-02,127.12393951416016,128.74780391116147,126.11375301009775,128.63451573655476,30521700
2019-10-03,128.66287231445312,129.10660365866084,125.77390783917829,127.40720855381494,24132900
2019-10-04,130.39999389648438,130.52273235959305,128.79501562026346,129.1065725148235,22897700
2019-10-07,129.45587158203125,130.45662211228984,129.36146958075318,129.4747577446553,15303700
2019-10-08,128.08697509765625,130.0601549642339,128.03976687379136,129.41816921863875,25550500
2019-10-09,130.51332092285156,130.94760195593028,129.31430132940048,129.77691881813058,19749900
2019-10-10,131.32522583007812,131.8633590682478,130.52272950654768,130.74932026289008,17654600
2019-10-11,131.87281799316406,133.14736781070172,131.70288570065244,132.28822724942597,25446000
2019-10-14,131.7500457763672,132.44867526487255,131.721723737964,131.88222009088872,13304300
2019-10-15,133.6571807861328,133.86487098858242,131.99554391914612,132.23157057357727,19695700
2019-10-16,132.5620574951172,133.1096412432137,131.73123878684268,132.92080833247604,20751600
2019-10-17,131.8822479248047,133.51554824308525,131.24969825709977,133.07181700655863,21460600
2019-10-18,129.7296600341797,132.17489208024338,128.92716385561022,131.9483013648318,32273500
2019-10-21,130.692626953125,130.75872130833844,129.35199774856565,130.71151311260294,20078200
2019-10-22,128.74783325195312,132.18438125544134,128.6439809329222,131.20251657127005,27431000
2019-10-23,129.56922912597656,129.76748349692141,128.03033035241077,129.22935008414385,29844600
2019-10-24,132.11830139160156,132.57146859962873,130.91928178098044,131.59903979598408,37029300
2019-10-25,132.86412048339844,133.25120765468353,131.4196385085285,131.5518128589766,25959700
2019-10-28,136.13072204589844,137.52799566822608,135.48872211828478,136.32897634868806,35280100
2019-10-29,134.84678649902344,136.4234432493881,134.6768397706754,136.02692009114617,20589500
2019-10-30,136.52723693847656,136.8954378848265,134.80895625156265,135.49816434559108,18496600
2019-10-31,135.35658264160156,136.82938689389925,134.99783186599444,136.80106484334937,24605100
2019-11-01,135.68701171875,136.34788350634045,134.97893171649068,136.1968229817699,33128400
2019-11-04,136.47061157226562,136.89545666002584,136.10241057541697,136.73496026713525,16912000
2019-11-05,136.3856201171875,136.91431740877906,135.86635870368838,136.86710920647536,18250200
2019-11-06,136.0079803466797,136.44227567612077,135.19604817888097,136.30065105729517,16575800
2019-11-07,136.19676208496094,136.7821177544642,135.73415924345062,135.80023918970147,17786700
2019-11-08,137.80178833007812,137.83011037203946,135.7247425467683,135.9324471250993,16732700
2019-11-11,137.94342041015625,138.23609116077284,136.64054864968358,137.21645427074083,14362600
2019-11-12,138.8498077392578,139.32186118599884,137.896250557047,138.1039552260873,18641600
2019-11-13,139.0763397216797,139.21796435399204,138.10391108467948,138.53820645547805,16919200
2019-11-14,139.78443908691406,140.1148822022975,138.7836882655932,138.80257443371022,19729800
2019-11-15,141.58766174316406,141.60654790799413,139.98268347475755,140.605782854921,23485700
2019-11-18,141.93698120117188,142.13524992356358,140.65299566327678,141.68208279428393,21534000
2019-11-19,141.9842071533203,142.87166976324727,141.80482457396164,142.4468246260913,23935700
2019-11-20,141.7378692626953,142.89359964074345,140.63899016884636,142.39152170904367,25696800
2019-11-21,141.605224609375,141.90837359464282,140.67685613813595,141.52943736305804,18576100
2019-11-22,141.70948791503906,142.3820909653867,140.9800624755118,142.16421157792695,15901800
2019-11-25,143.26309204101562,143.37678018506864,142.02210608510487,142.09789336282512,22420900
2019-11-26,144.02093505859375,144.3903889638785,143.34834652958634,143.3862329369478,24620100
2019-11-27,144.295654296875,144.46616479892097,143.53779611513806,144.30512228423004,15184400
2019-11-29,143.40518188476562,144.2767137945009,143.3104441849264,144.08725284976603,11977300
2019-12-02,141.6715545654297,143.83144065622756,140.5063562820904,143.81249022948293,27418400
2019-12-03,141.44424438476562,141.55791807680214,138.92437154168877,139.72013075078107,24066000
2019-12-04,141.95574951171875,142.2683520428285,141.33998352527908,142.23046564524972,17574700
2019-12-05,142.0315399169922,142.40100822762935,141.60524923041157,142.14522803370429,17869100
2019-12-06,143.7556915283203,143.86936520905383,142.3536631311451,143.0357341254345,16403500
2019-12-09,143.38626098632812,144.19148823597922,142.95997015913787,143.1115447281222,16687400
2019-12-10,143.16830444335938,143.8882615757259,142.8177866345623,143.31986447574164,16476100
2019-12-11,143.70828247070312,143.86932495833503,142.4104601289437,143.55670796883544,18856600
2019-12-12,145.1671905517578,145.35665148920563,143.0641408997182,143.6609421299317,24612100
2019-12-13,146.38922119140625,146.73025664985508,144.77878159231992,144.9398241067343,23845400
2019-12-16,147.33653259277344,147.68703602021847,146.66394415335506,146.9386603212284,24144200
2019-12-17,146.54080200195312,147.50707158481424,146.31344020159077,147.26075935401926,25425600
2019-12-18,146.2376708984375,147.2891958649987,146.0576779245751,146.17136606619312,24129200
2019-12-19,147.50704956054688,147.56388638841537,145.65029793884352,145.8871276915896,24958900
2019-12-20,149.11749267578125,150.1405989675378,148.0564855278811,149.06065584650722,53477500
2019-12-23,149.11749267578125,149.79008109544574,148.98486858916138,149.79008109544574,17718200
2019-12-24,149.08908081054688,149.40169784022848,148.84276859961727,149.1838040451843,8989200
2019-12-26,150.31114196777344,150.3679788093413,149.1080424864569,149.25961703393423,14520600
2019-12-27,150.5858612060547,151.14477604561935,149.88483981841782,151.05003834690453,18412800
2019-12-30,149.28805541992188,150.6427296298846,148.47336018695765,150.61431120530008,16348400
2019-12-31,149.3922119140625,149.4585311862097,148.2080630966477,148.51121213227788,18369400
2020-01-02,152.15838623046875,152.2625919076215,149.9890318942147,150.4153225898607,22622100
2020-01-03,150.26376342773438,151.52369966939423,149.7332670007078,149.9795792382155,21116200
2020-01-06,150.65216064453125,150.718479922249,148.26491238072057,148.80489122518964,20813700
2020-01-07,149.278564453125,151.25845815414866,149.03226665965386,150.92690510004644,21634100
2020-01-08,151.65631103515625,152.32891395537885,149.62904874222338,150.55741741152548,27746500
2020-01-09,153.55091857910156,153.67407466292312,152.54676284777327,153.3140888517151,21385000
2020-01-10,152.84046936035156,154.6214340015497,152.68889482600636,154.24251212062987,20725900
2020-01-13,154.6782684326172,154.70668685049705,152.7646797173632,153.23833928861814,21626500
2020-01-14,153.58883666992188,154.98139677965818,153.20043240422595,154.7824534261497,23477400
2020-01-15,154.58351135253906,155.3034830617299,154.00566062481232,154.05301501204548,21417900
2020-01-16,157.41600036621094,157.4823196362133,155.3887382345589,155.69188726038482,23865400
2020-01-17,158.2970428466797,158.64754632231816,156.71500707487465,158.60017747170502,34371700
2020-01-21,157.7286376953125,159.32960936368943,157.66231841676765,157.89914820309696,29517200
2020-01-22,156.97079467773438,158.66650420670973,156.9518442456102,158.58123448962317,24138800
2020-01-23,157.93704223632812,158.0128294992705,156.5634324259856,157.43496426740944,19680800
2020-01-24,156.3455047607422,158.70433402348226,155.78659007941053,158.68538359811564,24918100
2020-01-27,153.73097229003906,154.77302928468092,151.76054644422686,152.66049687326566,32078100
2020-01-28,156.743408203125,157.02759233935902,154.47931636983554,155.15190476551047,24899900
2020-01-29,159.18746948242188,159.86007229491779,156.96127863009366,158.9980085840233,34754500
2020-01-30,163.67779541015625,164.88089473268496,161.7926251689453,164.88089473268496,51597500
2020-01-31,161.26211547851562,163.31779605239475,160.6463638869867,163.13781757767464,36142700
2020-02-03,165.19351196289062,165.30718563115278,161.4231714761802,161.45158989324574,30107000
2020-02-04,170.63108825683594,171.12369816863662,167.02180529379913,167.8080817735197,36433300
2020-02-05,170.42271423339844,174.4961895872338,169.01121791022703,174.33514706166798,39186300
2020-02-06,173.9562225341797,174.13621548794777,170.5742861837626,171.43635009131322,27751400
2020-02-07,174.20252990722656,175.85087054547617,172.86680634459037,173.21732428358098,33529100
2020-02-10,178.75912475585938,178.89174886166035,173.5962381626121,173.90885522377374,35844300
2020-02-11,174.7235565185547,180.6537695392819,173.8330741528824,180.6064006880335,53159900
2020-02-12,174.9793243408203,176.0592675799467,172.2699910279323,175.80348736530172,47062900
2020-02-13,174.03207397460938,176.4193087381768,173.23631459847164,173.4352580562432,35295800
2020-02-14,175.5856170654297,175.64245390384997,173.02784369696806,173.59624099105812,23149500
2020-02-18,177.36656188964844,177.81180305026547,175.727703793834,175.83190947940273,27792200
2020-02-19,177.8984832763672,178.75339330512708,177.1290613515988,178.63940916647175,29997500
2020-02-20,175.18177795410156,177.87001544081576,172.02809549780588,177.5850405545757,36862400
2020-02-21,169.64381408691406,174.30785891305882,168.3709427375459,173.99438799966083,48572600
2020-02-24,162.32949829101562,165.8061590689165,155.05321204946463,159.3657950675832,68311100
2020-02-25,159.6508331298828,166.08169133903291,159.2518595430359,165.47375160376006,68073300
2020-02-26,161.6456298828125,164.58083826118965,159.78382076998352,161.20868089476,56206100
2020-02-27,150.25624084472656,158.66292127296975,150.06626239603057,155.13877539221548,93174900
2020-02-28,153.8943634033203,155.50921622258826,144.38580353335962,144.7752687189207,97012700
2020-03-02,164.1343231201172,164.2578155923196,154.17930794633403,157.02902719219887,71030800
2020-03-03,156.26914978027344,166.23367652237985,154.13185965355714,165.0937913536831,71677000
2020-03-04,162.0065460205078,162.1490261885452,157.32349974057868,160.04974107587717,49814400
2020-03-05,157.9409637451172,162.31052511256803,157.39001621509487,157.73198314771483,47817300
2020-03-06,153.4764404296875,154.939290445947,148.1854528791767,154.46433707133426,72821100
2020-03-09,143.07492065429688,149.84775902864055,142.48598322850134,143.435889783358,70419300
2020-03-10,152.85899353027344,152.96348385327482,144.93677465901976,150.23725610009342,65354400
2020-03-11,145.9341278076172,149.80023939633622,143.57834945221603,149.25880027453712,56371600
2020-03-12,132.09405517578125,145.7822174959614,131.63810390848047,138.0214796284092,93226400
2020-03-13,150.87367248535156,153.79938665871734,133.68035660445514,140.11122857796408,92727400
2020-03-16,128.63633728027344,141.86854244359614,128.23737828715525,132.98691081630918,87905900
2020-03-17,139.22781372070312,140.111219878546,128.23738768544888,132.98692056268771,81059800
2020-03-18,133.36691284179688,138.68639687590408,128.25642396381357,131.08714225256688,81593200
2020-03-19,135.56117248535156,142.6284651649305,132.0370127460227,135.61816456023482,85922700
2020-03-20,130.46963500976562,139.7312213571772,129.05426941663163,138.68631863816285,84866200
2020-03-23,129.16827392578125,133.52835551035776,125.88160575331062,130.1466764014955,78975200
2020-03-24,140.90914916992188,142.10604082694735,134.19331668258258,136.5490811192796,82516700
2020-03-25,139.56024169921875,146.59905135729474,137.204477967515,141.4505605875255,75638200
2020-03-26,148.2899627685547,148.8124144484527,140.9376783414057,140.96617438808843,64568100
2020-03-27,142.20098876953125,147.13100542904672,141.72603555754588,144.14829983755556,57042300
2020-03-30,152.2035369873047,152.55501230058746,142.49548995938957,144.8037706334884,63420300
2020-03-31,149.80979919433594,156.52563234720105,148.71739774047174,151.4151294187409,77927200
2020-04-01,144.49026489257812,149.84773647586877,143.2648919987837,145.33568101938462,57969900
2020-04-02,147.48248291015625,147.69146350670735,142.8279467020778,144.25280649978632,49630700
2020-04-03,146.12411499023438,149.49628588002253,144.56626894886142,147.33050027358752,41243300
2020-04-06,156.9910430908203,158.15942396618635,149.68626016931051,152.28900906098028,67111700
2020-04-07,155.30026245117188,161.48415028222087,155.08177345892028,161.0946850293483,62769000
2020-04-08,156.85809326171875,158.3209431578964,155.30974074936518,157.3710364866465,48318200
2020-04-09,156.86753845214844,158.98582561353126,155.1482102296076,158.0264253911556,51385100
2020-04-13,157.21900939941406,157.27601596103173,154.1698178490686,156.11712894664603,41905300
2020-04-14,164.99876403808594,165.04626226424094,159.58429962815816,160.53420617356386,52874300
2020-04-15,163.26992797851562,164.8752722248114,160.76217548860208,162.6239840446775,40940800
2020-04-16,168.17149353027344,168.3994763803159,164.23887995721287,165.56875817415263,50479600
2020-04-17,169.65338134765625,170.983245235046,167.0601250256023,170.50829177605976,52765600
2020-04-20,166.2906494140625,169.79580713643446,166.22416348822875,167.7820097543469,36669600
2020-04-21,159.41331481933594,164.9702591139394,157.78896833665317,164.80877674925068,56203700
2020-04-22,164.8278045654297,165.28375569511513,162.26305953111464,162.8044987799114,34620200
2020-04-23,162.83297729492188,166.29063651962912,162.34853017767068,165.38822820580504,32790800
2020-04-24,165.80621337890625,165.8157072276836,162.15857521767563,163.4409405350451,34277600
2020-04-27,165.33123779296875,168.03846276162992,164.61880788104367,167.74399405047532,33194400
2020-04-28,161.30361938476562,166.87007201792395,160.9046603967209,166.7940777590931,34392700
2020-04-29,168.5419158935547,168.779392536246,163.26994602134675,164.54281734751044,51286600
2020-04-30,170.23277282714844,171.36314953679909,167.40204064561368,170.98319268415977,53875900
2020-05-01,165.82525634765625,169.69136993685566,165.29329630237763,166.9936377893026,39370500
2020-05-04,169.8812713623047,170.03325987772834,165.09374908184085,165.74918687198553,30372900
2020-05-05,171.70509338378906,174.45032258360467,170.8881732156213,171.57210705382792,36839200
2020-05-06,173.39596557617188,174.9728142035313,172.5315614803006,172.95901660365254,32139300
2020-05-07,174.40284729003906,175.3052556080261,173.4339385566434,174.94428648306186,28316000
2020-05-08,175.42872619628906,175.73270323488325,174.17485714814552,175.71370104636537,30877800
2020-05-11,177.3855743408203,178.11699203070202,173.69043802497885,173.97539842652998,30892700
2020-05-12,173.36746215820312,177.67053823942587,173.16798987319115,177.4425699136979,32038200
2020-05-13,170.7457275390625,174.83032920522427,167.69652068640866,173.4054691701278,44711500
2020-05-14,171.48663330078125,171.63862183186455,166.87958060148486,168.64640741566177,41873900
2020-05-15,173.9849090576172,177.6895392707551,168.13348049505922,170.0902859150462,46610400
2020-05-18,175.64724731445312,176.87262055157336,174.74483886920328,176.44516544534193,35264500
2020-05-19,174.43133544921875,177.25255891726619,174.29834911883097,175.76119875309638,26799100
2020-05-20,176.85081481933594,177.0318020320773,175.2124241516012,176.04113977332156,31261300
2020-05-21,174.7266387939453,177.81291307895333,174.5932820706001,176.6031677448123,29119500
2020-05-22,174.80284118652344,175.70777736396283,173.878864430985,174.49803205422208,20826900
2020-05-26,172.95489501953125,177.65096998396217,172.50719436134594,177.4985581567519,36073600
2020-05-27,173.1835479736328,173.35501496219732,168.2207581533868,171.6499380419208,39517100
2020-05-28,172.79293823242188,175.4124564029149,171.821345594234,172.1642649179447,33810200
2020-05-29,174.55519104003906,175.52679835595217,171.8499462743446,174.0598598251902,42130400
2020-06-01,174.15513610839844,174.31706825276393,172.85014412835073,173.87888780610865,22622400
2020-06-02,176.13641357421875,176.22213977548927,172.74533039924086,175.50772569531836,30794600
2020-06-03,176.5650634765625,177.11754545638277,174.86952184719328,176.0506917214427,27311000
2020-06-04,174.2408447265625,177.0222953752069,173.65026702031676,175.5553713989603,28761800
2020-06-05,178.31776428222656,178.82261577227575,173.3740161676006,173.9550735758374,39893600
2020-06-08,179.42271423339844,179.60370145806192,175.6887117435754,177.11753989433996,33211600
2020-06-09,180.7943878173828,181.65167887606577,178.3748973930078,179.07979116522557,29783900
2020-06-10,187.50035095214844,189.10064603035806,181.9469704923257,182.0612866274209,43872300
2020-06-11,177.43190002441406,186.4716109809636,177.2413924938844,183.96640861165238,52854700
2020-06-12,178.83212280273438,182.62327580090312,176.3935774041009,181.49925685081865,43373600
2020-06-15,179.97518920898438,181.7659917395545,175.2790999776886,175.82206163060056,32770200
2020-06-16,184.38552856445312,186.30015317328437,182.37564292571702,183.7377855376434,42556700
2020-06-17,185.02374267578125,187.0050529757738,184.4998360641594,185.77625251080684,25687800
2020-06-18,187.0050048828125,187.16693696934297,184.79507739296074,184.79507739296074,23061600
2020-06-19,185.8905792236328,189.83414524257645,185.14758957765756,189.1673615262903,44441100
2020-06-22,191.0534210205078,191.2343937475536,185.9667807124898,186.50020767278062,32818900
2020-06-23,192.32974243164062,194.2729417589052,191.87250709069465,192.50119478340483,30917400
2020-06-24,188.45289611816406,193.60620625264835,187.2336306437843,192.03450116709675,36740600
2020-06-25,190.83428955078125,191.09148269469972,186.1953653454678,188.41481354457534,27803900
2020-06-26,187.01455688476562,190.40564005963446,185.6333592367713,190.25322823418622,54675800
2020-06-29,189.0244598388672,189.11018604803854,184.36648018824906,186.49066751265465,26701600
2020-06-30,193.85391235351562,194.7016833148076,188.35769607555034,188.4910528154796,34310300
2020-07-01,194.98744201660156,196.55916194472687,192.19647091012706,193.50146283713315,32061200
2020-07-02,196.47340393066406,198.1499050400059,195.27319343767005,195.92092193188483,29315800
2020-07-06,200.7027130126953,201.11231795021436,198.21655159338107,198.92144533933973,31897600
2020-07-07,198.3689422607422,204.48432399466574,198.12128398792274,200.46455362976818,33600700
2020-07-08,202.73170471191406,203.1412952180682,198.78813883046487,200.10266563587942,33600000
2020-07-09,204.15098571777344,206.11324083997917,201.4362062503847,206.06561032506502,33121700
2020-07-10,203.5318145751953,203.9223644420307,201.0647080140899,203.48418406110454,26177600
2020-07-13,197.24497985839844,205.5607560236362,196.70201815845206,204.30338021415548,38135600
2020-07-14,198.46429443359375,198.94057062418574,192.4441564078092,196.34962698458173,37591800
2020-07-15,198.16891479492188,201.30281906359042,195.30173846244642,199.61679792738738,32179400
2020-07-16,194.2444305419922,195.93997218751295,192.7108210160108,195.6542036387055,29940700
2020-07-17,193.25376892089844,195.31127034893814,191.8344611018104,194.7683232262637,31635300
2020-07-20,201.56004333496094,202.22682694154088,193.37760921523997,195.27319325053878,36884800
2020-07-21,198.8452606201172,203.78900858696974,198.1594219117219,203.52229514868182,37990400
2020-07-22,201.7029266357422,202.22683324824817,198.50235068955192,199.27391563942754,49605700
2020-07-23,192.92990112304688,200.91229258668062,192.55840637545583,197.35927722794668,67457000
2020-07-24,191.74874877929688,193.2347277928302,188.13856802751238,190.91049824456846,39827000
2020-07-27,194.1777801513672,194.29208176915887,191.32964371811065,191.91070116654112,30160900
2020-07-28,192.43460083007812,194.98743376683993,192.16788737503714,193.949155350088,23251400
2020-07-29,194.37782287597656,194.9398252529052,192.42508772525025,192.89184359165247,19632600
2020-07-30,194.2253875732422,194.75882901393874,190.10084934195524,191.4629920099021,25079600
2020-07-31,195.28269958496094,195.3684403198741,189.56738702018401,194.70164222615028,51044000
2020-08-03,206.265625,207.3134381221961,200.455065920416,201.48382393090174,78983000
2020-08-04,203.1698455810547,204.57963325518696,200.3312441892674,204.0080961402909,49280100
2020-08-05,202.8364715576172,204.79872680046398,201.53147967053414,204.703465764779,28806400
2020-08-06,206.08465576171875,206.1036963389564,201.51240270569892,202.2649124807569,32656800
2020-08-07,202.39825439453125,205.46547314134574,200.9217958182413,204.6558126241995,27820400
2020-08-10,198.3689422607422,201.82671046724803,196.55909938176273,201.6266681637787,36716500
2020-08-11,193.73007202148438,197.79745947005014,193.50145425985625,197.33071819206666,36446500
2020-08-12,199.264404296875,200.30268274431842,195.03507004935855,195.54944186077296,28013100
2020-08-13,198.7976531982422,201.32192540104853,198.27374654975077,199.50254710119373,22588900
2020-08-14,198.98812866210938,199.6453919392723,197.6640818192709,198.85477194897427,17958900
2020-08-17,200.30262756347656,201.16945334658018,199.00715629981508,199.65489919904064,20184800
2020-08-18,201.45523071289062,202.28394631410026,199.28341328332795,200.54077438396357,21336200
2020-08-19,200.23301696777344,202.52467686717384,199.80333528973762,201.9422149485262,27627600
2020-08-20,204.89273071289062,205.29376795305888,199.47870611572912,200.08025469101796,26981500
2020-08-21,203.40313720703125,206.48731357999966,203.24081366844612,204.20521159883737,36249300
2020-08-24,204.04293823242188,205.79032438204533,202.83981177895026,205.0932698409318,25460100
2020-08-25,206.6973876953125,206.83106676380277,203.47953218027314,203.47953218027314,23043700
2020-08-26,211.16612243652344,212.0636882339954,207.54722933961594,208.04375788990563,39600800
2020-08-27,216.35098266601562,220.71466112899327,209.49511824885343,212.82756644310686,57602200
2020-08-28,218.57582092285156,220.22771568625402,216.35100743795786,217.87876641205395,26292900
2020-08-31,215.34841918945312,218.37530740038187,214.18349507421502,216.7520570238805,28774200
2020-09-01,217.0098419189453,217.18170877943533,214.29804337071027,215.3292882434317,25725500
2020-09-02,221.19207763671875,222.34745819379427,217.08621422726705,217.67821945804036,34080800
2020-09-03,207.48992919921875,218.9577288996764,205.2555726982678,218.91954112244858,58400300
2020-09-04,204.57766723632812,208.5021215523403,195.92668396583133,205.3892997487849,59664100
2020-09-08,193.51084899902344,200.5481231847253,193.071609444414,197.17748739866187,52924300
2020-09-09,201.75128173828125,205.14101948557266,197.3685013238326,198.2278794601493,45679000
2020-09-10,196.09857177734375,205.04557326711551,194.89545969129225,203.7660564607582,35461500
2020-09-11,194.81903076171875,199.21136882938845,192.15499218362683,197.8459188393803,33620100
2020-09-14,196.13673400878906,199.75562740153794,194.81902968180668,195.01955560675427,30375800
2020-09-15,199.35459899902344,200.30945387096816,197.58811165795407,199.01085066232616,21823900
2020-09-16,195.79296875,201.14014659025136,195.40147480702015,201.11150211344088,26328100
2020-09-17,193.74957275390625,195.1054646940721,190.93275427264976,191.01868769979,34011300
2020-09-18,191.34335327148438,194.4561746821562,187.3902549723177,193.6445568420673,55225300
2020-09-21,193.39627075195312,193.55860887771348,187.5143766837805,188.28780668448618,39839700
2020-09-22,198.0559539794922,198.70526273170444,192.95703353650538,195.80249637462492,33517100
2020-09-23,191.53431701660156,198.70528574638803,190.99960067045066,198.51430313425325,30803800
2020-09-24,194.01693725585938,196.2894962029977,190.20706159211466,190.82772591604362,31202500
2020-09-25,198.4379425048828,199.60285202097856,193.39629547770284,194.360708203797,29437300
2020-09-28,199.98480224609375,202.9735025909273,198.66709788985403,201.3597955621824,32004900
2020-09-29,197.90322875976562,200.58638336825445,197.47354695261768,199.89888664884572,24221900
2020-09-30,200.83460998535156,202.41011456289073,197.21570216747432,198.35198170021263,33829100
2020-10-01,202.86843872070312,204.32936526589785,201.77990493075555,203.85193790943092,27158400
2020-10-02,196.88148498535156,201.4647902745246,196.2608207134227,198.60976959147385,33154800
2020-10-05,200.88233947753906,200.91098395337687,197.63582470662806,197.8649950832573,21331600
2020-10-06,196.61416625976562,200.6913859913485,195.57337796687514,199.39279737852067,28554300
2020-10-07,200.35714721679688,200.62450534554185,197.38754875759162,197.7121958325069,25681100
2020-10-08,201.0733184814453,201.6557804718175,198.91535195429182,201.006471654224,19925800
2020-10-09,206.06719970703125,206.1149453581554,201.69396323673163,201.69396323673163,26458000
2020-10-12,211.40484619140625,213.75379540238984,207.02206617071406,208.9126745888685,40461400
2020-10-13,212.79896545410156,215.0428803166582,210.47866045048664,212.66528634973199,28950800
2020-10-14,210.88922119140625,214.09753374216916,209.23732654938445,212.93260977868263,23421700
2020-10-15,209.74339294433594,210.41178833961618,206.25816444692333,207.29896717306707,22733100
2020-10-16,209.74339294433594,212.25465097016937,209.4187458337608,210.21126243606867,26057900
2020-10-19,204.5490264892578,212.26425615574857,204.0715990190784,210.4691242054964,27625800
2020-10-20,204.9595489501953,207.55675481644911,203.46997799718156,206.05764056191512,22753500
2020-10-21,205.10281372070312,207.12710123202376,203.49865008216514,203.49865008216514,22724900
2020-10-22,205.18873596191406,206.30591426730527,202.14274698836158,204.27206899419642,22351500
2020-10-23,206.46824645996094,206.5159921132841,203.53684984099252,205.32242362984323,18879600
2020-10-26,200.5959014892578,206.57328739211215,198.70529303319933,204.19570822507853,37111600
2020-10-27,203.62278747558594,204.9786795523544,200.8346131891416,202.03772500009524,36700300
2020-10-28,193.52996826171875,199.4118774599647,192.97616528668934,198.29469906700677,51195600
2020-10-29,195.47787475585938,197.9986908313189,194.18881495491607,194.8572249672143,31432600
2020-10-30,193.3294219970703,195.06724988232443,190.6080804187681,194.3129211201927,36953700
2020-11-02,193.19577026367188,196.01258896348594,191.0855347795148,195.0672774818165,30842200
2020-11-03,197.11068725585938,198.72439434547238,193.95011991226437,194.6853622545586,27512000
2020-11-04,206.62100219726562,208.46387929331624,202.83022797821783,204.3580012836507,42311800
2020-11-05,213.20953369140625,214.00206496769775,211.16614488901527,212.0159651252917,36080100
2020-11-06,213.62013244628906,214.23123897961761,208.18700591079525,212.2260379268585,25231900
2020-11-09,208.53070068359375,217.82143209246186,208.0437300706879,214.30757407086816,44395000
2020-11-10,201.48390197753906,206.72605996738244,200.252145721527,204.81635040648283,44045100
2020-11-11,206.77378845214844,208.19651263213743,202.62016467409236,202.80158939850273,29440800
2020-11-12,205.71388244628906,209.21819716662446,204.7781289947096,207.40397920969534,21593900
2020-11-13,206.735595703125,207.60451701831292,204.4916957931553,206.5923733192708,18621100
2020-11-16,207.42312622070312,207.9101115453344,204.83547759620686,205.16966806985056,24953300
2020-11-17,204.7781524658203,207.85277130198583,204.41530300487557,206.34411364526463,24154100
2020-11-18,202.0784149169922,205.99399180635928,201.93480295916703,204.53880869388323,28372800
2020-11-19,203.3612518310547,203.94523869108724,200.9774337417931,202.36560952624848,24792700
2020-11-20,201.41786193847656,204.19418482435066,201.0444941764718,203.1506716700391,22843100
2020-11-23,201.1497802734375,203.23680633815258,199.28294168158865,201.9539546502228,25683500
2020-11-24,204.73983764648438,205.11320532389465,199.95306506016246,200.65192976750566,33979700
2020-11-25,204.74945068359375,206.10889264226566,203.39959162135418,205.93657580336972,21012900
2020-11-27,206.0514373779297,207.04709439516884,204.91218300631596,205.68765254415658,14512200
2020-11-30,204.94090270996094,205.60146510182233,201.84863688732,204.96962217882137,33064800
2020-12-01,206.98963928222656,208.05230344579502,204.25160461083848,205.36212481674454,30904500
2020-12-02,206.1854705810547,206.28121189127353,203.72507667561828,205.71637614197203,23724500
2020-12-03,205.10365295410156,207.15239119571092,204.53880264294833,205.4578694783947,25120900
2020-12-04,205.2185516357422,206.19505750838957,204.08886550697892,205.08452256365908,24666000
2020-12-07,205.1514892578125,206.34818238211466,203.90694009499458,205.22807937073628,24620000
2020-12-08,206.79820251464844,207.6981183527373,203.81126025041706,204.8452051745144,23284100
2020-12-09,202.76771545410156,206.05143485387185,202.20287972305044,205.9844276253421,32440600
2020-12-10,201.5423126220703,203.9931382813653,201.38913236634608,202.73900597977865,26733300
2020-12-11,204.1654510498047,204.22290460061276,200.19243502451116,201.09235074888988,30979400
2020-12-14,205.06533813476562,206.9896300960847,203.80163774686156,204.01225691285737,28798400
2020-12-15,204.99832153320312,206.23330239723967,203.18892213217688,205.99396377483902,27000600
2020-12-16,209.92872619628906,210.7233323076712,205.5631913355503,205.5919108063652,35023300
2020-12-17,210.062744140625,211.47005656833366,208.62671224362202,210.49355078811152,32515800
2020-12-18,209.2681427001953,210.32123862452005,206.80774892510524,209.2681427001953,63354900
2020-12-21,213.0975799560547,214.44745359399022,208.01402881752463,208.27251867774226,37181900
2020-12-22,214.38998413085938,216.0079156868305,212.38911659121038,213.19329092177676,22612200
2020-12-23,211.59454345703125,214.0262180085377,211.38392425082907,213.59541130787824,18699600
2020-12-24,213.25074768066406,214.0740732616441,211.7668450557722,211.97746424681867,10550600
2020-12-28,215.3665008544922,216.39086269746974,213.50923056206076,214.87824065113975,17933500
2020-12-29,214.59103393554688,217.4918172885593,214.0453493940068,216.65892343712179,17403200
2020-12-30,212.2263641357422,216.00792655313228,212.02532784702316,215.62497594211862,20272300
2020-12-31,212.93484497070312,213.49011248709138,210.31168765702222,212.24554837160557,20942100
2021-01-04,208.40652465820312,213.4900752334204,205.64933874293737,213.04011740396882,37130100
2021-01-05,208.60755920410156,209.20112898306692,206.50138202886356,207.9948528511583,23823000
2021-01-06,203.19850158691406,207.2576901048468,202.90172401611616,203.12191147056765,35930700
2021-01-07,208.98092651367188,209.98615175233365,204.59625535727284,204.9121695160989,27694500
2021-01-08,210.2542724609375,211.17333956625302,207.77472684666355,209.35435654333665,22956200
2021-01-11,208.21507263183594,209.5745145115379,207.4874737327891,209.1532761190525,23031300
2021-01-12,205.7642059326172,207.84167815630275,204.22287913451353,207.26725958443384,23249300
2021-01-13,207.11410522460938,207.51619243191996,204.8068769704024,204.8930499925977,20087100
2021-01-14,203.9356689453125,208.1863254557164,203.66761084177992,206.70242299168677,29480800
2021-01-15,203.5814208984375,205.36210078555595,202.98786580542128,204.41432921549068,31746500
2021-01-19,207.20982360839844,207.72678864400729,203.56230506672608,204.63453750092,30480900
2021-01-20,214.77293395996094,216.16109525037086,208.02358090402097,208.4160998078411,37777300
2021-01-21,215.3760986328125,216.64938219947808,212.93484110598976,215.11760876082386,30709400
2021-01-22,216.31430053710938,220.2586119985924,216.17070316936838,217.39611606767164,30172700
2021-01-25,219.74159240722656,219.9809310487722,214.65804199808883,219.3490735291546,33152100
2021-01-26,222.42221069335938,224.19330805574725,220.26816270078035,221.97225283293037,49169600
2021-01-27,222.96791076660156,230.18637361109083,220.3256169707931,227.85042573267413,69870600
2021-01-28,228.7407684326172,232.2925610607269,225.064529617763,225.56235818896445,49111200
2021-01-29,222.06800842285156,227.86957571864957,221.4840214563199,225.92614679568288,42503100
2021-02-01,229.4300537109375,232.15852051694344,222.51795143659126,225.03579903471945,33314200
2021-02-02,229.29603576660156,231.97663204495075,228.51101245118528,231.0097089858927,25916300
2021-02-03,232.63717651367188,234.63804419667926,229.05666491665414,229.3534571245512,27158100
2021-02-04,231.68939208984375,232.86694881954378,230.11933105831628,232.31168137316456,25296100
2021-02-05,231.8712921142578,232.90523688390178,230.16720201467962,231.9000115849641,18054800
2021-02-08,232.12979125976562,233.2881822461942,230.54057897933532,232.78078543262248,22211900
2021-02-09,233.3743438720703,234.32211561321034,231.0862668747444,231.55536129754788,23565000
2021-02-10,232.46485900878906,235.43264960639695,230.61715697080717,234.55188509696072,22186700
2021-02-11,234.0636749267578,234.6955179780866,231.8234536441525,234.34130138481862,15751100
2021-02-12,234.54234313964844,234.83912077191874,232.37871207689895,233.5275348439118,16561100
2021-02-16,233.3073272705078,235.6337066860198,232.56059180579354,234.5806107188213,26728500
2021-02-17,234.32443237304688,234.4299845061486,231.19627360195776,231.5609109057121,21653500
2021-02-18,233.93101501464844,234.06535276526913,231.11951257604537,232.02150089094852,16925600
2021-02-19,231.22508239746094,233.9982091087317,230.46702209962763,233.89265696504796,25262600
2021-02-22,225.02630615234375,228.30799807606732,223.0016349040027,227.81862797364326,36446900
2021-02-23,223.83645629882812,225.33336682720707,219.48004782088785,221.01534892993712,30228700
2021-02-24,225.06468200683594,225.68838982058668,219.73912389245297,220.7082737093452,26339700
2021-02-25,219.72955322265625,225.10307807896038,218.66444150450877,222.69458880716616,39542200
2021-02-26,222.98248291015625,225.85155697990797,220.25732229386043,222.16685132625005,37819200
2021-03-01,227.35804748535156,227.86661288751642,223.7213085056627,226.36009733043844,25324000
2021-03-02,224.4122314453125,227.70352896334748,224.0092181119914,227.42524843971077,22812500
2021-03-03,218.35736083984375,224.13391321847823,218.06949005706758,222.7713404645017,34029500
2021-03-04,217.56089782714844,223.08796932062842,215.19078494690964,217.57050279180882,44727800
2021-03-05,222.23399353027344,223.8364561921573,217.3018581200775,220.23810794614715,41872800
2021-03-08,218.1942596435547,223.93242202512073,217.9447794153884,222.0133028006234,35267400
2021-03-09,224.32583618164062,225.86113735770795,222.30116489353895,223.46223842117595,33080500
2021-03-10,223.02085876464844,227.41564385006524,222.65622140139538,227.41564385006524,29746800
2021-03-11,227.54037475585938,229.4978699157633,224.83440963059357,225.4581321614422,29907600
2021-03-12,226.2161407470703,226.28331693671527,223.79804682901204,224.5465020300299,22653700
2021-03-15,225.3141632080078,225.6788005023142,222.4354847162398,225.4581059176258,26034900
2021-03-16,228.09693908691406,230.3518955608736,226.39851434535458,226.72476112413224,28092200
2021-03-17,227.45399475097656,228.90293907696545,223.79807512037002,226.5999873166399,29562100
2021-03-18,221.3895721435547,224.71924482700015,221.01534451892877,223.15515813452234,34833000
2021-03-19,221.03460693359375,223.06886903479855,220.07504712861478,221.67751024592317,46430700
2021-03-22,226.44644165039062,227.31962962902716,220.8330129672316,220.9577603820577,30127000
2021-03-23,227.97218322753906,231.30185638179913,227.48281307743645,227.8858263731183,31638400
2021-03-24,225.93788146972656,228.37515610513233,225.80354372827452,228.2312280399036,25620100
2021-03-25,222.94407653808594,227.35805660601366,222.20522617954543,225.78437942941395,34061900
2021-03-26,226.91664123535156,227.13735047675794,222.18601962035427,222.18601962035427,25479900
2021-03-29,225.72682189941406,227.22373264099474,222.50270082457934,227.02221866806568,25227500
2021-03-30,222.47390747070312,224.3930267427671,221.7542377436791,224.08596063121217,24792000
2021-03-31,226.23536682128906,229.4307019873928,222.9920507477263,223.49102583020917,43623500
2021-04-01,232.54925537109375,233.0194301648767,228.42314650954665,228.82615975066759,30338000
2021-04-05,238.9975128173828,239.85152026219762,232.88510830575663,232.94267953817064,36910600
2021-04-06,237.8364715576172,239.3141870764356,236.89610713655097,237.59658162885503,22931900
2021-04-07,239.79393005371094,240.7822752368662,237.1935318252326,237.7884540717137,22719800
2021-04-08,243.0084686279297,243.8624760860077,241.8090191282854,242.54788411974718,23625200
2021-04-09,245.5033416748047,245.63767943978883,242.23123976274744,242.64384338315648,24326800
2021-04-12,245.5609130859375,247.24974743747651,244.3230729403919,244.4094444364362,27148700
2021-04-13,248.03651428222656,248.7082176144508,246.4436420720802,246.85627489335369,23837500
2021-04-14,245.25381469726562,248.36277817763542,244.84121113085754,247.06739624976979,23070900
2021-04-15,249.00576782226562,249.41837150777954,247.3073575201988,247.49925190992008,25627500
2021-04-16,250.19558715820312,250.44508205125322,247.18258492336514,248.97695687953168,24878600
2021-04-19,248.2764129638672,250.90562587805667,247.39363463217305,249.66778593713443,23209300
2021-04-20,247.81585693359375,249.67740478959612,246.45326949789063,247.39364839202,19722900
2021-04-21,250.0420379638672,250.1379997844997,246.84671724920173,248.46837538255164,24030400
2021-04-22,246.7699432373047,251.19349872251507,245.30180365019515,249.6869831956242,25606200
2021-04-23,250.58897399902344,250.9344306690591,246.86587820955702,247.4512247703219,21462600
2021-04-26,250.9728240966797,251.82684627305457,249.64865632842103,251.07839088950067,19763300
2021-04-27,251.37574768066406,252.54641118257857,249.6005571423656,251.00150550254997,31014200
2021-04-28,244.26548767089844,246.1654262072266,242.72059614037644,245.72400771033827,46903100
2021-04-29,242.29840087890625,245.74323113487725,238.93035179332017,245.12911354726194,40589000
2021-04-30,241.98171997070312,242.84533234959014,239.5060692196905,239.64040697084403,30945100
2021-05-03,241.6746826171875,244.06399130382755,240.96460323871534,243.1523979660195,19626600
2021-05-04,237.769287109375,241.05099410582295,235.82138212667073,240.82069451117363,32756100
2021-05-05,236.502685546875,239.41015032943804,235.8789775850692,238.98794170962884,21901300
2021-05-06,239.63079833984375,239.7555457646202,234.79462473056245,236.4834442394811,26491100
2021-05-07,242.25042724609375,244.0160134266029,241.01258714133363,241.95295146590863,27032900
2021-05-10,237.1839599609375,241.54995953059446,237.1263887215293,240.72473760173244,29299900
2021-05-11,236.2723388671875,236.62738584949687,232.76036211665323,234.66028588552803,33641600
2021-05-12,229.33473205566406,234.49716711113675,228.44234870372256,232.37653406692775,36684400
2021-05-13,233.20176696777344,235.66784215247608,231.6568754357032,232.0215127667873,29624300
2021-05-14,238.11473083496094,239.10307614273847,235.56231319136046,235.64867004930946,23901100
2021-05-17,235.2648468017578,236.61782953063303,233.6719887828889,236.57945358391547,24970200
2021-05-18,233.249755859375,236.44509117389674,233.07702751284302,236.31075341180204,20168000
2021-05-19,233.82679748535156,233.93259335141164,229.47958385849037,230.16243607762956,25739800
2021-05-20,237.05838012695312,238.47219104144915,234.5385334489795,234.63471685255448,21800700
2021-05-21,235.79844665527344,238.83766010110827,235.38489032383154,238.10671616214,21863100
2021-05-24,241.19403076171875,241.55951010552934,238.04902113207515,238.31831706682158,21411500
2021-05-25,242.09811401367188,243.08874153907666,241.2325219911625,242.1462057205954,17704300
2021-05-26,241.8768768310547,243.27144808873797,241.16515782189026,241.81915798529013,17771600
2021-05-27,239.78018188476562,241.86723238709067,239.72247771865466,241.5690844118336,24426200
2021-05-28,240.13604736328125,242.44431686460024,240.0206390246495,241.40559779033563,18270200
2021-06-01,237.94322204589844,241.68452766984606,237.52005320809064,241.62682349539628,23213300
2021-06-02,237.8470458984375,239.7417445032834,236.4428474366505,238.64532119633685,19406700
2021-06-03,236.31784057617188,236.92374910031265,233.71142277848813,235.84656534581532,25307700
2021-06-04,241.20362854003906,242.0307559108141,238.04900663185686,238.28945046434345,25281100
2021-06-07,244.10821533203125,244.3775112737466,240.26111367835148,240.4246137375695,23079200
2021-06-08,242.9156036376953,246.22411314134618,242.85788479009744,245.40659823560296,22455000
2021-06-09,243.89657592773438,245.76242221340559,243.53111132137863,244.1081676513997,17937600
2021-06-10,247.4070587158203,247.61865044725548,243.97352866576068,244.56982463133653,24563600
2021-06-11,248.03228759765625,248.60932939311192,246.80118683119682,248.12844166286035,18999700
2021-06-14,249.95578002929688,250.01348419533974,246.98386872283527,248.04182735203915,19150500
2021-06-15,248.48423767089844,250.05193601301735,247.8302375499688,249.8403442855341,18038900
2021-06-16,247.54168701171875,250.61934980908524,244.69482617709286,249.4844622028885,27220000
2021-06-17,250.92715454101562,251.74466936618765,246.22408887442882,246.2817930408126,27565500
2021-06-18,249.51341247558594,252.27370348161725,248.8594121757647,249.70577931720825,37202200
2021-06-21,252.5909881591797,253.44695269818988,248.06103585464263,249.88840259449225,26696100
2021-06-22,255.3609619140625,255.6302578162363,252.36982555497457,252.67760068633095,24694100
2021-06-23,255.1300811767578,256.63044804916365,254.32219358015837,255.82256045256418,19518700
2021-06-24,256.4958190917969,257.61148179657937,255.3224522256505,255.9860794323836,21446900
2021-06-25,254.8896484375,257.03441766201166,254.6396068486284,256.05341754170934,25611100
2021-06-28,258.4482727050781,258.6213852234761,255.74568632511017,256.0149822485252,19590000
2021-06-29,261.0258483886719,261.2662922485271,257.7365928224437,258.5925577009788,19937800
2021-06-30,260.5449523925781,260.98736086236244,259.29465610147,260.34298777501124,21656500
2021-07-01,261.21820068359375,261.4490173838746,259.29464991177207,259.3042477069135,16725300
2021-07-02,267.03692626953125,267.3735535200733,262.0837889720143,262.3915641354273,26458000
2021-07-06,267.0465087890625,268.6911361826912,263.81492881537,267.40236092120523,31565600
2021-07-07,269.2298278808594,269.96078670535366,266.55609297412514,268.7200880035307,23260000
2021-07-08,266.81573486328125,268.0756582442465,264.36319007014714,266.31559288844903,24618600
2021-07-09,267.31585693359375,267.4216381390511,264.7960100826157,265.1807143722743,23916700
2021-07-12,266.71954345703125,269.0758754216596,266.0078097490521,268.48920655469243,18931700
2021-07-13,270.2396240234375,272.03813906947397,266.7868543506358,266.9118604799698,26120100
2021-07-14,271.7112121582031,272.817248138477,269.82611100200353,271.55732455253013,23113700
2021-07-15,270.2876892089844,271.71112710257626,269.1335472032558,271.22061234748406,22604200
2021-07-16,270.0184326171875,273.24038594694457,268.77773418312665,271.28798313803793,26186800
2021-07-19,266.42138671875,269.65293765611636,263.9592442852176,268.2679788683728,32935600
2021-07-20,268.64300537109375,270.22992828235164,265.69997616082077,267.4023073782001,26259700
2021-07-21,270.6435546875,270.75896302355244,266.69067242244347,268.23911651623393,24364300
2021-07-22,275.2024230957031,275.4717190297968,272.5863928711976,272.9903220968104,23384100
2021-07-23,278.59747314453125,278.90521894376,275.5486324297109,276.3853722718105,22768100
2021-07-26,278.0011901855469,278.61674057999716,275.68333711241416,277.95311315206845,23176100
2021-07-27,275.5870361328125,278.51081120603476,272.1342671616975,278.36655081608063,33604100
2021-07-28,275.2793884277344,279.05915914851056,272.98073086380026,277.9434960316162,33566900
2021-07-29,275.5486145019531,277.5875733755724,275.1446559746078,275.2985435397369,18168300
2021-07-30,274.0194396972656,275.7025466900229,273.0576642728328,274.26951069995624,20944800
2021-08-02,273.93280029296875,275.808244190784,272.89406671324383,275.41391286431883,16267400
2021-08-03,276.14495849609375,276.25076905660643,273.14422383185655,274.50995786548094,17879000
2021-08-04,275.5582275390625,276.59693186168965,273.76931036819576,275.2793045071055,16191300
2021-08-05,278.45318603515625,278.558996585167,275.1639308070006,275.91411439860224,13900200
2021-08-06,278.3954162597656,278.43389548261604,276.62575357226086,277.48174751216084,16589300
2021-08-09,277.30859375,280.4055106576095,276.80848127865755,278.6743272674621,16117600
2021-08-10,275.4908752441406,278.1934610570605,274.2982834551078,277.7606505008222,18616600
2021-08-11,275.9814758300781,277.62610362360755,274.9331147655397,276.23151748719226,13955900
2021-08-12,278.73211669921875,278.8860042800306,275.3947550024405,275.67367807710286,14561300
2021-08-13,281.6559143066406,281.70399133323906,278.24159423758465,278.41473610565794,18249000
2021-08-16,283.3389587402344,283.5505504425567,278.9340122149012,281.982852286857,22507600
2021-08-17,281.8770751953125,282.21370240044297,279.953524710054,281.21347728086533,20075300
2021-08-18,280.1522521972656,284.09344038644264,279.7089674078397,281.4145875343293,21813000
2021-08-19,285.9725036621094,286.64704708243323,278.13832497152845,278.1864940413031,29850500
2021-08-20,293.2862854003906,294.71244831740665,287.21551359465093,288.81512041303324,40817600
2021-08-23,293.5657653808594,294.2884777670295,290.8676509020545,292.21670814145693,22830200
2021-08-24,291.6095886230469,294.5293451223388,291.0121511635646,293.9222620885944,18175800
2021-08-25,291.02178955078125,293.5079068482192,289.4896430501033,293.22844986666524,20006100
2021-08-26,288.2080993652344,291.42657543670686,288.07320832644916,290.0389651127222,17666100
2021-08-27,288.8151550292969,289.9233081860537,286.0302890699818,288.1117043575675,22605700
2021-08-30,292.5443420410156,293.15142516677145,290.10639336951124,290.1642080093696,16348100
2021-08-31,290.8966064453125,293.4212774277083,290.53042740378993,293.34420103292587,26285300
2021-09-01,290.84832763671875,294.08609406102465,290.5207015866993,291.85049693558,18983800
2021-09-02,290.1931457519531,292.3227302959744,289.2584364332611,291.20496087003505,16285600
2021-09-03,290.1835021972656,291.59037412727884,289.33551492747904,290.03893618886394,14747900
2021-09-07,289.2584228515625,290.13531748316177,287.3504808113143,290.05824109463697,17180400
2021-09-08,289.2873229980469,289.67276374560055,286.6470229996981,288.8729749296078,15046800
2021-09-09,286.43505859375,291.1471582820578,286.19415442336,289.87517720465905,19927000
2021-09-10,284.9510498046875,289.00789676784274,284.63306927340466,287.56247190206864,19633400
2021-09-13,286.18450927734375,287.67813278036044,283.3803812009098,286.7241322672505,23652900
2021-09-14,288.8825988769531,290.42439115897747,287.2540846387654,288.66095649526324,21853400
2021-09-15,293.7295837402344,294.211391982283,290.8387342879429,292.2263443776221,28356300
2021-09-16,294.1150207519531,294.2017427055618,289.8172995209801,292.7081489368997,19550800
2021-09-17,288.95965576171875,293.42120456252405,288.63202970257026,293.1032240780458,41372500
2021-09-20,283.59234619140625,287.8515443910694,278.98626014030367,285.5484866618961,38278700
2021-09-21,284.0741271972656,286.7144563554884,283.37070598587525,284.93175998192237,22364100
2021-09-22,287.7166442871094,289.29698969688434,283.7947469001605,285.9339770236081,26626300
2021-09-23,288.6609802246094,289.9522229123692,286.70483974436394,287.9768206871402,18604600
2021-09-24,288.4586486816406,288.8922585277224,286.12668346058666,287.3794027439531,14999000
2021-09-27,283.4670715332031,285.6833776639269,282.28181268174734,285.36539716620223,23571700
2021-09-28,273.2045593261719,280.20042503434115,272.4625851539167,279.25607020918045,43186200
2021-09-29,273.66705322265625,276.33626002135594,272.71308241223153,274.7270371271494,26353700
2021-09-30,271.6628112792969,277.3577596425143,271.3737086480666,275.3148971070343,32343600
2021-10-01,278.58154296875,279.42953021502547,271.05570026891905,271.8554890446492,30086300
2021-10-04,272.8094177246094,277.2806118186714,270.05348900845405,276.94334020608034,31350700
2021-10-05,278.2539367675781,279.83425268811834,273.7152814419423,273.7152814419423,24993000
2021-10-06,282.4456481933594,282.9467476472076,275.12218554145016,275.382351437471,28002600
2021-10-07,284.122314453125,285.84719612226604,283.22615821775884,284.44029494052455,20430500
2021-10-08,284.122314453125,285.84719612226604,283.0719760578184,285.44246427651734,17685700
2021-10-11,283.52484130859375,287.1287569463705,282.09867856392,282.26250627801727,19298600
2021-10-12,282.2240295410156,284.69088564097564,281.7133139283031,284.5945181012245,17974100
2021-10-13,285.5292053222656,286.46391451193523,282.81179971016536,284.18014809161934,23416300
2021-10-14,291.7348937988281,292.2359637895139,286.9938877052562,288.32368317323034,27262900
2021-10-15,293.1418151855469,293.37310318030734,289.5860673662888,291.3398567409262,25384800
2021-10-18,296.1097412109375,296.996251978843,291.6770991496789,292.5250864283667,22729300
2021-10-19,297.0155944824219,298.04664203126316,296.0423321773978,297.1312237845537,17682100
2021-10-20,296.225341796875,298.4320317414315,294.9726227448066,297.95983967544254,16537100
2021-10-21,299.45355224609375,299.7040726055075,295.2136149975582,295.9941716239133,16918100
2021-10-22,297.9116516113281,299.77142421719265,296.6011180073885,299.1065265444657,17449300
2021-10-25,296.9192199707031,298.1430025992538,295.30996713441385,298.1044496970303,17554500
2021-10-26,298.8271179199219,301.0338080808827,297.37207690825886,299.6847507755604,28107300
2021-10-27,311.4119567871094,314.2353460702273,304.50281355306396,304.50281355306396,52588700
2021-10-28,312.549072265625,313.05014234656585,309.6678384302858,312.5297811116196,26297900
2021-10-29,319.5545349121094,319.9207139283914,312.11541352037625,312.33705592687465,34766000
2021-11-01,317.38641357421875,319.429276181663,314.49556360355314,319.30400131110804,27073200
2021-11-02,321.0096435546875,321.318007963707,317.9935185073219,318.29223733879434,26487100
2021-11-03,321.8478088378906,322.715057531157,318.61968870612395,321.75144133703157,21500100
2021-11-04,324.1991271972656,324.2954947256181,317.52127212453837,320.7783004950608,23992200
2021-11-05,323.8330078125,326.46369184358485,322.25269180428967,326.1938803589028,22570100
2021-11-08,324.7291259765625,325.36511641707693,322.2719155808302,325.0278447491498,20897000
2021-11-09,323.7270202636719,326.39622775578675,322.35867170289976,324.84478968180053,21307400
2021-11-10,318.76434326171875,322.4550111195703,317.916385399046,322.39719647909817,25500900
2021-11-11,320.3349914550781,321.62623389681136,318.4848644428664,319.197931165569,16849800
2021-11-12,324.4689636230469,324.96041747042767,321.6455742090313,321.77084906481406,23831000
2021-11-15,323.8425598144531,325.5867030877546,321.8767741899314,325.2590770515406,16723000
2021-11-16,327.157470703125,328.27526945186895,323.30300442769504,323.4668027763442,20886800
2021-11-17,327.3794860839844,330.34320817217764,326.2982657750648,327.2057248474174,19053400
2021-11-18,329.45501708984375,330.5941871717435,325.448698473781,326.47199828045603,22463500
2021-11-19,331.2313537597656,333.15247904268057,330.3528843201797,330.77765366688135,21963400
2021-11-22,328.0648498535156,337.5642085341759,327.7945448153531,332.6890251652275,31031100
2021-11-23,325.9893493652344,327.69808997134413,322.0119904551096,325.381155553639,30427600
2021-11-24,326.2113952636719,326.45274014228477,322.34987720586537,324.63782194134853,21661300
2021-11-26,318.2663269042969,326.230708290166,316.76033714457986,322.77466242134005,24217200
2021-11-29,324.9757080078125,327.29261293135295,323.1511265991085,323.34421428483876,28563500
2021-11-30,319.14483642578125,326.0859180631041,317.6002231832655,323.7110925111013,42885600
2021-12-01,318.6524353027344,327.53393801069564,317.9863505876279,323.5276191928272,33337600
2021-12-02,318.0828552246094,321.94437289922337,316.4513616502016,318.8648101968354,30766000
2021-12-03,311.8272705078125,321.18180108322787,307.01966954803913,320.4963603630018,41779300
2021-12-06,314.8971862792969,316.1135740499522,308.1781522521098,312.7347453190639,30032600
2021-12-07,323.3249206542969,324.1744298816056,318.67178431375265,320.15847701837134,31021900
2021-12-08,323.3731384277344,323.88478833070934,319.3474933714662,323.7013638880352,24761000
2021-12-09,321.56793212890625,324.84055346464856,320.62184956942644,322.832576975175,22214200
2021-12-10,330.6811218261719,331.12518817346324,323.19943025665486,323.38285472943636,38095700
2021-12-13,327.6498107910156,331.88784112335867,327.3408822668036,328.8854954268182,28899400
2021-12-14,316.9726257324219,323.0545328053615,312.8890608174926,321.68368128016056,44438700
2021-12-15,323.0642395019531,323.5855526741377,313.26564359900055,317.23333915012444,35381100
2021-12-16,313.6517639160156,325.1011790200771,311.83684591434667,324.0875129645706,35034800
2021-12-17,312.5898742675781,313.67112406852533,306.2666502470529,309.7709825901244,47750300
2021-12-20,308.8345642089844,311.6244956878622,306.5755796789902,308.96970202135424,28326500
2021-12-21,315.958984375,316.3837536037562,308.7282737271069,312.09746735797034,24740600
2021-12-22,321.6644592285156,322.06023889539006,314.4723702128299,316.93407613844363,24831500
2021-12-23,323.1029052734375,324.74406240118367,321.2107694796361,321.23006646593336,19617800
2021-12-27,330.5942077636719,330.62316796902155,323.817225101408,323.8461853067577,19947000
2021-12-28,329.4357604980469,331.90712970709734,328.53796461701063,331.2699756899296,15661500
2021-12-29,330.11151123046875,332.38012934520907,327.9200810470128,329.4839910257525,15042000
2021-12-30,327.5726013183594,331.2506951069542,327.08991153548817,330.0729308583066,15994500
2021-12-31,324.6763916015625,327.6111236275241,324.2226621264703,326.7905747449666,18000800
2022-01-03,323.1607971191406,326.29828058631676,318.3628596847403,323.7400307283668,28865100
2022-01-04,317.6195068359375,323.5952080741863,314.82954604404773,323.2379929252775,32674300
2022-01-05,305.4267578125,314.7812871228152,305.04061192128523,314.5785362245669,40054300
2022-01-06,303.0133056640625,307.66644167118665,300.7060346434731,302.30856806148427,39646100
2022-01-07,303.167724609375,305.5425494460259,299.35446457752903,303.2739021914228,32720000
2022-01-10,303.38983154296875,303.824264140596,294.14150808241357,298.77531830555176,44289500
2022-01-11,304.07525634765625,305.6488002414314,299.1614780529444,302.53064320042563,29386800
2022-01-12,307.2513732910156,312.2134388767863,306.1025691405683,308.60292838169426,34372200
2022-01-13,294.2476501464844,309.7709684945666,293.4753583562799,309.37515937724777,45366000
2022-01-14,299.460693359375,300.05922385700916,293.2339846176459,293.7166743042593,39846400
2022-01-18,292.172119140625,299.0745771307378,291.2936202020948,293.5429710843101,42333200
2022-01-19,292.8285217285156,303.0422523236715,292.2203574511124,295.6860659770476,45933900
2022-01-20,291.158447265625,300.86049892883005,290.71438096885566,298.36983291707537,35380700
2022-01-21,285.7813720703125,293.5816276472931,285.37589960414067,292.2108048723912,57984400
2022-01-24,286.1094970703125,286.82386842126607,266.49297997417904,282.08388134377833,85731500
2022-01-25,278.5023498535156,284.77731721920185,275.2973119894379,281.42744884707827,72848600
2022-01-26,286.4377136230469,297.81954500203807,282.8851245004796,297.32719208033615,90428900
2022-01-27,289.45941162109375,296.6611350858043,287.6155330759337,292.18178912511314,53481300
2022-01-28,297.58795166015625,297.8003363696797,284.2560605432438,289.8359539541243,49743700
2022-01-31,300.2137756347656,301.56530125918164,295.7633601067022,298.25405611410014,46444500
2022-02-01,298.07061767578125,299.87587283189384,294.56628497930495,299.66348813934843,40950400
2022-02-02,302.60784912109375,304.21038262271304,298.1864239841783,298.91045860750387,36636000
2022-02-03,290.82061767578125,300.4551171262544,289.57526968626684,298.77533651263883,43730000
2022-02-04,295.3482360839844,298.10920758842764,289.584918714947,289.8166003905514,35096500
2022-02-07,290.53094482421875,297.18239363022644,289.5172787684884,295.57022651592763,28533300
2022-02-08,294.0159606933594,294.9813401359987,289.5655756040924,290.8205570951065,32421200
2022-02-09,300.435791015625,301.130865538338,296.74806316280615,299.1421858268908,31284700
2022-02-10,291.9114685058594,298.41811714419794,290.289637957717,293.5140020692782,45386200
2022-02-11,284.8256530761719,293.7554158698624,284.03403460110565,292.6934922400239,39175600
2022-02-14,284.78692626953125,286.4860034605709,281.263297311286,283.599498987924,36359500
2022-02-15,290.06756591796875,290.3861281751453,286.7369950149994,289.62349961792046,27058300
2022-02-16,289.72900390625,291.0543038082839,284.09887060149885,288.635864710569,29982100
2022-02-17,281.2451171875,287.1170646088115,280.53892237568306,286.6914169855192,32461600
2022-02-18,278.5364685058594,284.2729991216109,276.9693246500047,283.4894271936835,34264000
2022-02-22,278.33331298828125,282.02869492098785,275.21836232867406,275.70205013593005,41736100
2022-02-23,271.1263427734375,282.1834680729997,270.9619054573808,280.7130382995433,37811200
2022-02-24,284.97918701171875,285.53059821327315,262.6618238516017,263.61954581271243,56989700
2022-02-25,287.6104431152344,287.92001039879176,282.135093565402,285.5112545529005,32546700
2022-02-28,289.0422058105469,289.3807932241622,283.4410920061188,284.7083518645938,34627500
2022-03-01,285.3274841308594,290.18369968046295,282.61881436647946,286.7301612299099,31217800
2022-03-02,290.3965148925781,291.63475461259384,284.118256021791,285.7240737108103,31873000
2022-03-03,286.26580810546875,293.2405780996094,284.4567908872236,293.0084173965025,27314500
2022-03-04,280.4034729003906,286.0142690066233,277.80125973691753,284.6889691786735,32356500
2022-03-07,269.8106689453125,280.2389742899834,269.44306157989746,279.116815314173,43157200
2022-03-08,266.8506164550781,274.69601990848236,261.1914622029542,268.7369815244753,48159500
2022-03-09,279.0878601074219,280.1519791699358,271.6197193077244,274.192941941818,35204500
2022-03-10,276.2728271484375,277.24988606847967,271.4262653649747,273.7866644734184,30628000
2022-03-11,270.9328918457031,280.0649198872489,270.31375729009164,278.56546999148014,27209300
2022-03-14,267.4212951660156,276.0889716905132,266.8215270580334,271.19405384683813,30660700
2022-03-15,277.78192138671875,278.4300760838003,269.6366346705724,271.2037785530538,34245100
2022-03-16,284.78570556640625,284.95982608211176,273.96077067732267,279.67793426336954,37826300
2022-03-17,285.588623046875,285.9658841758017,279.92946993729333,283.7215952422282,30816600
2022-03-18,290.6286315917969,291.1800427447232,283.17985751382827,285.7337136336589,43390600
2022-03-21,289.40008544921875,290.3481241566419,285.27905598306444,289.1389046674614,28351200
2022-03-22,294.1402282714844,295.04956371485423,289.02280298221535,290.01919868863627,27599700
2022-03-23,289.7192687988281,293.3372731157682,288.00702485230534,290.70601066797377,25715400
2022-03-24,294.17889404296875,294.2756374968961,288.58746486067383,289.3807198521377,24484500
2022-03-25,293.7725830078125,295.5332134926127,289.5258199394837,295.27203273707045,22566500
2022-03-28,300.5636291503906,300.6603430987499,294.4014214022609,294.4014214022609,29578200
2022-03-29,305.1199951171875,305.51662272546986,298.9674698693951,303.66893146238317,30393400
2022-03-30,303.6204833984375,305.6423243268449,301.41486827122543,303.52376945863284,28163600
2022-03-31,298.2515869140625,304.858779193998,297.84530566978634,303.6592133025089,33422100
2022-04-01,299.3253479003906,300.01217625691254,295.57192614031334,299.27696141097135,27110500
2022-04-04,304.69427490234375,304.8296921264754,299.605870116793,299.9734775453708,24289600
2022-04-05,300.7377624511719,304.5975820485766,299.7607035467808,303.04977502360924,23156700
2022-04-06,289.72900390625,296.98432119939486,287.03001760705087,295.23337365440614,40110400
2022-04-07,291.5379943847656,293.7436096818607,286.6817792585373,286.9816633477329,31411200
2022-04-08,287.2815856933594,291.2961892637509,286.6140940454331,290.6383808206242,24361900
2022-04-11,275.95361328125,283.06380135890896,275.7020861416009,282.27057568810704,34569300
2022-04-12,272.8580017089844,281.25481613450495,271.33921469606946,279.80375250936805,30966700
2022-04-13,278.236572265625,279.16524459856345,272.122751236361,273.5061208154424,21907200
2022-04-14,270.7007751464844,278.90413310453835,270.20743353057696,278.6913092334907,28221600
2022-04-18,271.3681640625,273.2448748903174,269.2592925621962,269.8107036813086,20778000
2022-04-19,275.9922790527344,276.8339207213191,269.3270757429713,270.2654313652648,22297700
2022-04-20,277.0177001953125,280.2487611166092,276.0600076685243,279.9585306840921,22906700
2022-04-21,271.6488037109375,283.7313183472666,270.92327184043955,279.1653032613877,29454600
2022-04-22,265.0899658203125,273.96081411049454,264.46117751038287,272.4903841306375,29405800
2022-04-25,271.5616455078125,271.93890659301337,261.93624768786924,264.3740527877632,35678900
2022-04-26,261.4042663574219,269.2786893101123,261.19144251967543,268.4467603674442,46518400
2022-04-27,273.9801025390625,281.47726299922044,270.05256019523966,272.89664665414017,63477700
2022-04-28,280.1809997558594,281.4869627202717,272.2775281140742,275.88584973003594,33646600
2022-04-29,268.4660949707031,280.4228740335642,267.4793823797048,279.1942879944,37073900
2022-05-02,275.1893310546875,275.64399875590436,267.2084825593842,268.64986271938767,35151100
2022-05-03,272.58709716796875,274.8604357472129,271.01027020615345,274.69596890447576,25978600
2022-05-04,280.5196228027344,281.3902550491014,267.7018944721031,273.37070203873003,33599300
2022-05-05,268.3016357421875,277.00801637510676,265.38982566126134,276.2244444799009,43260400
2022-05-06,265.7670593261719,270.13958558945643,262.4199191226848,265.84443636998407,37780300
2022-05-09,255.94825744628906,263.4744394387105,254.72938410241275,261.2494870702996,47726000
2022-05-10,260.70770263671875,264.819048596667,256.4222361684426,262.82625738724875,39336400
2022-05-11,252.04971313476562,262.507041521962,250.84049357545095,257.01235492970693,48975900
2022-05-12,247.01939392089844,251.40160471462247,241.86327960551176,249.2830495439515,51033800
2022-05-13,252.6011505126953,254.45852493792023,247.01940307644472,248.95415457182008,34925100
2022-05-16,252.96875,257.1478201827857,247.435359717783,251.47898312964355,32550900
2022-05-17,258.1152648925781,259.5759825407803,253.8974902875741,257.42840669408844,28828800
2022-05-18,246.36326599121094,255.59413551227334,245.09305474022761,255.01235236440064,31356000
2022-05-19,245.45184326171875,249.84427550605224,244.2301162531535,246.18875585167464,32692300
2022-05-20,244.8894500732422,250.6878410141278,238.95532648602892,249.42730580573198,39199300
2022-05-23,252.73373413085938,253.5579245072491,245.73301319601697,247.73046089939714,33175400
2022-05-24,251.7349853515625,253.3930420574841,245.80086274871203,250.05754672530148,29043900
2022-05-25,254.5469207763672,256.5443535711688,249.32063736572647,250.29997184139762,28547900
2022-05-26,257.82427978515625,258.9975222921612,253.49003807090028,254.30452267342017,25002100
2022-05-27,264.94134521484375,265.03831400617037,259.43386111985046,260.32593257304654,26910800
2022-05-31,263.6130065917969,266.42492450800745,260.76229523384706,264.25296522222703,37827700
2022-06-01,264.14630126953125,269.25623459703166,261.8385798988137,266.84186825760014,25292200
2022-06-02,266.2406311035156,266.30851221318625,253.65486971991317,256.4183173881909,44008200
2022-06-03,261.81915283203125,265.14500204030634,260.25806469793486,262.1003534639654,28059000
2022-06-06,260.5876770019531,265.8527530113279,259.1041464802311,263.79714518679435,22400300
2022-06-07,264.22381591796875,264.8346867223125,257.86305412954965,258.54180604342474,22860700
2022-06-08,262.1972961425781,264.70863088470054,261.42157544049917,263.4578015962176,17372300
2022-06-09,256.7480163574219,264.42745982638615,256.59287219967115,259.647196979162,26439700
2022-06-10,245.30636596679688,252.6658293283701,244.86033026242538,252.6658293283701,31422800
2022-06-13,234.90225219726562,241.45695191998857,234.1944273628666,237.66570001230667,46135800
2022-06-14,237.06454467773438,238.27658064725975,234.17504027372604,236.4536738145781,28651500
2022-06-15,244.11370849609375,247.54620227137175,238.9358949520811,240.76849254553994,33111700
2022-06-16,237.5299530029297,239.90554045067185,235.6391799239251,238.5092727014499,33169200
2022-06-17,240.12855529785156,242.892003168209,236.61850393867869,237.26815342919429,43084800
2022-06-21,246.03358459472656,247.01290422725697,241.9320446589224,242.6592661630262,29928300
2022-06-22,245.442138671875,249.35944724213846,242.76595376071094,244.23979365415195,25939900
2022-06-23,250.99807739257812,251.4925975110486,245.92693810206876,247.80802019464696,25861400
2022-06-24,259.5696716308594,259.8411665426449,253.77128008327261,253.858543134483,33923200
2022-06-27,256.844970703125,260.1513786610391,255.28385304721854,260.06411562547476,24615100
2022-06-28,248.69036865234375,258.8035884452092,248.5352245163049,255.96258358137382,27295500
2022-06-29,252.35557556152344,254.0136323572645,247.9922316052621,249.76665390613857,20069800
2022-06-30,249.02972412109375,251.64773342761754,245.2190904606339,249.2430436171121,31730900
2022-07-01,251.6962127685547,251.88044459455264,246.8771715911317,248.6031243426408,22837700
2022-07-05,254.8668975830078,254.99295404252342,247.00320860845787,248.38007952148388,22941000
2022-07-06,258.1248474121094,259.8507853109402,254.430564439945,255.73956910040374,23824400
2022-07-07,260.2483215332031,260.88827998765817,256.9709719895022,257.06794077182286,20859900
2022-07-08,259.5308837890625,259.95752288689226,255.29361008585622,256.7480534855321,19658800
2022-07-11,256.47650146484375,258.4351408209991,254.2172499828831,257.5818628153171,19455200
2022-07-12,245.9656982421875,257.863045938388,244.3851988057814,257.8048705865574,35868500
2022-07-13,245.04454040527344,245.84933391684322,240.57455197786325,242.59138123661197,29497400
2022-07-14,246.36326599121094,247.39107006314066,238.47048883303972,242.95987452362783,25102800
2022-07-15,248.92311096191406,252.4622502240855,247.03233772876274,247.95348214538913,29774100
2022-07-18,246.5281219482422,252.91797217764622,245.60697754900244,251.86108033846966,20975000
2022-07-19,251.6477813720703,251.8320132260373,245.9754465210434,249.75699322481967,25012600
2022-07-20,254.3044891357422,256.82552948195536,251.04655115531952,252.0064740262088,22788300
2022-07-21,256.79644775390625,256.84494694076886,249.22365037531554,251.89983491458102,22404700
2022-07-22,252.4525146484375,257.27157048099224,251.2017149281793,257.18430744869886,21881300
2022-07-25,250.96900939941406,253.55793131652177,249.01036987517415,253.07311691629897,21056000
2022-07-26,244.2494659423828,251.98711369487128,241.9902440697429,251.96770218262552,39348000
2022-07-27,260.5780334472656,261.8482448041291,250.98842003172433,253.22826018562694,45994000
2022-07-28,268.0150451660156,269.4016069637394,259.734408627682,261.5573151321631,33459300
2022-07-29,272.2135925292969,273.43533434326656,268.22843217911804,269.26594214524397,32152800
2022-08-01,269.5665283203125,272.7372040337669,267.4624206782317,269.3822964700081,21539600
2022-08-02,266.473388671875,269.45015613104664,264.10749207919315,267.61754353157727,22754200
2022-08-03,273.8910217285156,274.8897381119249,268.20898212498906,268.3544501034442,23518900
2022-08-04,275.0351257324219,275.18056409331155,271.66083739692374,273.24130703954415,18098700
2022-08-05,274.3176574707031,275.03517323549517,270.2161174409248,270.67184411090017,16774600
2022-08-08,271.8063659667969,277.2362934376105,270.836737118106,275.42306263435034,18739200
2022-08-09,273.72613525390625,274.48244435979353,269.1785748637903,271.14694928077154,23405200
2022-08-10,280.3778991699219,281.0081520432844,278.22532180606646,279.41797601804245,24687800
2022-08-11,278.3028564453125,282.3656036148159,277.80836586315127,282.0165514391727,20065900
2022-08-12,283.0443115234375,283.0443115234375,278.22525580031515,279.7184922528835,22619700
2022-08-15,284.55694580078125,285.24537391664086,281.2989778667921,282.16196164375015,18085700
2022-08-16,283.8199768066406,285.10959940447333,281.59954863684186,283.12184303694977,18102900
2022-08-17,283.07183837890625,285.0443616245307,281.2742116606303,281.536556451653,18253400
2022-08-18,281.9544372558594,283.645163191212,280.8952723028826,281.9738603210982,17186200
2022-08-19,278.0482177734375,281.06045328122894,277.47492602525494,280.72035691439993,20570000
2022-08-22,269.885986328125,274.46262247376245,269.37099355295584,274.0933767758062,25061100
2022-08-23,268.6130676269531,270.9645327816376,267.60250517889017,268.6130676269531,17527400
2022-08-24,267.98150634765625,269.38073768829963,267.3207367981383,267.6122606253299,18137000
2022-08-25,270.9549255371094,271.1200957209209,266.7475042264658,269.4779423207206,16583400
2022-08-26,260.4996032714844,272.402770803531,260.39273191918073,271.1784355111025,27549300
2022-08-29,257.72052001953125,259.82906392811554,256.3795873901303,258.3229611362696,20338500
2022-08-30,255.52450561523438,259.48897512489526,253.2799112455645,259.1197590113756,22767100
2022-08-31,254.06698608398438,259.54728502076154,253.93093567831625,257.8760119467737,24791800
2022-09-01,253.0272979736328,253.50344478516845,248.17858915829913,251.540617996281,23263400
2022-09-02,248.81011962890625,257.24435393582866,247.26514117537187,254.29044741444957,22855400
2022-09-06,246.07969665527344,250.53000941495102,244.80678924426493,248.94618474623337,21328200
2022-09-07,250.7826690673828,251.501707885987,246.05055859753543,247.4886510615093,24126700
2022-09-08,251.20050048828125,253.05642612748184,247.5761123040182,250.21911682986428,20319900
2022-09-09,256.9722595214844,257.72047726789003,252.92034253890802,253.12438844541632,22084700
2022-09-12,259.100341796875,259.87770921653043,257.65253760472325,258.2549788214969,18747700
2022-09-13,244.8553924560547,253.0272681898394,244.4667087917609,251.51143896600806,33353300
2022-09-14,245.07888793945312,247.03197340498173,242.78570610485596,246.35179549361106,23913000
2022-09-15,238.4325408935547,244.28208546979903,237.11104609083932,242.69824587426376,31530900
2022-09-16,237.81063842773438,238.35478067639863,235.20651003185853,237.34421807736706,39791800
2022-09-19,237.5968780517578,238.19931916772862,234.03078901134762,235.60491699915002,26826900
2022-09-20,235.58546447753906,236.6154501254237,232.85502690956756,235.21623357137693,26660300
2022-09-21,232.1845703125,240.64796931692138,232.13598300454865,237.35395148181902,28625600
2022-09-22,234.15711975097656,236.95558294370812,230.8436784817332,231.13517270867078,31061200
2022-09-23,231.18373107910156,234.30285235773331,228.54074168946926,232.75785901455737,34176000
2022-09-26,230.72706604003906,234.6138138859922,230.19263524586722,230.3383971861503,27694200
2022-09-27,229.71649169921875,234.95388322610455,227.86056625784224,233.18540604277874,27018700
2022-09-28,234.24456787109375,235.46888802626256,228.0840616627681,230.10517219200622,29029700
2022-09-29,230.775634765625,233.15626466417,227.77312585488747,232.12627894023532,27484200
2022-09-30,226.3058624267578,233.7295494002438,226.14067744074515,231.5432539781558,35694800
2022-10-03,233.92388916015625,234.76925194456734,228.01603154626426,228.74479665745017,28880400
2022-10-04,241.83343505859375,243.27152748723756,238.04384733649516,238.15073348619765,34888400
2022-10-05,242.14434814453125,243.48528067614083,237.188754349336,239.0252418124359,20347100
2022-10-06,239.80259704589844,243.25208841301955,239.11270766853326,240.91031948888858,20239900
2022-10-07,227.60792541503906,234.48746986052475,226.56821340371297,234.0793483497187,37769600
2022-10-10,222.7592010498047,227.91885563531727,220.3105461386793,226.45161389079223,29743600
2022-10-11,219.0279541015625,222.57460545971847,217.76475812921726,221.1753739104601,30474000
2022-10-12,219.35830688476562,221.40856673598395,217.6189939430992,219.01821055578878,21903900
2022-10-13,227.60792541503906,229.41526348823245,212.92573701301367,213.62535270758946,42551800
2022-10-14,222.08876037597656,230.5230105633838,221.87498806713398,228.87113093564267,30198600
2022-10-17,230.80477905273438,232.1942989747583,228.4824480465505,229.14320282236488,28142300
2022-10-18,231.74732971191406,237.02358255454533,228.70594491704173,236.35313103627706,26329600
2022-10-19,229.7845001220703,232.8258846804723,227.65650356694331,230.32864238101766,19985700
2022-10-20,229.46385192871094,234.47775981300623,228.22009390223283,229.09462099466492,21811000
2022-10-21,235.26483154296875,236.1199207742884,227.86058198177213,228.09379217943177,26299700
2022-10-24,240.2495880126953,240.8228797300147,234.4680538752151,236.85839536600284,24911200
2022-10-25,243.56301879882812,243.9322497035884,238.8697697379953,240.2592747562869,34775500
2022-10-26,224.77066040039062,231.55303200507367,223.5463252016911,224.62489844366695,82543200
2022-10-27,220.3300018310547,227.07351120535486,219.38746436365162,224.49853205636384,40424600
2022-10-28,229.1917724609375,229.9011145363862,219.64981530818488,219.83443818188346,40647700
2022-10-31,225.5576629638672,228.2686626281402,224.60539921895975,227.14150237504404,28357300
2022-11-01,221.70977783203125,229.06545410633566,220.89356446941574,227.95773173513913,30592300
2022-11-02,213.8682861328125,224.7511761173168,213.80997246609851,222.96327583397812,38407000
2022-11-03,208.18386840820312,214.16946183544528,207.92150885661545,213.8585149851544,36633900
2022-11-04,215.1217498779297,215.31608428144708,207.38711607311453,211.39047595404304,36789100
2022-11-07,221.41827392578125,221.9429931186714,215.01486125373305,215.7047654290473,33498000
2022-11-08,222.3899688720703,225.091257180639,219.44575884635148,222.22478388362,28192500
2022-11-09,218.1534423828125,222.15680289309407,217.9785458401814,220.93246778760866,27852900
2022-11-10,236.10043334960938,236.44052962983037,228.3463775321392,228.76419570184134,46268000
2022-11-11,240.1135711669922,240.96866045732685,235.0802248808406,236.1102255381831,34620200
2022-11-14,234.7109832763672,237.00416504738854,232.4372393956365,235.13852790216598,31123300
2022-11-15,235.11907958984375,240.00666349429483,233.23400463788948,238.70460661108956,31390100
2022-11-16,235.54783630371094,237.564903920351,234.2713414708657,236.58072479842383,24093300
2022-11-17,235.49908447265625,237.02893923380267,231.5526741520921,231.6988319904281,23123500
2022-11-18,235.0508575439453,237.50641331153858,232.9168638897255,237.2822848010197,27613500
2022-11-21,235.85963439941406,238.41262379283273,235.02162809086872,235.2554806346632,26394700
2022-11-22,238.76341247558594,239.03625034999712,234.5539032214211,237.36023776801466,19665700
2022-11-23,241.2482147216797,241.93030944994973,238.02286939557064,238.8413830694947,19508500
2022-11-25,241.1605224609375,242.33956874564888,240.4199497182592,240.9851181755742,9200800
2022-11-28,235.57704162597656,240.34198047417644,234.64160171816698,239.78656581676748,24778200
2022-11-29,234.18359375,236.58067124825368,232.1178172281639,235.2262209095606,17956300
2022-11-30,248.61485290527344,248.79999607817797,233.72563656132382,234.41748501766983,47594200
2022-12-01,248.1763458251953,249.5697666639808,244.50275881700492,247.3773100588765,26041500
2022-12-02,248.4979248046875,249.51132049555534,243.304236576186,243.43091661325036,21528500
2022-12-05,243.8011932373047,247.32862273354516,241.7159238084992,245.5649005511503,23435300
2022-12-06,238.8511199951172,245.4187517382797,237.54539368771614,244.4053559887348,22463700
2022-12-07,238.1203155517578,239.864545236555,236.0155681176871,238.568557750271,20481500
2022-12-08,241.07278442382812,242.3785254696705,236.8437826963573,238.57825833331165,22611800
2022-12-09,239.14341735839844,241.9595054333745,237.9156470280844,238.4418300643482,20609700
2022-12-12,246.05213928222656,246.08137085318384,240.84871149211713,241.12154940008574,30665100
2022-12-13,250.34934997558594,257.1703267708484,246.59780679077178,254.9973477435735,42196900
2022-12-14,250.64166259765625,255.87432140305884,247.80608156750714,250.55396789409684,35410900
2022-12-15,242.6416015625,247.69887047650548,241.01431334412206,247.23115056709423,35560400
2022-12-16,238.43209838867188,243.45038209121776,237.2822689508212,242.1933801579508,86102000
2022-12-19,234.30056762695312,238.93884171366832,232.60507706860986,238.59778690074495,29696400
2022-12-20,235.6160430908203,236.69765578039272,232.32248078286008,233.27741342411088,25150800
2022-12-21,238.17877197265625,239.3383404733785,233.96926235474098,235.50885613255662,23690600
2022-12-22,232.09832763671875,235.8011461609529,227.8888038739563,235.08980509983985,28651700
2022-12-23,232.62452697753906,232.7609459126413,227.95703674860303,230.07153767696204,21207000
2022-12-27,230.8998260498047,232.81943021522733,229.79872070086748,232.59531655901404,16688600
2022-12-28,228.53195190429688,233.5892213133109,228.18115822076558,230.83159608110222,17457100
2022-12-29,234.8462371826172,235.73296777777816,229.6233169580292,229.6233169580292,19770700
2022-12-30,233.6866912841797,233.8231102365172,230.60750365307476,232.11786589802279,21938500
2023-01-03,233.4528045654297,239.46500660940322,231.32854977617055,236.86329296068058,25740000
2023-01-04,223.24081420898438,226.91438642438956,220.18111974505624,226.33947913786812,50623400
2023-01-05,216.62445068359375,221.7304437743296,216.08851388241624,221.3893890276127,39585600
2023-01-06,219.1774444580078,219.98621912634763,213.74016514069575,217.29681103305526,43613600
2023-01-09,221.31146240234375,225.3261046224166,220.61962878753835,220.65859925614794,27369800
2023-01-10,222.9972381591797,225.3943160955878,221.51610752466433,221.9351032710945,27033900
2023-01-11,229.740234375,229.91562377471337,225.19940935858202,225.37479875829538,28669300
2023-01-12,232.41014099121094,233.76459137721616,227.58673939319505,229.2432592016942,27269500
2023-01-13,233.1117401123047,233.24815904771603,228.91196981298216,230.93877604519966,21333300
2023-01-17,234.203125,234.7488007848325,231.02648903057522,231.883988045912,29831300
2023-01-18,229.7792205810547,236.1812017430098,229.49664379486572,235.39191965313583,30028700
2023-01-19,225.99844360351562,229.49664158993286,224.78041202749904,227.80113628343994,28623000
2023-01-20,234.07644653320312,234.583151851916,228.51247153332469,228.85352633542087,35389800
2023-01-23,236.37606811523438,238.89982582882288,233.52099453170575,234.93392297440502,31934000
2023-01-24,235.84986877441406,237.71102447414427,234.2907973761476,236.2981109084017,40234400
2023-01-25,234.45643615722656,237.07764219216483,224.99476139964753,228.48320522416125,66526600
2023-01-26,241.65744018554688,241.95950960681114,235.8108892133159,237.41868478326023,33454500
2023-01-27,241.81336975097656,243.44065810829167,240.51738240492458,242.62214447980068,26498900
2023-01-30,236.5027618408203,239.31885025276583,236.00579544141553,238.25671541727394,25867400
2023-01-31,241.4722900390625,241.60870896305886,236.73658329383585,237.22379586075814,26541100
2023-02-01,246.28599548339844,248.65384183422793,239.1921804627177,241.65747529132665,31259900
2023-02-02,257.8329772949219,257.9206720160433,250.67094436562596,252.20079944287713,39940400
2023-02-03,251.74273681640625,257.44312974111796,250.52470541100183,252.90230509331886,29077300
2023-02-06,250.2031707763672,251.6940402792033,248.26407396693392,250.8560488043869,22518000
2023-02-07,260.7171936035156,261.8962397215106,253.4284826965279,253.86698591365706,50841400
2023-02-08,259.9084167480469,269.68189927846043,259.40169666602293,266.21294831317726,54686000
2023-02-09,256.8779602050781,266.97302049431784,256.07892442365,266.7976013623995,42375100
2023-02-10,256.371337890625,257.3360095553817,253.99373745030576,254.84148282080156,25818500
2023-02-13,264.3810729980469,267.5771867135627,260.3177065131593,260.7951951195851,44630900
2023-02-14,265.20941162109375,267.9377912312034,262.3933075439561,265.6966243898353,37047900
2023-02-15,263.0895080566406,264.4668924311176,260.0221350925757,262.1126422431033,28922400
2023-02-16,256.08538818359375,260.569199060256,255.8411717100615,257.91212263576193,29603600
2023-02-17,252.08999633789062,254.07303280103977,250.07765509199857,253.38924459984534,30000100
2023-02-21,246.82470703125,249.5794760448662,245.7696900625751,248.59283193869732,28397400
2023-02-22,245.69154357910156,248.4560759372167,244.54861223485597,248.21185945581914,22491100
2023-02-23,248.87612915039062,250.89823380940385,244.68536609831472,249.6478466517071,29219100
2023-02-24,243.4545135498047,245.1933336076266,242.36042854419725,244.17739966038974,24990900
2023-02-27,244.37277221679688,246.9712390360351,243.62058131527203,246.61956672286158,21190000
2023-02-28,243.64991760253906,245.6720373911894,242.97587767298896,243.3080234436693,22491000
2023-03-01,240.57276916503906,245.12495292682374,240.10386280126266,244.95888751265778,27565300
2023-03-02,245.30081176757812,245.58409633737872,239.9280489885474,240.8463053757084,24808200
2023-03-03,249.3840789794922,249.70644650216622,245.57430808569026,246.35580375528275,30760100
2023-03-06,250.9275360107422,254.10235014838744,250.05812596620328,250.49771263487295,24109800
2023-03-07,248.2704620361328,251.72857566259853,247.52804931967242,250.37071775470054,21473200
2023-03-08,247.8308868408203,248.65145065582482,245.00774486083787,248.16301768416147,17340200
2023-03-09,246.4828338623047,253.55533409337485,245.7599476632948,249.90186482884056,26653400
2023-03-10,242.83908081054688,246.94191444562173,241.8719931478548,245.2714821705408,28333900
2023-03-13,248.0457763671875,251.94347649871762,240.04524262160942,241.67660681243697,33339700
2023-03-14,254.75685119628906,255.03037243949342,249.94089484584663,250.8103048487011,33620300
2023-03-15,259.29925537109375,260.3152041308793,253.21337082147616,253.96557655248083,46028000
2023-03-16,269.8103942871094,270.16205172863715,257.1892727698562,259.0746169472976,54768800
2023-03-17,272.96563720703125,276.7754083374073,269.9275985016487,271.8227207737094,69527400
2023-03-20,265.9322204589844,271.0607665452562,263.607274796688,270.57233358465885,43466600
2023-03-21,267.4464111328125,268.6381890183758,263.28495182867397,268.52096985120374,34558700
2023-03-22,265.9908752441406,274.53845350756507,265.883404472518,267.07518229142465,34873300
2023-03-23,271.236572265625,274.55791015384574,268.8334906504202,271.5100935079119,36610900
2023-03-24,274.0792541503906,274.1378637154936,268.9116255422268,270.82627422927686,28172000
2023-03-27,269.9862365722656,274.94870285872935,269.14611628932346,274.01091982262307,26840200
2023-03-28,268.8628234863281,269.75177506940884,265.756367139309,269.40986602798046,21878600
2023-03-29,274.02069091796875,274.63612126718954,271.96926635776106,272.5065307325749,25087000
2023-03-30,277.4787292480469,277.8792478188559,274.9682067021936,277.65458775561683,25053400
2023-03-31,281.6304016113281,282.57796264121714,276.45302473352956,277.1661475082968,32766000
2023-04-03,280.585205078125,281.60112415662576,277.3810860970175,279.89160882011697,24883300
2023-04-04,280.53631591796875,283.73068619331156,279.0612688180202,280.58517709537364,25824300
2023-04-05,277.7620849609375,280.5070761358077,276.3749518849941,279.2371622142725,22064800
2023-04-06,284.8540954589844,285.3229720001434,275.50548186907776,276.65817644820123,29770300
2023-04-10,282.69525146484375,282.9003849670169,278.123496163904,282.5193929371124,23103000
2023-04-11,276.2869567871094,279.364108081122,275.1245138457469,279.1394182021938,27276600
2023-04-12,276.93170166015625,280.37028867291156,275.43709804068334,278.20164520430563,27403400
2023-04-13,283.13482666015625,283.1934362329106,276.61914739244156,277.02941440172174,24222700
2023-04-14,279.5204162597656,281.8062788337825,277.1270829372931,280.36050660414264,20987900
2023-04-17,282.1188049316406,284.8540468047271,279.5398949610126,283.2226679530425,23836200
2023-04-18,281.6988220214844,285.0104118167831,280.3702986730481,284.82480490610715,20161800
2023-04-19,281.7769470214844,282.36304264200237,277.9573982326938,279.3738357310493,17150300
2023-04-20,279.4910888671875,282.34355041766946,278.48491818075087,278.6509985011603,23244400
2023-04-21,279.14923095703125,279.64741233312054,276.5116808961058,278.41658147472793,21676400
2023-04-24,275.2514953613281,278.35795159650013,272.27206627525993,275.564099605755,26611000
2023-04-25,269.04840087890625,275.08542457289633,268.9995397003019,273.04377855903545,45772200
2023-04-26,288.5368957519531,292.6397447358396,285.957985102446,289.83614418187,64599200
2023-04-27,297.7780456542969,298.1395111111619,288.4196826173737,289.12302732036886,46462600
2023-04-28,300.15179443359375,301.7831436206851,296.2931626094283,296.9769805922049,36469600
2023-05-01,298.4911193847656,301.4607998428203,298.0906008187468,299.8685037767096,21294100
2023-05-02,298.3446044921875,302.02737803508757,296.8793057090036,300.640245214825,26404400
2023-05-03,297.35797119140625,301.47056824435134,297.05514515019064,299.52661466140324,22360800
2023-05-04,298.3446044921875,300.640245214825,296.38109458301545,299.15539003512066,22519900
2023-05-05,303.4634094238281,304.7528796666807,297.2309997282912,298.6474673178527,28197100
2023-05-08,301.5096740722656,303.02383420465094,299.0088995873121,302.9554464323352,21318600
2023-05-09,299.8978271484375,302.86750779057024,299.2237873018419,300.8746930349145,21340800
2023-05-10,305.08489990234375,305.75893956618546,300.55225892005785,301.4802633736504,30078000
2023-05-11,302.935791015625,303.9224348572809,299.17488212971915,302.9260426310401,31680200
2023-05-12,301.822265625,303.4633932219653,299.50709815578426,303.36570066728314,19774700
2023-05-15,302.3009338378906,302.73075724835036,300.4741992492285,301.94927639928727,16336500
2023-05-16,304.5281066894531,306.4525333293128,302.6622896072277,302.6622896072277,26730300
2023-05-17,307.40643310546875,307.8273965281547,304.2148790483357,305.73234911232737,24315000
2023-05-18,311.8315124511719,312.3406122958503,307.1323177228801,307.9253064598199,27276000
2023-05-19,311.6552734375,312.05666755980644,309.7266396617467,310.08886536616376,27546700
2023-05-22,314.4356689453125,315.81606453289896,311.3322511744977,311.90985842716117,24115700
2023-05-23,308.6400451660156,315.94338852803963,308.6302455897329,313.3098719090763,30797200
2023-05-24,307.2596130371094,309.8539609209706,306.04563091509715,308.1211390989395,23384900
2023-05-25,319.0761413574219,320.0355435840167,313.28044007035,316.452394965502,43301700
2023-05-26,325.8997802734375,326.39905065575283,317.0789683726066,317.2160130284429,36630600
2023-05-30,324.25506591796875,328.6899413465032,323.5795525189351,328.19067091699185,29503100
2023-05-31,321.49432373046875,328.88577326121145,320.45655463188933,325.31242368593024,45950600
2023-06-01,325.5962829589844,326.52634626965755,317.90134604784606,319.08592941453026,26773900
2023-06-02,328.3570861816406,330.4129952384752,325.5669260242761,327.2312404695121,25873800
2023-06-05,328.8857421875,331.45072114916485,327.6326215544442,328.18085996410906,21307100
2023-06-06,326.6732482910156,328.3277633931253,325.19497618409076,328.28859496344444,20396200
2023-06-07,316.5894775390625,327.4661687531418,315.7279515267093,324.6858083621168,40717100
2023-06-08,318.4299621582031,319.7809886890354,316.5600661501271,317.137673313342,23277700
2023-06-09,319.9278869628906,323.06067362544843,317.59785876983193,318.16566645574613,22529000
2023-06-12,324.8816223144531,325.1263726657708,318.33210052305157,321.6802685980965,24260300
2023-06-13,327.2703552246094,329.90387113011326,323.4522561033348,327.44656828941845,22951300
2023-06-14,330.2563171386719,331.9206314111561,325.82144214687054,327.3193130414061,26003800
2023-06-15,340.7903747558594,342.49382753852854,330.11926605235976,330.3933852343611,38899100
2023-06-16,335.1414489746094,344.08953378481885,334.76945363580495,343.9426895883508,46552000
2023-06-20,330.951416015625,334.8967905185413,328.8074005290605,332.18496735769014,26375400
2023-06-21,326.5556945800781,330.6381434386612,325.0969920993696,329.30668603957923,25117800
2023-06-22,332.5765380859375,332.9779322220441,326.3403043071654,327.1039241601426,23556800
2023-06-23,327.98504638671875,330.8633129640672,326.4480368570244,327.3389018615229,23146900
2023-06-26,321.6998596191406,329.0521396707675,321.59215393137123,326.7123419071995,21520600
2023-06-27,327.5444641113281,329.0912729817788,322.3851082652234,324.89134914186997,24354100
2023-06-28,328.797607421875,330.8828850652817,326.80043631423547,327.63259343214776,20259500
2023-06-29,328.014404296875,329.05214338180554,325.6354380857654,327.6815474089493,16997000
2023-06-30,333.38909912109375,335.5331142814067,330.11923848147313,330.6576772264797,26832800
2023-07-03,330.8926696777344,333.7415673029559,329.5025044373006,332.067483294419,12508700
2023-07-05,331.04931640625,334.4758212956056,327.701148359632,328.05357452169636,18172400
2023-07-06,334.10382080078125,335.7877045236946,328.4549930763807,330.2171837710964,28161200
2023-07-07,330.1388244628906,334.6128676404688,329.92344297863576,332.1947331986414,21214800
2023-07-10,324.86199951171875,328.1906279486803,320.7110434161663,327.5738523279874,32791400
2023-07-11,325.4886169433594,325.8704119772488,320.13347775646093,324.10822129809816,26698200
2023-07-12,330.1192626953125,334.4758007177013,328.62139184518895,329.53185591792584,29995300
2023-07-13,335.4646301269531,336.52193851467035,331.90105061768867,332.42971974992344,20567200
2023-07-14,337.9904479980469,344.0504693091922,337.07998382815504,340.29110736020874,28352700
2023-07-17,338.47015380859375,339.70367521642703,335.0142801736607,338.4211858141297,20363900
2023-07-18,351.9411926269531,359.0781209733801,334.98491162000175,338.56803033946636,64738600
2023-07-19,347.6238098144531,354.84884504828324,345.03926161088305,354.15376240808007,39732900
2023-07-20,339.58624267578125,350.4531652099648,338.1177404381011,346.1455646214541,33778400
2023-07-21,336.5513000488281,342.944177986763,332.69403214811535,341.8183323536975,69405400
2023-07-24,337.8631591796875,339.6351792022214,335.1219672074144,338.58764053266464,26678100
2023-07-25,343.6099548339844,344.500849777994,337.82405242404576,339.8211939588815,41637700
2023-07-26,330.67730712890625,337.43244099686376,326.11515681266013,334.2702555757294,58383700
2023-07-27,323.775390625,334.16258262744316,322.1404449068157,333.3304552195366,39635300
2023-07-28,331.2646789550781,332.8702554950669,326.1738899082172,326.66339057868936,28484900
2023-07-31,328.86614990234375,330.6087711275723,326.35987893485446,329.8451512620621,25446000
2023-08-01,329.2773132324219,331.4311281711662,326.692765182679,328.1514676458398,18311900
2023-08-02,320.6229553222656,326.6242386250664,319.5068793964864,326.6242386250664,27761300
2023-08-03,319.800537109375,322.9529221835479,319.10545461953365,319.15439272906985,18253700
2023-08-04,320.89703369140625,328.1024985432112,320.36836464241367,324.9109448563175,23741500
2023-08-07,323.17816162109375,324.15716309321493,320.64255139351025,321.47470862016405,17741500
2023-08-08,319.203369140625,321.84668466116545,316.21742705872686,320.09426392900343,22327600
2023-08-09,315.463623046875,320.24112464866727,314.3083787208824,319.614579306117,22373300
2023-08-10,316.1489562988281,321.3670511745829,314.43570362465357,319.1740674354457,20113700
2023-08-11,314.2692565917969,315.63985260966695,312.5070361030333,313.53500552400016,24355500
2023-08-14,317.23565673828125,317.2552260127922,313.3587892587537,314.6413087197182,18836100
2023-08-15,315.1013488769531,318.26353387975075,314.1615159801267,316.2174247167932,16966300
2023-08-16,314.336181640625,318.2801192612422,313.747531106502,314.728605350037,20698900
2023-08-17,310.8827819824219,315.77833241862345,310.22544912717694,314.47351697046,21257200
2023-08-18,310.4903564453125,312.3543913343559,305.653638152049,308.5379985359399,24755000
2023-08-21,315.78814697265625,316.6612873829202,311.03975175794454,311.91289216820854,24040000
2023-08-22,316.357177734375,319.9086615433213,315.3761035356602,319.33965168167043,16084600
2023-08-23,320.811279296875,322.96965461983046,317.3382680735776,317.69147037188395,21166400
2023-08-24,313.914306640625,326.6780913060097,313.9044863180203,326.55054687218063,23281400
2023-08-25,316.8673400878906,319.20227141780845,312.76642738205277,315.38590853898717,21684100
2023-08-28,317.5736999511719,319.97731354583135,315.63116244372804,319.49659681490056,14808500
2023-08-29,322.19451904296875,322.75373841396754,315.78810695872727,315.78810695872727,19284600
2023-08-30,322.5673828125,323.5680676815254,320.2716728612012,322.4496587032038,15222100
2023-08-31,321.5568542480469,324.64723165247267,320.5953908586677,322.9696033369281,26411000
2023-09-01,322.4398193359375,325.7067829359754,320.5953952258838,325.0396597293619,14942000
2023-09-05,327.2372741699219,328.51268854222997,322.4398370951833,322.77339871686183,18553900
2023-09-06,326.5799865722656,328.13007064456224,323.9310742393436,327.0705236753987,17535800
2023-09-07,323.6662292480469,326.7762180447548,322.8028790647299,325.02011658642925,18381000
2023-09-08,327.9436340332031,329.79787848396427,323.2246699296337,323.8427514132207,19530100
2023-09-11,331.544189453125,332.01511580762883,329.08168383895804,330.85742559530763,16583300
2023-09-12,325.4909973144531,330.41600927416135,325.20650733511536,329.464366041868,17565500
2023-09-13,329.6997985839844,330.4748555977099,324.90236123727334,325.0396960586879,16544400
2023-09-14,332.289794921875,334.4088885367708,330.2001023910707,332.7312602833099,20267000
2023-09-15,323.9703063964844,331.0144115945299,323.4110869464427,330.54351516502703,37679800
2023-09-18,322.832275390625,324.14691123207,320.18336306203616,321.59611231194907,16834200
2023-09-19,322.42999267578125,323.15600785929996,318.36836152476627,319.9969481018416,16505900
2023-09-20,314.6990966796875,323.35217655843377,314.4440377985017,323.27370381191565,21436500
2023-09-21,313.4826354980469,319.19249448338184,309.0383706041025,313.2177562445035,35560400
2023-09-22,311.0103454589844,315.3663173545135,310.166606068044,315.23877291658,21447900
2023-09-25,311.5303039550781,311.6578483890655,309.0383671510389,310.59827150671464,17836000
2023-09-26,306.23248291015625,309.9016904509528,304.15258067558153,309.1658848784398,26297600
2023-09-27,306.8702087402344,308.35161042949267,303.82887271896175,306.3894620209308,19410100
2023-09-28,307.7041015625,309.5092743516403,303.5933986019012,305.10423119085175,19683600
2023-09-29,309.774169921875,313.42376704064515,309.0187535875625,311.73631826659,24147300
2023-10-02,315.70965576171875,315.7979787841784,309.21494955018176,310.294137124608,20570000
2023-10-03,307.45892333984375,315.3075186101111,305.3201583742846,314.7580893963787,21033500
2023-10-04,312.92340087890625,313.9829777218184,308.0572815033295,308.0867125300766,20720100
2023-10-05,313.3158264160156,313.92411753909374,308.94024408682094,313.05094717371253,16965600
2023-10-06,321.0663146972656,322.9597804960645,310.31372116687385,310.5589896881692,25673600
2023-10-09,323.5779113769531,324.0488078481523,317.063564085275,318.60385781984473,19891200
2023-10-10,322.1750183105469,324.8337214005173,321.46864358501824,324.69635662110284,20557100
2023-10-11,326.1286926269531,326.5211163115986,322.9107705088474,324.94157131039,20063200
2023-10-12,324.89251708984375,327.3157714229003,322.4986937835042,324.313686937738,19313100
2023-10-13,321.5274353027344,327.5119635418574,320.1833385954494,326.0894240178062,21072400
2023-10-16,326.344482421875,329.7782415554048,324.3430830008452,324.7845483540111,22158000
2023-10-17,325.7754821777344,327.1489800095309,321.2134933356926,323.3522278123477,18338500
2023-10-18,323.8623962402344,329.23869374170175,322.0866542980727,326.1973576731345,23153600
2023-10-19,325.0494689941406,330.50423844384994,324.6472250314816,325.86374730098373,25052100
2023-10-20,320.4875183105469,325.6381577998448,319.29060660305254,325.441930986154,25027700
2023-10-23,323.08734130859375,326.4328077015871,318.25065300887303,319.31019990102027,24374700
2023-10-24,324.2744140625,325.55961871050516,321.39987419726737,325.02983032476106,31153600
2023-10-25,334.22259521484375,339.6479349004677,331.2303006335069,338.49024447115744,55053800
2023-10-26,321.6844482421875,335.1643987741883,320.75241573436665,334.0950314410102,37828500
2023-10-27,323.56805419921875,330.3472799837888,322.1847360926127,324.1763153652428,29856500
2023-10-30,330.9261169433594,333.02562998161824,325.54981985866505,327.09993377177346,22828100
2023-10-31,331.71099853515625,332.5841689842252,328.3557413843758,332.4370138355085,20265300
2023-11-01,339.5202941894531,340.84475010797416,333.2217857907102,333.35915052507676,28158800
2023-11-02,341.727783203125,342.22811070154637,338.2449517203371,340.6682062676254,24348100
2023-11-03,346.12298583984375,347.68292025544054,340.75650845728677,343.0129972120425,23637700
2023-11-06,349.7823791503906,350.7732736613575,346.66257041725754,346.7606838240873,23828300
2023-11-07,353.7066650390625,355.6001309786841,350.86155596843827,352.59804644995546,25833900
2023-11-08,356.3261413574219,356.9834442680157,353.7262709217689,354.8348894957631,26767800
2023-11-09,353.8636474609375,357.8860575764988,353.53987621597344,355.44316251543404,24847300
2023-11-10,362.6736755371094,363.0955302142946,354.23643229337705,354.6484666487655,28042100
2023-11-13,359.74029541015625,361.49642668428953,358.97505869997684,361.2511581241037,19986500
2023-11-14,363.2622985839844,364.9105258370756,360.3975789598127,363.98831378189556,27683900
2023-11-15,363.4097900390625,366.8111878331865,360.89311508068755,364.99251089097083,26860100
2023-11-16,369.7997131347656,369.97665770103697,363.91113117269197,364.6779209606421,27182300
2023-11-17,363.58673095703125,368.03017560302834,360.7849886688486,367.2830363259732,40157000
2023-11-20,371.0482177734375,372.45399413615905,364.7172740131472,364.9335496074717,52465100
2023-11-21,366.75225830078125,369.8489086679745,364.8352685492538,369.30823463589167,28423100
2023-11-22,371.4512939453125,373.3584433577172,368.6200605907828,371.598747765699,23345300
2023-11-24,371.0383605957031,371.56922430315524,368.7871624674301,370.9400480571713,10176600
2023-11-27,372.1983947753906,374.19404643508545,369.82923344697656,370.3993982063347,22179200
2023-11-28,376.21917724609375,376.51408489452496,371.75605149490684,371.94283633917263,20453100
2023-11-29,372.434326171875,377.792014506202,371.0482003824139,377.2611808001932,28963400
2023-11-30,372.4933166503906,373.6533266294802,369.1115692531181,372.0804159794598,30554400
2023-12-01,368.1678466796875,371.75602952719976,365.0220252786822,370.37974391455106,33040500
2023-12-04,362.8887634277344,363.26230306598103,356.75441514637487,362.84943241289693,32063300
2023-12-05,366.2115478515625,366.7620621293834,359.42840192780073,360.24436309009894,23065000
2023-12-06,362.55450439453125,367.8434010010659,361.7975548433351,367.2142547508921,21182100
2023-12-07,364.6680908203125,365.15962347811006,360.11649360898355,361.9941519618629,23118900
2023-12-08,367.8925476074219,368.11863343182006,361.99415565369594,362.9477302195792,20154400
2023-12-11,365.0121765136719,365.30711413857625,359.90025435719485,362.2399548445349,27708800
2023-12-12,368.0400085449219,368.079339558926,364.1863791933993,364.5697890781994,24838300
2023-12-13,368.0301818847656,371.2448248811306,364.4911405130115,369.65223376326037,30955500
2023-12-14,359.7331237792969,367.430542857679,357.9636180145618,366.98815141610726,43277500
2023-12-15,364.45184326171875,366.09354566450713,360.0771902707865,360.6375447439286,78502300
2023-12-18,366.33929443359375,366.68337330414107,362.4365238179664,363.1935033333252,21802900
2023-12-19,366.93896484375,366.93896484375,363.5768683048988,365.1989200557806,20603700
2023-12-20,364.34368896484375,369.662076309118,364.2552166800982,368.6495201604417,26316700
2023-12-21,367.21417236328125,368.06943426189974,363.7734442648963,366.2507576954569,17708000
2023-12-22,368.2366027832031,368.8264479888416,366.39827539290235,367.3518499751321,17107500
2023-12-26,368.31524658203125,370.5566342519059,367.17488724110945,368.6494851818368,12673100
2023-12-27,367.73529052734375,368.7085156973093,366.4966184922779,367.3617208659254,14905400
2023-12-28,368.9247741699219,370.0847841167637,367.82374574574834,369.01324645392424,14327000
2023-12-29,369.6719055175781,370.77293391810167,367.15526060187455,369.6325745030526,18730800
2024-01-02,364.5895080566406,369.53432646906003,360.55893338629653,367.52886438904085,25258600
2024-01-03,364.3240051269531,366.9389624174864,362.2694022559853,362.76093490456435,23083500
2024-01-04,361.70904541015625,366.78166590955874,360.95209593669983,364.3928244536736,20901500
2024-01-05,361.5223083496094,365.7593179114421,360.29347657411785,362.72164936252017,21004600
2024-01-08,368.3447570800781,368.84613000704053,362.7609531121448,363.0460204620728,23134000
2024-01-09,369.4261474609375,369.62274253642516,364.9040407138779,365.71016152546855,20830000
2024-01-10,376.28790283203125,377.66421828465786,369.94714950002793,369.99629076586194,25514200
2024-01-11,378.116455078125,384.063988833949,373.9384270676175,379.4632498955057,27850800
2024-01-12,381.8914794921875,382.0979148596766,378.13616185084385,378.96193332158043,21661200
2024-01-16,383.66094970703125,387.3572854699558,381.0558322148753,386.9935560466254,27202300
2024-01-17,382.87445068359375,383.5035968868469,378.2933627006387,381.4096929597069,22234100
2024-01-18,387.1999816894531,387.31794474262756,383.51348627386955,385.08639698467385,23392100
2024-01-19,391.9186706542969,391.9186706542969,386.83620966747424,389.05794692680297,29331100
2024-01-22,389.79522705078125,393.83561098518595,386.9246632087036,393.24576581207174,27016900
2024-01-23,392.144775390625,392.61665757487873,387.2589392356876,389.04812543344485,20525900
2024-01-24,395.7427978515625,398.7608157750505,393.66854429552797,394.7400819620146,24867000
2024-01-25,398.013671875,400.11744616888006,395.71330250742477,397.4729979213706,21021200
2024-01-26,397.089599609375,399.291686504724,395.6150015101639,397.52215078520555,17803300
2024-01-29,402.7815246582031,403.037131241998,397.4827881758261,399.18350198201716,24510200
2024-01-30,401.6706848144531,406.05514806143475,399.56694047651416,405.27854800251134,33477600
2024-01-31,390.8471374511719,408.28673844568766,390.48340804499526,400.06829591373173,47871100
2024-02-01,396.9421691894531,401.09070661971754,394.9956887835189,395.02517954720986,30657700
2024-02-02,404.2561340332031,405.66191028214797,396.7258498594463,396.9716161967069,28256700
2024-02-05,398.7804870605469,404.19718719885634,397.14859484100157,402.95851515251775,25352300
2024-02-06,398.6231994628906,401.0612125775962,396.08690380386986,399.0066093885159,18382600
2024-02-07,407.0382080078125,407.28397435246177,400.5008292402968,400.54016025565755,22340500
2024-02-08,407.0971984863281,408.52265531696276,405.5439683543155,407.0382169623767,21225300
2024-02-09,413.4281311035156,413.693577955035,408.060602560808,408.2178966207668,22032800
2024-02-12,408.2277526855469,413.61493194410616,407.7263797250581,413.43798737008973,21202900
2024-02-13,399.43914794921875,403.12564326770877,396.55877347389134,398.0825128718903,27824900
2024-02-14,403.2998352050781,403.64455035620506,398.4542264131706,401.9013178119368,20401200
2024-02-15,400.4141845703125,402.94534207042653,398.17851011795324,401.9703171422234,21825500
2024-02-16,397.951904296875,402.11797106264504,397.34128152047964,401.7929427744023,22296500
2024-02-20,396.701171875,398.3754555316585,391.99343067715284,397.1443513475326,24307900
2024-02-21,396.1003723144531,396.20872511051635,391.2153593903598,394.12077725006736,18518900
2024-02-22,405.4272155761719,406.5893706886108,402.393788153555,403.98929433440406,27009900
2024-02-23,404.1369934082031,409.57353818458586,402.7877081506477,409.3864380168882,16295900
2024-02-26,401.37939453125,405.929551090099,401.2020926741633,405.2401206785282,16193500
2024-02-27,401.3202819824219,402.14758039730725,397.74515057992284,401.82255205730473,14835800
2024-02-28,401.556640625,403.1127430930959,399.1929265964819,402.00967855020446,13183100
2024-02-29,407.3871154785156,407.93864768524475,399.7838157071772,402.46269930682627,31947300
2024-03-01,409.21905517578125,409.5834572269849,404.6688986492537,405.05298754832427,17823400
2024-03-04,408.6477966308594,411.04105586312363,406.08709401097116,407.1901585103068,17596000
2024-03-05,396.5632629394531,407.9879154671031,394.58366790374333,407.7022908884421,26919200
2024-03-06,396.01171875,399.03531766594347,392.36766860816914,396.87842085481464,22344100
2024-03-07,402.95513916015625,403.5854487981229,396.1594208279708,399.9807725694748,18718500
2024-03-08,400.07928466796875,404.21580644025056,398.2178408535662,401.79297194630584,18002200
2024-03-11,398.4049987792969,399.5474670630361,395.19429952187465,397.65650787745375,16120800
2024-03-12,409.0023498535156,409.28797443620516,400.64069996356216,401.4581399062547,22457000
2024-03-13,408.8251037597656,411.8585313952043,405.23028537501085,411.77975394826365,17115900
2024-03-14,418.79205322265625,421.35275566223316,411.6713365651744,413.8873238589186,34157300
2024-03-15,410.1251220703125,416.2116937258995,406.54999083820695,412.95173236718284,45079900
2024-03-18,411.0115661621094,414.37002231370536,407.5250703537615,407.98796677480277,20106000
2024-03-19,415.0397033691406,415.2957826626085,409.26827120822617,411.5138040831413,19837900
2024-03-20,418.80194091796875,419.5208864985866,414.3010169757645,415.62075700500156,17860100
2024-03-21,422.8793640136719,424.30745690999566,420.70278020104655,423.3324019440985,21296200
2024-03-22,422.2588806152344,423.36194516542855,419.62925888508494,423.2043902779049,17648500
2024-03-25,416.4677734375,420.94901086959675,415.23666920718586,418.81180070101897,18060500
2024-03-26,415.2760314941406,419.55042134825453,414.98057853086766,419.17616089060704,16725600
2024-03-27,415.05938720703125,418.0337541903471,412.67598630724365,418.0238957387452,16705000
2024-03-28,414.3600769042969,415.49268661622915,412.7842577129666,414.5964392633085,21871200
2024-04-01,418.15191650390625,421.42173632509054,415.8374347010724,417.5412936572551,16316000
2024-04-02,415.0692138671875,415.9950065592136,411.5236280313696,413.7593022671653,17912000
2024-04-03,414.0942077636719,416.8617275140834,412.75475080677563,413.3850905644336,16502300
2024-04-04,411.5631103515625,422.19001143699086,411.2577988795479,418.5656174149567,19370900
2024-04-05,419.08758544921875,420.062640481163,411.99644280159436,413.660898199363,16554800
2024-04-08,418.171630859375,420.820969557038,416.9011228829619,418.7428800514856,14272400
2024-04-09,419.83599853515625,421.2739195545585,415.24643933401694,419.993583449868,12496900
2024-04-10,416.8617248535156,417.6200741918698,413.3555426286193,415.80789248455,16216600
2024-04-11,421.4610900878906,422.8793243997448,415.9752830660833,419.3830008173104,17966400
2024-04-12,415.52227783203125,418.75269400595073,413.4244714952131,417.6397710155257,19253800
2024-04-15,407.3871154785156,420.36786929358846,407.1802683588039,420.1511937797841,20273500
2024-04-16,408.31292724609375,412.0751888679084,407.4758004410801,408.3030988508173,16765600
2024-04-17,405.6143493652344,412.5479364642673,404.127165910336,410.9425718180864,15855500
2024-04-18,398.15875244140625,405.66358827577534,397.8436126348303,404.4226257260466,21029900
2024-04-19,393.08660888671875,399.35048216055003,391.7570104509112,397.922389385747,30565800
2024-04-22,394.8988037109375,396.7602475945419,389.76757007965125,394.0321015888098,20286900
2024-04-23,401.408935546875,402.02941689941457,396.9671017838586,398.12925698523895,15734500
2024-04-24,402.8763427734375,406.2347982871372,400.6308101493401,403.36878440202247,15065300
2024-04-25,393.0078430175781,393.8449998393028,382.16426819567243,388.0735680343126,40586500
2024-04-26,400.17779541015625,406.7568087350332,399.6262631587446,405.9393688090581,29694700
2024-04-29,396.1692810058594,400.1777629830485,393.1555407133354,399.12393070882416,19582100
2024-04-30,383.44464111328125,396.0807119739039,383.2870862186978,395.4208268707794,28781400
2024-05-01,388.96978759765625,395.64729473492514,384.40977340635925,386.6749928264685,23562500
2024-05-02,391.82598876953125,393.88439136644655,388.6842084752251,391.6487169798458,17709400
2024-05-03,400.5126647949219,400.9952480161036,395.7852067038653,396.1988709336313,17446700
2024-05-06,407.2886657714844,407.67275464571117,400.22703898277103,402.58092459776026,16996600
2024-05-07,403.152099609375,408.40154408083737,402.9058788007464,408.39168563049185,20018200
2024-05-08,404.333984375,405.9984394987751,400.5618646353196,401.99981584395204,11792300
2024-05-09,406.0871276855469,406.48107503136987,402.91580195884967,404.3635817483474,14689700
2024-05-10,408.4704895019531,409.1008292398404,405.5749302005713,406.69771158758806,13402300
2024-05-13,407.46588134765625,412.02589540221663,404.60972606039115,411.6910387187959,15440200
2024-05-14,410.2629699707031,411.17890419255156,405.3286952009842,405.7915915372278,15109300
2024-05-15,417.43597412109375,418.1562465444383,411.7034836524185,412.3250840833171,22239500
2024-05-16,415.3738708496094,419.744796345379,414.7424242787078,416.1730628235195,17530100
2024-05-17,414.6042785644531,417.27814812423264,412.45336756995647,416.90321260748334,15352200
2024-05-20,419.6658935546875,421.0768099021397,414.3872573782501,414.6043237478942,16272100
2024-05-21,423.3164978027344,427.1940633042462,419.1823911367933,421.1359581260157,21453300
2024-05-22,424.77679443359375,426.6415960323189,421.43203314716374,424.3525379179631,18073700
2024-05-23,421.3037109375,427.8156712738496,419.7448017896618,427.194070817087,17211700
2024-05-24,424.42156982421875,425.30955759417924,418.7482761527639,421.49118910602255,11855300
2024-05-28,424.5794677734375,425.07279769134385,420.9090919797955,423.8986700778892,15718000
2024-05-29,423.4447937011719,425.1911706830153,420.0112068053538,420.0112068053538,15517100
2024-05-30,409.13818359375,418.63969103885734,408.7138970465268,418.63969103885734,28394500
2024-05-31,409.59210205078125,411.1904861655314,399.11377942255837,411.1904861655314,47995300
2024-06-03,408.0035400390625,410.8747236026411,403.4649291544174,409.9867358256656,17484700
2024-06-04,410.51953125,410.88459054146256,404.21476096620233,406.9280752908703,14348900
2024-06-05,418.3536682128906,418.4227115210052,410.74649880657006,412.2363648709012,16988000
2024-06-06,418.8568115234375,419.63628120393724,414.96936946485204,418.35363549566944,14861300
2024-06-07,418.1957092285156,420.5932850120117,417.3570424827578,420.5143654866237,13621700
2024-06-10,422.162109375,422.36929949498546,418.2352227759558,419.0344147777948,13982900
2024-06-11,426.9079284667969,427.04607528322305,419.57705383558175,419.8039964152252,14551100
2024-06-12,435.1761779785156,437.48495834500466,427.47036718999846,429.51276024474697,22366200
2024-06-13,435.689208984375,437.4750908737884,433.508699318619,434.9689666213265,15960600
2024-06-14,436.666015625,437.22841891267086,430.89405002785384,432.43323683903066,13582000
2024-06-17,442.3886413574219,444.92436422206765,434.84070005199675,436.68574902549324,20790000
2024-06-18,440.3857421875,444.1350675846114,438.95510350912195,443.71078097637735,17112500
2024-06-20,439.7543029785156,440.5732173975681,435.383377000911,440.3462747944722,19877400
2024-06-21,443.7798156738281,444.56913141990066,440.553449170913,441.4118383251449,34187100
2024-06-24,441.6980285644531,446.71024735686916,440.45482751735335,443.79958875342635,15913700
2024-06-25,444.9342346191406,445.3979659147229,440.7902515475345,442.27024120018433,16413400
2024-06-26,446.1280517578125,447.54884412889345,442.21101156026344,443.01020350518843,16507000
2024-06-27,446.80889892578125,450.08461670642896,445.74328947401983,446.1478236075156,14806300
2024-06-28,440.98760986328125,449.3051447547128,440.4548051400977,447.02596302446955,28362300
2024-07-01,450.6371154785156,451.2685620568994,439.71478489170136,442.6747641221356,17662800
2024-07-02,453.15313720703125,453.4589993533835,447.06543265029325,447.15425853449676,13979800
2024-07-03,454.62322998046875,454.86989493305913,451.7717987859675,452.07766091834213,9932800
2024-07-05,461.3226318359375,462.1021014719612,452.8472281684966,453.478674753155,16000300
2024-07-08,460.0202331542969,461.4607780718062,458.26398000009,460.326095268591,12962300
2024-07-09,453.4096374511719,461.09569535136285,451.89017298008986,460.77011087707854,17207200
2024-07-10,460.0301513671875,460.2373415030919,452.7387206812327,455.06725356597207,18196100
2024-07-11,448.63421630859375,458.57973369334036,445.5262138972975,456.8037581244286,23111200
2024-07-12,447.49951171875,450.2720231711714,444.6382045032453,448.2691051092715,16324300
2024-07-15,447.9040222167969,451.1600172439033,445.40777441791397,447.2528232113756,14429400
2024-07-16,443.5232849121094,448.23951736513413,440.7014524487549,448.1605978328616,17175700
2024-07-17,437.6033630371094,438.9156374910901,433.32126292871686,436.68577660898285,21778000
2024-07-18,434.495361328125,438.71826397070777,428.6050012530057,438.4124018485707,20794800
2024-07-19,431.27880859375,435.25507610536096,426.2369919613048,427.32232365737326,20940400
2024-07-22,437.0310974121094,438.6689563053254,433.05485959349295,435.8964446559175,15808800
2024-07-23,438.9156188964844,442.40840302613475,437.1889642431626,437.9782800404941,13107100
2024-07-24,423.1783752441406,435.5905721860423,421.88585333621705,434.5743138131604,26805800
2024-07-25,412.8184509277344,424.066366533815,411.94033937034624,423.0797067418699,29943800
2024-07-26,419.5967712402344,423.19810333197387,411.7034934246348,412.6211098546519,23583800
2024-07-29,421.0373229980469,426.38500194360023,419.0344049240428,425.8225986635412,15125800
2024-07-30,417.2781677246094,423.32636688783225,411.7923116419938,422.0141226280364,32687600
2024-07-31,412.76910400390625,416.1533396507724,406.7109988096176,414.8904164009859,42891400
2024-08-01,411.545654296875,421.7575892383458,407.57929274476925,415.1765852410534,30296400
2024-08-02,403.0406188964844,409.46378330120876,398.9459870855653,406.98725777167675,29437900
2024-08-05,389.87860107421875,395.6900415573509,380.43625987349014,383.9783949357412,40709200
2024-08-06,394.2791442871094,400.2583309236166,393.183966261965,394.66395609733,24946500
2024-08-07,393.1148986816406,404.60948055159776,392.16771360387116,403.188717990179,20650900
2024-08-08,397.31805419921875,400.4457490366174,394.6047396336136,397.0713892387092,20203000
2024-08-09,400.60357666015625,402.6064947272633,396.89375651412195,398.64013341356633,19276700
2024-08-12,401.383056640625,403.30705522680034,398.84733381774834,401.6297215819056,16762900
2024-08-13,408.4870300292969,409.41449264240543,404.10625814496586,404.1259805010332,19414300
2024-08-14,411.29901123046875,412.1475543601763,406.94786778270196,409.2664943452795,18267000
2024-08-15,416.1620788574219,416.2411406304339,412.8310473922666,414.9462891736181,20752100
2024-08-16,413.6317138671875,416.46852653153576,412.4752279591184,415.73709195319884,22775600
2024-08-19,416.65631103515625,416.87376862371895,411.64492262923585,414.11601787893187,15234000
2024-08-20,419.8885498046875,420.9362919197164,416.76511152971835,416.8244154105886,16387600
2024-08-21,419.2361755371094,421.4700252660244,416.8441419181339,419.1768414959673,16067300
2024-08-22,410.7454528808594,421.8555179747642,409.8163186254232,419.45359039351575,19361900
2024-08-23,411.97113037109375,414.41257372157986,407.32545916499066,412.15893602611095,18493800
2024-08-26,408.7092590332031,412.4554478665689,406.58412315782203,411.55596557862424,13152800
2024-08-27,409.05523681640625,409.5692137906275,405.5067475085558,408.0865565785304,13492900
2024-08-28,405.8526916503906,410.201813276276,402.60072184118246,410.0832055301203,14882700
2024-08-29,408.3435363769531,417.17028122626607,405.85268326493673,410.142500929111,17045200
2024-08-30,412.31707763671875,412.663006834999,407.36499317358016,410.7948745382869,24308300
2024-09-03,404.7060852050781,415.0253810540411,402.32394584007614,413.07815685238506,20313600
2024-09-04,404.17236328125,406.4853049884444,399.6947395600007,401.2169427939581,15135800
2024-09-05,403.6682434082031,408.3237783354607,401.4343636867301,402.9071267784607,14195500
2024-09-06,397.05560302734375,405.9021060614487,396.165984591682,404.33049307771034,19609500
2024-09-09,401.02911376953125,403.9252302108811,397.5003824546475,402.5315288470681,15295100
2024-09-10,409.4111022949219,411.5164502597468,402.9862541865475,403.48047327180706,19594300
2024-09-11,418.1488952636719,419.08789343392027,404.84449566929334,410.6960629554886,19266900
2024-09-12,422.0630798339844,422.42879711427406,414.89690341994134,418.415740735589,17395700
2024-09-13,425.6115417480469,426.8371952929349,420.54084966063596,420.9065669174341,15874600
2024-09-16,426.3529357910156,428.5176178937892,423.26901338836296,425.6215011650568,13834700
2024-09-17,430.1188659667969,436.741413807479,427.2721591954558,435.1401487897844,18874200
2024-09-18,425.82904052734375,430.9886889198146,425.43367129700556,429.9705988234429,18898000
2024-09-19,433.6179504394531,436.3954593302787,431.84863763952944,436.1285918792357,21706600
2024-09-20,430.23748779296875,434.161588684006,429.1996397408119,432.16495436382024,55167100
2024-09-23,428.4978332519531,431.41370770372646,425.4139110417271,429.2589197702658,15128900
2024-09-24,424.2080078125,428.33967197864655,421.1734954974966,427.9937125983331,17015800
2024-09-25,427.114013671875,428.11234590086275,423.6149641825675,424.8603757953974,13396400
2024-09-26,426.3232421875,430.2671006249204,424.1684543301705,430.0595370663028,14492000
2024-09-27,423.0712890625,426.85702409572957,422.52766014209345,426.5308226116947,14896100
2024-09-30,425.3249206542969,425.4435585697777,420.4519278512811,423.2590885562286,16807300
2024-10-01,415.8260498046875,423.52599147760804,413.9677812470877,423.49633953955015,19092900
2024-10-02,412.3072204589844,417.9314360837514,411.89206315330637,417.6941904099043,16582300
2024-10-03,411.7240295410156,414.699207817815,409.50004373541833,412.80142348929195,13686400
2024-10-04,411.2495422363281,414.89688113885154,410.172148356534,413.40432999591644,19169700
2024-10-07,404.8049621582031,412.287415913181,404.2711971193028,411.190264062665,20919800
2024-10-08,409.9151611328125,410.8541894054543,403.45079759655545,406.1492143378804,19229300
2024-10-09,412.63336181640625,415.51961434814075,409.5098937927917,411.0518548194861,14974300
2024-10-10,411.0321044921875,412.5246557071608,408.37320353432506,410.42917171763446,13848400
2024-10-11,411.5065612792969,412.3071937353824,408.4720490414364,411.3286496589972,14144900
2024-10-14,414.2939453125,419.1372858012014,412.6926503077809,412.9397598241915,16653100
2024-10-15,413.8985900878906,417.5953693595967,410.4588445581101,417.29881980944174,18900200
2024-10-16,411.3088684082031,411.5460839058675,405.7340930599272,410.36987028679,15508900
2024-10-17,411.9019470214844,417.61511832115826,410.78500708577025,417.4767225011017,14820000
2024-10-18,413.3253173828125,414.79808063402476,411.44729085370335,412.3171212877513,17145300
2024-10-21,413.9381408691406,414.1160525024568,408.96629801765454,411.3088916838687,14206100
2024-10-22,422.56719970703125,425.60168187753965,413.2066892964129,413.6514683614362,25482200
2024-10-23,419.6908264160156,426.09588604624633,417.64475229425324,425.87842845603865,19654400
2024-10-24,419.8193359375,421.0548835944768,417.5162582126422,420.4123746810587,13581600
2024-10-25,423.19976806640625,427.5192377532194,421.63804913504384,421.8258547879259,16899100
2024-10-28,421.6578063964844,426.94595627618617,421.37115090072086,426.66919481416045,14882400
2024-10-29,426.95587158203125,428.16176733338216,420.87695281886124,423.05152881793293,17644100
2024-10-30,427.52911376953125,433.43009020652653,427.1040926423887,432.3823482739382,29749100
2024-10-31,401.6518859863281,411.348462734814,401.6024459753444,410.5576940417458,53971000
2024-11-01,405.6253356933594,410.6960279404989,402.78852319074196,404.28107436497436,24230400
2024-11-04,403.7373962402344,405.67475653100576,400.88082597000493,405.06189960347484,19672300
2024-11-05,406.7027282714844,410.1029577159873,403.36180269923256,403.64845819160416,17626000
2024-11-06,415.3219299316406,415.58882753455555,405.77361389082967,407.65167048638625,26681800
2024-11-07,420.51123046875,421.91482589939426,415.0254108601489,416.40921822256973,19901800
2024-11-08,417.6546325683594,421.568838898406,416.90340997880253,420.4024892096892,16891400
2024-11-11,413.17706298828125,419.8984307044044,411.19029254705583,417.6348987728619,24503300
2024-11-12,418.1389465332031,419.5326478016325,412.37636598179006,413.4142138670265,19401200
2024-11-13,420.2839050292969,424.366129168666,413.3747019871383,416.7650676989441,21502200
2024-11-14,421.9543762207031,423.21957584577814,415.14402288993426,420.086213638624,30246900
2024-11-15,410.20184326171875,417.91164897279026,408.85758182070697,414.9661225121513,28247600
2024-11-18,410.9530944824219,413.5625557641184,407.3354068851738,410.07336996510656,24727000
2024-11-19,412.9595642089844,413.10782389174204,406.79168992363145,408.3336509537854,18133500
2024-11-20,410.6861267089844,412.4653333453386,405.8328921341125,412.0501760807684,19191700
2024-11-21,408.913330078125,415.7571129679985,406.35806834126146,415.4797975064388,20780200
2024-11-22,413.00372314453125,413.39988374041405,407.1206461090675,407.4276728377604,24814600
2024-11-25,414.7765808105469,417.0446130867062,410.8743369468268,414.3705063731925,27691100
2024-11-26,423.888427734375,424.92838338966095,414.83603494213827,415.5689336176803,23458900
2024-11-27,418.9363098144531,423.1356967701012,417.97560449920036,421.03598817971914,18332400
2024-11-29,419.4018249511719,420.808229889217,413.7960631011275,416.06412568619913,16271900
2024-12-02,426.8497619628906,428.85039263641124,417.27242003383,417.5299380247713,20207200
2024-12-03,427.0676574707031,428.32547569363487,423.6407942127541,425.72067515411175,18302000
2024-12-04,433.2280578613281,435.4564952904926,428.483953715763,428.8801143248133,26009400
2024-12-05,438.37823486328125,440.39869339406243,431.99006528414975,433.72329450893346,21697800
2024-12-06,439.3191223144531,441.82487523918803,437.5363542028089,438.0612738202398,18821000
2024-12-09,441.7456359863281,444.03349609525384,436.2785468030062,438.35842787251636,19144400
2024-12-10,439.0813903808594,445.31111943385133,437.3679889585384,440.13125981361975,18469500
2024-12-11,444.6871643066406,446.034146674654,439.7945036123786,439.7945036123786,19200200
2024-12-12,445.251708984375,451.7884649521135,444.8060093995974,444.8060093995974,20834800
2024-12-13,442.983642578125,447.10377945438483,441.30983602760955,444.142443353527,20177800
2024-12-16,447.2622375488281,447.8465797272876,441.01271109813007,442.9836304987913,23598800
2024-12-17,450.1047668457031,450.9268296361061,445.2616448801094,446.68784735190707,22733500
2024-12-18,433.1983337402344,448.3120705924071,432.83185420697276,446.9948298056794,24444500
2024-12-19,432.841796875,438.93285336164837,432.1386095010433,437.38780577162396,22963700
2024-12-20,432.41595458984375,439.4875143941051,424.5223319655796,428.95937961527454,64263700
2024-12-23,431.078857421875,433.4558513948008,428.6820357713906,432.5545685943141,19152500
2024-12-24,435.1197509765625,435.38718282685113,430.02902490868655,430.48460812290455,7164500
2024-12-26,433.91143798828125,436.71433412405435,432.4456406431818,434.8721433787049,8194200
2024-12-27,426.4040832519531,431.04913980352325,422.2641488688207,430.4350863105853,18117700
2024-12-30,420.7586975097656,423.45263204127576,417.8567839421245,421.9769208859116,13158700
2024-12-31,417.46063232421875,422.6405224628075,416.62868593663666,422.0165551158413,13246500
2025-01-02,414.568603515625,421.9868450538027,410.8743686174563,421.45201157982797,16896500
2025-01-03,419.2928771972656,419.96635323692743,415.51939233739597,417.0446121521978,16662900
2025-01-06,423.749755859375,430.1577525838614,421.4024733118246,423.8983123069827,20573600
2025-01-07,418.3222961425781,426.52294519780327,416.7673346717813,424.88876369017254,18139100
2025-01-08,420.49127197265625,422.87817962096636,417.50022470253026,419.40180766065134,15054600
2025-01-10,414.9350280761719,420.6398068835906,411.0426680414125,420.5605868581897,20201100
2025-01-13,413.1919250488281,414.48936844362913,408.3388895039501,411.2606004893305,17604800
2025-01-14,411.6864929199219,415.7174656234234,406.783918522941,413.80596878606093,16935900
2025-01-15,422.2244873046875,424.04685017409594,414.2615295855494,415.1133035563719,19637800
2025-01-16,420.51104736328125,425.3739962723433,420.32289602505284,424.59158895645874,15300000
2025-01-17,424.91845703125,430.31623990051855,424.06671321451194,429.9299628963343,26197500
2025-01-21,424.3935546875,426.770548715405,421.52135231106814,426.07727516253885,26085700
2025-01-22,441.9239196777344,442.98364251820686,431.82165779523024,433.366705345479,27803800
2025-01-23,442.4289855957031,442.46861072225846,437.26892363486763,437.7641319289048,18389300
2025-01-24,439.8044128417969,442.3695883246394,437.169900939795,440.89387719602587,15549500
2025-01-27,430.39544677734375,431.0293279263355,419.4414413066827,419.9465634582157,35647800
2025-01-28,442.91436767578125,444.08305214713533,427.2459679678923,430.435111003789,23491700
2025-01-29,438.09100341796875,442.5974175154718,436.17950645057016,442.40923592540474,23581400
2025-01-30,411.01300048828125,418.8075747745586,409.20055129765046,414.75677425796516,54586300
2025-01-31,411.0823059082031,416.65835612531487,410.93374946527524,414.96475222570615,34161900
2025-02-03,406.9820251464844,411.42898625512174,404.7436738342851,407.6555012178145,25679100
2025-02-04,408.4181213378906,409.9532853263689,405.81332063447735,408.73506192939664,20532100
2025-02-05,409.32928466796875,409.8640878693508,406.46696618877354,408.39829064688985,16316700
2025-02-06,411.8350524902344,414.19224891795665,410.0324869601977,410.0324869601977,16309800
2025-02-07,405.8232116699219,414.63791357819275,404.1890302854019,412.48872643025265,22886800
2025-02-10,408.26953125,411.4784713555885,406.982001762604,409.7452423090315,20817900
2025-02-11,407.49700927734375,408.53693461973535,405.37750324031913,405.71427148321067,18140600
2025-02-12,405.1200256347656,406.813629604169,400.4947666868975,403.30754628100544,19121700
2025-02-13,406.6056213378906,407.0612044905901,402.465657162982,403.0995382668374,23891700
2025-02-14,404.515869140625,404.99128001840967,401.99031874797896,403.8820181953633,22758500
2025-02-18,405.7142639160156,406.6650553734785,402.6043413346739,404.08996621044764,21423100
2025-02-19,410.7950744628906,411.50817561028913,403.74331324145845,403.9711199361536,24114200
2025-02-20,412.968505859375,416.1243389128722,409.40578409861945,412.134891295379,23508700
2025-02-21,405.1086120605469,414.87384893021425,404.791066280818,414.1692516421462,27524800
2025-02-24,400.9306335449219,406.25983043716724,396.2861968407472,405.4063787741937,26443700
2025-02-25,394.876953125,398.8664306026397,393.6860882830661,398.05265327493277,29387400
2025-02-26,396.69305419921875,400.53364695077397,391.25467770642615,394.9861207223364,19619000
2025-02-27,389.5477600097656,402.657388820498,389.1905096396701,398.22134834414993,21127400
2025-02-28,393.973876953125,394.6090291195634,383.6330593862238,389.67678725566606,32845700
2025-03-03,385.5384521484375,395.7899873220531,383.2261675615013,395.7899873220531,23007700
2025-03-04,385.65753173828125,389.59737098453536,378.10536303990614,380.48712304915495,29342900
2025-03-05,397.9732666015625,398.61835249883035,385.85603973587394,386.3820118850688,23433100
2025-03-06,393.8746643066406,399.09468114787944,389.6966277473878,391.28447789138556,23304600
2025-03-07,390.32183837890625,391.80050846371955,382.61088158953936,389.33936956128906,22034100
2025-03-10,377.2717590332031,383.4643412864511,374.3540930979484,382.90859827837613,32840100
2025-03-11,377.5595397949219,383.0673615053873,374.04642649696916,376.1205440687611,30380200
2025-03-12,380.35809326171875,382.2932902407784,376.07093750152677,380.040547480545,24253600
2025-03-13,375.89227294921875,382.3925273041687,374.58232470495466,380.24893433302753,20473000
2025-03-14,385.6079406738281,387.2652662935844,376.6267095180303,376.8946473094157,19952800
2025-03-17,385.7468566894531,389.72637004614455,382.6406320765131,383.7620517263702,22474300
2025-03-18,380.6062316894531,384.4269877309022,378.2046343736099,384.1292790671939,19486900
2025-03-19,384.8735656738281,386.719419886704,381.0825806498319,382.60095534567967,19185500
2025-03-20,383.9010009765625,388.8134057411041,380.36805030146087,382.8093521082507,18470500
2025-03-21,388.28741455078125,388.76374837124365,379.8916675364793,380.30848991510493,39675900
2025-03-24,390.0935974121094,392.3959786933822,386.84845184017416,392.3959786933822,21004500
2025-03-25,392.1578063964844,393.34867131877104,389.65696280253144,390.9272368910712,15775000
2025-03-26,387.0072326660156,392.30665877239477,385.61787512073846,391.99901639757354,16108400
2025-03-27,387.61260986328125,389.26000188021396,384.4567767361847,387.16604684664975,13766800
2025-03-28,375.92205810546875,386.1735929782764,374.06627026028934,385.1315521729189,21632000
2025-03-31,372.5379943847656,374.20522334023684,364.449889664545,369.7096411618319,35184700
2025-04-01,379.2863464355469,379.9413357760227,370.3944277527412,371.80362246362756,19689500
2025-04-02,379.2367248535156,382.1543604865691,373.7586433966847,375.0983928958324,16092600
2025-04-03,370.27532958984375,374.6121545094563,366.5439163069489,371.94258902020607,30198000
2025-04-04,357.1061706542969,371.74410993496775,356.7489202327306,361.36358655898334,49209900
2025-04-07,355.14117431640625,368.1813588125757,342.17049555544185,348.2142236601539,50425000
2025-04-08,351.8662414550781,370.8112022714622,347.5889889390993,365.46216834014683,35868900
2025-04-09,387.52325439453125,390.24245792204835,350.41733953240174,350.85399906862426,50199700
2025-04-10,378.45269775390625,380.983312003396,365.00562576710445,379.1572950457799,38024400
2025-04-11,385.4988098144531,387.08662977771354,376.01144319106686,377.74814777589194,23839200
2025-04-14,384.8636474609375,391.651677567929,381.29099206627785,390.23254912743425,19251200
2025-04-15,382.7994384765625,388.9126416904877,381.24135923720473,385.5583162962043,17199900
2025-04-16,368.7867126464844,378.71073856569086,365.2041538267982,377.7779079921512,21967800
2025-04-17,364.9858093261719,371.4761304955969,364.10258680355696,370.9104537724408,21120200
2025-04-21,356.3916015625,361.71089501866106,352.9678309109542,360.0635031391147,20807300
2025-04-22,364.0331115722656,364.9758758256959,357.12596800122816,360.6192443688487,19485000
2025-04-23,371.5456237792969,377.50003937654276,370.18600677791767,373.20291916052497,20545500
2025-04-24,384.35748291015625,385.49877003384853,372.33950296048084,372.8456379358323,22232300
2025-04-25,388.8729553222656,389.1805976978566,381.67803664886475,384.05979677325973,18973200
2025-04-28,388.18817138671875,389.75615403464093,383.70252292195136,388.9820812843996,16579400
2025-04-29,391.0462951660156,392.0982394081848,387.41409832984397,388.3270916828822,14974000
2025-04-30,392.257080078125,393.6464377272527,381.5192761653572,387.3347411416079,36461100
2025-05-01,422.16802978515625,433.669971462135,421.67182852064957,427.8346397458207,58938100
2025-05-02,431.97296142578125,436.10135948336034,426.72314369115975,428.4598480759583,30757400
2025-05-05,432.8562316894531,436.1609188409604,428.827049490993,429.58128511716615,20136100
2025-05-06,430.0179443359375,434.4043769104007,427.8942186382879,428.91639204817295,15104200
2025-05-07,430.0576477050781,434.79139692835327,427.83464541633373,430.54391525930873,23295300
2025-05-08,434.841064453125,440.2992788018954,432.35012421343623,434.6028672327044,23491300
2025-05-09,435.39678955078125,437.3914981181206,432.5684361749063,436.65712990925,15324200
2025-05-12,445.84674072265625,445.95589045656413,436.4387544599253,442.5519572732001,22821900
2025-05-13,445.7276916503906,447.24606632617565,441.9763809723924,444.37800844651383,23618800
2025-05-14,449.498779296875,450.45147719255016,444.7352595327789,444.7352595327789,19902800
2025-05-15,450.512939453125,453.55526390744575,447.82852124457236,448.16655392379437,21992300
2025-05-16,451.6463317871094,451.73580834700897,446.1383501578063,449.43915228561843,23849800
2025-05-19,456.2197570800781,456.9355998797858,448.1963586877965,448.27591363294266,21336500
2025-05-20,455.5238342285156,455.69283539558984,451.69606398891386,452.9587181303489,15441800
2025-05-21,449.9561767578125,455.1360777634671,449.20055644956204,451.94462570262056,19216900
2025-05-22,452.2329406738281,457.5918252828005,451.27849365115543,452.32244757902833,18025600
2025-05-23,447.5799560546875,451.06969358680703,446.3173019248347,447.3811293692874,16883500
2025-05-27,458.0292663574219,458.2877744248074,453.48565331857327,453.8435898996704,20974300
2025-05-28,454.7184753417969,459.84867709346275,454.2909661144885,458.55619745791415,17086300
2025-05-29,456.0308837890625,459.05333474747385,452.68035209769624,458.884303233251,13974800
2025-05-30,457.7011413574219,459.0135248792732,452.90900269221845,457.0648535034259,34770500
2025-06-02,459.3018798828125,459.44105553120437,454.2512329224997,454.49978904014216,16626500
2025-06-03,460.29608154296875,461.4593374660713,458.19825223653834,458.8047449110186,15743800
2025-06-04,461.1908874511719,463.00038321907994,460.3457906064832,461.3201414833542,14162700
2025-06-05,464.9788818359375,466.93750520910584,461.3499686746429,462.2745901279283,20131700
2025-06-06,467.663330078125,470.6062261334739,466.07256479314685,467.37499647452495,15285600
2025-06-09,470.0196228027344,470.69568816704816,465.9134708467471,466.98725027602023,16469900
2025-06-10,468.2002258300781,470.06934244703956,464.26307487233004,468.4686555284736,15375900
2025-06-11,469.8903503417969,472.72389606625393,466.9474544926898,467.30536072753216,16399200
2025-06-12,476.104248046875,477.6453141185156,470.7851412769109,472.2764779222473,18950600
2025-06-13,472.2168273925781,476.4124557062983,470.0295518485209,473.6584649544854,16814500
2025-06-16,476.3727111816406,477.91374692205306,472.25660744971805,472.4653860858625,15626100
2025-06-17,475.279052734375,475.97499162724574,471.3419021646973,472.65428568792316,15414100
2025-06-18,477.4663391113281,478.2219594008936,471.71972301658775,475.2392860574369,17526500
2025-06-20,474.64276123046875,480.667759158903,474.1158234691147,479.44488246554124,37576200
2025-06-23,483.1930847167969,484.932977511559,469.7810065395394,475.44806772339973,24864000
2025-06-24,487.2793273925781,489.009298556199,483.9884469122188,486.1260537385937,22305600
2025-06-25,489.4268798828125,491.7036624656625,486.56353883181055,489.1982276680394,17495100
2025-06-26,494.57696533203125,495.1635541172166,489.9637493151316,490.13278082199906,21578900
2025-06-27,493.07568359375,496.4162632322767,490.1824867596744,494.6763704185467,34539200
2025-06-30,494.5372009277344,497.86785899517616,492.4691970236715,494.1693427257206,28369000
2025-07-01,489.2080993652344,495.1734457101395,488.1443023264632,493.60258452282886,19945400
2025-07-02,488.2536926269531,490.6497772469701,485.87751191483574,487.1600396387865,16319600
2025-07-03,495.9589538574219,497.2415119784696,490.59014753996934,490.9580057562307,13984800
2025-07-07,494.84539794921875,495.8694479262707,492.36978876052433,494.50736527479916,13981600
2025-07-08,493.7517395019531,495.3226311177228,491.25622643335066,494.36815380384166,11846600
2025-07-09,500.6019592285156,503.8530622357068,496.85371365827956,497.41047691930333,18659500
2025-07-10,498.58367919921875,501.52657502305914,494.87521114411277,500.14458849842043,16492100
2025-07-11,500.41302490234375,502.1131401056752,494.9248868769196,495.59103056526646,16459500
2025-07-14,500.1147766113281,501.05930198422453,498.1362796464767,498.6234399223271,12058800
2025-07-15,502.89862060546875,505.36427783294863,499.88612172349406,500.11477392946824,14927200
2025-07-16,502.69976806640625,503.793421043838,498.99133023831314,502.2623068754336,15154400
2025-07-17,508.7446594238281,510.40499725185873,502.6997578215743,502.75940886082554,17503100
2025-07-18,507.1041564941406,511.66767331118785,504.4992933518648,511.5085634207008,21209700
2025-07-21,507.1141357421875,509.1324405638626,502.6301736290422,503.7834776665751,14066800
2025-07-22,502.3517761230469,508.2475501614973,502.3517761230469,508.01886761548803,13868600
2025-07-23,502.94830322265625,503.8630030405687,497.80817995491657,503.8232255681408,16396600
2025-07-24,507.9294128417969,510.703277326071,504.37007217269974,505.83158338819493,16107000
2025-07-25,510.74310302734375,515.2966076642933,507.41241445610984,509.51021364184703,19125700
2025-07-28,509.5400390625,512.0256002286585,507.17377997770546,511.110930710653,14308000
2025-07-29,509.6096496582031,514.6304711522027,508.60547322287385,512.5525759685828,16469200
2025-07-30,510.2757568359375,512.9701269930791,506.49771598970693,512.1946027794743,26380400
2025-07-31,530.4187622070312,552.2420017670738,528.8280273057109,552.0232408256204,51617300
2025-08-01,521.0829467773438,532.7054326872741,517.8517174087783,531.9100652869249,28977600
2025-08-04,532.54638671875,535.141297909759,525.0797515616827,525.218957545317,25349000
2025-08-05,524.701904296875,534.196734767709,524.194840165689,534.077432699505,19171600
2025-08-06,521.908203125,528.6291703469228,521.0034855448089,527.8338028961505,21355700
2025-08-07,517.8318481445312,525.0399748350125,514.56081112672,523.7573865594029,16079100
2025-08-08,519.0249633789062,521.629826851029,516.4101479520375,519.5817267008259,15531000
2025-08-11,518.7565307617188,524.5429245664681,516.7183220142601,519.2834381856256,20194400
2025-08-12,526.183349609375,527.9132904806338,519.6811434112465,520.7250669698358,18667000
2025-08-13,517.5733642578125,529.6233593434064,516.3703308668756,529.0367402367135,19619200
2025-08-14,519.4623413085938,522.9123315064297,517.1358902118243,519.5418962511537,20269100
2025-08-15,517.1657104492188,523.0614541020369,516.0820397908819,519.7507304052322,25213300
2025-08-18,514.1134033203125,519.8003983365775,511.0512359172718,518.5775217659684,23760600
2025-08-19,506.8258056640625,512.1846598699071,505.61285057663105,512.0256106523992,21481000
2025-08-20,502.7991943359375,508.0486982628479,501.52658824278717,506.925219770199,27723000
2025-08-21,502.15185546875,505.5278315490841,500.6381609615915,501.6041452591809,18443300
2025-08-22,505.1295166015625,508.6150227226763,500.32946944945456,502.1618461633245,24324200
2025-08-25,502.17181396484375,506.0855321115255,502.0323791323648,504.5319946732823,21638600
2025-08-26,499.96099853515625,502.88882606141556,496.4456179190968,502.2713680297872,30835700
2025-08-27,504.6415100097656,505.1892506185915,497.82983904056124,499.9211487290224,17277900
2025-08-28,507.5295104980469,508.9734875719172,503.4066403395377,504.9900522378754,18015600
2025-08-29,504.59173583984375,507.4896888132377,502.40083415821226,506.5535790393771,20961600
2025-09-02,503.0282287597656,503.90458943006223,494.75264396148896,498.3974910813857,18128000
2025-09-03,503.2572937011719,505.68719181229375,500.2398424947412,501.70375627159575,16345100
2025-09-04,505.866455078125,506.04570238922344,501.0664078062513,502.2116394820944,15509500
2025-09-05,492.9501647949219,509.8498918622262,490.3310509759443,506.9619070760115,31994800
2025-09-08,496.13690185546875,499.1244784694731,492.9800158612091,496.04724781279185,16771000
2025-09-09,496.3460388183594,500.17013335375145,495.6389875077243,499.3535217605099,14410500
2025-09-10,498.29791259765625,501.1460848531792,494.6630336933239,500.8971201283455,21611800
2025-09-11,498.9352722167969,501.08633106619584,495.8182290284252,500.17012751524385,18881600
2025-09-12,507.7884521484375,510.42747218178897,501.7635178992086,504.55191069082485,23624900
2025-09-15,513.225830078125,513.3353599697668,504.9004642300766,506.68306017742736,17143800
2025-09-16,506.9320068359375,515.0880630075219,506.4938265025834,514.7395367165727,19711900
2025-09-17,507.9079284667969,509.1726886784055,503.8348693472275,508.5054498653079,15816600
2025-09-18,506.3444519042969,510.9453149965379,505.55771489166153,509.37184097126715,18913700
2025-09-19,515.78515625,517.1494779837726,508.1967168320822,508.44568153944795,52474100
2025-09-22,512.319580078125,515.5959337012963,510.4174557013089,513.4548737162081,20009300
2025-09-23,507.1212463378906,512.4590659268906,505.2091838485409,511.67229848312854,19799600
2025-09-24,508.0373840332031,510.35772177145367,504.82077941210207,508.26644250853604,13533700
2025-09-25,504.9303283691406,507.89799878212006,502.94857891661616,506.1950582100621,15786500
2025-09-26,509.34197998046875,511.8117209714621,504.52202659403474,507.94778361103766,16213100
2025-09-29,512.4689331054688,514.7096154882738,506.77264973451184,509.3817950243417,17617800
2025-09-30,515.8051147460938,516.0142062084105,507.54943619028296,511.11459757878936,19728200
2025-10-01,517.557861328125,518.3545363078492,509.5710533372991,512.6681599915194,22632300
2025-10-02,513.604248046875,519.439966484546,508.5652045551738,515.496404228155,21222900
2025-10-03,515.20751953125,518.3345307125708,512.8672756929882,514.9585548343116,15112300
2025-10-06,526.3811645507812,528.8309994124726,516.0541122577388,516.4623876768178,21388600
2025-10-07,521.8101196289062,527.6060256392368,519.2806599401652,526.1022689962125,14615200
2025-10-08,522.676513671875,524.7678538085896,520.923853084141,521.1130687043808,13363400
2025-10-09,520.2366943359375,522.158694647609,515.2574000210162,520.1769452354545,18343600
2025-10-10,508.84405517578125,521.4118200258811,507.5195762105422,517.4881335274953,24133800
2025-10-13,511.9212341308594,514.2714464494894,509.56105349845876,514.2714464494894,14284200
2025-10-14,511.4432373046875,513.1461778212379,503.9045785101632,508.11707238992415,14684300
2025-10-15,511.3038024902344,515.0482414945574,507.888013925759,512.8274957075639,14694700
2025-10-16,509.4913330078125,514.7096236704256,506.02576365101777,510.4573477017149,15559600
2025-10-17,511.4532470703125,513.3453425707617,505.2091921192977,506.93203901166436,19867800
2025-10-20,514.6498413085938,516.5519656323323,511.30377036778043,512.4788764440519,14665600
2025-10-21,515.5162963867188,516.5420602391357,510.91543308707116,515.3569857054445,15586200
2025-10-22,518.3843994140625,523.0549803520576,515.5661623300699,518.9919195722497,18962700
2025-10-23,518.404296875,521.7802730707533,516.4623598997719,520.2964530626382,14023500
2025-10-24,521.441650390625,523.1744351060786,518.5536961256696,520.6250388201142,15532400
2025-10-27,529.3189697265625,532.3662956890146,526.819354031342,529.577902779321,18734700
2025-10-28,539.8252563476562,551.4269763883988,538.5306518978505,547.7224103521172,29986700
2025-10-29,539.307373046875,544.0078586434945,534.507325873603,542.6833492925585,36023000
2025-10-30,523.582763671875,532.7545848667123,519.9578228356851,528.2831883129468,41023100
2025-10-31,515.6656494140625,527.1279940743384,512.9668501497666,526.6898137654194,34006400
2025-11-03,514.888916015625,522.7860691817526,512.4590180581705,517.657371934483,22374700
2025-11-04,512.2001342773438,513.4150529816625,505.73698923396887,509.6407695643784,20958700
2025-11-05,505.0597839355469,512.6980347767452,504.4821687767013,511.17434154282535,23024300
2025-11-06,495.04144287109375,503.6058351018555,493.75677643867937,503.5659922381216,27406500
2025-11-07,494.7626037597656,497.31199999791255,491.2073803526309,494.89207027354036,24019800
2025-11-10,503.9045715332031,504.7510576229119,496.73437575016374,497.9692613740871,26101500
2025-11-11,506.573486328125,507.48968986721945,500.26971300797675,502.70954902224156,17980000
2025-11-12,509.0233154296875,509.5511194130969,497.05307240824305,507.2506574723947,26574900
2025-11-13,501.205810546875,511.3735209246628,499.2140928412288,508.1967287528611,25273100
2025-11-14,508.0672607421875,509.4813936811572,495.3800287197931,496.166765720741,28505700
2025-11-17,505.3883972167969,509.9992285471841,502.8190947602184,506.34444359286346,19092800
2025-11-18,491.74517822265625,500.89712400975867,484.76419755903834,493.31862192366924,33815100
2025-11-19,485.1027526855469,493.13934080841636,480.8305097576304,488.0704229659532,23245300
2025-11-20,477.3404846191406,492.4460215630244,474.41716428973194,491.5879641710541,26802500
2025-11-21,471.04486083984375,477.8293938228302,467.20362215472323,477.4103368698009,31769200
2025-11-24,472.92059326171875,475.8139832068258,466.9542001322548,473.9183160323131,34421000
2025-11-25,475.90374755859375,478.0588322743821,463.8313270788984,472.9904142849383,28019800
2025-11-26,484.3943786621094,487.1979770584782,480.10418316215106,485.2025316262965,25709100
2025-11-28,490.88958740234375,491.5081706450152,485.54177754838196,486.48962635446395,14386700
2025-12-01,485.6315612792969,488.7444513856018,483.5463243869077,487.32770213243884,23964000
2025-12-02,488.8841552734375,492.3761849539621,485.2125428025972,485.6116258193264,19562700
2025-12-03,476.64208984375,483.13724409881166,474.1178525596479,475.23529714339696,34615100
2025-12-04,479.7449951171875,480.2239129901724,475.40489514051177,478.6674679630734,22318200
2025-12-05,482.0597229003906,482.299166614698,477.78947078944657,481.4211657314621,22608700
2025-12-08,489.9018249511719,491.17890888246444,483.2769615726175,483.7858099301447,21965900
2025-12-09,490.8995361328125,490.99931449735556,487.3875630167038,487.9862027558801,14696100
2025-12-10,477.4701843261719,483.14722906115725,473.99809828560024,482.92772884397027,35756200
2025-12-11,482.3690185546875,484.92318635563356,474.7763326037194,475.5445986070271,24669200
2025-12-12,477.4402770996094,481.3513637649093,475.2552617920193,478.72734800157895,21248100
2025-12-15,473.73870849609375,479.6252664455081,471.44392797474177,479.0066832317436,23727700
2025-12-16,475.3051452636719,476.80172935648005,469.8076832860371,470.8353364785088,20705600
2025-12-17,475.0357360839844,478.9069051052783,473.9182915104317,475.8239455574328,24527200
2025-12-18,482.87786865234375,488.4850656489584,476.8017407441929,477.10104539067044,28573500
2025-12-19,484.8134460449219,486.73904362092316,481.39123391446003,486.2501387748106,70836100
2025-12-22,483.81573486328125,487.6170561484318,481.5908021440126,485.01298390813173,16963000
2025-12-23,485.7413330078125,486.71908182827985,483.63612214595605,483.8755963136496,14683600
2025-12-24,486.90863037109375,488.04604888584674,483.7258924615979,484.5739628623746,5855900
2025-12-26,486.599365234375,487.00843522519267,484.85335038112265,485.601642461088,8842200
2025-12-29,485.9907531738281,487.23790659993216,483.0773893732932,483.7558335295542,10893400
2025-12-30,486.3699035644531,488.56487537463653,484.39440153201394,484.82341501264875,13944500
