Date,Close,High,Low,Open,Volume
2015-01-02,77.83914947509766,78.31541530686758,77.0949893173243,77.96814208057107,18177500
2015-01-05,76.5889892578125,78.63294735984806,76.26155687156674,77.37283910519287,26452200
2015-01-06,75.55706787109375,76.98585032106149,74.77321821125572,76.62866038606137,27399300
2015-01-07,75.55706787109375,76.7576454300895,75.2296355631888,76.16231877843718,22045300
2015-01-08,77.57125854492188,77.62087225227413,75.48761152593863,76.14246855705272,23961000
2015-01-09,77.13468170166016,78.0078344981215,76.59888545928311,77.59109904072454,21157000
2015-01-12,76.12263488769531,77.3926671893478,75.6166037903217,77.23390936664643,19190200
2015-01-13,75.854736328125,77.47204954637152,75.25940960649615,76.62866939323149,25179600
2015-01-14,75.68606567382812,76.59890053157454,75.43801222965854,75.82497499696387,25918600
2015-01-15,73.47342681884766,75.97380198842959,72.96739571703131,75.8051274778207,34134000
2015-01-16,74.5946273803711,74.73353669484186,73.26505706616382,73.46350435111485,21791500
2015-01-20,75.64636993408203,75.71582458988367,74.23742830496896,75.13042214383982,22821600
2015-01-21,76.14246368408203,76.69810840490923,75.25939425364678,75.56698559356548,25096700
2015-01-22,77.04537963867188,77.14459947448063,76.08293133435161,76.5691138288063,19519500
2015-01-23,77.22399139404297,77.58118891918227,76.44014168998672,77.04539263147332,16746500
2015-01-26,76.89656066894531,77.85900915561304,76.68819670327338,77.3728265690452,19260800
2015-01-27,75.18995666503906,76.28139027460743,75.04112308873653,76.11271575412663,20110000
2015-01-28,75.64636993408203,77.03547062010452,75.40824076704638,76.30123460591724,53306400
2015-01-29,77.39266967773438,77.41251062121516,73.63217879396875,76.25162239284673,61293500
2015-01-30,75.31893920898438,77.55141984453472,75.16018139686156,77.3926620324119,42649500
2015-02-02,74.40609741210938,75.54714459168213,73.17575464012992,75.51737939421322,41955300
2015-02-03,74.81291198730469,74.99151075012013,73.28490203210366,74.60454802568493,26957700
2015-02-04,75.0411148071289,75.75550983854767,74.4259471956211,74.50531853356483,20277400
2015-02-05,75.02128601074219,75.38840784187586,74.6243989768121,75.12050587672708,15062600
2015-02-06,73.89015197753906,75.11057053198806,73.67186376259973,75.09072958971603,21211000
2015-02-09,73.86038208007812,74.24734477467375,72.87808517534562,73.47341938548252,16194300
2015-02-10,74.60455322265625,74.7533792270451,73.91992332250734,74.26719661606474,15811300
2015-02-11,75.91426849365234,76.1523976500947,74.44578896061414,74.50531935722738,20877400
2015-02-12,75.63644409179688,76.27146017368355,75.29908754017586,76.26153591834472,17235000
2015-02-13,75.15026092529297,75.88450448835005,74.9121317651069,75.86465597584065,18621900
2015-02-17,75.0113525390625,76.31115760477064,74.49540475732366,74.7136929776711,25254400
2015-02-18,76.11270904541016,76.30123206344261,74.86251771264925,75.34870785704985,22426400
2015-02-19,78.80160522460938,79.21833313530364,76.35083633030513,76.39052578417925,45851200
2015-02-20,79.27787017822266,79.71443902577717,78.583316098495,78.93059692335343,36931700
2015-02-23,78.22611236572266,79.56560670937307,77.76969504277062,79.33739426290276,24139100
2015-02-24,77.83914947509766,78.86113578389681,77.49187624880113,77.88876318027798,18897100
2015-02-25,78.94050598144531,79.57552203470067,77.88876206261398,77.88876206261398,25593800
2015-02-26,79.78389739990234,80.7364215258981,79.09926760903492,79.25801784503979,31111900
2015-02-27,78.35511016845703,80.5975150516782,78.00783691817676,80.05179453695986,30739200
2015-03-02,79.12903594970703,79.23818005316782,77.908609870095,78.38487573701386,21662500
2015-03-03,78.9802017211914,79.07942156804182,77.90860920723317,78.99012597687317,18635000
2015-03-04,80.27008056640625,80.51813396273631,78.23603968850418,78.68254034389163,28126700
2015-03-05,80.5776596069336,81.35158494667694,80.4189093790319,80.59750811666409,27825700
2015-03-06,79.38703155517578,80.69675352277939,79.20843276095752,80.27010126825749,24488600
2015-03-09,78.82144927978516,79.28779087395131,78.01775113175863,79.05957841957616,18925100
2015-03-10,76.94617462158203,78.64285912162985,76.94617462158203,77.8887745982787,23067100
2015-03-11,76.96600341796875,77.81930766157042,76.65841964527111,77.19421586125276,20215700
2015-03-12,78.3154067993164,78.4344751368214,77.30335242548101,77.49186783071256,16093300
2015-03-13,77.4422836303711,78.76192212062732,77.07516182992964,77.98799663266038,18557300
2015-03-16,77.46211242675781,77.51172613281757,76.75764170664377,77.35296832941731,19305400
2015-03-17,78.74207305908203,79.15880096041043,77.7300109330112,77.74985944449682,22170000
2015-03-18,80.28001403808594,80.60743880563876,78.55355675103759,78.63293566377332,36912400
2015-03-19,82.10568237304688,82.35373579411349,80.36930842558063,80.48837679288887,42099500
2015-03-20,83.14752197265625,83.94128849457262,82.42320254604168,82.74071066880637,44466300
2015-03-23,83.77259826660156,84.2984702867288,82.65139957406593,83.26656718855922,27357300
2015-03-24,84.64574432373047,85.39982881968498,83.86189462938121,84.05041764586719,32576500
2015-03-25,82.27435302734375,84.85410697155581,82.27435302734375,84.83426602959565,37436100
2015-03-26,82.36365509033203,83.11773199456887,81.50042651181055,82.07591223082487,32794800
2015-03-27,82.65140533447266,83.2963381920367,82.2346698217519,82.73077667833338,18372600
2015-03-30,82.55216217041016,83.68328498219307,81.76832014802473,83.157413025661,24527700
2015-03-31,81.57979583740234,82.84982791642,81.56987158272581,82.25450132562901,19734300
2015-04-01,81.03407287597656,82.07590005515843,80.24030663611292,81.8576118789498,22058200
2015-04-02,80.92494201660156,81.91715565611847,80.8058812246527,81.6095718502648,19664100
2015-04-06,81.79810333251953,82.16521757235402,80.17087340084798,80.17087340084798,19062900
2015-04-07,81.67903137207031,82.77046492661411,81.57981151620083,82.00646370943038,17467000
2015-04-08,81.63934326171875,82.45295820524623,81.20276680470745,81.98661654798234,18966700
2015-04-09,81.53018951416016,82.15528892556506,81.07377216757234,81.85762181823044,15927300
2015-04-10,81.40119934082031,81.96676075311683,81.27221430643287,81.56987382501663,12529700
2015-04-13,82.36365509033203,83.2864140639277,81.28213830321965,81.29206255906175,26883100
2015-04-14,82.86967468261719,83.03835674402566,81.79808977184217,82.52240144440358,19634200
2015-04-15,82.06597900390625,83.00858638614459,81.62940263444898,82.89944229378027,22390900
2015-04-16,81.66911315917969,82.42319774557322,81.51036289203861,81.82787099631109,13769700
2015-04-17,80.15100860595703,81.47065443187556,79.74420499066709,80.84556262643504,24215000
2015-04-20,82.44303131103516,82.50256927962556,80.60743751094516,80.90510464392825,28796800
2015-04-21,82.96890258789062,83.83212356085119,82.88952368440331,83.345941024472,27171900
2015-04-22,83.9710464477539,84.08019056521681,82.99868121761726,83.66346260944397,45548000
2015-04-23,81.76832580566406,84.92355776317045,81.76832580566406,83.44516162968662,73728100
2015-04-24,80.89517974853516,82.29420466451975,80.84557360675623,82.12552258650055,29660400
2015-04-27,81.27222442626953,82.28427902745473,80.99439824301314,81.23253497151862,25446000
2015-04-28,80.05180358886719,81.26230554385589,79.60531044087494,81.19285088594621,23775300
2015-04-29,79.84342956542969,80.75626426020052,78.90082210388216,79.38701221804426,26430300
2015-04-30,78.15666198730469,80.32961219498286,77.71016889503693,79.38701230242248,28999000
2015-05-01,78.37494659423828,79.13895527082468,77.50180139098535,78.62299998300216,24136400
2015-05-04,78.19634246826172,79.06949518139291,78.01774373784744,78.71229772056437,14692000
2015-05-05,76.95609283447266,78.18644328381478,76.61874380706551,77.93838985660723,22311300
2015-05-06,77.49187469482422,78.19634538832399,76.45005503682671,77.36288966192598,28663000
2015-05-07,77.8193130493164,78.32534410555395,76.95608449102754,77.39266089797673,19749400
2015-05-08,77.89868927001953,78.6130842495059,77.42242342703236,78.4840916409944,19943600
2015-05-11,77.40260314941406,78.41465792719924,77.3232242260609,77.86894486162545,18874100
2015-05-12,76.85687255859375,77.28352475386438,76.19209119409922,77.26368381059147,21285300
2015-05-13,77.82923126220703,77.91852684579237,77.04538166967468,77.11483631357054,21512300
2015-05-14,80.73641204833984,81.21267027043588,78.05743116159483,78.32533303526331,49438000
2015-05-15,79.79381561279297,80.88524905493232,79.5556864692327,80.77611252370848,27069900
2015-05-18,80.25022888183594,80.74633565487645,79.60529613287417,79.70451597348455,21613700
2015-05-19,80.00218200683594,81.05393359887799,79.92281066988062,80.61735718067226,17955400
2015-05-20,79.92281341552734,80.46852638704256,78.84129658872426,79.84343450585584,23056900
2015-05-21,79.85335540771484,80.28992425259047,79.4564684460186,79.5656125497348,13402700
2015-05-22,79.91287994384766,80.6768810438609,79.6251371069628,79.7243569476155,19567900
2015-05-26,78.71231842041016,79.97242654917062,78.46426498348966,79.80375202886232,16321300
2015-05-27,79.92281341552734,80.03195752382828,78.81153139009481,78.98020589565463,14160900
2015-05-28,79.52592468261719,80.43875941373153,79.37709112276414,79.62514453252278,11982000
2015-05-29,78.57339477539062,79.44653998895758,78.26580342209769,79.32747163574851,16134600
2015-06-01,79.66482543945312,79.75412102379107,78.0475201065394,78.68253616179317,18119000
2015-06-02,79.81365966796875,80.71657005396992,78.94050690701367,79.13895415722554,18923300
2015-06-03,81.79810333251953,81.88739893572573,80.61736655685917,80.71658641708497,31775000
2015-06-04,81.41111755371094,82.30410361317632,80.87532137603894,81.5004131316623,20863900
2015-06-05,81.50043487548828,81.8179429651156,80.87534295309415,81.23254050017364,16143100
2015-06-08,80.04187774658203,81.36152379071682,79.50608143761023,81.18292502105956,16915500
2015-06-09,80.04187774658203,80.55783311225404,78.70239075914746,79.97242309004808,16497500
2015-06-10,81.5202865600586,81.95685546903341,80.18079192141393,80.20064043590703,21531200
2015-06-11,81.1928482055664,82.25451655284604,80.72650655928652,81.66910653837031,18656800
2015-06-12,80.89517974853516,81.45081698439252,80.56774741883795,80.73642949685716,11417900
2015-06-15,80.08155822753906,80.2998464293197,79.44654213326207,79.9228079889643,18805100
2015-06-16,80.4288330078125,80.8753336754363,79.82358209858116,80.19070386040661,13693700
2015-06-17,81.15316772460938,81.57981996200944,80.70666697198666,81.12340252176597,18350300
2015-06-18,82.26443481445312,82.54225341667473,80.93486462812088,81.00431927867628,26782600
2015-06-19,81.8675537109375,82.33389535660355,81.48059097729752,82.18506178905209,23353200
2015-06-22,84.08019256591797,84.30840506331351,82.6613265751282,82.76055400790295,29383100
2015-06-23,87.19573211669922,87.28503528085619,84.10003039905824,84.29847009942367,50667900
2015-06-24,88.16809844970703,88.55506113646896,86.76907368219172,86.97744519351473,41370200
2015-06-25,87.29495239257812,88.70389383183598,87.1560355297042,88.56498453895077,27302000
2015-06-26,87.32471466064453,87.65213937147496,86.15390239558575,87.43385875425082,38214600
2015-06-29,85.1319351196289,86.81869531489392,85.06248046617658,85.935625762433,35957900
2015-06-30,85.10215759277344,86.02491654846933,84.90371789971609,85.92569670194067,23016500
2015-07-01,86.23329162597656,87.26518715644755,85.81655614137513,86.0943747511165,25260000
2015-07-02,86.61033630371094,86.75916987532487,85.66772873014926,86.7194804182285,16908800
2015-07-06,86.86830139160156,87.50331747306937,85.71733001269816,85.8165498560546,24635900
2015-07-07,86.5408706665039,87.16596250398665,84.56636773890912,87.11635636640234,33059900
2015-07-08,84.98309326171875,86.07452666800697,84.78464600694625,85.61810933701331,24399300
2015-07-09,85.2113037109375,86.91791236356742,84.98309881552143,86.05469135135732,23307400
2015-07-10,87.26519012451172,87.53309205729519,86.094377679359,86.66986343053347,23245900
2015-07-13,89.39844512939453,89.5175134882999,87.73152595466489,87.96966267247565,29976700
2015-07-14,88.98171997070312,90.09300197810326,88.95195477255668,89.7556454024683,26627800
2015-07-15,89.06110382080078,90.28152243245856,88.72374722644699,89.29923298917478,30886600
2015-07-16,90.14260864257812,90.1525328986811,89.07101608313782,89.57704716453843,21804100
2015-07-17,94.23053741455078,94.64726535668137,91.81945779223821,91.82938204895271,54001600
2015-07-20,97.14764404296875,97.83226632753261,94.61749615700231,95.10367873560351,54860500
2015-07-21,97.6239013671875,98.46728146389057,96.38363429262725,98.17953859419386,39453300
2015-07-22,96.28441619873047,96.82021249312241,95.17313415443722,95.98674906740509,28299500
2015-07-23,94.69686889648438,96.69121279241368,94.07176948045631,96.20503024549444,29418800
2015-07-24,96.19510650634766,96.9988046784149,95.1334382459523,96.59199346453049,33444900
2015-07-27,93.43675231933594,95.85775591081136,93.09940333100981,95.82799071419305,38585400
2015-07-28,94.54804229736328,94.81593665966284,92.58345588387135,94.10154160021122,35236000
2015-07-29,96.23480224609375,96.52254512032455,94.00232147670717,95.5700209004517,64648300
2015-07-30,94.46865844726562,95.06398510902032,91.08521391813312,94.17099890138289,86211300
2015-07-31,93.27800750732422,95.57994287625667,93.21846954063491,94.21068319224354,46509000
2015-08-03,93.40699768066406,94.33968098673499,92.07743494817045,92.8017467143827,29343100
2015-08-04,93.3276138305664,93.99240273163723,92.6033021026686,93.0597194749031,20136000
2015-08-05,95.68907928466797,96.33401205033265,94.43888806463082,94.50834271185572,29813200
2015-08-06,94.37935638427734,97.97116462028646,93.68480235152133,96.42331389184004,42271300
2015-08-07,93.56574249267578,94.65717590350462,92.88111270834268,94.63732739295043,23199100
2015-08-10,93.41692352294922,95.1532975379855,92.90096814785836,94.93500930775397,21624200
2015-08-11,92.89104461669922,94.0221675718383,92.17664957766624,93.0001887237731,22491000
2015-08-12,93.45661163330078,93.70466506044512,90.47997050756862,91.97820775712779,27050500
2015-08-13,92.7025146484375,93.99239532439759,92.62313574561159,93.31768979035503,17451800
2015-08-14,93.68479919433594,93.98246627976978,92.48422173773274,92.81165401771229,15929700
2015-08-17,93.19861602783203,93.72448798105705,92.66281981983248,93.68479853194727,18313500
2015-08-18,94.42897033691406,95.10367591516308,93.3077716484957,93.34746110250909,22278800
2015-08-19,94.56788635253906,95.35173609245814,93.426846641128,93.89318072640555,23251300
2015-08-20,89.85487365722656,94.0320925842431,89.75565379746175,92.81167392615467,44598200
2015-08-21,85.38990783691406,88.48561727845998,84.94341470389797,86.83853891757634,62778700
2015-08-24,81.45081329345703,81.45081329345703,71.43938139539206,76.43021474556632,83710700
2015-08-25,82.35372924804688,86.98736496845889,82.35372924804688,86.27296996137397,52021200
2015-08-26,86.5111083984375,86.77900274643031,82.61170854883393,85.28075805287047,45124300
2015-08-27,89.03133392333984,89.35875867383163,86.51111035022404,88.40623448060501,42431400
2015-08-28,90.30137634277344,90.76771802078753,89.09087434537267,89.18016995010376,33215900
2015-08-31,88.7336654663086,90.34105427631837,88.19786919630533,89.89455359965436,32850700
2015-09-01,86.55078887939453,88.69396615112821,85.82646967733426,86.17374289613504,36097400
2015-09-02,89.1900863647461,89.1900863647461,86.9476813465732,88.1184937822575,27190500
2015-09-03,87.46363067626953,89.12062557757758,87.0469027795314,89.06109518375473,27048200
2015-09-04,87.57278442382812,87.70176948131419,86.02492588404601,86.52103274051684,27328700
2015-09-08,88.83287811279297,89.53734882642085,88.13833165428342,88.99163591473153,27012500
2015-09-09,89.73580169677734,91.26381157114847,89.46789978173112,90.07315069203362,32551100
2015-09-10,91.26380157470703,91.3431729019629,88.93209378058643,89.36867014544106,26437400
2015-09-11,91.33326721191406,91.36303240946665,90.42042492369559,90.96614544545722,21185000
2015-09-14,91.59122467041016,91.89881599933425,90.88675400220932,91.59122467041016,20127900
2015-09-15,92.17664337158203,92.52391661162252,91.07528568889015,91.65077138380803,18859400
2015-09-16,92.72236633300781,92.87119990055471,91.90875140973974,92.17665334532211,16321200
2015-09-17,93.60543060302734,94.76632630806198,92.17664811758277,92.64298973678628,27841800
2015-09-18,93.66498565673828,94.44883547904357,92.32549852039003,92.47432453665822,62300000
2015-09-21,94.8060302734375,95.73870608461654,93.78404371513948,93.88327114972465,28790000
2015-09-22,92.2361831665039,93.94279191437214,91.20428002663033,93.03987382823664,36888900
2015-09-23,93.23832702636719,93.58560032385483,92.07743875905555,92.67276549331869,21701400
2015-09-24,93.67488098144531,94.03207088015559,91.52177191457093,92.33538668883143,29106000
2015-09-25,92.04765319824219,95.10367293149353,91.34318244408168,95.04414253733574,28961600
2015-09-28,88.51538848876953,91.57140868179495,87.493409528697,91.36304470090552,41199900
2015-09-29,85.99514770507812,89.35875107870088,85.05254784804094,88.40622696643493,42281800
2015-09-30,89.20000457763672,89.3190653654092,87.32472147032952,87.75137362315539,36169100
2015-10-01,90.2418212890625,90.2418212890625,87.67199177278158,89.34883513081107,29283700
2015-10-02,91.35310363769531,91.48208867737675,87.68191643456419,88.20778841863547,37881700
2015-10-05,93.27800750732422,93.53597760635009,91.93852059165046,92.21633920290256,27292500
2015-10-06,92.07743072509766,93.43675859522928,91.62100577966353,93.34746299937662,22172800
2015-10-07,91.68053436279297,92.93072556669156,90.65855560825243,92.38500508126278,24129300
2015-10-08,91.74999237060547,92.49415256709682,89.76556517996187,91.17450666852147,27290500
2015-10-09,92.51399993896484,93.01010677111071,91.5217862746731,92.17665092670062,20012900
2015-10-12,93.52605438232422,93.86340336669399,91.94843085015516,92.59337119261436,18449600
2015-10-13,93.38714599609375,94.62741298598561,92.82158455150262,92.93072865221222,19480300
2015-10-14,93.33753204345703,94.45873067417969,92.88111470077376,93.34745629894702,19253400
2015-10-15,95.21282958984375,95.55018619786638,94.16108544775395,94.25038105076605,27557500
2015-10-16,96.78052520751953,96.83013135052624,94.60757478209764,95.43111396990471,25412900
2015-10-19,97.70327758789062,97.80249743712695,96.1653434297652,96.42332109377105,23729900
2015-10-20,96.24472045898438,98.81455008300578,95.808144046877,97.96125334023364,30881800
2015-10-21,96.35386657714844,97.41553486244028,95.71885045716019,96.61184424151531,21917800
2015-10-22,98.8939208984375,98.95345885793812,96.79043305579864,97.02856218383562,26392100
2015-10-23,101.39431762695312,102.04917471448465,99.38012508274242,101.11649900981918,42809700
2015-10-26,102.96200561523438,103.0016950690493,100.75929770342515,101.40423051044729,25961200
2015-10-27,102.8925552368164,103.2894422214597,101.60268199921272,102.13847829298271,23795500
2015-10-28,103.38866424560547,103.66649043968101,102.11863192407628,103.0910046783663,24081500
2015-10-29,104.06336975097656,104.30150648850001,102.71395851830268,103.15053496710593,20316700
2015-10-30,101.17601776123047,103.90460504683004,100.85850972534206,103.69624110796472,33487100
2015-11-02,102.50557708740234,102.66433488537167,100.39216499935773,100.92796121252154,24003900
2015-11-03,101.78128051757812,102.84294884618656,101.60268175342017,102.41629666347534,21242300
2015-11-04,103.13069152832031,103.32913123479807,101.68206047506186,102.38653127404436,43469300
2015-11-05,107.91315460205078,109.78843772384994,107.10945642843035,107.95284405494468,63232900
2015-11-06,106.26606750488281,107.89329708780815,105.0853385522652,107.19875064509189,35084300
2015-11-09,105.66082000732422,107.40711799454601,105.03572818899531,106.16685104310783,26383500
2015-11-10,107.06977081298828,107.30789995206116,104.4205548070956,105.13494979430313,25031700
2015-11-11,108.16121673583984,109.01452111696392,106.27600920614736,107.42697315301885,25057100
2015-11-12,107.17891693115234,108.53825237953751,107.15907598861651,107.6353418793613,20924700
2015-11-13,103.14060974121094,107.40713162353667,103.02154894355792,106.87133532412905,30278400
2015-11-16,103.22991180419922,103.3588968569389,99.6877092821429,102.51551674597113,49309200
2015-11-17,104.31141662597656,105.37308491164607,103.32912724783114,103.80539312298639,26807200
2015-11-18,106.93086242675781,107.04000653456843,104.56939664956023,104.97620788230704,23836500
2015-11-19,105.4326171875,106.89117236208818,105.12502582994098,106.52405061209335,25520600
2015-11-20,106.48436737060547,107.03008789972282,105.78982085171913,106.00810149337676,22129600
2015-11-23,106.11724090576172,106.63319621410518,105.25401992332353,106.35537761883822,19897200
2015-11-24,104.91666412353516,105.66082432480572,103.57717727524594,105.17464177957254,23577300
2015-11-25,104.58922576904297,105.76995465371733,104.28163444497838,105.50206034693906,15150800
2015-11-27,104.62892150878906,105.13495256640174,104.04351911605185,104.95635381489073,5913100
2015-11-30,103.42835235595703,105.27387041478462,102.94216977013375,105.01589273720936,20383200
2015-12-01,106.28592681884766,106.31569201656283,103.68632438187625,104.0137566967217,22781900
2015-12-02,105.24410247802734,107.07969623266837,104.96628386478301,106.16686148344,24429100
2015-12-03,103.56726837158203,106.01803754224628,102.54528942154572,105.44255175116112,23236500
2015-12-04,105.35324096679688,106.89117508378474,103.29935910558746,103.99390560165284,21224700
2015-12-07,104.78767395019531,105.99817569619519,103.84507410273044,105.65090246660228,15474900
2015-12-08,105.66082000732422,106.07755545619887,103.1405966536032,103.1902103596562,20401800
2015-12-09,103.78553771972656,105.6112146216088,102.74371801510978,105.35323697427994,23517300
2015-12-10,104.59915161132812,105.57152423029962,103.59702136676262,104.23203743915631,17454300
2015-12-11,101.3248519897461,103.52755974540229,101.11648804948086,103.33904431563208,26427700
2015-12-14,103.84508514404297,103.92445648354003,100.66999689448734,101.4935360479337,24648100
2015-12-15,103.7359390258789,104.97620607511233,103.46803710405047,104.48009925541896,21764300
2015-12-16,105.95849609375,106.25615564535696,103.37874212987623,104.54955453417139,22680500
2015-12-17,105.3929443359375,106.91103014206963,105.3036411632291,106.6530524508999,21675700
2015-12-18,103.22991180419922,105.76005213710253,103.16045714964869,105.25402861251563,35994200
2015-12-21,103.95421600341797,104.3312620178874,102.79332790305367,104.09313287242553,16138800
2015-12-22,104.6884536743164,104.83728722066374,103.99389964802502,104.40071083670851,14597100
2015-12-23,103.8153076171875,105.28378709542349,103.05130646586827,105.06549888933539,19599700
2015-12-24,104.20227813720703,104.49994527147219,103.68633035046905,103.92445951588738,6501800
2015-12-28,105.10517883300781,105.15479253717152,103.7160783862971,104.2022608931499,13069700
2015-12-29,106.4248275756836,106.90108584086178,105.4226897698044,105.59136425663881,17179900
2015-12-30,105.3929443359375,106.41492327366096,105.23418650445149,106.16686983945662,13115000
2015-12-31,103.84508514404297,105.34332231815635,103.80539568929971,105.17464781298959,18391100
2016-01-04,101.424072265625,101.44391320621605,98.97330353824177,101.15617036271875,37912400
2016-01-05,101.93011474609375,102.90247991395681,100.87836309698989,102.08886499860645,23258200
2016-01-06,102.16822814941406,102.96199442951064,100.11434645005659,100.34255132221384,25096200
2016-01-07,97.1575698852539,100.640242314024,96.54240219680348,99.71748321135809,45172900
2016-01-08,96.57215118408203,99.71746646883909,96.27448407707497,99.10229131368604,35402300
2016-01-11,96.7507553100586,97.83226455696418,94.64725964297155,97.1476422847906,29932400
2016-01-12,98.59627532958984,99.18167776258026,96.79044674902426,98.2291535456875,28395400
2016-01-13,94.69686889648438,99.79684622127934,94.46865643650813,99.79684622127934,33410600
2016-01-14,97.60405731201172,98.10016412601404,91.73014688103248,95.10367473024607,48658600
2016-01-15,94.23053741455078,95.6295548117006,92.81167150397195,93.24824795953154,46132800
2016-01-19,94.51827239990234,96.66144990173449,93.18870220090444,95.77838037769398,30998300
2016-01-20,93.6153564453125,94.260296832374,88.67413670318844,92.10719502678985,59051400
2016-01-21,93.42683410644531,95.24257920037907,91.89882428844395,94.17099428969338,30518900
2016-01-22,97.17740631103516,97.3063913590218,94.7464783513658,95.65932065323592,30495400
2016-01-25,96.25464630126953,98.70541517692232,96.17526739412541,97.95133069903163,32482000
2016-01-26,96.58206939697266,97.11786565606486,94.91515779533795,96.99880486737045,26877100
2016-01-27,93.71456909179688,97.08809675939224,93.49628846417822,97.02856636731342,58699400
2016-01-28,108.26042938232422,109.48084790360475,103.99390776079983,106.36529772230153,107475300
2016-01-29,111.3362808227539,111.96137263004734,107.992518455512,108.14135200105478,62739500
2016-02-01,114.1938705444336,114.81897001718913,111.13785811647776,111.3958282268314,46132700
2016-02-02,113.71761322021484,116.67440581891911,112.31858826398988,113.90613624637021,59778600
2016-02-03,111.81253814697266,114.44189778155042,108.89542812824803,114.37244314158022,56919300
2016-02-04,109.62968444824219,111.06839878771405,108.399341637582,110.92948948183255,38890200
2016-02-05,103.25968170166016,108.72678142714351,102.37661209505633,108.65732676943276,76894700
2016-02-08,98.97329711914062,101.88048299145476,96.70112728439784,99.6281616660045,71229700
2016-02-09,98.76494598388672,101.60267758120673,96.0661236896532,96.38363174956366,62709000
2016-02-10,100.21357727050781,102.44605795227655,99.45949278729114,100.75929779849145,45179400
2016-02-11,101.11649322509766,104.2915737678292,98.11007961027447,98.82447462488635,43670600
2016-02-12,101.21572875976562,103.4283612268506,100.30288633851148,102.93225434203455,36176800
2016-02-16,100.81883239746094,103.12076782694282,99.45949693380537,102.9917827740371,45687200
2016-02-17,104.38087463378906,104.89682997929619,99.61825357904733,101.22563487315226,44073400
2016-02-18,102.66434478759766,105.1746440427016,102.2277683710616,104.97620434608841,29593500
2016-02-19,103.75579071044922,104.20228386640615,101.26533209813654,101.75152228216709,32404500
2016-02-22,106.32562255859375,107.40713184612831,104.51978637722394,104.66861994458833,35709700
2016-02-23,104.63883972167969,106.63319107005005,104.30149074941203,106.01801594592897,25319300
2016-02-24,106.04779815673828,106.11725281334864,101.94003402009187,103.39858937889919,34412400
2016-02-25,107.22852325439453,107.22852325439453,104.78767871122758,106.2759991085237,29906300
2016-02-26,107.0796890258789,108.59777461035613,106.32561214639296,107.85361441639758,26686200
2016-02-29,106.08748626708984,108.06199696707968,105.91881175603234,106.76219188130959,32779000
2016-03-01,108.96489715576172,108.96489715576172,106.76218175445234,106.9903942130518,26817300
2016-03-02,109.09388732910156,109.68922157258062,107.9230749242431,108.82599297552747,25670200
2016-03-03,108.72676849365234,109.44116349940559,107.69486543756312,109.39154979123253,21353100
2016-03-04,107.54603576660156,109.19311404156421,107.08961840088632,109.19311404156421,24938900
2016-03-07,104.90676879882812,107.22854546595332,103.90463073746672,107.22854546595332,31436400
2016-03-08,105.10517883300781,106.53396872905181,103.58709335345529,103.96413176713871,25617000
2016-03-09,106.67288970947266,106.67288970947266,104.66861393338398,105.86919151985784,20493300
2016-03-10,106.48436737060547,107.81393758245987,104.94643320308516,107.06977735365766,24854300
2016-03-11,108.55809020996094,108.56800689525829,107.07968654186693,107.63533128805874,20697600
2016-03-14,109.03434753417969,109.47092392310171,107.92306562146393,108.42909665680641,17249400
2016-03-15,109.80828094482422,109.96703875969547,107.99252817967795,108.26043009977586,17618500
2016-03-16,111.3065185546875,111.62402659420033,109.24271251285964,109.62967519945376,24744800
2016-03-17,110.15556335449219,111.81256601242627,109.86782803861317,111.2767696977038,24241200
2016-03-18,110.58220672607422,111.54465516438285,109.41139433256309,110.69135083165494,36256900
2016-03-21,110.97909545898438,111.49505079720348,110.16548056716753,110.79058001270263,18448000
2016-03-22,111.3759765625,112.00106840509349,110.30438405806343,110.49290706439645,19001100
2016-03-23,111.6637191772461,112.30865952965469,111.12792292616768,111.13784718174014,18562000
2016-03-24,112.16973876953125,112.20942064778825,110.81040355458843,111.25689659986773,17839100
2016-03-28,112.80477905273438,113.69776533527099,112.07053545732937,112.43765725503187,21351800
2016-03-29,115.23568725585938,115.41428600721294,112.75515324816482,112.94367625514609,29825300
2016-03-30,113.80690002441406,116.07907013935173,113.46955102472363,115.82110004664347,33235200
2016-03-31,113.21157836914062,114.11449644352138,112.88414604084939,113.8069050578586,21207500
2016-04-01,115.15631103515625,115.26545513963814,112.46741301653473,112.86429998101526,24760500
2016-04-04,111.67364501953125,113.65807224283708,110.74096180218099,113.18180637844847,48487900
2016-04-05,111.3462142944336,112.43764776877615,111.02870623698868,111.23707019000041,22962400
2016-04-06,112.8246078491211,112.92382769538845,111.54465139330178,111.59426510142997,20814600
2016-04-07,112.75515747070312,113.99542452099685,112.18959599856876,112.90399103073624,20714500
2016-04-08,109.76859283447266,113.43978786341171,109.04428111272881,113.36040895500463,48497800
2016-04-11,108.14136505126953,110.04642103813495,107.92307683412947,109.83804950723616,39762300
2016-04-12,109.7487564086914,110.29447696396058,108.14136751225374,108.48864078833881,26248100
2016-04-13,109.6495361328125,111.77287280699146,105.6905980906841,111.35614487729046,88227400
2016-04-14,109.97695922851562,111.16762017103743,109.40148105478576,109.75867858054335,28473300
2016-04-15,108.78629302978516,110.10593886824478,108.34971664533508,109.92734012642326,20922800
2016-04-18,109.58999633789062,109.94719386310697,108.34972925588647,108.88552554371101,21167200
2016-04-19,111.4156723022461,111.57442255075688,108.31004628523246,110.23493562961633,30210500
2016-04-20,111.5446548461914,112.38803492055453,110.69135051589764,111.55457910212206,21027900
2016-04-21,112.55671691894531,113.15204358458364,111.43551066917068,111.67364739141743,20875200
2016-04-22,109.69913482666016,110.87987145063389,108.16120826575893,110.34407519025898,38458200
2016-04-25,109.24272155761719,109.80828303638728,108.22074270738258,109.01451665687964,21017900
2016-04-26,107.91315460205078,109.6396041679951,107.30790369289983,109.62967991227436,22521500
2016-04-27,108.0421371459961,108.09175085346251,105.48222426850342,107.09953726404571,52213100
2016-04-28,115.82111358642578,119.84949896183464,115.32500671477483,118.64892124083815,87110100
2016-04-29,116.66448974609375,116.92245986009651,114.93803244166998,115.9104052074945,37140600
2016-05-02,117.64678192138672,117.8055397521302,115.6623544570334,116.91254587917321,28095200
2016-05-03,116.51565551757812,117.23997485200805,116.10884426550342,116.6049511173078,24117500
2016-05-04,117.1407470703125,117.37888380884888,115.66235077601723,115.70204023243997,23448400
2016-05-05,116.89268493652344,118.05358063292836,116.33704772798038,117.1208974014546,22056700
2016-05-06,118.55960083007812,118.70843438393241,116.1981351895513,116.24774889749906,26395600
2016-05-09,118.31155395507812,119.34345706339016,117.9742049463937,118.60922107920273,21138100
2016-05-10,119.56173706054688,119.56173706054688,118.07341668219982,118.68859183044594,23220000
2016-05-11,118.58936309814453,120.13722142201827,118.49014325468836,119.47244014387424,22038400
2016-05-12,119.34345245361328,119.89908965586172,117.97420038950575,119.04579291097554,22035500
2016-05-13,118.87710571289062,119.70064479496035,118.74812067364634,119.44266714648298,18124300
2016-05-16,117.74600219726562,118.6786855312089,116.43628036895741,118.4504730412051,31247800
2016-05-17,116.43627166748047,118.08334997922842,116.28743810425188,117.89482696113957,21328600
2016-05-18,116.73394012451172,117.34910775688387,115.82110536228947,115.89056001658922,21642300
2016-05-19,115.90047454833984,116.57518013613301,114.9777155469461,116.1386112757888,20544100
2016-05-20,116.43627166748047,117.0712878052656,116.03938468886739,116.04930894507983,18944800
2016-05-23,115.06700897216797,116.68431436674764,115.03724377625375,116.50571562127348,20441000
2016-05-24,116.78353881835938,116.81331158543729,115.21584706843093,115.33490785678629,20183600
2016-05-25,116.97207641601562,117.74600191681026,116.46604529242296,117.21020559241627,20019800
2016-05-26,118.53975677490234,118.82749961946467,117.00182270879063,117.3193307493441,18481300
2016-05-27,118.45046997070312,118.91681162558615,118.08335574280872,118.62906874129685,13493600
2016-05-31,117.88489532470703,119.16485177635766,117.20027308869969,118.52983567832791,23547600
2016-06-01,117.8551254272461,118.15279252319522,116.90260131819309,117.57730684168756,15029500
2016-06-02,118.00395965576172,118.50999069379807,117.29948893260733,117.76583051962233,13228300
2016-06-03,117.54755401611328,118.05358510448309,116.94230307531535,118.05358510448309,14135100
2016-06-06,117.86505126953125,118.50006735078394,117.43839913025315,117.69637677888355,12744700
2016-06-07,116.84307861328125,118.37108850435892,116.7537754506264,118.31155053925929,17103000
2016-06-08,117.46817779541016,117.67654176127621,116.3568957408015,116.84308589781197,14505600
2016-06-09,117.63684844970703,117.75591681343775,116.79346835741875,117.2101962754921,13859200
2016-06-10,115.71195220947266,117.19034834687773,115.35475470956433,116.62478690035438,18510800
2016-06-13,113.06275177001953,114.58084513926279,112.42773558693308,114.10457921695294,31718200
2016-06-14,114.04503631591797,114.05495300176149,112.69562518225908,113.18180773821305,17618500
2016-06-15,113.70769500732422,114.5411584993728,113.18182292745546,114.40224917902974,19819400
2016-06-16,113.49931335449219,113.60845745633758,112.0606066592416,112.98336561212321,19236300
2016-06-17,112.13997650146484,113.53900129559295,111.68355915890936,113.52907704010575,24644300
2016-06-20,112.48725891113281,113.82674576134966,111.87208375200115,112.88413829639038,20785400
2016-06-21,113.48938751220703,114.31292660734888,113.08258387737087,113.23141742962368,19166300
2016-06-22,113.0230484008789,113.84657988899076,112.72538130976183,113.75728430364879,14846300
2016-06-23,114.18395233154297,114.19386901796958,112.65594235299555,113.47948152578228,16176900
2016-06-24,111.2072982788086,112.79483847019287,110.13570581087842,110.1456300661339,40643100
2016-06-27,108.12151336669922,110.70126712116345,107.3872774483492,110.70126712116345,36130400
2016-06-28,111.82246398925781,111.8720776947232,109.68921091404113,109.76858224480168,26813800
2016-06-29,113.27110290527344,113.36039849149712,112.1598210001171,112.48725328958129,20968300
2016-06-30,113.39017486572266,114.28316866594061,112.78492393279657,113.7771375841522,23192700
2016-07-01,113.3008804321289,114.23355612637114,112.9238343959555,113.31079711835174,14980000
2016-07-05,113.31079864501953,113.31079864501953,112.09038006409278,113.05282853993931,14207000
2016-07-06,115.79132843017578,115.88063159391584,112.09037580271186,112.47733851561046,24337600
2016-07-07,114.94794464111328,116.05922660406269,114.46176209419313,115.72187004192182,16630200
2016-07-08,116.32713317871094,116.58511086277039,114.9479567281463,115.52344249643667,18142600
2016-07-11,116.95221710205078,117.77574861816265,116.58509535318944,116.7934592960603,17711600
2016-07-12,117.01174926757812,117.79559891406021,116.65455176867519,117.70629575433999,15217700
2016-07-13,115.87069702148438,117.47808569578926,115.77147718059884,117.46816144070411,16207700
2016-07-14,116.37672424316406,116.72399745989507,115.79131433211317,116.58508817320266,14579700
2016-07-15,115.95008850097656,117.35903007637006,115.67226988836256,116.82323379347616,16646000
2016-07-18,118.44054412841797,118.67867328080533,115.97985098711762,116.4065031522225,20868400
2016-07-19,119.6708755493164,119.9090046790894,117.73606217618216,118.06348689087434,21541300
2016-07-20,120.97067260742188,121.24849118656805,119.62126159157887,120.3058913544666,20046500
2016-07-21,119.6708755493164,121.14927160289048,119.31367806966261,120.97067286306358,17801700
2016-07-22,120.05784606933594,120.06777032497166,118.38100265638425,118.96641261906706,18422400
2016-07-25,120.68295288085938,120.90124111198158,116.86293154619081,120.44482370599424,18487400
2016-07-26,120.27613830566406,121.11951838323769,119.80979668500859,121.05006373143725,17612000
2016-07-27,122.37963104248047,124.02670937659667,120.56388577039917,121.46679627826622,52654200
2016-07-28,124.02670288085938,127.33077606240288,122.66736749208904,126.52707788014226,78955800
2016-07-29,122.97496032714844,124.86016017739414,122.74674786033498,123.6794310995015,35058800
2016-08-01,123.34207916259766,123.60998109327238,121.90337236597567,122.88566178180731,25006900
2016-08-02,122.13157653808594,123.82826856886652,121.11952192936458,123.09402500549135,23968400
2016-08-03,121.55609130859375,122.95510856031865,121.35764404488127,122.13156944838727,18525300
2016-08-04,123.3917007446289,123.81835295366672,121.55610684806722,121.98275905710501,21066000
2016-08-05,124.175537109375,124.86015936538449,123.64966509751655,124.0068626093429,20184000
2016-08-08,124.28468322753906,124.47319867239807,123.58021244835484,124.2747589714972,15233900
2016-08-09,124.08623504638672,125.10821388150897,123.56036302986668,124.36405365360567,19621000
2016-08-10,123.90763092041016,124.50296513293051,123.57028193197166,124.09615392570754,10670100
2016-08-11,123.92748260498047,124.40374090320584,123.7786490480391,124.22514214887404,11729500
2016-08-12,123.90763092041016,124.02669927691203,123.21308443245505,123.72903217065185,12159000
2016-08-15,122.93526458740234,123.94731911241733,122.73681732858348,123.93740242696806,19295100
2016-08-16,122.33995056152344,122.9551182023001,121.82399520539951,122.53839027080824,14222400
2016-08-17,123.401611328125,123.41152801398773,121.89344237817724,122.6971405624216,13794200
2016-08-18,122.9451904296875,123.2924636746166,122.67728851932148,123.0444102753831,12400800
2016-08-19,122.59791564941406,123.19324989286983,122.3200970397957,122.63760510364374,11688300
2016-08-22,123.1833267211914,123.85803230905657,122.15142361210414,122.36971182729425,14386400
2016-08-23,123.401611328125,124.11599877969114,123.28254296786938,123.5405206300953,13309500
2016-08-24,122.51854705810547,123.7191246880129,122.13157676318667,123.50083646984982,12243700
2016-08-25,122.92533874511719,123.4016045901454,122.14148911537649,122.1613376259966,10730800
2016-08-26,123.98701477050781,124.21522723707574,122.94519499701761,123.08410430014963,17504800
2016-08-29,125.5547103881836,125.74323339538456,123.38176017251439,123.38176017251439,15925900
2016-08-30,124.86015319824219,125.61423763818392,124.17553097604784,125.61423763818392,17804300
2016-08-31,125.13799285888672,125.23721271353268,124.12593065952468,124.6220375027442,14200600
2016-09-01,125.18758392333984,125.6440012557311,124.62202249298667,125.39594786399745,13536100
2016-09-02,125.52494049072266,125.87221372520244,125.01890945191568,125.86228946993481,12118800
2016-09-06,128.71986389160156,128.92823540563506,125.48525306120737,125.68369274982446,26278400
2016-09-07,130.02960205078125,130.9523534794418,128.9381609781925,129.02745657322828,27990800
2016-09-08,129.25567626953125,130.05936690266986,128.7992513294885,129.90060908526553,15676600
2016-09-09,126.1103515625,128.9381589097769,126.1103515625,128.70003732683477,27100700
2016-09-12,127.68797302246094,127.75742010298642,124.77086256086798,124.97922651241188,21252800
2016-09-13,126.21949005126953,127.35062050983451,125.67377711800295,127.03310489340298,18016200
2016-09-14,126.77513122558594,127.79711761562889,125.90198596291623,125.90198596291623,15691100
2016-09-15,127.35063171386719,128.09479197287308,126.67591853957931,126.98350992756136,15077200
2016-09-16,128.06500244140625,128.17413139094592,127.20176640978808,127.20176640978808,24119200
2016-09-19,127.64827728271484,128.9282413421905,127.26131457310143,128.89847614452626,14958800
2016-09-20,127.63835906982422,128.16423107557227,127.03310815792838,127.64827575560084,11083800
2016-09-21,128.92825317382812,128.99770026142494,127.39031888013477,128.12456248318304,14068300
2016-09-22,129.06712341308594,129.7120560797095,128.55116819580192,129.4838512324393,15538300
2016-09-23,126.96365356445312,127.59867724393087,126.30879651341327,126.56676660352547,28326300
2016-09-26,126.31871032714844,127.16209793868995,125.81268684421029,126.37824829042684,15064900
2016-09-27,127.68797302246094,128.00547350768,126.43778174320836,126.61638049738731,15637100
2016-09-28,128.2237548828125,128.4618915890218,127.4002158063134,128.20392151227819,12047600
2016-09-29,127.09263610839844,128.28328939776088,126.55684742717764,128.17414529640394,14532200
2016-09-30,127.27125549316406,127.58875600426236,126.45763299226175,127.03311875485568,18402900
2016-10-03,127.76737213134766,128.0848726667699,126.80492355775587,127.38040936443822,13156900
2016-10-04,127.19186401367188,128.27337320583962,126.55684791423616,128.16422910406263,14307500
2016-10-05,127.46966552734375,127.79709778879197,126.83464951301336,127.25137735304492,12386800
2016-10-06,127.73759460449219,128.05509510928036,127.08272994214381,127.42999564613153,11682700
2016-10-07,127.98562622070312,128.24359628314414,127.3307616699182,128.03522478426652,12804400
2016-10-10,129.2259063720703,129.68231615553734,128.19399573644552,128.670254031361,15138700
2016-10-11,127.87651824951172,129.62280907156043,127.23157020126908,129.21599778358933,17537900
2016-10-12,128.04515075683594,128.65040157641866,127.45974844575744,128.00545373982752,11073000
2016-10-13,126.82474517822266,127.25139733954859,125.76307690282871,127.2117154561599,17139300
2016-10-14,126.88427734375,127.94594563395772,126.58661779424621,127.48953583871644,13345300
2016-10-17,126.54693603515625,127.46969507770717,126.32864781025327,127.20179313987542,11351700
2016-10-18,127.56892395019531,128.3825313195313,127.0132715550633,127.6780529239048,13504000
2016-10-19,129.09695434570312,129.45415196418722,127.59871676983033,127.7376261136862,16752300
2016-10-20,128.9877471923828,129.64261169633826,128.49164047241212,129.057209400367,13167500
2016-10-21,131.0416717529297,131.10120215304482,128.6901149685241,128.76949388200418,19088800
2016-10-24,132.2422332763672,132.37122589489525,131.12102701372473,131.6865960580597,17470200
2016-10-25,131.25994873046875,132.4605340149672,131.19050164160262,132.4605340149672,13336800
2016-10-26,130.01966857910156,131.23017042975073,129.92045629919932,130.6150028184295,13084700
2016-10-27,128.68019104003906,130.7737624528186,128.26346312270582,130.7142320560537,16741400
2016-10-28,130.26771545410156,131.93464215661328,128.91830436729794,129.48387338028624,24545500
2016-10-31,129.97007751464844,131.09126869615991,129.86093340246808,130.98212458397956,15669000
2016-11-01,128.49163818359375,130.9126413563216,127.64825071867655,130.38676945371805,22077800
2016-11-02,126.1798095703125,129.21598095340897,125.29674001679766,129.21598095340897,39640900
2016-11-03,119.06562805175781,122.320087340641,118.56952126820883,121.05005518595378,63766300
2016-11-04,119.8097915649414,120.980603909535,118.32147117283033,118.65882016144747,30545500
2016-11-07,121.19889831542969,122.25064235729438,120.40512437101032,121.87360389718934,23008900
2016-11-08,123.25276947021484,123.63973215250029,120.5936368301575,121.07981935431302,19460800
2016-11-09,122.22087097167969,122.84596281152176,119.5716624890298,120.5539518287785,31916000
2016-11-10,119.85942077636719,123.2131004351898,114.37247252892917,122.96504700441916,67846700
2016-11-11,118.09326171875,119.76018090310927,117.23004071416393,118.59929278453474,32840100
2016-11-14,114.18395233154297,118.20241320130378,112.6658666094118,118.20241320130378,51377000
2016-11-15,116.28742980957031,117.56738625005482,114.92810203501627,115.82109578070185,34681400
2016-11-16,115.43412017822266,116.96212994574282,113.3207080528154,113.58860994912773,32397900
2016-11-17,116.87284851074219,116.87284851074219,115.10670939821038,115.90047578823022,18597800
2016-11-18,116.10883331298828,118.20240463571596,115.93023456038628,117.46816868390289,22879300
2016-11-21,120.82183837890625,121.00043711734466,116.88275701832798,117.27963637486803,35415400
2016-11-22,120.5241928100586,122.0224375353548,119.95863133454789,121.44695180378548,26089200
2016-11-23,119.89908599853516,120.36542759476401,119.00609982787189,120.28605626114185,15672100
2016-11-25,119.44268035888672,120.19676487708743,119.13509653974772,120.0677798235752,8658600
2016-11-28,119.47244262695312,120.74247481756122,118.88703266941376,119.18469977595771,18101300
2016-11-29,119.92887115478516,121.14928975143435,119.46252951037835,119.63120402048601,18891000
2016-11-30,117.4979476928711,120.8417106768716,117.03160603014808,119.38315528750049,30188900
2016-12-01,114.20379638671875,117.52771079771992,113.11236282086625,117.45825614089267,43277000
2016-12-02,114.50144958496094,115.5730420769458,113.41001615200847,114.21370673600265,25070400
2016-12-05,116.51565551757812,116.65456483048416,114.17403057146223,115.04717590544162,20201500
2016-12-06,116.3965835571289,116.88277370729097,115.42421839678394,116.7736295976619,19131200
2016-12-07,117.0315933227539,117.0315933227539,115.66234125385051,116.08899341278253,21913700
2016-12-08,117.984130859375,118.56953328972091,116.72401526220642,117.06137184561776,22442800
2016-12-09,118.74813079833984,119.0061084688129,118.02381149777725,118.2917134244195,17464700
2016-12-12,116.85299682617188,118.31155208535132,116.73393603439514,118.29171114338497,17805500
2016-12-13,119.37321472167969,120.5737922585003,116.6942410537314,116.94229445150398,29768000
2016-12-14,119.27400207519531,120.74248160943228,117.92459090427141,119.06563811688947,25913100
2016-12-15,119.63118743896484,121.54615989355675,118.69850427942609,119.14500491898744,20139600
2016-12-16,118.9366455078125,120.55395093090767,118.34131129907614,119.95862429216024,25324300
2016-12-19,118.31155395507812,119.42283597248864,117.58724222702537,118.91680488947257,15918100
2016-12-20,118.16270446777344,118.83740996419905,117.87496920855212,118.5695156445836,13684400
2016-12-21,118.11311340332031,118.27186365038676,117.55747618360371,117.99404504052846,10767600
2016-12-22,116.48589324951172,118.06350944436173,116.01955158587984,117.93452438484248,16258600
2016-12-23,116.35688781738281,116.64463067541033,115.39444696534628,116.08899347093742,10890000
2016-12-27,117.09114074707031,117.75592210865094,115.9500934791397,116.04931333504894,12051500
2016-12-28,116.00961303710938,117.32925895034616,115.7417186941913,117.26972855636194,12087400
2016-12-29,115.44405364990234,116.61486602913854,115.15631079051498,116.08899401956442,9934900
2016-12-30,114.15419006347656,115.92032925143643,113.87636386661526,115.69211676794068,18684100
2017-01-03,115.95008850097656,116.92245364512553,114.61060157873656,115.12654934930691,20663900
2017-01-04,117.7658462524414,118.72829475081765,116.3767455610733,116.63472324218203,19630900
2017-01-05,119.73041534423828,120.00823394579456,117.39871485833196,117.93451111990012,19492200
2017-01-06,122.44908905029297,122.91542310269915,119.09540209944325,120.03800960023972,28545300
2017-01-09,123.92748260498047,124.4533546121827,122.08196466688152,122.58799573248649,22880400
2017-01-10,123.38177490234375,124.52282219743375,123.31232024455514,123.84811656320583,17324600
2017-01-11,125.10820770263672,125.13798046907344,123.09401532978745,123.38175817876433,18356500
2017-01-12,125.63410186767578,125.74324598066458,123.82827323002905,124.63196390750129,18653900
2017-01-13,127.34069061279297,128.26345713954092,126.37824977336814,126.49731056134408,24884300
2017-01-17,126.87435913085938,127.34069317646869,126.40801751526084,127.04302606055795,15294500
2017-01-18,126.9239501953125,127.42997363427502,125.85235778929487,127.41014026488745,13145900
2017-01-19,126.55684661865234,127.35062051981551,126.45761920351524,127.2315445936554,12195500
2017-01-20,126.05081176757812,127.4795941486163,125.79283412197856,127.10256329041235,19097200
2017-01-23,127.92609405517578,128.24360967901745,125.96151533758474,126.31871284441749,16593600
2017-01-24,128.36268615722656,128.8885582260086,127.38040424835978,128.37261798417197,15162700
2017-01-25,130.4562225341797,130.7142077254458,128.7595459822767,128.98775084072471,18731300
2017-01-26,131.7461395263672,132.10333707928922,130.4165767449275,130.6050997784114,20020100
2017-01-27,131.15078735351562,131.9147960703759,130.05936146940766,131.6468941571951,19539500
2017-01-30,129.96011352539062,130.5554476517638,128.5908692586935,130.5554476517638,18956100
2017-01-31,129.3052520751953,129.6426009833044,128.51147836084067,129.15641098751826,19790500
2017-02-01,132.19261169433594,132.4505969160295,129.6624640245142,131.22024662020044,50139800
2017-02-02,129.82122802734375,134.43503050190992,129.38465160669884,132.18270131720746,54366400
2017-02-03,129.96011352539062,131.81556297326745,129.74182535505216,130.21809871214103,24804900
2017-02-06,131.03173828125,131.03173828125,129.28544762655085,129.9601456726916,17058500
2017-02-07,130.81344604492188,131.96441753066398,130.63485485229586,131.2103405951669,14596400
2017-02-08,133.1550750732422,133.39321181085015,131.40878441738906,131.56754224246103,22390600
2017-02-09,133.09552001953125,133.452717489787,132.27198098699782,133.44280080504925,16470600
2017-02-10,133.14515686035156,133.88931712436874,132.6391181912331,133.05586126226453,15061900
2017-02-13,133.00625610351562,133.6511889844805,132.65897523531586,133.6511889844805,13526200
2017-02-14,132.80780029296875,133.1848311767901,131.51791954731843,133.05585370021,14364900
2017-02-15,132.40098571777344,132.6589558043777,131.62706031798254,132.41090240341967,13226500
2017-02-16,132.79788208007812,132.82764728080002,131.98427469371345,132.03388840824323,12831100
2017-02-17,132.49029541015625,133.0459326650452,132.13309786915912,132.46053021007145,12276500
2017-02-21,132.67880249023438,132.86732549476525,131.86518007909638,132.46051428919625,14759100
2017-02-22,135.06011962890625,135.72490096959757,132.4208427786929,132.55975208659888,27360100
2017-02-23,134.3060302734375,135.0601071409205,133.28405150119988,134.83190225759947,18422500
2017-02-24,134.38540649414062,134.5639976670941,133.11537435321364,133.11537435321364,12625700
2017-02-27,135.34788513183594,136.1118788403427,133.96870858559473,134.20683020279964,14306700
2017-02-28,134.48463439941406,135.74475000165586,133.70079226036896,135.72490148902787,16112100
2017-03-01,136.3499755859375,136.40950597276967,135.23870132513346,135.40737580115007,16257000
2017-03-02,135.69512939453125,136.74688855065958,135.2486362929553,136.02256170634786,12294800
2017-03-03,136.10194396972656,136.26070178664028,135.02043472946193,135.56615526261615,11160600
2017-03-06,136.3499755859375,136.75678674925908,135.44705767904608,135.81418696447165,12748200
2017-03-07,136.23094177246094,137.29260254101604,135.92335795297282,135.9630398387219,13527100
2017-03-08,136.6476593017578,136.9155612151054,135.98287800121076,136.08209027802155,10184500
2017-03-09,137.16360473632812,137.4910370201708,136.3301338592845,136.6476494581539,15535300
2017-03-10,137.70932006835938,138.40388170632335,137.1437661842774,137.8283959965699,16314100
2017-03-13,138.51303100585938,138.5923947743399,137.59026444250182,137.62996146672083,10955500
2017-03-14,138.23521423339844,138.37412354005357,137.4414402782352,138.37412354005357,12944000
2017-03-15,138.632080078125,139.00912607643505,137.411661636197,138.20542037372508,19344800
2017-03-16,138.89999389648438,139.1579639943168,138.64200865867323,139.1083502839701,13612900
2017-03-17,138.7511749267578,139.24728182950506,138.61226559958783,139.24728182950506,20592800
2017-03-20,138.85035705566406,139.0984104260965,138.1657273308743,138.62215219405954,12099500
2017-03-21,137.43148803710938,141.20190240906908,137.32234394523766,140.05093110205397,29894800
2017-03-22,138.5030975341797,138.70153723298068,136.52860209213853,136.85601926817202,17055400
2017-03-23,138.44357299804688,139.29687736498735,138.00699655821978,138.39395928625214,13022800
2017-03-24,139.2472381591797,139.92195120810456,138.6717525156773,138.98926810104817,16664700
2017-03-27,139.22743225097656,139.5548494455017,137.68949800344768,137.9673166254553,12800500
2017-03-28,140.65618896484375,140.8447119638407,138.9198152329965,139.26709603535693,14679400
2017-03-29,141.53927612304688,141.74764765850807,140.3287742160306,140.88442659726738,16527600
2017-03-30,141.3011474609375,141.83693616250096,140.74551024747063,141.29121563499652,12404000
2017-03-31,140.94395446777344,141.51944021160415,140.78519664741066,141.20192457087862,11478300
2017-04-03,141.1721649169922,141.36068794358036,139.72354138422563,140.8248840638056,13564000
2017-04-04,140.62643432617188,140.98363184056612,140.17002453221056,140.75542694358546,12948600
2017-04-05,140.74549865722656,142.32311457411467,140.1898463495385,141.15229470788648,17158100
2017-04-06,140.07077026367188,141.11259740928756,139.81280021827138,141.0034533246997,15103400
2017-04-07,139.68385314941406,140.4478619905242,139.14806437589593,140.10058111547943,11818300
2017-04-10,139.94180297851562,140.32876568658384,139.53500689873613,139.9021210951146,9039400
2017-04-11,138.8305206298828,139.93187829605807,137.72916296370755,139.70367341459186,16638100
2017-04-12,138.4931640625,139.30677127096644,138.3542547761776,138.63207334882242,11612500
2017-04-13,138.30467224121094,139.4854090110337,138.2451418393678,138.53287716160304,10965600
2017-04-17,140.31881713867188,140.44780972539718,138.66182257832537,138.67173926192925,11519700
2017-04-18,139.8624267578125,140.80502658943266,139.51514596406858,140.17001053171177,14807500
2017-04-19,141.16224670410156,141.92624034888445,140.17003300855853,140.2494119209995,15563900
2017-04-20,142.6802978515625,143.12679087830034,141.5789403109554,141.83691035885428,15968200
2017-04-21,142.56124877929688,143.04743891414617,141.16223905081466,142.77953699167992,12382000
2017-04-24,144.3373260498047,144.5357657589211,143.216119740327,143.83130252056097,14407200
2017-04-25,145.34938049316406,146.0042299843108,144.65481883834596,144.65481883834596,17767500
2017-04-26,145.41880798339844,146.44078667611657,144.95246642769484,145.94467992664266,12395000
2017-04-27,146.54994201660156,146.5995557233529,145.0020912618174,145.52796324543056,11275100
2017-04-28,149.080078125,150.3501101916721,147.9092734641521,148.33591800124793,30652200
2017-05-01,151.27288818359375,151.3820322823545,150.2409775880419,150.55849319897402,25218300
2017-05-02,151.5904083251953,152.2452730027361,150.47913382268703,152.14604557644944,21870400
2017-05-03,150.61802673339844,152.40401423220908,150.1616018181554,152.40401423220908,29782500
2017-05-04,149.67543029785156,150.34021160496565,147.56201044719066,149.00071716497357,36225500
2017-05-05,149.07017517089844,150.44935145501913,148.62366694353923,150.27074513607988,17148500
2017-05-08,149.88380432128906,149.90365283517482,148.5740900644503,149.53653859817868,15827500
2017-05-09,149.3083038330078,151.40187521234662,149.04041705184466,150.310449295806,17453900
2017-05-10,149.1197967529297,149.34801681457338,147.7009383678295,149.0602663507549,12080700
2017-05-11,148.8717498779297,149.47700089334703,148.24666548756684,149.13965183950285,11841900
2017-05-12,149.1594696044922,149.28846221494993,148.4649231250615,149.22891668244637,9598200
2017-05-15,149.0205535888672,150.30050239038897,148.60382572000015,149.0007050789277,15064700
2017-05-16,148.61378479003906,149.0404446055489,147.86962442483056,148.94121716752858,14550800
2017-05-17,143.72216796875,147.51241662690074,143.29550818279154,146.84763523015647,28300100
2017-05-18,146.51026916503906,146.99644415722446,143.38478712680535,143.59315865201236,23031600
2017-05-19,146.9071502685547,148.22679623690533,146.8079379877635,147.29411298559143,16187900
2017-05-22,147.08575439453125,147.43302008206632,146.54003386842925,146.92699657966912,12586700
2017-05-23,146.91708374023438,147.65131215823249,146.10346127274804,147.36357685874273,12817800
2017-05-24,148.8717498779297,149.06027291977816,147.26436838845254,147.35366399564998,17862400
2017-05-25,150.77679443359375,151.40187874420144,148.78243528742834,149.12971612441623,19891400
2017-05-26,150.94546508789062,151.06452587925847,149.97308482512463,151.04467736737098,14996200
2017-05-30,151.19351196289062,151.70945212984122,150.45926845456844,150.78670075665897,13226000
2017-05-31,150.2806854248047,152.1559686093975,149.9135560807456,151.51102065576754,18023900
2017-06-01,150.35011291503906,151.10418973704193,149.129694529173,150.56840109982508,14530600
2017-06-02,152.4139404296875,152.43378894201797,150.1219293048304,150.66764984407706,16854400
2017-06-05,152.43377685546875,153.5053693366645,152.21548865707828,152.44369354085825,12520400
2017-06-06,151.62017822265625,153.3168703688561,151.29274587374118,152.21551251886183,13457100
2017-06-07,151.92771911621094,152.55281843654808,151.15379383387724,152.0765602181833,12066700
2017-06-08,153.50537109375,153.52520446475603,151.9079066090495,152.88027168756958,17799400
2017-06-09,148.43515014648438,154.37849950169897,145.46842624134283,153.5648922798733,35577700
2017-06-12,147.28421020507812,148.0382871981967,143.4344160434103,147.0163082556888,33170200
2017-06-13,149.50674438476562,150.0028512060158,147.74060531231325,148.98087236543873,20483400
2017-06-14,149.080078125,151.21333109043204,147.88942495499197,150.08220830792794,20808800
2017-06-15,148.6336212158203,148.8717428237302,145.23032021630007,146.52020110573918,18994200
2017-06-16,149.46705627441406,149.65557928103254,147.4429471896208,148.4252289651916,22882400
2017-06-19,151.67967224121094,152.3742338001745,150.52871609259358,150.52871609259358,19026500
2017-06-20,151.06451416015625,152.64213008330813,151.02483227943821,151.6896135463014,14743900
2017-06-21,152.71157836914062,152.88025284176618,150.6973862419386,151.17364446699756,15039800
2017-06-22,152.20558166503906,153.3466365500649,151.7194066220103,151.8186189120255,13005500
2017-06-23,153.86256408691406,153.99154155458854,151.46139394743332,151.5308561638543,18027000
2017-06-26,152.3940887451172,155.28143405995465,152.00712603261167,155.0333806509132,18049700
2017-06-27,149.4075164794922,152.11625520104477,149.21899348473622,151.6499136266412,19360800
2017-06-28,152.0468292236328,152.2750341300132,148.6931421525699,149.744886227169,16719100
2017-06-29,149.8639373779297,151.31257591384278,147.76044936411716,151.09428770788358,23973500
2017-06-30,149.80441284179688,150.73709609646355,148.8915780993513,150.71724758424244,17666000
2017-07-03,147.27426147460938,150.96529738040775,146.6491771844189,150.5386527877377,13862700
2017-07-05,149.16940307617188,149.67544174954202,146.9766192914994,147.83984036021866,14334300
2017-07-06,147.66123962402344,148.87172632335327,146.84761718056308,147.86959600785116,14951800
2017-07-07,150.26083374023438,150.8065542617906,148.02835308475937,148.08788347984216,13615900
2017-07-10,152.30477905273438,152.78103731481315,150.33026864915078,150.50887495991606,13378700
2017-07-11,154.06100463867188,154.2098306175873,151.71938001721156,152.17578977920388,13667700
2017-07-12,157.66273498535156,157.9207202109397,154.98376129332433,155.2715117157145,22739400
2017-07-13,158.01992797851562,158.53588327499324,157.18647221188243,157.5039878220156,13929200
2017-07-14,158.7244110107422,159.0716918271875,158.08939491151096,158.8831688205445,16371200
2017-07-17,158.48629760742188,159.52812507001974,157.57346277675887,159.00225299518107,12858800
2017-07-18,161.5919189453125,162.45513999365164,158.17870149719673,158.41683822845334,23722900
2017-07-19,162.86195373535156,164.4098046623632,161.8995052492006,162.3162331803207,26273600
2017-07-20,163.24888610839844,163.71522766506675,161.54227767547962,163.51678799286196,18523100
2017-07-21,163.14968872070312,163.7648714996967,162.4749906830719,162.8818019269268,14744000
2017-07-24,164.70745849609375,164.87613299221408,163.0306150805744,163.35804738715314,17367000
2017-07-25,163.9930877685547,164.25105789375914,162.58414605708967,163.72518581623982,15383200
2017-07-26,164.3204803466797,164.71735969553433,162.82224339378024,164.71735969553433,35236900
2017-07-27,169.11288452148438,174.1235661143731,166.19577418210062,173.3397089099924,68910700
2017-07-28,171.1072235107422,172.07958854964633,167.73370349986322,167.75355201003845,24557600
2017-07-31,167.93215942382812,171.3751419833318,167.23761290029253,170.66074694770126,25478900
2017-08-01,168.53738403320312,169.14263486776036,167.73369352862207,168.4977021551889,14385000
2017-08-02,167.98179626464844,169.22206349173536,165.6104059320575,168.97401004631797,17433800
2017-08-03,167.27728271484375,168.37864038697566,166.93993373346436,167.98176101358553,10793800
2017-08-04,168.29928588867188,168.73586234669372,167.37653439874558,167.6543530283995,10777700
2017-08-07,170.64088439941406,170.7202633012857,168.33895680504588,168.62669207685033,12787800
2017-08-08,169.89674377441406,171.70257993481653,169.29149282548545,170.5416917488346,14393500
2017-08-09,169.8471221923828,170.1150241121124,168.23974095396233,168.6564688624425,10815000
2017-08-10,166.0965576171875,169.2617215576094,165.5508522260626,168.73584953854018,20832700
2017-08-11,166.77130126953125,167.50554494930952,165.55088250582943,166.64230862768306,13791200
2017-08-14,169.42050170898438,169.7479340708126,167.97186293907595,168.76563698532792,12954200
2017-08-15,169.66851806640625,170.16462484437818,168.68622119562994,170.1547081592106,8729200
2017-08-16,168.6763153076172,170.04557494726032,167.92223840722238,169.91658233193792,15779900
2017-08-17,165.61038208007812,168.537409286443,165.55085168414874,168.0214539550905,17216000
2017-08-18,166.10647583007812,167.35665946616598,164.9158225852358,165.540906833291,15093600
2017-08-21,166.47361755371094,166.6919057843889,164.52888713128183,165.85844988906211,11907500
2017-08-22,168.3191375732422,168.5473424933329,165.84851992015356,166.9697262866525,11391000
2017-08-23,167.39639282226562,168.04132572071848,166.89035410688254,167.52537031796777,9856500
2017-08-24,166.4339141845703,167.9718331476921,165.11426828397387,167.5650370793704,14030400
2017-08-25,165.0249786376953,167.06893629841107,164.88605419475488,166.5529809702761,12614500
2017-08-28,165.93780517578125,166.39421494586102,165.03488718108812,165.61037287638777,8553700
2017-08-29,166.74151611328125,167.11854702590475,163.71526128576068,163.9633147119512,11121000
2017-08-30,168.596923828125,168.85489389955336,166.32476147060672,166.8605501235663,11138300
2017-08-31,170.6309814453125,170.80957263391232,168.7358497530611,169.07319875817996,17226500
2017-09-01,170.6805877685547,171.5735739528636,169.97610945072762,171.05761864149633,11677600
2017-09-05,169.39071655273438,171.04771154135142,168.22982839208575,169.9364370914954,13210900
2017-09-06,170.75003051757812,171.1369932062957,168.24966320893117,169.57922576606563,13906300
2017-09-07,171.861328125,171.96054040321113,168.94421765397794,170.60121258588958,18049500
2017-09-08,169.61891174316406,172.13914276334026,169.47008575928587,171.74224823970172,10998500
2017-09-11,172.1589813232422,172.5360273470681,170.85918389160463,171.05762358941567,12372000
2017-09-12,171.61325073242188,172.64514609345989,170.41266575604448,172.40700940707748,11186300
2017-09-13,171.70257568359375,171.82163647716328,170.7202787167088,171.6628786590847,9119300
2017-09-14,169.62884521484375,170.93855930561554,169.17242029322472,170.9187107942465,15615700
2017-09-15,170.30352783203125,170.9980742674846,168.93426833072544,169.5494510078214,15660500
2017-09-18,168.68624877929688,170.73022175635384,168.02146740490633,170.65084284210096,12954000
2017-09-19,171.17669677734375,171.21637866027874,169.0335117393761,169.2914818283992,13168600
2017-09-20,170.8294219970703,171.70257485229624,169.37086672299006,171.15685431778004,12264100
2017-09-21,169.7776641845703,170.9286355567635,168.68622320404614,170.3531498706669,11161400
2017-09-22,169.2120819091797,170.39281838457939,167.90236797527444,168.88466478068565,12097100
2017-09-25,161.60183715820312,167.9817789910787,160.30203966027116,167.92224859269697,41251600
2017-09-26,162.93138122558594,164.2113299454443,161.5125080849918,163.21911647145373,23363300
2017-09-27,166.37437438964844,167.02923901974563,164.28081816248243,164.60823533755251,19242500
2017-09-28,167.4162139892578,167.75357815490668,165.85844634720888,166.6323718249111,12178700
2017-09-29,169.53953552246094,170.32339275657026,167.49557789829257,167.51542640978323,15340400
2017-10-02,168.1504364013672,170.5317429343677,167.4360414134715,170.05548465576314,13392300
2017-10-03,168.63662719726562,169.40062075525117,167.8825351847385,167.98176259901135,8190300
2017-10-04,167.108642578125,169.34112357734466,166.97964994226513,168.50766763789804,12127900
2017-10-05,169.90667724609375,169.9761243314083,167.2872337174915,167.86270433288422,14580600
2017-10-06,170.8889617919922,171.02787110478334,168.4282760482721,168.92438289966614,13124500
2017-10-09,171.15682983398438,173.51830282373274,170.6607230808424,171.35526950724585,14570400
2017-10-10,170.25393676757812,171.851401351532,169.47009464475872,171.65296164929737,11341100
2017-10-11,171.39498901367188,171.43467089753997,170.0654112344226,170.61113176247508,11283700
2017-10-12,171.2064666748047,172.4963474352887,170.9484814387207,171.26599707083065,10351000
2017-10-13,172.38720703125,173.29010995699778,171.8514031755528,172.09945659097363,13658300
2017-10-16,173.16111755371094,173.63737583108244,172.70469264707907,173.13135235762383,11498800
2017-10-17,174.73875427246094,174.75860278553705,173.00238030779676,173.34966115672137,15990100
2017-10-18,174.6593780517578,175.36385644701187,174.38155942432851,175.2745457067827,12752400
2017-10-19,173.2008056640625,174.65936088469644,171.28584066036026,173.56791985565803,14048400
2017-10-20,173.61753845214844,174.5105398119512,173.27027276220736,174.1334937840359,12602200
2017-10-23,169.93643188476562,173.97473346790886,169.91658337306094,173.83582416593296,13852700
2017-10-24,170.46231079101562,171.89110089198473,170.16464366331724,170.95841762385328,12267900
2017-10-25,169.27163696289062,170.9087832574061,167.5749451380486,170.5615024603987,15868200
2017-10-26,169.3013916015625,170.94845447844398,169.06325491503657,170.0455517144827,11833100
2017-10-27,176.4949493408203,176.8223816258191,172.54592855081827,172.79398193581943,30285300
2017-10-30,178.46945190429688,179.28307430760813,176.22705466245034,177.8642010145095,24353200
2017-10-31,178.65798950195312,179.39223306199798,177.5467150456508,179.16402815900284,20174200
2017-11-01,181.23776245117188,181.47588405533386,179.16403940170161,180.94009530598947,40918300
2017-11-02,177.52685546875,180.52334477949736,175.95915616418623,179.22354738608752,35529900
2017-11-03,177.52685546875,178.4595386750075,175.33407189146445,177.89396965590234,17822100
2017-11-06,178.76710510253906,179.0449236723112,176.9215873804946,177.16964075636093,13312700
2017-11-07,178.8465118408203,179.34261866978235,177.56656288368893,179.09456525530132,12928200
2017-11-08,178.16188049316406,178.94573775470707,177.71538737885638,178.39008539336953,10494100
2017-11-09,177.90390014648438,178.00311242173828,175.7111014456757,176.92160323960988,12610300
2017-11-10,177.07044982910156,177.7054659422473,176.57434301758215,176.96130572496816,11070200
2017-11-13,177.37802124023438,177.6459079989589,175.9194661050471,176.11790578779843,9523400
2017-11-14,176.68345642089844,177.57644247047526,175.8003719154609,176.7429868055401,9585900
2017-11-15,176.5644073486328,177.179590076712,175.02647323840188,175.28445846436279,10253700
2017-11-16,178.191650390625,178.4297871231925,177.11014111767508,177.3681112229722,15607600
2017-11-17,177.60623168945312,178.57859676341948,177.50700427497628,177.90389879290586,13018000
2017-11-20,177.34828186035156,178.1023588205641,176.71326569912532,177.47725934592688,10052400
2017-11-21,180.4439697265625,180.4737349239952,177.5963214789924,177.75506415197404,14504000
2017-11-22,179.461669921875,180.31497422791827,179.03502533884242,179.8883296448857,10376300
2017-11-24,181.3568115234375,181.72392573276295,178.88619406019225,178.99533816836723,9426300
2017-11-27,181.60482788085938,182.29937427298353,180.5729325468429,181.13848634472404,12344500
2017-11-28,180.99961853027344,182.8153713899124,180.67218619755369,182.08112781290637,14379700
2017-11-29,173.76638793945312,180.55312592846684,172.64518162776676,180.47374701666803,41933500
2017-11-30,175.80039978027344,176.8918408049531,173.83582107582822,175.4729826128477,25307600
2017-12-01,173.73660278320312,176.0980607930484,170.9980836306414,174.65935413940798,20182500
2017-12-04,170.13485717773438,175.19515229553974,169.46014409670434,174.91731857513176,24459400
2017-12-05,171.48426818847656,174.01441574721193,167.694005192885,169.1227951149933,20184900
2017-12-06,174.6891326904297,175.3936110430922,170.5615202753435,171.15685452097316,20255800
2017-12-07,178.7373809814453,178.98543441431286,174.43117702045978,174.43117702045978,20404500
2017-12-08,177.60623168945312,180.8606910365868,177.34826160778223,180.11653084794384,19883800
2017-12-11,177.64593505859375,178.81675510313147,177.40781345901155,177.90392031144728,13168600
2017-12-12,175.58212280273438,177.7848230344054,175.22492530625138,177.2093524778285,16854100
2017-12-13,176.9116973876953,177.7650017350182,175.86987002387406,175.91948373452817,14615700
2017-12-14,177.0009765625,178.95563848910353,176.29649827251512,176.90174915039708,13591000
2017-12-15,178.77703857421875,179.0846375067566,176.9712177011345,177.62608230850725,28463100
2017-12-18,179.4120635986328,179.88832186933345,178.35038781980418,179.6005714578849,17265400
2017-12-19,178.11224365234375,178.67781262633758,176.83229487221706,178.54882002385264,14920600
2017-12-20,176.5048828125,178.4099311736932,175.97901079748212,178.4099311736932,11860500
2017-12-21,176.06829833984375,177.28871681511848,175.67141896023537,176.5544884488452,11600700
2017-12-22,175.82025146484375,176.14768377815716,174.85780303661357,175.76072106969193,8509500
2017-12-26,174.61968994140625,175.6218203017753,173.30996062450808,175.25470608718072,8897300
2017-12-27,176.2369842529297,177.05060671581896,174.88757307885342,175.17532351669627,9496100
2017-12-28,176.53463745117188,177.54669953688838,176.29650074277458,176.56440264722434,12220800
2017-12-29,175.08602905273438,177.45741909382474,175.08602905273438,176.61403142708585,10261500
2018-01-02,180.0074005126953,180.16615833200692,176.16753849046654,176.29651597117564,18151900
2018-01-03,183.23207092285156,183.3412150168427,179.91808136345082,180.4638018334065,16886600
2018-01-04,182.8947296142578,184.76009597513172,182.66652473180332,183.46028347772807,13880900
2018-01-05,185.3951416015625,185.44474017610392,183.49007791580317,184.1449426115342,13574500
2018-01-08,186.81399536132812,187.42916301427718,184.87918166255315,185.7424027420113,17994700
2018-01-09,186.40719604492188,187.32996272341487,185.64320234313658,187.2307352904653,12393100
2018-01-10,186.3773956298828,186.42700933698384,184.18461209180802,185.48440946197522,10529900
2018-01-11,186.30795288085938,186.93303715692767,185.9209901804445,186.93303715692767,9588600
2018-01-12,177.9733428955078,180.0669141301532,176.0186809548209,176.6735455434726,77551300
2018-01-16,177.0009765625,180.33481473346046,176.65369576011722,180.0867613431806,36183800
2018-01-17,176.21714782714844,177.92375649243675,174.43116025417478,177.86421095668882,27992400
2018-01-18,178.40000915527344,179.5708139416445,175.70118693925764,176.7430142522012,23304900
2018-01-19,179.87840270996094,180.94999524947485,178.76712828675176,179.44184142939912,26826500
2018-01-22,183.9266357421875,183.9464842539808,179.00526461593918,179.39222732602718,21059500
2018-01-23,187.87567138671875,188.07411110002806,184.10525627392343,184.60136312718652,25678800
2018-01-24,185.09744262695312,189.17544096373268,185.06767743135438,188.4114322834176,24334500
2018-01-25,186.02020263671875,187.1513255420997,185.14706495851576,186.48654424279474,17377700
2018-01-26,188.52059936523438,188.52059936523438,185.3554353008635,186.28811858327765,17759200
2018-01-29,184.53189086914062,187.36962252114174,184.1846251747221,187.28032692600374,20453200
2018-01-30,185.66297912597656,186.71472297874615,180.42409323068864,186.1590858595453,20858600
2018-01-31,185.43479919433594,188.3519096022416,183.77780429827604,186.9032710839018,43275100
2018-02-01,191.5865478515625,193.79919539749767,186.42703942001728,186.75447177174732,54211300
2018-02-02,188.7984161376953,192.697823738155,188.5007490083506,190.5447067485497,26677500
2018-02-05,179.8486328125,189.12583608662013,179.2037000244502,185.47448214295298,33128200
2018-02-06,183.86712646484375,184.32355144864178,176.35607629610084,177.17961552035845,37758500
2018-02-07,178.77703857421875,183.63889428170924,178.5488336861869,182.71612776405163,27601900
2018-02-08,170.24400329589844,180.42410890259703,170.14477588457524,179.60056983654195,38478300
2018-02-09,174.73875427246094,175.5225964292041,165.87827811141383,173.3992597294425,39887600
2018-02-12,175.03640747070312,176.16753038630065,170.50198398257606,175.68134026451693,32092100
2018-02-13,171.80177307128906,174.5998225974383,171.75217450492073,174.2525417929948,21809400
2018-02-14,178.12220764160156,178.40994295297568,171.86134161775726,172.0994632161415,28929700
2018-02-15,178.5587615966797,179.0945502655238,175.46304494787478,179.0945502655238,20922100
2018-02-16,175.97900390625,178.4793864061432,174.9272599173999,177.59631691173342,20645300
2018-02-20,174.63954162597656,176.5644387778102,173.7465552817147,174.4014200088298,21204900
2018-02-21,176.52471923828125,179.8585574271064,175.0264670633768,175.33406598655316,23200800
2018-02-22,177.59632873535156,178.80683061366898,176.02862933326867,177.30857829510717,18464200
2018-02-23,181.86282348632812,181.9620509019941,178.1122573018194,178.49921999895196,19007300
2018-02-26,183.49005126953125,184.21437808840216,181.79337451513996,183.1427855982708,17599700
2018-02-27,180.04710388183594,183.26186656629068,180.04710388183594,183.01381314236772,15849800
2018-02-28,176.93153381347656,181.4560253404468,176.75292749531835,180.88053964412475,18783000
2018-03-01,174.570068359375,178.71751406261032,173.05198271776223,177.6161563285012,23201600
2018-03-02,175.2447509765625,175.7309410626267,171.64302611360225,171.9406780642771,20025900
2018-03-05,178.99533081054688,179.73949102479247,174.5204528392756,174.82803663876726,16189300
2018-03-06,178.3801727294922,180.95993433251797,177.71539138609242,180.36460007336458,15086800
2018-03-07,182.27955627441406,182.3887003695206,176.68347250890474,177.34825376456183,19097300
2018-03-08,180.92025756835938,182.96421553905242,180.0371879070411,182.130759594883,17225900
2018-03-09,183.78775024414062,184.06556888531674,181.78348935279604,182.47803595573626,18526300
2018-03-12,183.32138061523438,184.65095835526108,182.78559192893863,183.787722221815,15301200
2018-03-13,180.4638214111328,184.54182007087564,179.6998126703109,184.16477404346094,18067500
2018-03-14,182.75582885742188,182.81535925214953,180.4340526231739,181.17821283722608,16821700
2018-03-15,182.4283905029297,182.56729979935182,180.77139563133073,181.81322292448564,15614300
2018-03-16,183.6488037109375,183.88694041511232,181.98189220164593,183.05348466046652,24403400
2018-03-19,171.21636962890625,175.79047474978412,168.73583572691126,175.63171694646186,88140100
2018-03-20,166.8406982421875,168.8747389972793,160.68897741262293,166.16600031209563,129851800
2018-03-21,168.07107543945312,172.0498468645589,162.028497733451,163.51681826044535,106598800
2018-03-22,163.6060791015625,168.9441924357995,162.4451911539265,164.83642925955823,73743000
2018-03-23,158.14892578125,165.302792529729,157.78181159245784,164.15182111516467,53609700
2018-03-26,158.81369018554688,159.84560070262083,147.85965982107322,159.56778213417243,126116600
2018-03-27,151.0347900390625,161.58202787058758,149.57623450138283,155.09294096009816,79117000
2018-03-28,151.83843994140625,154.66625464462274,149.625807940841,150.46918038322005,60029200
2018-03-29,158.54580688476562,160.16311992206482,152.93980601581222,153.94193631660485,59434300
2018-04-02,154.1800537109375,157.9603846880265,152.9100216540671,156.58120854158238,36796000
2018-04-03,154.89447021484375,156.16450244865112,149.6357349536215,155.331046633961,42543900
2018-04-04,153.89234924316406,154.34875906178462,149.33807690358103,150.8462459502833,49885600
2018-04-05,158.09933471679688,160.3119822720409,155.43027731660064,160.3020504449896,41449600
2018-04-06,155.97596740722656,160.1631098094975,155.58900472739475,156.50183937879345,41644800
2018-04-09,156.70028686523438,159.28004828590807,154.8250037634297,156.5911579034152,34915200
2018-04-10,163.75494384765625,164.68762715637567,155.78746897675782,156.70030377210585,57889300
2018-04-11,165.0249786376953,167.3368230784228,161.9788755184887,164.07244688882912,56144600
2018-04-12,162.5940399169922,166.1461664683181,161.83004633576897,165.67982485901135,38263000
2018-04-13,163.23899841308594,164.40980328499873,162.49483815518164,163.29852881132163,19990600
2018-04-16,163.54656982421875,164.48916971806412,162.1177798150317,164.42963932434435,18119400
2018-04-17,167.34677124023438,167.68412027464734,164.37013005192702,164.5388045691335,22743000
2018-04-18,165.06466674804688,166.8109573568676,164.47926431633744,165.5806220956449,20969600
2018-04-19,166.79112243652344,167.0193273393134,163.91369373621518,164.90590739701548,22235000
2018-04-20,164.9853057861328,167.1185593527305,164.51896409929842,166.4835431404425,19119400
2018-04-23,164.5487060546875,167.1383842548743,163.80454582635772,165.96757942949182,23088100
2018-04-24,158.44659423828125,164.80668712943643,156.95827381919534,164.14189068573054,35079900
2018-04-25,158.44659423828125,159.80592204292,154.97384659374748,158.89308733601138,41083600
2018-04-26,172.80393981933594,174.89751131005175,169.4701012165842,171.8712565286882,77556900
2018-04-27,172.23837280273438,175.72105258444364,171.25609092787653,175.43330213263187,29804700
2018-04-30,170.66073608398438,174.3517718197897,170.37300080682832,172.43679173396586,20750500
2018-05-01,172.50625610351562,172.66501391219182,168.90451591156153,170.66073821259428,26025900
2018-05-02,174.69906616210938,176.69341016579082,172.84361632507387,172.89323003600683,30424500
2018-05-03,172.66500854492188,174.7486479441099,170.77979369044417,173.76636620591322,24026100
2018-05-04,175.23483276367188,175.60194692628812,171.71247169161805,171.73232020148237,17677800
2018-05-07,176.5842742919922,178.10236004946054,175.79050029998754,175.9691066396789,18697200
2018-05-08,177.52685546875,177.64591625593928,175.7309512754141,176.86207417364642,15577200
2018-05-09,181.23776245117188,181.58502817056808,177.38796835743383,178.27103796615435,23282800
2018-05-10,184.08538818359375,184.68072240018904,181.07898218374137,181.72391496840459,21071400
2018-05-11,185.53404235839844,186.85368837588928,182.74590918671933,183.41070567867146,21207800
2018-05-14,185.18675231933594,186.39725416581294,184.75017589733065,186.2484281764832,15646700
2018-05-15,182.88482666015625,183.84725996884964,181.77353708046485,183.4404638800126,15429400
2018-05-16,181.77352905273438,182.8848185833475,181.23774036867192,182.26963585426475,16975500
2018-05-17,182.32916259765625,182.62682970061053,180.80116034112504,181.25757011100754,14840700
2018-05-18,181.25759887695312,182.75585131494014,181.18815178789646,182.06130472447273,13130500
2018-05-21,183.05349731445312,183.85718792913116,181.7040861774695,182.3391022925219,13532900
2018-05-22,182.3688507080078,183.97623178944812,182.0017214049801,183.49004170704765,12731400
2018-05-23,185.44473266601562,185.4546644925057,180.76148283647657,181.07899848457114,16628100
2018-05-24,184.48226928710938,185.34550542321446,183.58928309387315,184.4326707185793,12354700
2018-05-25,183.48011779785156,184.87914246030516,183.01377624370036,184.57155869905148,10965100
2018-05-29,184.2937774658203,185.35543824844447,182.2795848728229,182.9046692065252,16398900
2018-05-30,186.20872497558594,186.53615728122801,183.80756987418877,185.08751875990046,13736900
2018-05-31,190.28671264648438,191.21939580214917,186.02019137055882,186.40715404791155,30782600
2018-06-01,192.47950744628906,193.03514459870436,190.57445929230366,191.56667281875295,17307200
2018-06-04,191.77505493164062,192.46960146542042,189.9791506300175,190.34626483930563,18939800
2018-06-05,191.43771362304688,193.48167142182427,191.12019797198496,192.78712486010082,15544300
2018-06-06,189.8501739501953,191.03091072675076,187.6375415425211,189.54259011226512,22558900
2018-06-07,186.71475219726562,189.48303668216764,185.315742496056,189.26474847403995,21503200
2018-06-08,187.6276092529297,188.00464014872674,184.9783854562642,186.06982653878478,12677100
2018-06-11,190.048583984375,191.10034310523886,187.32992844283444,187.33984512832245,12928900
2018-06-12,190.90187072753906,191.7750234495119,190.06841502382485,190.67366586246942,11562700
2018-06-13,190.91183471679688,192.98555764088545,190.41572788481517,191.23926704270227,15853800
2018-06-14,195.27757263183594,195.74391427429026,191.40794532208653,191.59646834435267,19120900
2018-06-15,194.3250274658203,195.53552919333194,193.12444242329656,194.26548193596187,21860900
2018-06-18,196.76589965820312,198.02601531710582,192.61845359123527,193.28323496436255,16826000
2018-06-19,195.95228576660156,196.41862740895397,192.2810830263839,194.71201866246838,19994000
2018-06-20,200.42715454101562,201.96508870534092,197.26199061868914,197.54974105161622,28230900
2018-06-21,199.9310302734375,201.80631327685478,198.53200553470376,201.18121389572326,19045700
2018-06-22,200.16917419433594,200.66528098709875,197.75808730872015,199.59368849793373,17420200
2018-06-25,194.82113647460938,198.4427098738156,191.60635912426176,198.4427098738156,25275100
2018-06-26,197.45050048828125,197.54972790130157,194.70206465937628,196.06140754586227,17897600
2018-06-27,194.3151397705078,199.18691298189188,194.27545788156738,197.6291301063248,18734400
2018-06-28,194.7020721435547,195.80342985451412,191.75519651531133,193.6602448267047,18172400
2018-06-29,192.8069610595703,196.06142057520924,192.44976354492806,195.78360196826287,15811600
2018-07-02,195.8232421875,195.9125377621668,190.72326578797654,191.86430517087567,13961600
2018-07-03,191.2293243408203,193.87853285613852,191.02096796162596,193.03516037372157,13489500
2018-07-05,196.90480041503906,197.1032401216797,192.5192177963706,193.2236961659209,19684200
2018-07-06,201.64756774902344,202.05437896277454,196.16062769616207,196.90478790376508,19740100
2018-07-09,203.1458282470703,204.19757229416905,200.54621818766037,203.3343361230769,18149400
2018-07-10,201.95516967773438,203.31451274085245,200.6851373539306,202.90770149057698,13190100
2018-07-11,200.96295166015625,202.90769713042994,200.17910951620655,200.64545115601763,12927400
2018-07-12,205.30882263183594,205.4675804308653,201.60787038932932,201.84599194789632,15454700
2018-07-13,205.70574951171875,206.8070921734191,204.8425133060912,206.19192453031167,11486800
2018-07-16,205.61643981933594,207.0948436755926,205.2294770838029,205.8843417562371,11078200
2018-07-17,208.3549346923828,208.82127628523605,203.24502568175086,203.3045560740338,15349900
2018-07-18,207.7298583984375,209.3471715552405,206.81702362195352,208.18628335666915,15334900
2018-07-19,206.4697265625,208.3549415063196,206.142294254258,207.14443969038666,11350400
2018-07-20,208.30532836914062,209.85317918327323,206.87653834379418,207.22381916439136,16163900
2018-07-23,209.26779174804688,209.97225498537256,207.17422026898748,208.94035941549492,16732000
2018-07-24,212.99850463867188,214.51659032772451,210.94463023465084,213.4350810715982,28468700
2018-07-25,215.8064727783203,216.91774724162687,212.6016268700479,214.04033366057422,58954200
2018-07-26,174.8875732421875,178.7274503791993,172.39712242049106,173.52824538070118,169803700
2018-07-27,173.52822875976562,178.52897843645357,171.65294573851048,178.46944804529903,60073700
2018-07-30,169.7280731201172,173.9350646590183,165.26311146957755,173.9350646590183,65280800
2018-07-31,171.23622131347656,172.88329948852726,168.67630846236798,169.34108974362823,40356500
2018-08-01,170.31346130371094,173.71676188284266,169.56930109095373,172.57570713929462,34042100
2018-08-02,174.9967041015625,175.41343198798833,168.94421035302224,169.35100641407132,32400000
2018-08-03,176.395751953125,177.45742788881466,174.77843876286042,176.30645635292112,24763400
2018-08-06,184.24415588378906,184.34336816522875,176.99107649347212,177.57647891589647,49716200
2018-08-07,182.37879943847656,186.83384444251334,182.289503838257,185.04785673822354,33398600
2018-08-08,183.7381134033203,185.3951234946176,182.3291718604022,183.31146880806094,22205200
2018-08-09,181.66439819335938,185.11731268449776,181.05914724577298,184.40291762701943,19732100
2018-08-10,178.8564453125,180.68213012080298,178.02298939521972,180.62258457815696,21500400
2018-08-13,178.6480712890625,181.1881358188921,177.50701650387984,178.69768499971894,17423300
2018-08-14,179.69981384277344,180.572966695124,177.22919641645174,179.3029344407843,19102000
2018-08-15,178.13211059570312,179.46167321744863,173.4190958846087,177.9435875848628,33020200
2018-08-16,173.3397216796875,179.09456387943234,172.65509183858282,179.01518497061076,31351800
2018-08-17,172.4467315673828,174.84788673024775,170.70042589258762,173.1412780789589,24893200
2018-08-20,171.15682983398438,173.21071905918097,169.57921399258726,172.68483197207198,21518000
2018-08-21,171.27589416503906,172.8138281596967,170.05547576617158,171.46441715754236,19578500
2018-08-22,172.28794860839844,172.88328275427835,170.78971169923486,170.86909059468394,16894100
2018-08-23,171.5537109375,174.1830858400676,171.4842638641367,171.742233928021,18053600
2018-08-24,173.2901153564453,173.45880500736908,171.57358990744308,172.34751537647205,14631600
2018-08-27,176.07826232910156,177.2788325127077,174.42125200961104,174.61970687564434,17921900
2018-08-28,174.8875732421875,176.8521671783252,174.46092863806334,176.71325787233374,15910700
2018-08-29,174.53038024902344,175.41344981858893,173.38934057306082,174.9272748049951,18494100
2018-08-30,176.25680541992188,178.39005838754574,174.33190880877586,174.53034848065167,24216500
2018-08-31,174.36167907714844,176.23696203990926,173.61751893097386,175.7706204704417,18065200
2018-09-04,169.8272705078125,172.5360091908357,167.48564598410667,172.1490465218324,29809000
2018-09-05,165.87828063964844,169.79753690303795,165.37225709834064,168.17030702552182,31226700
2018-09-06,161.2644805908203,165.67982823051048,158.75418131005338,165.67982823051048,41514800
2018-09-07,161.77049255371094,163.34812362432544,158.91292778915525,159.06175376752574,24300600
2018-09-10,162.90162658691406,163.72516571701948,160.89736595410562,162.23684527128214,20197700
2018-09-11,164.64794921875,165.88821638456562,162.4452335210631,162.66352175344505,20457100
2018-09-12,160.7386016845703,163.20921897566964,160.5401619944368,161.97886867287718,24078100
2018-09-13,160.10360717773438,162.0483527391854,159.60750031552521,160.73862335576288,25453800
2018-09-14,161.05613708496094,161.5720773146908,159.09154303336734,160.46080280145142,21770400
2018-09-17,159.32965087890625,160.7981226679349,158.52596033991068,160.65921337897242,21005300
2018-09-18,159.05184936523438,160.50047279983679,157.63297598862607,158.14893132011807,22465200
2018-09-19,161.7903594970703,162.16740553853603,158.23823272214887,158.8335669834127,19629000
2018-09-20,164.72731018066406,165.15395477201457,163.1893760346749,163.219141232212,18936000
2018-09-21,161.66134643554688,165.94771623876872,161.54228565433868,165.342465367665,45994800
2018-09-24,164.12205505371094,164.4097903358473,159.6273286611783,159.77615464504572,19222800
2018-09-25,163.62594604492188,164.30064401598187,159.89521327325136,160.7286841915896,27622800
2018-09-26,165.65005493164062,167.9817629115919,162.93139939924737,163.02069498827245,25252200
2018-09-27,167.5253448486328,170.43253864331763,165.90804693470875,166.24539593368888,27266900
2018-09-28,163.17945861816406,167.47573026988258,161.29424365604567,167.01932048303863,34265600
2018-10-01,161.1751708984375,164.58838792042496,160.0043510409059,161.7605732572147,26407700
2018-10-02,158.0894012451172,161.01642845821567,157.43453660843005,160.3218819374772,36031000
2018-10-03,161.16525268554688,162.38568635147246,158.28783921396985,158.75418083136026,23109500
2018-10-04,157.61314392089844,160.20282214580766,156.12482345003056,160.20282214580766,25739600
2018-10-05,156.10496520996094,159.6471598371,154.98375901365037,157.9703315953319,25744000
2018-10-08,156.0255889892578,157.10709818236126,153.18785748057903,154.32889706743453,24046000
2018-10-09,156.6705322265625,159.33958941767398,156.19427390479638,156.46217583453068,18844400
2018-10-10,150.20132446289062,156.46219089232483,150.13186223220896,155.59896976230195,30610000
2018-10-11,152.1559600830078,153.60458344602512,147.99858271849723,148.96103111199872,35338900
2018-10-12,152.5429229736328,155.66838973017065,150.12191938851547,155.5096319219713,25293500
2018-10-15,152.32464599609375,154.35868703608568,151.36219753043872,152.12620629121187,15433500
2018-10-16,157.54367065429688,158.21838375991396,153.80302122721474,154.18998391691443,19180100
2018-10-17,158.1786651611328,159.24034081162552,156.72011018969417,158.31757443746147,17592000
2018-10-18,153.7137451171875,157.4246298183748,152.08651524917622,157.27578867887388,21675100
2018-10-19,152.85049438476562,156.1248019987872,152.3543876293071,154.6463984171292,19761300
2018-10-22,153.5748291015625,156.11489364906294,153.25732860311442,153.55498058916606,15424700
2018-10-23,153.18783569335938,153.56488165346744,149.6754067017438,150.04252083765374,19095000
2018-10-24,144.90284729003906,153.44580580116755,144.4662860844559,153.07869166511827,27744600
2018-10-25,149.77467346191406,151.02487256771474,145.8554318914662,146.57974374261678,22105700
2018-10-26,144.2381134033203,147.83985429572138,142.6803456301756,144.68462171955386,31303300
2018-10-29,140.98362731933594,147.67115245881772,137.94745611434155,147.34372015279192,31336800
2018-10-30,145.0814666748047,145.49819454953195,138.6519271019058,138.85036678416012,50528300
2018-10-31,150.6081085205078,155.1822142120117,147.8001571163338,153.79312110959418,60101300
2018-11-01,150.5684051513672,151.56061869437454,148.18709870414037,150.3402002756691,25640800
2018-11-02,149.17930603027344,152.9298718553426,147.80012986856786,150.61801257968224,24708700
2018-11-05,147.52232360839844,149.02057596426272,146.29198832700237,148.9312803660929,15971200
2018-11-06,148.7725067138672,149.794485490799,146.84760994489577,148.1474073132278,16667100
2018-11-07,150.35011291503906,151.81858467998225,148.66335296530983,150.3898099340784,21877400
2018-11-08,146.7186279296875,149.7647311096227,145.59743679770625,149.31823799405643,24145800
2018-11-09,143.83128356933594,146.60946941087013,142.94821411113884,145.60733917088652,17326900
2018-11-12,140.4478302001953,143.91064577963837,139.39608626580937,143.35500861731956,18542100
2018-11-13,141.05308532714844,143.75190745988903,140.51728151874886,140.89432752169836,15141700
2018-11-14,143.09701538085938,144.44642618803056,140.44780746368744,142.5810601822418,22068400
2018-11-15,142.72994995117188,143.7122318462648,139.73346027184235,141.22178085469093,30320300
2018-11-16,138.44357299804688,140.66613708263066,136.69728237871766,139.97159053744173,37250600
2018-11-19,130.52569580078125,136.67741679552446,130.18834682667722,136.53850750383592,44362700
2018-11-20,131.39886474609375,133.11540550101412,125.86231755936255,126.0409163440952,41939500
2018-11-21,133.770263671875,136.1218053904926,133.08563376899136,133.35352057796135,25469700
2018-11-23,130.70428466796875,133.45272039788455,130.2379430955289,132.6093328375205,11886100
2018-11-26,135.31809997558594,135.9332675826266,131.74612484443062,131.9644130546667,24263600
2018-11-27,133.94883728027344,135.546301797141,132.6688883856301,134.69299748738607,20750300
2018-11-28,135.69512939453125,135.7248945919711,130.82337202047773,135.21887109551545,29847500
2018-11-29,137.60018920898438,138.90000187885877,134.6037147235709,134.86168483622848,24238700
2018-11-30,139.5151824951172,139.87238006736337,136.2904876573323,137.18347401795725,25732600
2018-12-03,139.99142456054688,142.56125435967442,139.66399222915538,141.8865563240647,24819200
2018-12-04,136.8560028076172,142.27349525916156,136.09200930212478,139.6342036766149,30307400
2018-12-06,138.54281616210938,138.61226325452887,132.62921531981735,132.77805647211213,28218100
2018-12-07,136.3499755859375,139.77310908857413,135.5958987861028,138.16572808420025,21195500
2018-12-10,140.74549865722656,141.9361518937463,137.9276006581578,138.51301816126053,26422200
2018-12-11,140.97372436523438,142.75971205389462,140.00135917806696,142.75971205389462,20300300
2018-12-12,143.37486267089844,146.04391963021334,141.40035219133628,141.96592120054922,23696900
2018-12-13,143.88092041015625,144.71439152431302,142.07509913277622,144.43657286625455,18148600
2018-12-14,142.9382781982422,144.8730915468277,141.4003442042466,142.22388324799877,21785800
2018-12-17,139.0984344482422,143.7916007881354,137.34221204308943,141.9659313000558,24334000
2018-12-18,142.54139709472656,144.79371087135365,138.74121751824583,139.98148441109294,24709100
2018-12-19,132.2025604248047,143.7816926259551,131.46831682760123,140.11050491989727,57404900
2018-12-20,132.36129760742188,134.5144145958929,128.98777718323655,129.68232372468893,40297900
2018-12-21,123.97709655761719,133.84961966709113,122.45901083511416,132.35138245742544,56901500
2018-12-24,123.0940170288086,128.72979816036587,122.06211397443818,122.14149287938721,22066000
2018-12-26,133.13522338867188,133.19476892664005,124.9097787003067,125.0189228099463,39723400
2018-12-27,133.4725799560547,133.9389215670963,128.6603378591269,131.4087738165464,31202500
2018-12-28,132.162841796875,134.86166386335583,131.17062824713872,134.2861781877115,22627600
2018-12-31,130.06930541992188,133.5916674923913,128.93818227602833,133.40314444507882,24625300
2019-01-02,134.62351989746094,136.43927241230728,127.55896464929714,127.98562432545164,28146200
2019-01-03,130.71421813964844,136.10193043297755,130.09903544528873,133.6412450754704,22717900
2019-01-04,136.87583923339844,136.92545293274594,132.7085458677882,132.96651590842976,29002100
2019-01-07,136.97511291503906,137.78872032734427,134.85177606929258,136.48892272111365,20089300
2019-01-08,141.4202117919922,142.02546273037706,138.45348749728953,138.80076833438764,26263800
2019-01-09,143.1069793701172,143.57332102571948,140.17003526247268,141.8369470305985,22205900
2019-01-10,143.07720947265625,143.4344070026676,139.74337090587684,141.9659349970562,16125000
2019-01-11,142.6802978515625,144.22814841890744,141.4598795411522,142.03535002185157,12908000
2019-01-14,144.2579345703125,145.4287544900615,140.17001938673516,140.8943310748982,20520300
2019-01-15,147.7902069091797,149.5067321308206,144.85326324648588,144.87309661692566,24069000
2019-01-16,146.39117431640625,148.4847454239951,145.85538568364788,147.83981269975192,18025700
2019-01-17,147.14529418945312,147.83984074886803,145.3593065081152,145.8057996434548,15787900
2019-01-18,148.8717498779297,151.2431402222735,147.39336102550274,148.58401454141102,31029600
2019-01-22,146.4209747314453,150.3501322838118,145.23030624650642,148.0382726761916,22378700
2019-01-23,143.17642211914062,147.64138321345908,141.9460718338698,147.12542791447743,20098400
2019-01-24,144.6945343017578,145.2997853003888,141.41030918163793,143.5137975060694,20955500
2019-01-25,147.84974670410156,148.6633691432037,145.3989778409229,146.33166107014597,22237200
2019-01-28,146.3217315673828,147.8001351884582,145.0715479606864,146.89721723585558,15508500
2019-01-29,143.06729125976562,146.9468503365544,142.31319918224366,146.93691851028444,17632100
2019-01-30,149.248779296875,149.7746513338501,144.5655295359058,145.0814848865154,44613200
2019-01-31,165.39208984375,170.34322609112806,163.7152464126422,164.31058063740673,77233600
2019-02-01,164.4197235107422,167.78332703355187,164.37010980238654,164.54870098449308,30806500
2019-02-04,167.93215942382812,167.9817731340761,162.34599175743284,164.40979795592344,20036000
2019-02-05,169.8272705078125,170.64087772521418,167.37650189079923,167.83291163373806,22557000
2019-02-06,169.16250610351562,171.1270848386497,167.9520042717718,169.8669692977403,13281200
2019-02-07,165.0845184326172,167.9222501889627,163.96331211917226,166.8903394739392,17517600
2019-02-08,166.027099609375,166.06678149085363,162.93139809480107,163.18936817435636,12561400
2019-02-11,164.4990997314453,166.98956576367348,163.79463649538135,166.592671206755,12811200
2019-02-12,163.75494384765625,167.02925211487005,163.21915510646622,165.5607800649606,16292300
2019-02-13,162.79249572753906,164.92574895228006,162.45513159071416,164.09229314596084,14205100
2019-02-14,162.6734161376953,163.58625082978747,160.98665605143856,161.91933925465693,12755200
2019-02-15,161.23472595214844,163.41759306012008,159.60749609275362,163.2290700350716,15504400
2019-02-19,161.0263671875,162.87188541808726,159.08163666321363,159.25031118848474,14345400
2019-02-20,161.2942657470703,162.44523733758356,159.99446814915467,160.98668190511842,11770700
2019-02-21,158.79385375976562,160.97673573507552,158.3473606793532,160.66913680947994,15607800
2019-02-22,160.6294708251953,161.1454261740566,159.06177140594767,159.32967333669976,15858500
2019-02-25,163.33822631835938,164.77694839988933,161.6316174191484,161.80030708358842,18737100
2019-02-26,162.85202026367188,164.9455915299292,162.52458796440192,163.0603766377669,13784100
2019-02-27,161.54229736328125,162.65357177504464,159.1609907266516,161.63159295565973,12697500
2019-02-28,160.19290161132812,162.22694275955087,159.60749915178485,161.10573641433965,11114200
2019-03-01,161.0164031982422,161.85979071681604,160.4310008754551,161.3339187807563,11097800
2019-03-04,166.06680297851562,166.19579560497266,162.55437312403737,162.6238202106053,18894700
2019-03-05,169.92648315429688,170.541665836115,165.25316592132063,166.06677314053218,28187900
2019-03-06,171.16677856445312,172.21853779560456,169.936443275903,171.55374129875187,21531700
2019-03-07,167.81309509277344,170.40277325733447,166.304926144912,170.16463653715266,18306500
2019-03-08,168.27943420410156,168.29926757550456,164.67769395731773,164.90589884827753,13184800
2019-03-11,170.73020935058594,172.94284154218153,170.24401921360752,170.26386772572346,18884000
2019-03-12,170.58135986328125,172.446726271351,169.8868133730355,170.75003435805678,12155300
2019-03-13,172.0200958251953,172.67496054457362,170.77982861727304,170.97828348252506,11973300
2019-03-14,168.84500122070312,169.81736639431227,166.85065716116222,168.43818997562911,18037400
2019-03-15,164.68760681152344,166.27515460556222,161.2446244559344,165.85842671612204,37135400
2019-03-18,159.22052001953125,162.6238054519901,158.0397833952159,162.2963882822019,37524200
2019-03-19,160.31198120117188,162.54446211564522,159.56782089634743,160.22267045820803,25611500
2019-03-20,164.15184020996094,164.82653827216822,159.98454561520686,160.24251573193672,20211500
2019-03-21,164.78683471679688,165.09441850706298,162.47497523708407,163.60609812321184,16223000
2019-03-22,163.0603790283203,166.1163987263316,162.81232562887112,164.36017641903754,16389200
2019-03-25,164.9951934814453,165.24324688234591,160.73860378358157,161.73081738718392,12631200
2019-03-26,166.37437438964844,168.13059675582596,165.05474358351418,166.04695721457836,15437900
2019-03-27,164.57847595214844,167.62457917428267,163.50688337595687,166.5430699118225,10620300
2019-03-28,164.26095581054688,165.42184384428168,162.05824052398015,163.28859077322645,10443000
2019-03-29,165.39208984375,165.88819665106104,163.52672340346746,165.09442273136773,13455500
2019-04-01,167.38641357421875,167.5848532452184,165.977472228152,166.5231926783833,10381500
2019-04-02,172.84359741210938,173.5381438692349,168.22981045979668,168.8152128208041,23946500
2019-04-03,172.1887664794922,176.57436455134132,171.60336400410253,173.14129833536398,27391100
2019-04-04,174.64942932128906,176.61400786622545,174.1632392425016,174.64942932128906,17847700
2019-04-05,174.35179138183594,175.62182369794476,173.73662373683996,175.50276289955312,9594100
2019-04-08,173.56793212890625,174.1335011948488,172.87338557948675,173.84576588865332,7297400
2019-04-09,176.19729614257812,177.79476067353207,174.1831037087638,174.2525507892514,19751000
2019-04-10,176.4354248046875,177.3978580416452,175.1653775025643,176.79260715656196,11701500
2019-04-11,176.12783813476562,177.01090767051508,175.62181462775595,176.8521649941845,8071000
2019-04-12,177.7054901123047,178.23136219284186,176.56443520662597,176.61404892252165,12329800
2019-04-15,178.25115966796875,179.09454724839816,175.49280718747417,177.1101201320724,10834800
2019-04-16,177.47726440429688,178.76714527667045,176.9117104530132,177.6062570335282,11215200
2019-04-17,177.38796997070312,179.33271554893227,176.97124201964976,178.20159249893595,9973700
2019-04-18,176.891845703125,177.4871799403403,175.95916246347767,177.40780103271302,11655600
2019-04-22,180.02723693847656,180.255441825929,176.8620731508558,176.8620731508558,13389900
2019-04-23,182.34901428222656,182.78559068882757,180.06691997316187,181.31711879933349,19954800
2019-04-24,181.15835571289062,183.6984200336972,180.23558921854809,183.05348726817184,37289900
2019-04-25,191.75521850585938,196.93457534704658,190.62409546812768,195.44625476371647,54148800
2019-04-26,189.99896240234375,191.39797188558157,187.61764099560142,191.00109255444585,22075000
2019-04-29,193.26336669921875,193.8884661213994,189.16551962488455,189.46318673735053,19641300
2019-04-30,191.8941192626953,195.85305728817346,190.7828447881664,192.67797654667706,23494700
2019-05-01,191.52700805664062,194.65247513536207,191.5071595435752,193.2633820203702,15996600
2019-05-02,191.0308837890625,192.48943899678275,188.2725311837089,191.49722539370654,13209500
2019-05-03,193.947998046875,194.6326278689575,192.20170752125662,192.86648883169053,14575400
2019-05-06,192.37039184570312,192.76727125907584,189.06631849644725,189.75094835349745,13994900
2019-05-07,188.29238891601562,191.39800735054732,186.38734052161269,191.04080983034808,16253000
2019-05-08,188.0641632080078,189.2349831544809,187.08188141204525,187.9153372207342,12505700
2019-05-09,187.1810760498047,188.2923654966375,184.80968632286812,185.74236946182657,12967000
2019-05-10,186.87350463867188,188.5205828381154,183.15270366160382,186.78420904881693,12578500
2019-05-13,180.12644958496094,183.98615986841705,179.43190309564582,182.07119489502122,16833300
2019-05-14,179.32275390625,182.0612730435279,176.71324251758304,181.09882467136538,17628100
2019-05-15,184.8196258544922,185.8217561094283,178.618291044294,179.01517041615566,16746900
2019-05-16,185.53404235839844,187.111658483527,183.60914538762196,183.60914538762196,12953100
2019-05-17,183.857177734375,186.11942346505776,182.84511565276085,183.40075283012467,10485400
2019-05-20,181.2972869873047,182.79552421161614,179.95779244730602,180.4638311197399,10352000
2019-05-21,183.38092041015625,184.2540580619783,182.45815391155378,183.1328670161202,7502800
2019-05-22,183.8770294189453,185.28597089728876,182.18033752165732,183.29161189556703,9213800
2019-05-23,179.461669921875,182.46807593433465,178.27101662366948,180.99960403788043,12768800
2019-05-24,179.65020751953125,182.2002039590993,179.42200261100294,180.9103231396282,8807700
2019-05-28,182.87489318847656,183.2717877276444,180.03716157833563,180.12645717215642,14843300
2019-05-29,180.7714080810547,183.12294959671493,179.93795224512178,182.07120554565978,12797700
2019-05-30,181.5850067138672,182.0513483202198,179.48151871243195,181.6544689335265,8581500
2019-05-31,176.08815002441406,179.1342379247509,175.78056622867737,178.87626783735388,15226500
2019-06-03,162.87185668945312,173.68699403372227,159.75630658520944,173.63738032563361,56059600
2019-06-04,166.19578552246094,166.96971095429262,159.58763901376403,162.43530246984187,46044300
2019-06-05,166.86056518554688,167.40628571280695,163.34813557914495,166.17593535498227,19758300
2019-06-06,167.01931762695312,168.37864541840986,165.92787660754973,166.98955243005832,12446400
2019-06-07,172.000244140625,172.51618434341103,167.52535084122192,168.84499682676795,16917300
2019-06-10,173.4587860107422,176.475108644315,172.44672391593448,173.38932379267737,14767900
2019-06-11,176.71327209472656,178.57862361960088,175.4134593855052,177.09030301848856,15266600
2019-06-12,173.67706298828125,177.8741374437899,171.53389310501814,176.99106793976617,17699800
2019-06-13,176.08815002441406,176.64378722187107,173.25041850313457,174.16325320466794,12253600
2019-06-14,179.91807556152344,180.4240989955405,178.59842979126856,179.10445322528562,16773700
2019-06-17,187.53826904296875,188.02445911058558,182.97409600606449,183.56941502480336,29459900
2019-06-18,187.0025177001953,193.01533031426763,185.8217809719573,192.48945826320056,37571400
2019-06-19,186.02020263671875,186.63538536770005,183.1130240379683,185.54394434497365,21417100
2019-06-20,188.05426025390625,189.67157342027474,186.17897697743373,189.46320188289803,14635700
2019-06-21,189.65171813964844,190.50502249182557,187.2803281006879,187.2803281006879,22751200
2019-06-24,191.100341796875,192.46958624375878,190.0783630194278,190.92173547946894,15509000
2019-06-25,187.36959838867188,191.63611957328527,186.66513526445456,191.3781495072303,16750300
2019-06-26,186.1988067626953,189.27465982141456,185.8515259486567,188.06415802502235,12808600
2019-06-27,188.02447509765625,197.33144340638594,186.80405662249586,188.4015211062334,11159000
2019-06-28,191.4972381591797,191.6956778650276,188.4610667537676,189.06631769759005,16378900
2019-07-01,191.4972381591797,193.75948411379966,190.43556226592588,193.69003702974348,14181800
2019-07-02,193.48165893554688,193.48165893554688,191.20949637168923,191.49723166441305,9050000
2019-07-03,195.66452026367188,195.8629599570674,192.64819756011687,192.64819756011687,10246100
2019-07-05,194.87075805664062,195.53555453641823,192.65812581940315,194.65246983879882,11164100
2019-07-08,194.23573303222656,195.14856774691674,192.13224500011347,193.67017914094146,9723900
2019-07-09,197.6588897705078,197.90694318538272,193.3725194942796,193.45189840383705,14698600
2019-07-10,201.15145874023438,201.37967876885,198.1152875488734,198.4427198534289,20571700
2019-07-11,199.66314697265625,202.21314330019712,198.65109995843773,201.67733945504267,13678500
2019-07-12,203.27479553222656,203.70145525331952,197.60926435057237,198.12520452215628,15366300
2019-07-15,202.322265625,203.73120702838713,200.24854296973157,202.65961459342148,16030300
2019-07-16,202.25282287597656,203.87013593903205,201.51859447874432,202.30243658551404,12132700
2019-07-17,200.22872924804688,202.76879391744066,200.02035770783237,202.5901875772597,12083700
2019-07-18,199.21665954589844,200.8935030713905,197.8275664632312,198.59156008870863,11937900
2019-07-19,196.8154754638672,200.75456437010126,196.52774020314962,200.60572325733543,12098300
2019-07-22,200.74465942382812,200.99271281963257,197.26198005714764,198.3534210546784,13589000
2019-07-23,200.78433227539062,202.64969857273917,199.3952393773505,201.26059053472196,14583700
2019-07-24,203.06643676757812,203.21526274994375,195.68436524268566,196.09117644778885,32532500
2019-07-25,199.14720153808594,207.03529675765213,196.7162660667918,205.0905514086125,39889900
2019-07-26,198.19467163085938,201.30030512248393,194.72192394270914,198.63124804833765,24434000
2019-07-29,194.4143524169922,198.07562334750392,193.7793362623763,197.4505238793738,16530800
2019-07-30,195.50575256347656,197.16276252645497,191.99332323411687,193.8686062508045,11903600
2019-07-31,192.71763610839844,197.21236233773257,191.17970205770425,195.41645821104208,14593500
2019-08-01,191.2293243408203,196.9246358984572,189.39373825086943,192.65811435806566,17777000
2019-08-02,187.54823303222656,191.12019317718264,186.60563306925116,189.6120392924137,15297000
2019-08-05,180.31495666503906,184.22428031102348,177.94356698526357,183.25191531186252,23086700
2019-08-06,183.07330322265625,184.3433352622386,181.66436190186883,182.2596960441626,18035700
2019-08-07,183.70834350585938,184.91884531908548,179.80895129274603,182.1704245251016,15833200
2019-08-08,188.67933654785156,188.85792772368168,182.61691101531667,185.1668920234162,14828900
2019-08-09,186.38735961914062,189.49297837187868,185.66303267842343,188.52061313280922,11058800
2019-08-12,183.9266357421875,186.12935121191248,183.0237328453012,185.39512281532316,10930900
2019-08-13,186.98265075683594,189.88984449107085,183.92663103790386,184.0754721625791,13577000
2019-08-14,178.3107147216797,184.54181498851472,177.91382019323206,184.35329197999934,18903700
2019-08-15,181.16831970214844,181.77357074443537,178.62825471811848,179.5410896255054,12925900
2019-08-16,182.2696533203125,183.65876158169613,180.94009059840005,182.3192670332154,12654600
2019-08-19,184.7204132080078,186.0400591779072,183.41069906418429,184.56165539058108,9691200
2019-08-20,182.37879943847656,184.55174988369748,180.9698577884201,184.00602931572288,10083400
2019-08-21,182.12081909179688,184.45251209307207,181.71400786034766,183.55952586109075,8398200
2019-08-22,180.62257385253906,182.6764634624245,178.5091689835024,182.00175027899132,10821400
2019-08-23,176.36595153808594,181.7040650707823,175.2844424449489,179.43188765274857,17323400
2019-08-26,178.9556427001953,179.09455199642167,176.85215474591666,178.00311099751607,8773600
2019-08-27,179.88833618164062,182.60699186900402,179.60058574729803,180.51342048042534,14399600
2019-08-28,180.3447265625,180.5332495564327,177.52684375839306,179.12430815437924,9386100
2019-08-29,184.12510681152344,184.63113035702233,182.04145194891893,182.33911909214527,10128700
2019-08-30,184.22430419921875,185.3455104540302,182.03152053942938,185.3256619420925,10774500
2019-09-03,180.96983337402344,184.22429268946135,180.69201478416736,182.5672978356848,9779400
2019-09-04,185.68284606933594,186.28809694997892,182.45815198098745,183.21222884048626,11308000
2019-09-05,189.41355895996094,189.86998385050498,186.4766153563826,187.0620177120988,13876700
2019-09-06,186.0301513671875,188.7289738322857,184.89902835901984,188.7289738322857,15226800
2019-09-09,187.2902374267578,187.5085256343164,184.40290729946628,186.26825860954187,14722400
2019-09-10,184.7204132080078,186.63539342326803,183.1130319415039,185.98052878136687,15455900
2019-09-11,187.02236938476562,187.96496939002157,184.63113068786822,185.00817674596254,11761700
2019-09-12,186.0102996826172,189.44335053484764,185.77216294917596,188.38168977071138,11419800
2019-09-13,185.7324981689453,186.50642369893126,185.08755013396993,185.87140749125098,11441100
2019-09-16,184.77003479003906,186.3278024124639,184.3235416569863,185.47449803241622,8444800
2019-09-17,186.6155242919922,186.8536609918206,184.0952934237337,185.20658288295587,9671100
2019-09-18,186.67506408691406,187.60774728326058,184.56164429689392,186.62545037945307,9681900
2019-09-19,188.65951538085938,189.61204720994286,186.68500463535224,187.19104332016965,10392700
2019-09-20,188.4511260986328,191.59645660587978,186.65522186388125,189.17545294401287,19934200
2019-09-23,185.3653564453125,188.6198159198237,183.7678919055694,187.86572387623167,13327600
2019-09-24,179.8684844970703,186.57584314303674,178.98541497755713,186.51631274800997,18546600
2019-09-25,181.37664794921875,181.9918155324956,176.4850270596817,180.03715354178527,18068300
2019-09-26,178.7075958251953,179.9875447342743,176.2865921683542,179.91809765361586,16083300
2019-09-27,175.72105407714844,179.35254474895376,174.29226391251302,179.0846579480694,14656200
2019-09-30,176.69342041015625,177.2788228691604,175.4730017783385,176.48504886814843,10740000
2019-10-01,174.44110107421875,178.4397213697114,173.51834953217306,177.75509144368746,17073000
2019-10-02,173.24049377441406,175.1554586795992,171.7422416079968,173.47861533942427,16151700
2019-10-03,177.98329162597656,178.4397014323433,172.27806306653957,174.20295999420713,16086300
2019-10-04,179.04495239257812,179.57082442257075,176.71325936939817,178.15196615220776,10430200
2019-10-07,178.2809295654297,179.7692499419264,176.70331359993784,178.598445179605,9178300
2019-10-08,176.36595153808594,178.96554609149192,176.33618634396117,176.87197497818335,9466900
2019-10-09,178.44961547851562,179.3128364340987,176.55448393834877,177.76498569720047,7556900
2019-10-10,178.6282196044922,180.19591896552552,177.7749152722836,178.91597003720196,8605000
2019-10-11,182.75582885742188,185.03792320851088,180.72178791101695,180.73170459681214,14930500
2019-10-14,181.8529052734375,183.18246784831845,181.1484421040507,182.76573995798162,7006000
2019-10-15,187.4192352294922,188.8976390143347,182.22996209340153,182.36887139842187,15039100
2019-10-16,188.07411193847656,188.2229379391271,185.4447365204725,186.85369331320297,10516900
2019-10-17,188.90757751464844,189.35407067948867,187.30019606523135,188.81828190967647,9603000
2019-10-18,184.4029083251953,189.99899256650664,182.48792815550277,188.74879370899365,16874200
2019-10-21,188.28245544433594,188.43129657477238,185.29589782931336,185.58363312419127,8122600
2019-10-22,180.92025756835938,189.1655516831361,180.08680162418992,188.52061878014374,19537600
2019-10-23,184.7005615234375,184.92878155956058,180.58288100701617,180.59279769294298,12300400
2019-10-24,184.92877197265625,185.27603764183385,181.37664553777893,183.18246638144458,11413500
2019-10-25,186.42701721191406,187.52837494017774,183.64881603665648,184.38305956882508,8061200
2019-10-28,187.9252471923828,188.05423980339688,183.63889237228332,185.74238033048172,13657900
2019-10-29,187.83596801757812,191.03089725591036,187.00251216583382,190.19744140416606,13574900
2019-10-30,186.7842254638672,188.96709253425385,184.53189616861468,188.0840229636892,28734600
2019-10-31,190.15771484375,196.54757232794816,186.78419493543538,195.1683961422577,42286500
2019-11-01,192.11241149902344,192.59860166178294,188.4313071552058,191.34841785180365,21711800
2019-11-04,193.20382690429688,195.83318679986047,192.30090892507408,193.03515241476802,16371300
2019-11-05,192.8069610595703,194.22581929219072,192.0925660302858,193.84877326562983,9942000
2019-11-06,190.05850219726562,192.85653644223987,189.86006252187357,192.51918748007574,10973000
2019-11-07,188.93731689453125,191.93380628501296,187.99471697758543,190.41572064804228,13473000
2019-11-08,189.3540496826172,190.84237016036985,188.22292672512432,188.52059384867061,10760800
2019-11-11,188.1336212158203,188.59996281880592,187.07194539711494,188.45112169488698,8631200
2019-11-12,192.95578002929688,193.54118241978134,188.26261393985592,188.52058402549875,17615500
2019-11-13,191.68576049804688,194.17621134854932,191.23926737647986,193.18399768285414,10860700
2019-11-14,191.6460418701172,192.51919464229783,189.95928185656783,191.42775367707202,9040500
2019-11-15,193.5808868408203,193.7793265404359,191.8742781721648,192.74741587846907,11524300
2019-11-18,195.8629608154297,197.083394458118,191.54684069024395,193.04507779292095,16167200
2019-11-19,197.76800537109375,198.44270329510826,195.32715345897415,195.86294209628116,19056800
2019-11-20,195.97210693359375,198.03591308312716,193.90830078406032,197.0337827757966,12355400
2019-11-21,196.38882446289062,197.5397958366302,195.32716381675212,195.8828009930464,12131000
2019-11-22,197.27191162109375,197.7481699012133,196.08124321082823,196.8353352226601,9959800
2019-11-25,198.23435974121094,199.4051797284967,197.69857102837094,197.96647295478036,15272300
2019-11-26,197.42076110839844,198.5915660072569,196.49799449457072,198.4427400082425,11735500
2019-11-27,200.42715454101562,201.55827748084596,197.8672415424567,198.3434998487067,12736600
2019-11-29,200.0699462890625,202.2131312621358,199.64330171552228,200.03026440732904,7985200
2019-12-02,198.1450653076172,200.60575095060796,196.5079188210261,200.55615237948257,11503400
2019-12-03,197.27191162109375,197.3810405807244,193.56102737438547,196.06140983997417,11595300
2019-12-04,197.16278076171875,198.47249490499425,196.50791612009164,198.44272970673654,8456300
2019-12-05,197.80772399902344,199.722689174396,196.6666842990841,198.3038308494283,9740400
2019-12-06,199.48455810546875,200.00051344458964,198.502261137908,198.938837567935,12270600
2019-12-09,199.7722625732422,201.55824990228203,198.6510716127705,199.08763283544553,11954800
2019-12-10,199.3059539794922,200.47677397660377,198.59155892972421,200.0898112529777,9475700
2019-12-11,200.6851348876953,201.05226424708127,198.72055602657602,198.72055602657602,8036800
2019-12-12,195.21804809570312,202.07424848833924,192.58868781139714,200.77445094628683,23734800
2019-12-13,192.5985870361328,195.26764410536947,191.66590380777728,194.8707495720382,18798000
2019-12-16,196.3789520263672,197.56960554956237,193.29316652559697,193.74959153181194,14911500
2019-12-17,196.84524536132812,197.45049623175822,194.60284819119846,197.29173843033917,10175700
2019-12-18,200.9232635498047,202.70925114268758,198.53202502655532,198.53202502655532,23274400
2019-12-19,204.45555114746094,204.69368788416222,200.93318950948256,201.20109144577407,16514600
2019-12-20,204.69366455078125,206.09268933196256,201.84600128143063,205.8644693078134,27306900
2019-12-23,204.5746307373047,206.96586959056657,204.0785238452577,205.09058614422818,13348900
2019-12-24,203.52284240722656,205.17983725048617,203.40378162375183,204.6936622913126,6046300
2019-12-26,206.17205810546875,206.20183844236743,203.71137260683932,203.96935783345515,9350700
2019-12-27,206.47967529296875,207.30319933387474,204.98142292895696,207.04522922443257,10284200
2019-12-30,202.81838989257812,206.28120574011763,202.31235125630602,206.24152385687,10524300
2019-12-31,203.65185546875,203.95943928360214,202.01470897164327,202.41158838306944,8953500
2020-01-02,208.14657592773438,208.15649261372965,204.66391150608143,205.1401698134919,12077100
2020-01-03,207.0452117919922,208.76173709486574,205.33860317480784,205.59658840250805,11188400
2020-01-06,210.94461059570312,211.12320177073943,204.9119502859545,205.0905414609908,17058900
2020-01-07,211.40101623535156,212.9091850683675,210.10121890912478,211.16289467328085,14912400
2020-01-08,213.54420471191406,214.55626678760405,210.9545267011627,211.34148938598864,13475000
2020-01-09,216.6002197265625,216.67959862689565,214.5959441280876,215.84612774338615,12642800
2020-01-10,216.36207580566406,218.16791166303477,215.72705976416617,217.4931986027064,12119400
2020-01-13,220.18211364746094,220.241644038371,217.50314007666663,217.8901027575594,14463400
2020-01-14,217.3543243408203,220.64848099563872,216.92767972949216,219.8844722297958,13288900
2020-01-15,219.4280548095703,219.95392686203348,218.425924417891,218.8922660704496,10036500
2020-01-16,220.043212890625,220.89651718671533,218.6739532866718,220.83698679349612,10015300
2020-01-17,220.41033935546875,220.55916534680847,218.81287477518103,220.30119524849337,15905900
2020-01-21,219.71578979492188,220.63854120844226,217.41384689413272,220.4301848234441,14275800
2020-01-22,219.59674072265625,221.0155990294826,219.55704369674288,220.57902258431162,12212800
2020-01-23,218.04885864257812,219.7653990977893,217.56268366067917,219.03115557209316,11195000
2020-01-24,216.24302673339844,220.05312318860922,214.4272740930298,219.0807581343057,11905800
2020-01-27,213.1969451904297,214.3776818732718,210.84540365097445,211.44073790551,13810700
2020-01-28,216.0941925048828,217.03680753347362,211.85745134891118,214.45704612676462,13413800
2020-01-29,221.49183654785156,222.454284946092,216.74905677548094,219.71578087459076,33181300
2020-01-30,207.89854431152344,209.78374436679547,203.15576383227844,204.92190308321167,48775500
2020-01-31,200.3378448486328,207.06505161840613,199.4944572611041,206.80706640152664,31359900
2020-02-03,202.60011291503906,203.54271287919764,200.92326938028347,201.85595265807504,15495600
2020-02-04,208.19618225097656,208.96019096490863,203.60222842171876,205.0111699219711,19628900
2020-02-05,208.4739990234375,211.07359379720026,207.08490604661267,210.85530559513091,12538200
2020-02-06,209.208251953125,209.54560095697394,207.7099996678324,208.83120592530642,10567500
2020-02-07,210.6767120361328,211.16290214252007,208.295390351353,208.66251967249352,12242500
2020-02-10,211.40101623535156,212.13525971168318,209.01970977478095,209.87301403214792,11856400
2020-02-11,205.57672119140625,209.21814298521895,204.90200812646174,208.55336174503833,25030800
2020-02-12,209.11892700195312,209.57535190670174,205.78508879415304,206.23159701357275,13813700
2020-02-13,211.48040771484375,212.66114433026516,207.55123516722094,207.88859930018288,15396600
2020-02-14,212.51231384277344,213.2564740857115,210.99422815837812,212.33372265165818,10741700
2020-02-18,216.1041259765625,216.28271715809083,211.73837703502883,211.88721815961387,15609200
2020-02-19,215.79656982421875,216.62010903781749,214.4273100305269,216.2926766897616,12135100
2020-02-20,212.90919494628906,217.0665723300639,211.2918819422964,214.83409174221154,13109200
2020-02-21,208.54344177246094,212.57184160157027,207.2039625311857,211.8177495955409,14092300
2020-02-24,199.1571044921875,202.06428291956448,196.62695691772672,200.2286969404289,23080100
2020-02-25,195.23788452148438,201.91547815950642,194.4242620597452,200.6752110946446,21433500
2020-02-26,195.66452026367188,199.6433065171503,193.96784347416536,195.65460357799446,16524500
2020-02-27,188.27252197265625,194.3547959067369,188.02446858402297,190.3264112977289,21682600
2020-02-28,190.9713592529297,191.23926117317146,180.4042901120362,181.27742781433986,32568900
2020-03-02,194.91046142578125,195.03945405142605,187.37956308505497,192.51922277794182,24949000
2020-03-03,184.44259643554688,195.7042275193345,182.53754802737797,194.692165348127,27984100
2020-03-04,190.2668914794922,190.33635370488574,184.93870881639302,187.6970616595599,23062500
2020-03-05,183.7281951904297,187.5184585064804,182.4581629611719,185.32565973285247,19333400
2020-03-06,179.6799774169922,182.34903472384462,174.88758337271472,176.94147302311066,24559600
2020-03-09,168.18023681640625,173.63741264230734,163.9037978188698,168.27946425105134,29949000
2020-03-10,176.80255126953125,176.90176354973235,168.18021229917125,173.309955010909,24517800
2020-03-11,168.91445922851562,174.51054367524623,166.35454616437582,172.6550938325682,20373900
2020-03-12,153.2672576904297,165.30281520624732,153.13826505938434,158.2977734814563,43266300
2020-03-13,168.95413208007812,169.4601555701285,156.3728707888146,162.25669022128017,35028600
2020-03-16,144.8731231689453,157.89097777264303,141.98579268312238,151.1340046050276,39120400
2020-03-17,148.25657653808594,152.74138692213435,138.90992484060837,149.56630595377365,34255600
2020-03-18,145.8157196044922,147.0262062866971,136.03249274945776,138.66185277470413,37553100
2020-03-19,151.93768310546875,158.68472390390542,143.67254147340694,145.47836246781847,39862300
2020-03-20,148.5641326904297,158.0298585688612,146.84760746399692,154.80516448603694,32568400
2020-03-23,146.9468536376953,151.1240647968421,141.14239749154174,148.4947045726751,29830800
2020-03-24,159.72654724121094,160.05397955862045,151.38204205017757,154.00148544947513,30440400
2020-03-25,154.9936981201172,161.72090533404412,151.86821609525333,157.68258858451526,35184300
2020-03-26,162.06814575195312,162.723010280579,155.7973644480745,157.01778278598553,26556800
2020-03-27,155.56918334960938,158.84349167154605,153.54507401130994,156.96820833607012,24879900
2020-03-30,164.65782165527344,165.45159545607137,156.82925801410545,157.94053225123696,22515200
2020-03-31,165.50125122070312,169.59908358160726,162.92148949743878,164.19152184551297,23676300
2020-04-01,158.3572998046875,162.87185966361065,156.80943383993798,160.36156041626128,19507600
2020-04-02,156.95828247070312,160.09368129332805,154.70595320647797,157.86120054164533,20886300
2020-04-03,152.97950744628906,156.68047560405546,149.65560049518731,155.92638347068657,25983300
2020-04-06,164.26095581054688,164.90588856040713,157.2757639580179,158.90299357025864,28453600
2020-04-07,167.5154266357422,172.03991830310687,164.71737697093712,170.45237046123444,31411900
2020-04-08,172.9229736328125,173.6373685890628,166.43390377684543,169.9165678335829,21664200
2020-04-09,173.82591247558594,175.70119567614313,170.23410389271467,174.53037569157397,23534300
2020-04-13,173.4290313720703,173.63740291716212,168.1306136823647,172.3177568381941,19355400
2020-04-14,176.78268432617188,179.81885533138671,175.24475031360217,177.5863748699079,21011800
2020-04-15,175.592041015625,176.80254281201508,171.47436065477507,173.82590202875645,17423000
2020-04-16,174.8776397705078,176.66362720467018,171.16675560952473,176.56439979278105,23593200
2020-04-17,177.84437561035156,178.87627111884785,175.28446264083883,177.8046785869603,20974800
2020-04-20,176.85214233398438,179.0945394271123,175.39358725598373,176.02860329987692,16110700
2020-04-21,169.47007751464844,174.01441739437823,167.02922551794623,173.88542478797388,24850500
2020-04-22,180.86070251464844,183.34123663421514,176.75293861824514,177.06052242667482,33242000
2020-04-23,183.68850708007812,185.59355535938485,181.7239132676867,182.64667978077563,21426600
2020-04-24,188.59005737304688,188.9274063834041,179.42199771642456,181.80330444127193,28792000
2020-04-27,186.0400390625,192.24137369791666,185.9507434773445,191.15986457109452,29197800
2020-04-28,181.48580932617188,187.7268267628058,181.13852847934092,187.19103803281624,21731000
2020-04-29,192.67794799804688,195.37677001343562,188.52057088095992,189.4433221975567,45954500
2020-04-30,203.11602783203125,208.05724671544453,200.0004781153442,205.30881114098608,46230100
2020-05-01,200.69505310058594,205.6660378850065,197.50012403387927,200.03027179216886,30415600
2020-05-04,203.6617431640625,204.30669104079635,197.21235523658538,198.6411451382997,19250700
2020-05-05,205.45767211914062,208.74189662802328,204.89210311454076,205.40805841242485,21071200
2020-05-06,206.84678649902344,209.95242015348194,205.05088216567125,206.4995056560085,21857000
2020-05-07,209.6150360107422,209.95240013521098,207.41232064616085,209.51582373646835,15152000
2020-05-08,210.69656372070312,211.54986802110636,209.20824332278897,210.58741961925696,12506000
2020-05-11,211.5200653076172,213.32590113323604,208.73194781287668,209.24790306876443,12911900
2020-05-12,208.46409606933594,213.60375556211332,208.36486864732183,211.62924492787246,14704600
2020-05-13,203.50303649902344,209.13880306370265,200.536312077277,207.79930850893902,20684600
2020-05-14,205.19969177246094,205.31875255942361,199.1273493977165,200.98278398111552,17178900
2020-05-15,209.2379913330078,209.69440107249156,202.5306182677572,203.6716728964201,19383200
2020-05-18,211.53004455566406,212.96875141599887,209.29756369446113,210.49813381254157,20151900
2020-05-19,215.19129943847656,218.77319129030954,211.17283116193593,211.60940758664356,31843200
2020-05-20,228.17938232421875,229.53871022771793,221.4521747518963,221.759758571814,50162900
2020-05-21,229.58831787109375,235.35307680549553,229.39979485355224,232.89239117121974,47782600
2020-05-22,233.0809326171875,234.1525252700597,226.95897567604052,229.7073968270387,33925600
2020-05-26,230.39199829101562,239.02425371037313,229.8661262864556,237.90306262101706,33178300
2020-05-27,227.35581970214844,228.764761172586,219.4081943562366,227.2863726241577,34697600
2020-05-28,223.70448303222656,229.82643907583383,222.25584452684524,222.55351163233212,29377200
2020-05-29,223.33737182617188,225.71869372327163,221.14458808915265,223.44651593570535,23241500
2020-06-01,230.104248046875,230.63012001725173,221.75972845659172,222.84123759265123,18223800
2020-06-02,230.907958984375,231.1857775917419,224.79591934234608,229.1418199204089,20919000
2020-06-03,228.36790466308594,230.83850704146684,226.75059151677158,230.30271831482378,15380300
2020-06-04,224.52801513671875,229.8264474146918,222.86110350947578,227.7725579382905,17041500
2020-06-05,228.97315979003906,229.54864555284124,223.5556663264044,224.94477459040334,16750400
2020-06-08,229.5982208251953,229.74706194907915,225.63929825351963,227.24667943961484,15466500
2020-06-09,236.81161499023438,237.9030559919151,228.61593621208456,229.71729389924317,27462900
2020-06-10,234.88673400878906,239.3318620782933,233.44802723887338,239.0838086648603,20720700
2020-06-11,222.68251037597656,231.07664482467789,221.8093726271132,228.14961747773572,26708200
2020-06-12,226.80020141601562,229.85622132173424,222.7519678450629,228.1099155813356,22091400
2020-06-15,230.68968200683594,231.94979762731478,223.04963965223982,223.33737495960366,15340300
2020-06-16,233.8151397705078,236.60327283509807,231.18577966295072,235.2935435543671,15236700
2020-06-17,233.6960906982422,235.74004849039753,229.9256756239852,233.17021865035676,19578100
2020-06-18,234.1029052734375,234.3013449875379,230.3424068323234,233.1603052764759,15782500
2020-06-19,236.93069458007812,238.95481893657268,233.71593199267232,235.93848091433975,30081300
2020-06-22,237.3573455810547,238.82581751303113,235.0653345200704,236.7024809522082,18917800
2020-06-23,240.3538360595703,243.28086325076663,237.99236276675106,239.40130430970032,24017900
2020-06-24,232.1978302001953,241.3261922642483,230.86825247388322,239.32191655919164,20834900
2020-06-25,233.84490966796875,235.45230610298375,230.92781420586104,232.79316560381045,18704300
2020-06-26,214.39752197265625,231.2750702886985,213.7228088346602,230.828577185307,76343900
2020-06-29,218.92201232910156,219.03115643280992,205.49736327286647,208.1168066218885,58514300
2020-06-30,225.3019561767578,225.7286007703649,216.76891290483175,218.8724009551295,33927100
2020-07-01,235.70037841796875,237.1390853218416,225.7881576438721,226.72084098761843,43399700
2020-07-02,231.6024932861328,238.13126049483006,230.7988027043592,237.13904690943494,30633600
2020-07-06,238.40907287597656,238.52813365832904,230.46144771442292,231.93983622855757,26206200
2020-07-07,238.9845733642578,245.72169718938696,236.96046423896934,237.5458666417758,27887800
2020-07-08,241.6833953857422,245.0668474636678,234.74781673128183,236.25598567293406,29791300
2020-07-09,242.59620666503906,244.61039890795146,237.3771689781788,243.09231342713525,22174900
2020-07-10,243.1617889404297,243.57851682658566,237.45656086428355,241.79252935736176,22982700
2020-07-13,237.13905334472656,248.2022290661148,236.563567632783,245.08667892902588,24674900
2020-07-14,237.8633575439453,238.45869174856148,230.22331599791937,234.9164819970531,23378100
2020-07-15,238.40907287597656,242.9137309146926,236.19644087738766,239.6691883357908,19133600
2020-07-16,239.05401611328125,239.87755522060198,234.48984262328327,236.146837523563,18880700
2020-07-17,240.14547729492188,242.25889729163046,236.00794803966005,239.1234984091847,18152400
2020-07-20,243.50906372070312,244.13416314331633,233.80521577145498,238.19079813555464,20872200
2020-07-21,239.8676300048828,244.9874556480956,238.21063516352848,244.30282586394793,19364200
2020-07-22,238.00228881835938,240.01648136267946,236.26591489118834,238.3892515451012,15427900
2020-07-23,230.7888946533203,240.5324245536432,229.94550701818997,237.76415520841277,21771800
2020-07-24,228.9136199951172,231.6719727567298,225.13327323566094,228.39766465309515,18325800
2020-07-27,231.68186950683594,233.12057616100276,229.03266108130668,229.65776047765974,13163100
2020-07-28,228.32818603515625,233.1305113076569,228.04045075621468,232.8030790068061,14170100
2020-07-29,231.4735107421875,231.88032196348667,228.5167183683108,229.3402574968024,13588300
2020-07-30,232.6741180419922,233.0610807883605,227.21694256552757,228.42744451877812,20615300
2020-07-31,251.69483947753906,253.85787314770926,247.06120346233217,253.82810794885188,53005100
2020-08-03,249.99813842773438,253.41134040008626,248.38082545951394,250.68275307528512,23124900
2020-08-04,247.88473510742188,250.83161082477696,245.50341329118677,249.60126046272325,17183500
2020-08-05,247.18023681640625,250.305718609259,245.84075759659282,248.24191259105157,13050100
2020-08-06,263.2143859863281,264.52411502334746,246.73371977702394,247.10083391316908,45241600
2020-08-07,266.3498229980469,276.71846729977585,261.3788231390226,262.0237559273697,72766400
2020-08-10,260.9521789550781,271.7276042056883,257.6679543343518,265.95294401876475,30248800
2020-08-11,254.1356658935547,263.8494451979577,253.1434523260352,258.1640505552873,28238300
2020-08-12,257.8664245605469,261.84518077653547,256.10025516377686,256.9535746633376,21415700
2020-08-13,259.2654113769531,263.09537176343133,257.5489011631833,259.51346478633786,17374000
2020-08-14,259.20587158203125,260.60489639382604,256.66580718443333,260.2675474028903,14792700
2020-08-17,259.1264953613281,262.04360563209156,257.3801898169379,260.45605788991446,13351100
2020-08-18,260.29736328125,263.08548162210195,257.24135811660176,258.918201852127,18690400
2020-08-19,260.5454406738281,265.8240258141888,259.3151051448586,259.3548021786861,23291500
2020-08-20,266.9153747558594,267.5305423074129,259.4241443420581,259.4638413621451,20299700
2020-08-21,264.9309387207031,268.3838223527622,264.3455363840029,266.59785014859045,15538600
2020-08-24,269.2768859863281,275.0912436348155,266.67726070148495,268.95937034055146,23685600
2020-08-25,278.6334533691406,280.8857675258708,268.1556793125237,270.28893267224026,42127200
2020-08-26,301.5436096191406,302.2977015717279,281.7886351218951,281.7886351218951,69015200
2020-08-27,290.9368896484375,298.8845307287282,289.7462211483339,297.82285484879753,30301300
2020-08-28,291.3734436035156,294.9156533521209,288.7143184756924,292.70300616742725,17157400
2020-08-31,290.91705322265625,294.5683921740452,289.279876482208,291.66121345742096,17345100
2020-09-01,293.1396179199219,299.1424986923142,290.4308636184182,292.4152910182119,17295900
2020-09-02,300.1446228027344,301.2360638507357,290.76819189575707,296.5528143101857,24341400
2020-09-03,288.8531494140625,295.2827029075803,281.4214810142025,293.68522364745365,32294100
2020-09-04,280.5285949707031,286.74976407245856,269.02884162990455,285.0133900685596,30333700
2020-09-08,269.04864501953125,277.125248026283,267.32220303478647,269.1677058074507,24864000
2020-09-09,271.5887451171875,276.3116921916663,269.2372034068986,273.622771164663,22918800
2020-09-10,266.0025939941406,276.98640802674254,264.950849788594,273.36483371292917,24814700
2020-09-11,264.5340576171875,269.27686777024303,260.5949986305776,267.9572067042382,18913900
2020-09-14,264.07763671875,274.4859777025332,263.63115877833076,268.8402800429086,24093800
2020-09-15,270.298828125,272.3824523522655,267.2030964194408,268.56245441564243,18478500
2020-09-16,261.4681091308594,270.3186675006481,259.7515990335024,265.20877366986406,29183400
2020-09-17,252.83587646484375,259.4638560363653,248.24192265848913,256.2689270376447,31281400
2020-09-18,250.56370544433594,257.1817836445312,248.10301989417528,256.3879945767653,28130800
2020-09-21,246.21780395507812,248.00379150058308,242.22911610009183,245.61255304076752,24709400
2020-09-22,252.7664337158203,253.33200277778175,246.28727962902335,251.33764360136956,30293100
2020-09-23,247.0810546875,255.9811974630854,246.21781849122172,253.27245835747246,19641300
2020-09-24,247.5870819091797,250.2759876821249,243.70752273115838,244.58067562687125,20006800
2020-09-25,252.83587646484375,253.7586278443611,244.68979615867002,247.45806543720002,18351300
2020-09-28,254.82032775878906,257.5786806125648,252.83590037391562,257.3802257620939,18826300
2020-09-29,259.7516174316406,261.2796046364811,254.89967819508988,255.80259624156326,20200200
2020-09-30,259.8607482910156,264.00819407144127,258.07477583703985,259.94014233961224,20142500
2020-10-01,264.5539245605469,266.2406695606963,262.7381566639674,263.28389232751096,20009800
2020-10-02,257.916015625,263.0854402034157,257.16192357012176,259.1761160451637,16367600
2020-10-05,262.5893249511719,262.80761315583914,258.80899353212766,260.1584197827861,12822300
2020-10-06,256.6459655761719,263.6212257600727,256.22922255371117,259.741667068891,18696900
2020-10-07,256.11016845703125,258.1541260416151,252.83587570346262,257.191677642664,23133400
2020-10-08,261.7062683105469,262.5595574704887,257.1321478779716,257.7274820927912,16312800
2020-10-09,262.3909606933594,262.6886127317784,260.1287143614854,262.460392649015,14107800
2020-10-12,273.6029052734375,277.99840433575406,265.7842571156628,268.09613180330746,31019300
2020-10-13,273.9898986816406,276.92684268053154,271.2613110760602,275.41865851572834,18063300
2020-10-14,269.7035217285156,276.5795550588425,269.3860060931865,275.45834878905737,15577800
2020-10-15,264.6431884765625,266.94513108589155,261.616949384437,265.5163412097531,15416100
2020-10-16,263.859375,269.25701980773687,263.23427554072794,265.2980969389582,16622700
2020-10-19,259.3646545410156,266.4589764240774,257.8565006211909,263.462501957598,13587000
2020-10-20,265.4766540527344,267.60000557641126,260.83310192276537,261.01169309392856,18763200
2020-10-21,276.5596923828125,280.8460318857518,274.21805267032346,277.3832163022332,28998600
2020-10-22,275.9544372558594,280.25073903320055,272.8984327390067,277.6908110286055,16720000
2020-10-23,282.57257080078125,283.0190488336719,274.6646257653282,276.6291896699702,17535200
2020-10-26,274.9522705078125,283.0090696232539,272.12448623561744,280.955180395698,21322900
2020-10-27,281.0841979980469,282.29469979597246,274.15853619942936,276.5894716208232,16287200
2020-10-28,265.5858459472656,276.61925709522393,265.17903470962136,276.61925709522393,23121800
2020-10-29,278.6433410644531,281.39179220538097,271.6482470679973,274.3966679289681,32368100
2020-10-30,261.06134033203125,274.54555158800633,257.0825838595243,272.362669266961,47247800
2020-11-02,259.324951171875,268.3640334830486,255.33626310518545,262.5397440643903,27165700
2020-11-03,263.2342834472656,267.9472985392612,258.84871583422796,261.1109618671874,17961900
2020-11-04,285.1423645019531,286.69021537855144,276.4505632103181,278.81203654973183,35364400
2020-11-05,292.3854675292969,295.0644560969266,286.7001035414794,289.6271152046791,23823600
2020-11-06,291.12542724609375,292.30616397917817,285.8170778605396,291.66123112597086,13891000
2020-11-09,276.5993957519531,290.3018642047378,276.3612741591326,287.61297361927814,25117700
2020-11-10,270.3086853027344,271.8664675849161,261.94433373145205,270.97348159409427,29067700
2020-11-11,274.32720947265625,276.2322425059644,270.3583553266512,271.3406370382021,14957000
2020-11-12,272.9381408691406,277.57179233423875,272.29320799745705,275.02179576839234,12899500
2020-11-13,274.7935791015625,275.5972697257865,270.97355054002895,275.55757270188633,10391200
2020-11-16,276.7879333496094,277.234441639621,272.49166122643663,272.9083740358182,12970400
2020-11-17,272.8587646484375,275.5178900694576,271.1620877175575,275.5178900694576,15040300
2020-11-18,269.852294921875,275.230105178215,269.72330232776335,272.3824271234665,12152900
2020-11-19,270.8147888183594,271.34066082761194,267.09398773026356,268.9097253380734,12963700
2020-11-20,267.60003662109375,270.8743295920919,267.3122861808678,270.4377531586311,18114700
2020-11-23,266.3398742675781,268.84027177686704,262.4702475031481,268.7807413866415,20990800
2020-11-24,274.7638244628906,275.65681071523977,265.78427252771075,266.39944016199667,16930400
2020-11-25,273.44415283203125,277.99840979634354,270.5270423142432,275.97431577662064,12467000
2020-11-27,275.6468811035156,276.95661043346155,272.6801718782236,275.23016831305193,7808400
2020-11-30,274.81341552734375,275.5377423917736,268.89983065871155,273.880732275048,16693300
2020-12-01,284.3188171386719,287.04740475144206,276.7879189610211,276.9863738084787,20738900
2020-12-02,285.2812805175781,289.50812069353924,278.6433682468617,283.1380952289201,17361600
2020-12-03,279.6553649902344,284.4179774050744,278.88143971582406,284.0210980838296,12921700
2020-12-04,277.5221252441406,281.25282737589265,277.1252156242083,278.11742911413376,10880300
2020-12-07,283.3563537597656,286.2436990426754,276.0338426409965,277.01612444035254,13007700
2020-12-08,281.1933288574219,284.1997348614235,279.3577276370347,283.7830221052009,10747700
2020-12-09,275.75604248046875,285.3904289470905,269.6340706803854,281.45133938041425,25189700
2020-12-10,274.9622497558594,276.55972952390835,269.743196117083,273.3945654669271,20065100
2020-12-11,271.4200439453125,274.3272530821825,268.14575086632885,272.3924242664456,14391400
2020-12-14,272.0550231933594,275.061428900488,269.44549683199944,271.241400852564,16376900
2020-12-15,273.4044494628906,273.93032146756855,265.38737677799685,272.69005444899267,23979500
2020-12-16,273.5235290527344,275.69644892052736,270.3881305277646,272.62061106750957,15885000
2020-12-17,272.3428039550781,278.2563886222878,271.4795526748358,274.91263358441915,16377800
2020-12-18,274.24786376953125,275.83541176373166,269.02884023804313,273.62276428656816,26693200
2020-12-21,270.66595458984375,272.53132099000726,265.7048866234326,270.85447759496384,16553700
2020-12-22,265.0103759765625,269.38604239828476,262.56953854592865,269.38604239828476,17312900
2020-12-23,266.0223388671875,270.05075341233567,264.1570029790287,264.8118675027241,14329000
2020-12-24,265.3179016113281,268.29454231066234,264.1272634995675,266.78638859045014,6702000
2020-12-28,274.8431701660156,275.1408221372453,263.59147145418575,266.6474760519845,23299700
2020-12-29,274.62493896484375,278.3259074017841,274.1288320565122,274.7936286368601,16383000
2020-12-30,269.7531433105469,275.9147821269852,269.5943854793394,275.7858197765918,11803800
2020-12-31,271.0330810546875,274.9324733857731,267.70915931059875,269.88210960073656,12900400
2021-01-04,266.8459167480469,272.85872848796714,263.13504773019605,272.6404402939786,15106100
2021-01-05,268.8601379394531,270.27899621280795,266.1216185352488,266.2010125852026,9871600
2021-01-06,261.2597961425781,265.66522754841077,257.98550292903553,259.9599985721144,24354100
2021-01-07,266.64752197265625,269.49517068100164,262.7183638759823,263.82963846655986,15789800
2021-01-08,265.4866027832031,266.8558624092201,261.1307705027565,266.2208311647082,18528300
2021-01-11,254.8401641845703,261.4185458890213,253.9074808801105,258.4518366026843,30412300
2021-01-12,249.1349334716797,257.6977425190241,248.35109131287493,254.63180582980544,26383500
2021-01-13,249.6806182861328,251.97262917497432,247.25961479039424,249.591322699809,19528900
2021-01-14,243.7273712158203,253.04425719792317,242.70539232208438,251.42694403172888,29739400
2021-01-15,249.40281677246094,251.88335082886272,245.2355225857016,245.96975097681036,24942900
2021-01-19,259.0669250488281,260.1583658458833,250.7521719039213,254.89961665278102,28028500
2021-01-20,265.3973083496094,268.2151913795209,261.547514682843,266.835999921806,25199900
2021-01-21,270.74530029296875,271.46962706852975,265.4071866724179,267.16342399454226,20838700
2021-01-22,272.3626403808594,276.301729687912,269.8821063154599,269.8920381413077,21954000
2021-01-25,275.8453674316406,277.9190906340615,269.3959777502502,275.97436007006235,19087000
2021-01-26,279.8538513183594,283.16787159655127,275.6468750801152,275.97432254542565,19373600
2021-01-27,270.02105712890625,281.2429919143587,266.0323385830163,280.33014196595786,35346200
2021-01-28,262.9366149902344,284.55695871630996,262.6389630097755,275.02176987618066,37758800
2021-01-29,256.3185119628906,264.48444034559407,252.8656282026834,263.23424158830284,30389500
2021-02-01,259.96990966796875,262.1130947982749,252.92518665519498,257.49927707444425,22914300
2021-02-02,265.0003967285156,266.75663419137607,261.22006530975233,261.9443921433572,17320800
2021-02-03,264.57379150390625,267.1039547451163,261.7856732769751,263.55181254826914,14223400
2021-02-04,264.4150390625,266.07204938900765,261.94443645371734,264.93100960438716,16060000
2021-02-05,266.01251220703125,267.07418818582795,263.60144006375174,264.72261616514083,12454400
2021-02-08,264.50433349609375,267.7587934506513,262.9366490626016,266.65745070027987,13755200
2021-02-09,267.3520202636719,271.2613450542917,263.6808170952341,264.3654470389696,14613400
2021-02-10,269.7531433105469,271.6681085520547,265.63546236597006,270.32864423366914,14687200
2021-02-11,268.28460693359375,271.4497399538577,266.39937717111985,269.77292709557764,12828600
2021-02-12,268.393798828125,269.06849685928296,266.2506136586012,268.41363220082087,9097600
2021-02-16,271.8367614746094,274.4462880900078,267.9472708355453,268.6914310362883,15417200
2021-02-17,271.4399108886719,271.8367903151839,267.4809576103231,269.12803599630945,12763200
2021-02-18,267.29241943359375,269.8324836675024,263.9585662016173,267.4710106031762,15249100
2021-02-19,259.5233459472656,268.16551656468806,258.12432135786315,267.7587054191213,25622600
2021-02-22,258.3029479980469,261.0216337980358,255.52476208560068,255.94150511244536,17434900
2021-02-23,263.7899169921875,265.3774649515965,252.97480897112868,257.4794524604842,21924600
2021-02-24,262.2519836425781,264.3058731357695,256.37809587571655,260.2873897430093,15736100
2021-02-25,252.70689392089844,264.8615109881435,252.06194597211868,260.25762517278304,19053100
2021-02-26,255.61402893066406,263.48227446931116,254.47298949778803,254.47298949778803,26619500
2021-03-01,262.8473205566406,264.5737626108393,255.89189320962132,258.7891703786948,22157300
2021-03-02,256.9832763671875,264.6332333744809,256.63599561340385,263.71048215896064,15191700
2021-03-03,253.42127990722656,258.95781848728717,253.1136961127763,258.26328713334885,15513500
2021-03-04,255.63392639160156,264.4149925260299,251.5261475539743,254.47302315663333,31626500
2021-03-05,262.22216796875,263.38307102229237,253.61967921951808,258.6402919675598,26820100
2021-03-08,253.32205200195312,263.5120747815499,253.06408191613306,263.4823095847237,18391800
2021-03-09,263.6708068847656,266.43909103953706,257.786988072757,259.14631572855484,22039700
2021-03-10,262.8373718261719,266.8756883722604,260.82317946583066,266.5482712133679,14210300
2021-03-11,271.7474670410156,275.7361548331948,265.7346550158106,266.0223751597544,21834000
2021-03-12,266.3101501464844,267.6397128665082,261.96424931001116,267.0444088724371,20600200
2021-03-15,271.6184997558594,273.8112835494725,266.4093778427333,266.9848484642395,16844800
2021-03-16,277.1054382324219,279.9431851324288,272.6603099988258,273.93034231128775,22437700
2021-03-17,281.798583984375,284.0012993075215,273.26554127849425,273.5631932356945,21315000
2021-03-18,276.4505615234375,282.9694124523862,276.11321251700224,277.69082858237186,18728300
2021-03-19,287.85107421875,290.520131236803,279.0104776505019,279.0303110218043,38930500
2021-03-22,291.25439453125,297.37633561067435,284.51725557218174,288.18845807864415,28273100
2021-03-23,288.3670349121094,295.67964408375025,287.5534125169044,290.86740220961764,23000900
2021-03-24,279.9432067871094,289.44860135285086,278.9708263945545,288.7342062293324,18675000
2021-03-25,276.56964111328125,285.8170802003852,275.5873592254311,278.7922204243197,24505600
2021-03-26,280.81622314453125,282.2847098646441,275.6071028394719,276.13297472573703,17629200
2021-03-29,288.5555419921875,290.8971513555851,282.4832001190205,283.5448455683828,21718800
2021-03-30,285.75750732421875,290.19270318034495,284.46764179897343,287.57324482882785,17474500
2021-03-31,292.2366943359375,294.1913564992557,286.3627760195834,287.732035744542,19498200
2021-04-01,296.3345031738281,300.04537216997386,294.29054567841536,296.07651796063567,17616000
2021-04-05,306.5047607421875,308.3502638285434,298.33883047652586,298.54721717076194,28237000
2021-04-06,303.8753662109375,308.9257301235245,302.8732207214209,306.4352641390623,17335200
2021-04-07,310.6521911621094,311.8031627153539,303.12129263179196,303.95474852621874,22855200
2021-04-08,310.58270263671875,313.4204493921913,307.63582691524516,312.39847055437156,20894100
2021-04-09,310.0270690917969,312.28931500618273,307.9136491691553,308.97532504352716,15988600
2021-04-12,309.1142272949219,309.7194630445456,305.53232052434765,308.6280220501896,10881900
2021-04-13,307.34808349609375,311.98170388654387,306.9115071052222,309.7789885616756,14036900
2021-04-14,300.46209716796875,305.63152098726067,299.59887627399337,304.90719423670697,17421400
2021-04-15,305.42315673828125,307.72509924935554,301.7321214291283,303.9546699060541,14558300
2021-04-16,303.7959289550781,306.5443797906979,302.2381464580605,305.7704544545926,13059200
2021-04-19,299.88665771484375,305.30416629522637,298.2197459731686,302.6351090312537,14553500
2021-04-20,300.29351806640625,302.72445413048126,294.8958722565125,299.6386532865334,16796400
2021-04-21,299.1226501464844,299.6286887973505,295.074431779428,299.5989235990618,14863500
2021-04-22,294.2111511230469,300.56134207084875,293.7349079979299,298.98369587903517,16375400
2021-04-23,298.7852783203125,300.23390165965907,294.8362573958426,296.433736995222,17536800
2021-04-26,300.6803894042969,303.41887809110506,299.21190251430323,300.9780413441826,16172600
2021-04-27,301.2063293457031,302.9625367473814,298.76546176782614,301.9107926157603,15309300
2021-04-28,304.7087707519531,308.4990335747868,302.9922305026712,304.9667256706081,33907200
2021-04-29,326.9443359375,329.2264152654433,319.1058237242205,327.5495717415354,56526800
2021-04-30,322.5487976074219,327.25191086363225,321.97332701790543,323.6005719261197,26332400
2021-05-03,320.06829833984375,325.991815642022,319.33406985399984,323.6303723508017,18719500
2021-05-04,315.8811340332031,319.681329401256,310.68194401650095,317.52821238291256,24032600
2021-05-05,312.567138671875,318.56011770266906,312.04126663923637,315.712469321402,15577600
2021-05-06,317.5281677246094,317.7464559156763,310.83072629681925,312.07099322789145,19012200
2021-05-07,316.59552001953125,320.4254804771027,316.2681028362469,319.86984325216355,15916700
2021-05-10,303.58758544921875,312.1305297025952,302.4564474516533,311.9023399620006,24239200
2021-05-11,304.1432189941406,304.4508027729763,297.35648192958325,298.4082258726899,18920100
2021-05-12,300.1942138671875,302.5854522871309,295.86817708684436,298.78528750586537,24645500
2021-05-13,302.88311767578125,306.4550622284353,300.41248534825166,303.6967097732454,18079200
2021-05-14,313.4799499511719,314.3828679110663,306.673349284258,307.12978931670204,19245700
2021-05-17,313.0036926269531,313.2219808293489,309.1538990283127,311.10856102432524,15401300
2021-05-18,307.5465087890625,314.0355939964766,307.3976828099841,313.1326760167942,14522400
2021-05-19,311.14825439453125,312.2099301973566,301.2062851765557,301.8214527542808,19106200
2021-05-20,316.1291198730469,316.76415102969173,310.72157461701875,311.1382873186088,17320200
2021-05-21,313.76776123046875,317.43893389264736,313.3510181373768,316.8039328459837,13600900
2021-05-24,322.102294921875,323.41202409677993,315.5536793273055,315.7322705020775,16445400
2021-05-25,325.2377014160156,326.6168625616901,322.27096218906894,324.53320796495933,16437000
2021-05-26,325.10870361328125,327.2617901142244,323.2830342689029,325.79333340241755,9686900
2021-05-27,330.1590881347656,331.18106697098676,324.215738131107,325.44607335297707,20477700
2021-05-28,326.17041015625,330.2781589983809,325.773500464872,328.4227242830254,12037400
2021-06-01,326.5672912597656,328.839469050858,324.0966889019142,327.57933830612393,11765900
2021-06-02,326.587158203125,329.28598088412383,324.5729654497298,327.8075920479753,11654300
2021-06-03,323.5013122558594,324.8308747707798,320.961248006466,323.24332704492036,12610800
2021-06-04,327.7777404785156,329.87129645914183,322.6479832868195,323.3623782282559,13289400
2021-06-07,333.959228515625,335.060601318784,326.36880079638615,326.9145364253234,20136700
2021-06-08,331.08184814453125,335.66587042753156,329.65305804593925,334.0783527890586,14580500
2021-06-09,327.6785888671875,334.17757677664184,327.4305354312547,333.12583263068376,13727900
2021-06-10,329.8713073730469,331.33979432346086,325.9917487704963,328.2143277062519,13240200
2021-06-11,328.6806640625,330.2384162938498,326.3687895778356,329.99036291102897,13587900
2021-06-14,334.1477966308594,334.19742548380253,327.24199776174,329.31572075979597,12250800
2021-06-15,334.12786865234375,337.2731985119078,332.42126036146635,334.36599018318,15795200
2021-06-16,328.5020751953125,334.9216985906193,326.16046556361823,334.0783412293465,17232200
2021-06-17,333.88983154296875,335.348386848026,327.5793368606947,327.9166858746589,17794100
2021-06-18,327.0931396484375,333.5325962354284,326.43827503756376,331.92521504508204,23039500
2021-06-21,329.70269775390625,330.32779722761893,325.09881166685085,328.512029205886,11337500
2021-06-22,336.39019775390625,337.2732824504515,330.01027115286735,330.0995667491543,15345300
2021-06-23,337.93804931640625,340.7460309516775,335.5666743971073,336.7077140585252,14817800
2021-06-24,340.50787353515625,342.214482226336,339.1287123056329,339.18824270230544,12329100
2021-06-25,338.7119445800781,341.4405319220191,337.0351012093616,339.9224463575193,14594400
2021-06-28,352.870849609375,355.35138354168714,339.1088219177448,339.7934517054594,29156100
2021-06-29,349.15008544921875,353.9622975602913,346.3321719592447,353.49595592074894,21417300
2021-06-30,345.0025634765625,350.172017850921,344.46678996348334,349.42785769169,15107500
2021-07-01,351.630615234375,351.9084338493456,343.80203488402134,344.1195505239757,17137000
2021-07-02,351.9381408691406,353.6645826710624,349.8743198305657,352.3350202134964,11521300
2021-07-06,350.0331115722656,355.9963249803974,346.46113656672946,353.7241473646603,13488500
2021-07-07,347.7609558105469,353.71423776723833,347.2747808070036,352.49383434528966,14218900
2021-07-08,342.9586181640625,345.61774329354535,339.89268183283735,343.03801220730537,14406500
2021-07-09,347.6914978027344,347.97921794083607,342.5815736156693,342.63120246289606,13018700
2021-07-12,350.41015625,351.43213503991996,346.91757530230257,348.4951912820845,10018600
2021-07-13,349.3485107421875,355.69867223428014,346.084119258612,348.7631083049435,11456000
2021-07-14,344.9231872558594,352.43425079221873,344.03020115303184,351.7992196115705,13894200
2021-07-15,341.7779235839844,346.5108023254573,337.57094717374997,346.5108023254573,14781600
2021-07-16,338.50360107421875,343.29597951923523,337.491554086067,342.2244021364838,11026100
2021-07-19,334.3263854980469,337.1442684957518,331.9351470822577,334.9415530868475,14372300
2021-07-20,338.9997253417969,340.7757962853777,331.89547184743174,336.1619785065814,11024300
2021-07-21,343.53411865234375,343.82183878893244,338.59288412390543,338.84093751886803,9279700
2021-07-22,348.4555358886719,348.80281674381297,342.522086990995,343.9806423586199,12385400
2021-07-23,366.9106750488281,372.40751658266703,354.40877765238,358.09981344980844,33694300
2021-07-26,369.55987548828125,371.5244693516764,365.35289943975135,366.7022954251453,14925200
2021-07-27,364.9460754394531,370.24449233760663,361.7114494701859,369.01415718461413,15705400
2021-07-28,370.3735046386719,374.6102459613628,364.07294199741824,371.6435368808808,29676900
2021-07-29,355.52996826171875,362.6738876890814,353.96225388818993,358.18909332168226,33413200
2021-07-30,353.5256652832031,357.9211941922931,350.1918423883139,351.2435862977697,15976200
2021-08-02,349.2095642089844,356.6015368440314,348.00896403538354,355.31167136622435,13180400
2021-08-03,348.5050964355469,351.01539564143263,344.9926820804049,349.98351529526695,12406100
2021-08-04,356.1253356933594,357.67318656110393,348.7730289315938,349.6759469844377,14180600
2021-08-05,360.14373779296875,361.0664890871515,354.12099453919336,356.83968013833373,10247200
2021-08-06,360.67962646484375,362.30684125353145,358.58603972700615,358.58603972700615,8925000
2021-08-09,358.7943420410156,362.9318860379037,357.9410528872916,360.9276254852371,7798900
2021-08-10,358.3181457519531,361.2650217132256,356.24442270957024,359.01267718837187,7469900
2021-08-11,357.1572265625,359.53853333042804,355.0239732137303,359.2805783648751,8400300
2021-08-12,359.82623291015625,360.1735137038781,354.32936144025535,355.6589542253566,7170700
2021-08-13,360.3521423339844,361.8206294212598,358.6653973147733,360.143785948073,7195700
2021-08-16,363.705810546875,364.09278838073544,354.597297072418,359.6972591712923,11222100
2021-08-17,355.6590270996094,361.83059777160577,352.30533981470364,360.1537541291529,12328700
2021-08-18,352.6824035644531,357.05803972946774,352.3847212596474,353.4761624840114,10042400
2021-08-19,352.3548889160156,354.7858243488867,348.2669737273142,348.61425454343237,12004500
2021-08-20,356.5718078613281,357.1869754679856,350.55899567761094,351.8389597404687,8697700
2021-08-23,360.5208435058594,362.842619862997,356.3039354030331,356.6412844176642,10942000
2021-08-24,362.6639709472656,365.094875886955,359.02253403016067,360.8283698916123,9235100
2021-08-25,365.5216064453125,367.9723451281747,362.5548669977145,362.75332184262254,9684500
2021-08-26,361.5428161621094,366.5634148299636,361.29476274855944,365.51167077890847,7888700
2021-08-27,369.7285461425781,370.8298886670531,361.2451019807343,362.2571791977708,11219100
2021-08-30,377.69598388671875,378.5195077453033,367.634924746219,369.6590487074942,13547300
2021-08-31,376.4260559082031,379.7797432154205,375.85055497858326,376.9916250107728,12345400
2021-09-01,379.0751953125,381.33744111851894,375.8604329249879,376.6343583249429,11567200
2021-09-02,372.3579406738281,378.77756425764454,371.14743879885947,378.5295108429375,14832900
2021-09-03,373.330322265625,374.22330850570114,370.2048250054217,371.8320699459693,7509600
2021-09-07,379.2041931152344,379.97811852578053,370.2445053593143,372.95325943620423,10793800
2021-09-08,374.6300354003906,377.9043276368477,371.87168325138975,377.1998645736005,11067200
2021-09-09,375.0567626953125,376.87250036613216,373.6379044316709,374.69958031283954,9098900
2021-09-10,375.74139404296875,380.8016897745919,375.3147494355466,378.39058756343474,11549600
2021-09-13,373.5783386230469,378.7775280081508,371.43515369148867,378.7080657914906,13026300
2021-09-14,373.59820556640625,375.64216326926356,372.1892488559139,374.46142659975425,8711600
2021-09-15,371.0085754394531,374.62021771190757,364.80723955684,374.0645804392223,17940300
2021-09-16,370.15521240234375,370.65131921468594,366.8312907036599,369.8873256244635,11934200
2021-09-17,361.8802185058594,368.51813125316664,358.7745844657038,368.51813125316664,26299000
2021-09-20,352.9303894042969,358.2188745657045,347.0763049441087,356.50233413802766,19822800
2021-09-21,354.6965637207031,357.236628365608,352.4243858735174,355.7086107920459,11751900
2021-09-22,340.5376281738281,347.1160093217714,338.0372607512432,344.52634630694666,43692900
2021-09-23,343.26617431640625,346.9473082065627,340.3292308319286,342.670840159835,21806300
2021-09-24,350.2117004394531,351.5908918646858,339.7041621492039,340.5673831281829,18801900
2021-09-27,350.8268737792969,352.38465640920737,344.3774853349106,347.0862393823371,15205800
2021-09-28,337.9975280761719,346.87785115390363,336.2810180731356,345.2605382784772,21710300
2021-09-29,336.9656982421875,342.54196497120427,336.2414015814139,340.47814340744986,14452200
2021-09-30,336.7474365234375,340.1308587382135,335.5170708926495,337.799180667847,16547100
2021-10-01,340.33917236328125,342.3335009667382,336.00320408517933,338.950049198345,14905300
2021-10-04,323.6898498535156,333.32423531875986,320.18733709756447,332.9174241139099,42885000
2021-10-05,330.367431640625,332.57014704290987,323.6203912754051,326.02153122963404,35377900
2021-10-06,331.04217529296875,331.77640370121645,323.26319366414805,327.17251785068817,26443000
2021-10-07,326.65655517578125,336.20164494595497,326.4184336067815,334.3759755970612,28307500
2021-10-08,327.4801025390625,330.80402431715976,326.1505398838151,328.928756267281,15946100
2021-10-11,322.9159240722656,327.8868935538608,322.7769996356763,325.07894242521274,14708200
2021-10-12,321.2489929199219,321.8542589738375,314.89883180646416,320.51476453054045,31658700
2021-10-13,322.0130615234375,324.4538988899083,320.1476948134663,324.4241336883645,14761500
2021-10-14,325.971923828125,327.9464191482135,324.5530656863524,325.8032341975856,14302200
2021-10-15,322.2312927246094,326.5077308425533,319.9988121641068,326.1207530110209,21596400
2021-10-18,332.7289123535156,333.2746480135661,324.94996119096635,326.38868305478695,21585000
2021-10-19,337.3427429199219,339.7935120917823,334.65385213782736,337.0053938787701,18786300
2021-10-20,338.1265869140625,341.3016828983417,336.80695600282183,340.77581084319115,13639500
2021-10-21,339.21795654296875,339.6446010811802,335.16970850239795,337.6304088854891,16354400
2021-10-22,322.08245849609375,327.06339039987455,318.60971071997267,323.80893083802226,35224500
2021-10-25,326.1307067871094,326.9939278171444,317.23054914233694,317.8060197357078,38409000
2021-10-26,313.3509826660156,327.6388528181023,307.1893445296699,325.7040544162325,65654000
2021-10-27,309.7889404296875,316.7642010297312,309.63018261546694,311.74360248983976,29971800
2021-10-28,314.4523620605469,322.98537519345757,305.7109319804182,310.5529394184158,50806800
2021-10-29,321.050537109375,323.46160870461625,317.1114482093507,317.6968505547002,37059400
2021-11-01,327.41064453125,330.8536268282647,323.46162362425594,323.50132064541936,31518900
2021-11-02,325.5254211425781,332.1831961301534,321.27874819042154,328.7997441561289,28353000
2021-11-03,329.0378723144531,329.56374431625284,320.6834506798263,324.94002526271333,20786500
2021-11-04,333.2349548339844,334.64388123663895,330.0598590951158,331.40928538211995,22495300
2021-11-05,338.47381591796875,344.0897482903848,336.99542740599173,337.6601935331412,26872800
2021-11-08,335.98333740234375,342.10530814583177,335.7055188278553,341.73819398810986,18342500
2021-11-09,332.7586669921875,338.6524181419945,331.8656808167528,337.3526207608711,17556700
2021-11-10,325.0888977050781,330.59567139945983,322.97547776703135,329.90110972631356,21872600
2021-11-11,325.1880798339844,329.8713292985275,324.4538514499528,327.2519011057933,12376600
2021-11-12,338.2357482910156,339.1981665270857,327.21223815711136,327.60911758764775,25414300
2021-11-15,344.853759765625,350.8963370151153,340.5277229617034,341.65883073118636,25076600
2021-11-16,340.28955078125,343.95082120477787,338.2158280944205,341.15277172534195,18181100
2021-11-17,338.1165771484375,344.5957299706385,337.4518110726875,341.55955914001765,13602800
2021-11-18,336.0528259277344,339.79346029139595,332.68920729614837,337.07480472247227,17487200
2021-11-19,342.6114196777344,349.3584918166651,337.2534711097348,339.5355810620054,26488500
2021-11-22,338.3547668457031,351.07492208794804,337.8586600494858,346.332142327309,27116800
2021-11-23,334.6240234375,338.74170365953904,330.9032225838584,336.29093495274225,17225000
2021-11-24,338.4043884277344,339.1187834740705,330.2186257334472,333.3837897309682,13566200
2021-11-26,330.52618408203125,335.12013781830825,329.31568229899483,333.18530921855194,14750700
2021-11-29,335.39801025390625,338.01746906917316,332.6991876624011,334.26690233273945,16650900
2021-11-30,321.9336242675781,333.1952549665662,320.9116454450948,332.3915643527665,25390000
2021-12-01,308.1815185546875,327.9265611101717,307.8739347926839,327.71820475396504,30329600
2021-12-02,307.97320556640625,312.1504165030923,304.80804163947613,308.975320750198,24396200
2021-12-03,304.4508361816406,311.30703621441194,297.1679915417255,311.287202841972,27471000
2021-12-06,315.39495849609375,317.60760590944744,303.954735944998,305.73080691553787,21758300
2021-12-07,320.2965087890625,323.9974768684321,318.5006043768112,319.06617346485757,18794000
2021-12-08,327.9861755371094,330.159126077038,320.5545042219875,322.4694694967314,19937700
2021-12-09,327.25189208984375,333.5127573929671,325.4460560967517,326.9740734970569,16879200
2021-12-10,327.1824035644531,332.42128966430977,323.82871706978085,329.9705210935841,14528000
2021-12-13,331.8855285644531,338.43414460124114,327.0236878165198,328.37311410359496,22948700
2021-12-14,331.1413879394531,333.0861485777015,325.09881018765583,325.49568960853713,20461000
2021-12-15,338.9997253417969,339.4462033242894,321.45739496395663,329.9011126857574,24681300
2021-12-16,332.29229736328125,341.7778560656633,331.14132606182676,336.340545427701,22635000
2021-12-17,331.1910095214844,334.4851358944469,328.1746714850775,330.20869739741596,40012600
2021-12-20,322.9159240722656,327.3312563674149,320.0186470744069,327.2121955817415,17901800
2021-12-21,331.5978698730469,333.3838426323063,321.22922336967014,323.8685157574381,16116800
2021-12-22,327.8770446777344,331.9054300665554,325.7040941502717,331.200936504894,16764600
2021-12-23,332.62969970703125,334.0485882622083,325.80326484001887,327.52973720926553,13987700
2021-12-27,343.4844665527344,345.1613098115616,335.37809911090415,336.21155482796183,17795000
2021-12-28,343.5242004394531,349.9636571382656,342.51215344868643,343.9310116569067,16637600
2021-12-29,340.26971435546875,346.9671557608115,338.9798488634585,344.20880332655,10747000
2021-12-30,341.67864990234375,344.5263282790015,340.54754217986994,341.3214675520747,10593300
2021-12-31,333.7310485839844,340.7658393357724,333.6516545396448,340.34909630287945,12870500
2022-01-03,335.9039611816406,338.4241616281586,334.5644669229285,335.66580935523353,14537900
2022-01-04,333.9096374511719,340.4185561639644,329.2859184989826,337.30302124422224,15998000
2022-01-05,321.64593505859375,333.1456884441966,321.3184875740911,330.42700225998425,20564500
2022-01-06,329.8713073730469,336.5290820753032,320.20715711438896,320.30638452508464,27962800
2022-01-07,329.2065734863281,334.37599809420357,326.31922814812157,330.1491582803403,14722000
2022-01-10,325.5155334472656,325.78342022706335,312.9739386071096,322.77701413394965,24942400
2022-01-11,331.7664794921875,332.0244647355846,322.7472608791002,324.235581381853,16226800
2022-01-12,330.66510009765625,333.75086972930177,327.46023940386385,332.57013317263903,14104900
2022-01-13,323.93792724609375,333.0166761967169,323.22353219830933,332.37174337245716,14797100
2022-01-14,329.3156433105469,330.1391974441028,318.7088789365741,319.28437970362916,16868500
2022-01-18,315.67279052734375,321.6856032779629,315.16678211800723,320.7727836078139,22645600
2022-01-19,317.1015319824219,324.55306560102997,316.84354676400187,317.0916001571118,20814700
2022-01-20,314.0951232910156,325.2674577074556,313.5196527472708,321.3779672147133,16925000
2022-01-21,300.8094482421875,315.83154828865156,300.6804556131822,312.3588002521819,28710700
2022-01-24,306.3062438964844,307.1198662942084,286.7596546601461,295.52088719382215,38878100
2022-01-25,297.81292724609375,303.8456033215666,295.2629308448496,297.614502679901,25108500
2022-01-26,292.33587646484375,305.1155915443927,288.5853105419286,304.61948478062106,28348800
2022-01-27,292.3458557128906,299.3607834777899,291.96880966646864,295.4316257497335,21629900
2022-01-28,299.36077880859375,299.54930182886426,290.74837139396675,293.3182011734946,21871600
2022-01-31,310.82086181640625,311.34673384669173,296.9894009293225,298.3387969768634,21579500
2022-02-01,316.5161437988281,317.1710084195929,309.6897092695964,312.110712917288,18023800
2022-02-02,320.48504638671875,325.44611521623455,314.4027711569386,325.2675240055626,58458300
2022-02-03,235.90870666503906,246.06897966279848,233.91436272380943,242.74505795410397,188119900
2022-02-04,235.24392700195312,240.72095050433083,228.3182800713967,233.14043894132064,89342200
2022-02-07,223.1587677001953,236.44450739450184,222.26576636304068,235.8491731697321,88613800
2022-02-08,218.46559143066406,224.01207717049772,214.46697168286357,219.13038789094924,94729700
2022-02-09,230.1935577392578,231.55288554145955,220.47979314969592,222.45428854589056,86563300
2022-02-10,226.29417419433594,233.1702075147075,224.93483120002207,226.49261389613994,49310400
2022-02-11,217.8404998779297,228.6258569131585,217.06657447768202,226.68112672688727,46156900
2022-02-14,216.00491333007812,219.2792214751233,213.10765122512285,217.60237794732865,38184000
2022-02-15,219.2792205810547,219.4280465752312,213.38546897199984,218.7533485483256,42685500
2022-02-16,214.8539276123047,215.76677745313566,210.70648200582244,210.75609571412514,45817500
2022-02-17,206.0926971435547,215.8064617968669,205.54697662595777,212.35356264731095,38747500
2022-02-18,204.55477905273438,209.10903628047927,203.58239873057371,207.75962504929788,37128400
2022-02-22,200.50653076171875,205.86447827017005,198.50225500397403,200.76450085331822,39852400
2022-02-23,196.90480041503906,205.3286999507496,196.50792100175778,202.57034715050102,44481400
2022-02-24,205.98355102539062,206.72771123120492,188.73887367786082,189.5723294747781,49957200
2022-02-25,208.8411102294922,209.67458114367503,201.59794806228433,203.34425365392673,37627600
2022-02-28,209.3868408203125,211.49032886803136,205.21954660842596,206.06291910870078,34239800
2022-03-01,201.90554809570312,210.10122686689581,200.64543260210104,208.23586048014417,27094900
2022-03-02,206.48959350585938,207.52148909123522,200.44701571250437,203.1855200713699,29452100
2022-03-03,201.38961791992188,207.45204429332074,199.85168364150212,207.39251389312045,27263500
2022-03-04,198.5022430419922,204.28684993255428,197.24212757746724,200.79425395071016,32130900
2022-03-07,186.0102996826172,199.3258054429597,185.8217766611403,199.22657801903105,38560600
2022-03-08,188.80831909179688,195.16841189497072,184.66087351517342,186.38733062782254,37508100
2022-03-09,196.95437622070312,197.54971036602572,192.41003665533762,194.2158724601669,31894700
2022-03-10,193.6900177001953,194.75167834752023,189.58225412516933,193.32288838403682,24853000
2022-03-11,186.1492156982422,192.0528842751779,185.21653238363774,191.14004947407005,34694500
2022-03-14,185.17681884765625,190.79273600899157,184.3731282981707,185.57369820987867,31010500
2022-03-15,190.5347900390625,190.7828434568231,184.4624472170767,189.3143714628746,31721700
2022-03-16,202.04446411132812,202.14367638925566,193.00539743531633,193.18398861957286,40640300
2022-03-17,206.2216796875,206.42011938787329,199.5440861170762,200.12948853216994,29499700
2022-03-18,214.80435180664062,215.11193563474245,204.39602452486062,205.09057109476467,52128000
2022-03-21,209.84327697753906,213.0382062435741,206.01333156086238,212.8298347088417,30142300
2022-03-22,214.9630584716797,217.75119125075489,208.54343562422935,209.7241721651945,31998800
2022-03-23,211.79791259765625,215.11190224536244,210.5080319452024,211.66891999041766,23717300
2022-03-24,217.86032104492188,218.9517467888066,213.1175266823069,213.3258981746717,31502300
2022-03-25,220.09283447265625,223.74417336052977,217.18564066662418,218.79302190096215,40039000
2022-03-28,221.8490447998047,222.29553791114895,217.830576517749,220.4004213594452,26224100
2022-03-29,228.07025146484375,229.09223040845703,223.5358273942653,224.3097680422249,31417900
2022-03-30,226.0758819580078,229.35017482946435,224.94475902387336,227.12762598483724,25588000
2022-03-31,220.6286163330078,226.7108905356395,220.5293889171824,226.67119351331812,24192300
2022-04-01,223.09922790527344,225.5102996200444,220.9659596397171,222.80156080543097,19544800
2022-04-04,232.06884765625,232.52527259224502,224.10137333817107,224.22043413017906,28054800
2022-04-05,230.03480529785156,235.01572198026443,229.2211979906724,232.2573692886443,29727200
2022-04-06,221.5613250732422,227.20702352088503,219.686041761844,225.14321718167764,28995100
2022-04-07,221.2140350341797,223.76403143713907,216.85821762186922,222.18640019306102,21037200
2022-04-08,220.59886169433594,223.37706293065762,218.31676728092958,220.6484754046232,18375700
2022-04-11,214.7745819091797,218.89226266496607,213.5442314837016,216.719312262378,20516600
2022-04-12,212.47262573242188,220.30119065314656,211.4704954183544,218.5251349202986,20128800
2022-04-13,213.3159942626953,214.92337535155505,209.6844890752935,210.17067915993815,19231800
2022-04-14,208.54344177246094,213.3160017822713,208.36485059628197,213.21677436885344,18379500
2022-04-18,209.12889099121094,211.71856941823995,206.67812188003873,208.3648821840085,16580800
2022-04-19,215.61793518066406,216.7292095688352,207.3726425799073,208.88081149240958,20089900
2022-04-20,198.8594512939453,212.4924718413418,197.37113086850815,211.9467513240192,43036500
2022-04-21,186.6056365966797,201.38961457327895,184.1350190495655,200.03028665802876,49954100
2022-04-22,182.67645263671875,191.21941262522995,181.84299681832218,188.88770453092923,36426800
2022-04-25,185.53404235839844,185.72255024091484,180.24554160198022,181.30720237185403,29281100
2022-04-26,179.54104614257812,185.73246439664177,178.10233946459232,185.17682720845232,31747400
2022-04-27,173.58779907226562,179.79906707078533,167.6841300654144,173.07184366363893,71062900
2022-04-28,204.12808227539062,206.90628314638815,191.39798105655134,201.33996471963115,100890600
2022-04-29,198.90907287597656,210.82555343692744,198.3435038247346,202.86801081473362,49193400
2022-05-02,209.48606872558594,210.23022894872142,199.42502311439333,199.60361430075616,49915300
2022-05-03,210.37905883789062,213.2267071664261,206.4697346374748,208.8113594552885,41556300
2022-05-04,221.6704559326172,222.55352547851587,205.34854436270368,209.00980002605064,41375900
2022-05-05,206.6582489013672,218.4556680856586,204.5547608988458,217.03680989451814,41129200
2022-05-06,202.18338012695312,207.74969932081515,199.454792583687,205.7255749921496,34747200
2022-05-09,194.68223571777344,200.99271477399856,194.0571363094751,198.28396076469102,36303200
2022-05-10,196.1110076904297,201.37967450866105,192.67795718797927,197.95652555162374,34452500
2022-05-11,187.2703857421875,199.10748580190932,186.80404417527703,194.8012827465857,31153400
2022-05-12,189.75094604492188,196.50791865624595,183.3412391310792,185.6034850677345,38262200
2022-05-13,197.07345581054688,198.3335712924769,189.79061178927196,191.0804924673125,24549800
2022-05-16,198.482421875,203.77092271249356,194.4044229626352,195.51571260175743,27112600
2022-05-17,201.0423126220703,203.8602107221061,196.81548818198343,200.54620582741316,24872700
2022-05-18,190.74314880371094,199.43493452984333,190.1378978992899,198.44272092521723,23960000
2022-05-19,189.80052185058594,193.76937601990323,188.1236936816302,189.7112262653708,24446900
2022-05-20,192.0330352783203,196.36901949764322,186.407185344579,193.45190876015224,31465600
2022-05-23,194.7020721435547,195.45616417554956,189.75093592706153,193.67017665237506,25059200
2022-05-24,179.8684844970703,182.24979113801103,174.73874187922655,179.14417279094744,50406300
2022-05-25,182.3986358642578,184.0060171216073,177.92375778337643,178.99533519495697,28030200
2022-05-26,190.1378936767578,191.32854694787179,180.84084211269274,181.4560248290842,23056500
2022-05-27,193.61065673828125,193.80909644271358,188.3221561022746,189.87000699281722,22562700
2022-05-31,192.13226318359375,196.0614361569242,190.51494998321056,193.37253032745087,26131100
2022-06-01,187.17117309570312,197.97637860549406,183.5595161934951,194.97988929114155,36623500
2022-06-02,197.31158447265625,199.37539044535956,186.2682429666932,186.98263792416654,31951600
2022-06-03,189.2945098876953,195.07911700749378,188.30229628512222,194.45401759307975,19465000
2022-06-06,192.7375030517578,195.3867117016177,186.9330470969102,192.47953295108994,30574200
2022-06-07,194.12661743164062,194.99977039127785,189.99901966785694,190.43558100769496,18828700
2022-06-08,195.10887145996094,200.45690187772112,192.8962394872638,193.1542095593346,22267200
2022-06-09,182.5673065185547,197.8970039563833,182.24979089220236,192.76726134545828,23501600
2022-06-10,174.20294189453125,181.67430878576448,173.65722140885484,181.61476325461828,27450800
2022-06-13,162.98101806640625,171.23624337608868,162.75281315298358,169.26173264870567,31749300
2022-06-14,162.4551239013672,165.4516131279456,160.10358258056343,164.73721814492058,27244300
2022-06-15,168.03140258789062,170.81952076930034,162.70320451959344,165.89813396718225,30008300
2022-06-16,159.61740112304688,163.79462714887313,158.36721740504552,162.4452160123095,26944100
2022-06-17,162.46507263183594,164.6082426639391,158.65496061258537,160.42109974328864,31374200
2022-06-21,155.82717895507812,166.4537801817448,154.7555862436529,164.6380271268283,50724900
2022-06-22,154.63650512695312,159.53802789484112,154.22969389233737,157.14680447815155,47267800
2022-06-23,157.51394653320312,158.50616036963277,153.04898426926982,155.0532604580525,40499200
2022-06-24,168.8350830078125,168.92437860519823,160.04406921900008,160.4707138331624,68736000
2022-06-27,168.1702880859375,170.41268536583237,166.70180106089464,169.9860407861088,29174600
2022-06-28,159.42889404296875,169.96621409614545,159.35944695501826,168.57710579735652,27744500
2022-06-29,162.6635284423828,165.03491875533774,159.07171942727453,162.2964141909988,28595200
2022-06-30,159.99444580078125,163.9434517587167,157.25594166723448,160.8874320004222,35250600
2022-07-01,158.783935546875,159.3693379164502,153.79310252765947,159.06175413379128,31423900
2022-07-05,166.88040161132812,166.93993200272172,155.79737792755841,156.90865227351182,28618600
2022-07-06,168.44810485839844,170.25392571345915,164.17166672198726,166.8903222600425,23085900
2022-07-07,170.84925842285156,171.3751304080076,166.4735929101582,168.13058776866583,24083400
2022-07-08,169.54946899414062,171.05762280254982,166.84071489855444,168.65646764813104,19249200
2022-07-11,161.61175537109375,166.1858606545308,160.64930697171704,165.76913276098287,21885600
2022-07-12,161.99871826171875,164.61816155285183,160.83783016973706,163.5168038543085,16639700
2022-07-13,162.21701049804688,163.6953991051211,158.3672168002053,158.91293732025682,16555100
2022-07-14,156.81935119628906,161.32399395376947,156.05534254020475,159.96466626461358,23765200
2022-07-15,163.4175567626953,163.6953753252762,158.5755652863031,159.28994506152804,23342800
2022-07-18,165.92788696289062,170.35316657049168,164.35027086909628,165.4516286428729,23574300
2022-07-19,174.4113006591797,175.11577895763392,168.19011731697498,169.04342159539536,25933700
2022-07-20,181.66439819335938,182.17043685739438,175.32415341322346,176.108010695169,24784300
2022-07-21,181.74375915527344,182.41847226069277,177.47723774446465,179.2235433302716,27195800
2022-07-22,167.9519805908203,174.23269375815684,167.09867638941338,171.72239485610618,42583900
2022-07-25,165.35238647460938,169.24187701783146,163.5267171273681,167.6840944354724,26166300
2022-07-26,157.91079711914062,164.70746671110234,156.720143761273,164.6479363142058,28468400
2022-07-27,168.25961303710938,169.53956213960683,160.75847935368273,161.32403333014142,43846600
2022-07-28,159.4685516357422,160.25239362295426,153.644263355895,159.80590058517643,73214300
2022-07-29,157.8611602783203,158.8930555676503,153.96175368715635,156.46213573049945,42065400
2022-08-01,158.68472290039062,163.90377642591454,154.02132174038147,156.02559756676067,40596700
2022-08-02,158.94271850585938,160.97675966339588,156.7796847197048,157.07735186421888,27374500
2022-08-03,167.48568725585938,168.21991575542236,160.3119859442989,161.4232605209222,31721900
2022-08-04,169.24188232421875,170.80956650112654,165.50123278418064,166.98955319565712,23938200
2022-08-05,165.80880737304688,170.27376835954388,164.50901004159635,165.68974659153304,25832700
2022-08-08,168.9243621826172,176.1278273310258,165.82866065437182,166.69188162513768,27299100
2022-08-09,167.21775817871094,168.20997178691073,165.30279318207488,167.63448607735745,18655100
2022-08-10,176.9513702392578,179.07470674304471,172.59555312980802,174.6196773573301,30262100
2022-08-11,176.10800170898438,181.67432074948522,174.99671215406823,178.3107171671491,24079100
2022-08-12,179.09458923339844,180.04712113412612,177.51697293967473,179.4021730861392,21274000
2022-08-15,179.48150634765625,180.0272268217476,176.8124495070817,177.56654148581777,15878700
2022-08-16,178.0725860595703,179.58075505593564,175.66149900261934,178.0428208610876,21156700
2022-08-17,173.48855590820312,176.75293202621683,172.81384278005555,175.38367239848955,20118100
2022-08-18,173.30003356933594,174.3914594614701,170.52183242030472,172.9825179454566,18844500
2022-08-19,166.65220642089844,170.9782584134384,165.74928839232285,168.87475524203418,26240800
2022-08-22,161.7804412841797,164.20144505183907,160.99658400957932,164.20144505183907,19499700
2022-08-23,159.8555450439453,163.76486932772292,159.44873380548583,161.21487292760173,18111800
2022-08-24,161.98878479003906,164.17166679378263,158.52596906042174,159.3495081545654,20891500
2022-08-25,167.4658203125,167.565047734485,162.74288874160553,163.89384508074522,15550500
2022-08-26,160.5203094482422,169.589140833169,160.41116535041576,167.16813731045715,24023600
2022-08-29,157.9306640625,161.78045833753615,157.77190622559567,159.40906803120774,20052700
2022-08-30,155.93629455566406,160.40125579993304,154.6960275433671,159.10145839344236,19567900
2022-08-31,161.66134643554688,166.53311859967866,160.87750439263087,165.76912506695646,40953000
2022-09-01,164.07244873046875,166.05687601790066,159.10146382584418,162.30630965585266,30145700
2022-09-02,159.0717010498047,166.62243245907325,157.98025996910707,166.14617414203198,22634200
2022-09-06,157.30552673339844,160.43100844381465,156.46215431501463,158.8533925612111,19339800
2022-09-07,159.1411590576172,159.7067281491609,155.5890320983898,156.5316321109827,16831200
2022-09-08,160.79812622070312,160.96680070817172,156.51177153802922,157.47421989709738,22530800
2022-09-09,167.83290100097656,168.21986364546453,161.75064277556186,161.97884763257377,22086800
2022-09-12,167.64442443847656,170.05549633320575,165.9774976389288,166.0866417456848,23220400
2022-09-13,151.93768310546875,160.3714992434936,151.48125815876136,160.2821885074128,44444100
2022-09-14,150.2906036376953,152.34447803217273,147.88944840773684,152.1361216428672,43064200
2022-09-15,148.38555908203125,152.99934664457024,147.54217139684576,148.63361250238236,34606300
2022-09-16,145.15093994140625,147.4231178621415,143.16651248084165,146.8972457962903,40122800
2022-09-19,146.86746215820312,147.4230993550111,143.9702002462915,144.10910954549348,22169500
2022-09-20,144.95248413085938,147.68107158621052,144.08926312614136,144.64490033101634,23217400
2022-09-21,141.01341247558594,148.43518218270748,140.8943516710801,145.25016940235443,38338600
2022-09-22,141.70794677734375,143.45423717863846,139.77311823877739,140.44783132698993,34418500
2022-09-23,139.3167266845703,141.50951044279367,137.80855764915447,140.31885705271978,31710700
2022-09-26,135.3081512451172,141.1324548324313,135.12956008086076,139.0289519002258,30497000
2022-09-27,133.35350036621094,138.33441682444828,133.0756817723629,136.84609644027194,30826500
2022-09-28,140.5073699951172,140.92409789474942,133.22452572729918,133.57179140700362,32658500
2022-09-29,135.34788513183594,138.75117112422268,134.1472997984984,138.27491274983208,38985400
2022-09-30,134.62351989746094,139.8921862798723,134.44492873533332,134.99064918623955,33166400
2022-10-03,137.53073120117188,138.53286151227974,135.04028045219258,136.0721759608596,27723100
2022-10-04,139.18772888183594,141.28130027797047,138.25504563332407,139.3961004088353,34670700
2022-10-05,137.89784240722656,139.11827604059891,133.73054829955544,137.1636140300522,27979300
2022-10-06,137.9871368408203,140.34859464361043,135.53636831785929,136.6476425779958,36231100
2022-10-07,132.41091918945312,137.2132300072064,131.4087887729323,135.6951442120901,33214800
2022-10-10,132.74826049804688,135.05020348397787,130.84321206485183,132.51013890638444,24024000
2022-10-11,127.53913116455078,131.62706154565242,126.00120460626015,130.59515090965465,38481400
2022-10-12,126.50723266601562,128.6603343385144,125.2669656790939,127.32085507662566,34605200
2022-10-13,129.27549743652344,130.11888501437636,121.57592569909303,122.56813925422476,34325700
2022-10-14,125.77300262451172,130.76382843262456,125.53486590146892,129.9799863217405,23559400
2022-10-17,132.9962921142578,133.7404522461728,129.16634736306958,129.2854232793601,29612200
2022-10-18,131.7659454345703,136.76669441853193,130.37683756015437,136.0225343522297,25445000
2022-10-19,132.19261169433594,135.93326114909232,131.19048142384776,131.85526270902045,30691000
2022-10-20,130.50584411621094,135.70504845290708,130.28755592887023,131.89493699930915,26356300
2022-10-21,128.99769592285156,129.10684003395843,124.46328724863885,125.32650831104277,46348600
2022-10-24,128.70994567871094,132.44066325636285,123.60004427257866,126.25917694643074,63563400
2022-10-25,136.4392852783203,137.27275620010687,129.57316905393745,129.86091947335717,38433200
2022-10-26,128.80918884277344,134.49456906227655,127.52922470090857,130.65469177666142,82791500
2022-10-27,97.17740631103516,101.70189808643511,95.62954788524887,97.21709576502857,232316600
2022-10-28,98.4275894165039,100.06474342579838,96.75075352345948,98.80463544203202,95928300
2022-10-31,92.43463134765625,98.54666376504666,91.87898653153731,97.4552302158687,121361400
2022-11-01,94.45872497558594,96.73089486642364,92.82157870798524,93.5955040497576,110189600
2022-11-02,89.83502960205078,94.45874152287298,89.7754992022516,93.47645207623735,71821100
2022-11-03,88.21771240234375,89.75563889838399,87.72160561588133,89.37860046586853,60664000
2022-11-04,90.08307647705078,90.67840314172008,87.40409513105502,89.64650005696497,55638100
2022-11-07,95.9668960571289,96.12564628921443,92.37508027008157,94.04199934191713,81987300
2022-11-08,95.71885681152344,97.03850284878779,94.05193749339736,95.17313624874802,52088300
2022-11-09,100.6799087524414,104.08320148518541,99.95558954005477,100.92796213654815,107677300
2022-11-10,110.99893951416016,111.87208476763833,103.79546657050064,106.28592485654346,80671000
2022-11-11,112.13997650146484,114.00534289363566,107.9627582000439,108.37949366062841,59961700
2022-11-14,113.33063507080078,115.36466834540867,109.9372664813659,110.12578191189753,53395000
2022-11-15,116.16838836669922,117.81545926522776,113.51917945503567,115.16625035356421,50670500
2022-11-16,112.34834289550781,115.1761499813461,111.78278147834015,113.6084507653415,33287800
2022-11-17,110.58220672607422,111.45535957072005,108.94506028234187,109.55031120602072,35093800
2022-11-18,111.17753601074219,113.42985753376976,109.75867027139351,112.91390979672886,33357700
2022-11-21,109.00459289550781,111.4950512926187,108.33981156253067,110.65166362870413,24351100
2022-11-22,110.57229614257812,110.75089490974986,107.47658670159785,109.00459669406948,29029000
2022-11-23,111.36605834960938,111.79271052341535,109.86782118321183,110.85011058058302,21343100
2022-11-25,110.54252624511719,111.85224795871838,110.15555595769946,110.43338213815132,12007600
2022-11-28,107.93299102783203,111.16760938845886,107.53610408548704,109.91741816956821,23309400
2022-11-29,108.60771179199219,110.07619141363898,107.69487699555789,108.68709070559252,23899200
2022-11-30,117.180419921875,117.23995788306726,108.5283164674862,108.65730907507884,43348600
2022-12-01,119.50221252441406,120.25628943600728,117.4780958022648,118.27186216762439,36551400
2022-12-02,122.52845764160156,123.07417815982849,116.69424428941612,116.91253249670689,39950500
2022-12-05,121.4767074584961,123.699263731685,120.40511498803421,120.80200192931514,35474900
2022-12-06,113.2314224243164,119.61135638173694,112.8543763993124,118.97634026277038,43689200
2022-12-07,113.04290008544922,114.97771365164438,112.00107273750456,112.87422558377872,29461100
2022-12-08,114.43199157714844,116.42633538036192,113.69774809309091,115.48373552730014,30619400
2022-12-09,114.99755859375,116.62478830403349,112.9833661822399,114.40223194340052,26033400
2022-12-12,113.81682586669922,114.81896376384701,112.25905075290997,114.28316748923302,24747100
2022-12-13,119.21446990966797,122.33994437785942,117.71622519933055,121.1790486702528,44701100
2022-12-14,120.64324188232422,123.17338946222026,118.46037510083681,118.46037510083681,36922000
2022-12-15,115.2456283569336,117.70631421305104,113.12229154157816,117.40865463061223,34531000
2022-12-16,118.50006866455078,122.34985464607499,117.89481777258587,119.29384255991133,67064000
2022-12-19,113.58860778808594,116.88275639162991,113.43977424518718,115.92030806020489,29769900
2022-12-20,116.17829132080078,116.41642804447906,111.58434489885498,112.37811883780395,28742500
2022-12-21,118.8274917602539,119.40296984132783,114.71972844540942,115.7913132801601,20392800
2022-12-22,116.20805358886719,117.69637391242856,113.48938301410328,116.2874249195991,23618100
2022-12-23,117.12089538574219,117.25980468548725,114.64036136173881,115.12654391084652,17796600
2022-12-27,115.96992492675781,117.67653356062343,115.14639337715077,117.01175225347482,21392300
2022-12-28,114.7197494506836,117.23004887272762,114.61060533929127,115.34484134957533,19612500
2022-12-29,119.32361602783203,120.0876172098368,114.86857127552733,115.49367072170247,22366200
2022-12-30,119.4029769897461,119.48235589188383,116.8232232301799,117.23995868140861,19583800
2023-01-03,123.76872253417969,125.38603554945252,121.32787798283579,121.86367423605601,35528500
2023-01-04,126.37825012207031,128.0451692882345,124.87008119697514,126.38816680776964,32397100
2023-01-05,125.95159149169922,127.5192907303454,123.57027743818418,125.14789336201981,25447100
2023-01-06,129.00762939453125,129.3152132188516,125.0586155413681,127.96580198249362,27584500
2023-01-09,128.46189880371094,131.91479796779146,128.2733757932046,130.13874224666318,26649100
2023-01-10,131.95448303222656,132.40097609349974,126.15995207065836,126.27901284967068,28684400
2023-01-11,131.8552703857422,132.80780214441828,129.32512256861318,129.94030532233305,25423000
2023-01-12,135.64552307128906,136.60795630012376,130.7340538147821,132.40098047601523,30757700
2023-01-13,135.91342163085938,136.3202328612328,133.79008502400478,133.91907764338632,22423800
2023-01-17,134.3060302734375,135.68520653868867,133.20467259831045,135.11963753309317,21147600
2023-01-18,131.9842529296875,136.1813120791631,131.7659647337358,134.75252212019842,20215500
2023-01-19,135.08987426757812,136.37975496300405,131.11110322074273,131.45838403334974,28625200
2023-01-20,138.28482055664062,138.85038964114324,133.56188872561822,134.8319210690861,28688600
2023-01-23,142.15443420410156,142.6406091357408,137.5803293049433,138.20541352276183,27470100
2023-01-24,142.0254364013672,143.87095407300617,140.25929762463457,140.58672988863236,21970200
2023-01-25,140.3982391357422,142.05523420485764,139.21750240541942,140.1204205097815,26622000
2023-01-26,146.153076171875,146.36143256354927,142.18422150401676,143.27564745369034,25482100
2023-01-27,150.5585174560547,151.99722434243992,146.24238165691892,147.08576938685857,35771900
2023-01-30,145.91493225097656,149.9433171179442,145.80578814738973,148.24664030943237,28040100
2023-01-31,147.81007385253906,148.71299193940402,146.3713670374125,146.7980116547346,29842100
2023-02-01,151.92771911621094,152.38414396629338,145.91490801193726,146.8773562727838,55661000
2023-02-02,187.30015563964844,195.6248266993024,178.757196388301,181.95212522311238,150475700
2023-02-03,185.07760620117188,195.23787916833177,181.46594921292,182.04143493203435,76809700
2023-02-06,184.61126708984375,189.215137765212,184.075478386839,185.0776087109676,42483800
2023-02-07,190.1279754638672,192.2711605893038,182.9641916734573,184.13501165753016,47080700
2023-02-08,182.00172424316406,189.34411359851615,181.49570078296176,188.5205745350657,36139100
2023-02-09,176.53463745117188,185.1966577219229,175.88970468339843,184.6807175636952,37118800
2023-02-10,172.7939910888672,177.4970889680082,172.00023232679908,174.97687310448828,33433600
2023-02-13,178.03286743164062,179.59064994977518,174.45099110237942,176.83229753191048,31463200
2023-02-14,178.08250427246094,180.096696800279,174.51054416410403,175.78057644351702,24034600
2023-02-15,175.78054809570312,176.80252679416841,173.96479556562042,175.04630465196112,25308900
2023-02-16,171.09732055664062,174.4807726641265,170.45237261399396,171.40490435914325,25827500
2023-02-17,171.53390502929688,171.83155701990117,168.37865766907873,168.8946130194248,24171300
2023-02-21,170.7401123046875,176.78268928982402,170.54167261942416,172.95274431832965,34592600
2023-02-22,169.78759765625,171.41482746265243,168.36873938126783,169.7379990849405,22433200
2023-02-23,170.70042419433594,172.33758574816875,168.06114747660433,170.66074231120285,20017800
2023-02-24,169.06329345703125,169.39072579815928,166.35455426767354,167.3269194643697,19791300
2023-02-27,168.21990966796875,171.77203664968215,167.74365131521915,170.5417013100807,19277000
2023-02-28,173.5778350830078,176.16751296792663,170.53173231868809,170.56149751299935,46051100
2023-03-01,172.06968688964844,176.46520116867393,171.70257268922543,173.23057502664264,30998400
2023-03-02,173.17105102539062,173.64730934892816,170.0951825850901,171.03779768581322,17352000
2023-03-03,183.8075714111328,185.16689921321293,175.67142283010665,177.52685743761492,45877700
2023-03-06,183.46029663085938,188.183243263601,183.20232653393649,186.5361649817629,33209400
2023-03-07,183.07330322265625,188.87775812010423,182.57719648407013,187.52834718555096,36701500
2023-03-08,183.52976989746094,183.8175052098063,179.9280293099463,181.44611506468826,19432400
2023-03-09,180.27528381347656,187.45890028532764,178.89610757316447,184.8990026283273,26582800
2023-03-10,178.11224365234375,183.33129646086596,177.40778053102633,179.60056393340946,25665000
2023-03-13,179.49143981933594,182.3490199218457,173.4587942651152,176.57434446133212,24728000
2023-03-14,192.50929260253906,192.8069597193349,185.10737226611835,186.1194344072328,41642600
2023-03-15,196.2102508544922,196.24001605303158,189.35405084464165,191.4476222684607,42123600
2023-03-16,203.3343505859375,204.15788979119992,194.5631849255218,196.71628688338527,50447100
2023-03-17,194.08689880371094,200.3279155543498,193.9082924866934,198.99835299201646,50141100
2023-03-20,196.269775390625,197.80770954247785,192.13224637743252,196.9345567047852,25186300
2023-03-21,200.58592224121094,201.9650986580919,196.4086959647701,201.61781781226705,31827000
2023-03-22,198.25421142578125,205.75534436543967,198.1153021172683,200.9232686264753,28477800
2023-03-23,202.68939208984375,206.26136708985172,200.57597228650752,201.26060208984055,27389700
2023-03-24,204.4059295654297,205.96371227058293,201.9650924531236,203.5823904151866,27716400
2023-03-27,201.2606201171875,204.25710968337523,199.79214810341801,203.21528228672267,18527200
2023-03-28,199.11740112304688,199.46468190963645,196.35904875977394,198.59152917076673,19127300
2023-03-29,203.75106811523438,204.1181823011788,200.962935191242,201.9749972989551,18851100
2023-03-30,206.2216796875,206.4697330979613,201.24077810622202,201.7964153232587,22608300
2023-03-31,210.28976440429688,210.51796930568898,205.1600216261787,205.62636325509658,25440300
2023-04-03,211.41099548339844,211.82772345047837,206.57890412277334,207.2139203307019,17924600
2023-04-04,213.04811096191406,214.5562799124581,210.885077384689,211.72846502268536,21026400
2023-04-05,209.8333282470703,213.51444737094567,208.30532596205177,212.48253674679614,19396600
2023-04-06,214.4173583984375,215.25081416311986,207.02535519459414,207.6206893922116,26104400
2023-04-10,213.07789611816406,213.98081423589207,209.01974564175555,213.03821423100212,16106100
2023-04-11,212.1848907470703,214.33799250651626,211.74831432764745,213.80218866814147,16710100
2023-04-12,212.33372497558594,215.15160815942397,210.92478338366692,213.16718082320352,18972200
2023-04-13,218.63427734375,219.42803612820578,214.0105582384014,214.05024012163284,23310400
2023-04-14,219.76541137695312,220.38057900800283,215.85608709194122,216.1835194200745,21591200
2023-04-17,217.15589904785156,219.25938732513404,215.43937352233297,218.07865055591148,15481900
2023-04-18,216.19342041015625,218.7235681147785,214.52650883156815,218.19769611867787,12281000
2023-04-19,214.02049255371094,215.63780573322012,211.2720563592022,211.80786023682174,15898100
2023-04-20,211.41099548339844,215.0623348939927,211.11332832406114,211.8177916231794,16475400
2023-04-21,211.2323760986328,211.74833146698396,207.94815114120425,208.57325062324549,17717200
2023-04-24,211.13311767578125,212.2543238481798,209.06932678531544,212.01618714236722,15750900
2023-04-25,205.93392944335938,209.61503330899023,205.51720156083385,209.17847205585224,19198200
2023-04-26,207.76953125,212.44286418050763,207.25359105527792,210.84539960612796,41992700
2023-04-27,236.7024688720703,239.80810221766666,234.92641322808916,238.02211474831446,71196500
2023-04-28,238.4487762451172,238.55790520519412,233.91435289009024,237.1489637299281,39554000
2023-05-01,241.28648376464844,242.10010614264476,234.61882263900713,236.7619924001167,29143900
2023-05-02,237.37718200683594,243.01294786638383,237.12912861217322,241.28649078913926,24350100
2023-05-03,235.1844024658203,239.86765214917628,230.93772921497737,237.60540621704422,34463900
2023-05-04,231.7017364501953,236.34528907829275,231.11631888863627,234.22195246681608,17889400
2023-05-05,230.9674835205078,232.85268332838044,228.0603049028967,230.43169483131584,27000500
2023-05-08,231.45367431640625,233.7853672287388,228.47703347004094,229.618073071823,16400500
2023-05-09,231.55287170410156,234.04333740833212,229.2807093324098,229.65775532683008,16865600
2023-05-10,231.26515197753906,234.90657414001882,228.92352723267723,234.33108842458907,19119000
2023-05-11,233.9540252685547,236.35519537222126,230.49120968380188,231.2353698430436,20449000
2023-05-12,231.9894561767578,235.11493805740562,229.64783150762847,234.89664985723425,16161400
2023-05-15,237.00013732910156,238.3892302909992,233.49762458805176,235.075240553345,20653200
2023-05-16,236.96046447753906,237.77407177480512,233.68615649688385,233.9540432740443,18163800
2023-05-17,240.60189819335938,241.94137756334118,236.2857626745779,236.5933464897594,21193100
2023-05-18,244.92794799804688,245.1660695868322,239.3120150495156,239.42115915770188,22943300
2023-05-19,243.7273712158203,246.75362601085467,241.5147389171471,245.54312409284094,21733600
2023-05-22,246.38650512695312,251.5956268801899,243.21140927966366,243.49915972156407,27738500
2023-05-23,244.81878662109375,249.65086195908967,244.72947589162,244.88823369959792,17748100
2023-05-24,247.26956176757812,247.64659264626343,243.04272207618027,243.37015438607577,17724300
2023-05-25,250.72247314453125,253.62965191246678,247.2298768085311,251.4269363674874,22371400
2023-05-26,259.99969482421875,260.26758163108605,250.74233888741432,250.96061197968322,25727200
2023-05-30,260.47589111328125,266.55816503984386,259.255487821885,263.1846450145921,23816500
2023-05-31,262.6588134765625,262.93663210305795,256.43764444041886,257.97556357281155,25473700
2023-06-01,270.4873046875,271.86649597151376,263.8196591105298,263.82956065505147,25609500
2023-06-02,270.4873046875,273.2059902375829,269.0089162785536,270.53693352991894,19416900
2023-06-05,269.2768859863281,273.4243319144258,267.4611179895091,268.1953464254039,20742900
2023-06-06,269.00897216796875,274.41654891819206,267.59011385118043,268.0366221259544,19419000
2023-06-07,261.5474548339844,272.1145213481221,260.7536659565215,269.55462413318446,26163600
2023-06-08,262.5198974609375,265.56600090360325,256.8642973226566,258.59073953708463,20899400
2023-06-09,262.88702392578125,265.86366493518454,259.6623294989277,260.43625495017426,16949800
2023-06-12,268.9395446777344,269.63410646598885,263.2640803975921,265.08978047872455,15442500
2023-06-13,269.2073669433594,273.57310017151735,266.99471999629225,272.73964448722876,16164000
2023-06-14,271.2216491699219,272.84886406164475,266.2308149508549,269.7730254955901,19175100
2023-06-15,279.6355895996094,281.7787749466959,269.3066710434547,270.179793713784,25973500
2023-06-16,278.81207275390625,285.6087432168888,277.94885160832325,282.5328744365651,43127700
2023-06-20,282.1160888671875,282.5824304857627,274.0692508402336,276.55971674793904,20701600
2023-06-21,279.44708251953125,281.78869232986375,276.1925924971015,281.32235067713356,20556200
2023-06-22,282.6618347167969,283.0388807556065,275.6270434409826,276.90697727173125,17563100
2023-06-23,286.48187255859375,287.41455585917544,276.7780237818679,279.31808843197484,51092000
2023-06-26,276.3017578125,287.5336244711032,275.43853671466735,286.45211514209774,24232700
2023-06-27,284.8149108886719,287.0970204097257,278.4647497013113,279.81417598610125,26108300
2023-06-28,283.0686340332031,287.29544349247846,281.84820037160534,282.60229241746646,16722100
2023-06-29,279.337890625,284.33865559418587,278.50443484346164,282.2847661968472,15395700
2023-06-30,284.7454833984375,286.7993426355483,282.20541888378625,282.542767890268,19694900
2023-07-03,283.7929382324219,287.1466252255622,282.6320652147703,284.4676665294726,8629300
2023-07-05,292.07794189453125,295.7987432678793,284.1303004714729,285.41026462229314,33865500
2023-07-06,289.7164001464844,295.7986735357306,289.0417022570287,293.5860568864933,47600500
2023-07-07,288.2677917480469,293.8936557099863,286.4123573169168,289.9049379943408,25586000
2023-07-10,291.81005859375,295.8086786396994,284.8149337600443,293.2487503073784,37058300
2023-07-11,295.9674377441406,297.8427059212955,289.6271775662314,291.61160499769574,27585900
2023-07-12,306.9313659667969,307.04052521355806,297.7633215569858,299.4004680187438,36677100
2023-07-13,310.9696960449219,313.77764746289074,307.87399417862326,311.17805244131847,30281000
2023-07-14,306.46502685546875,312.4282406131699,304.9667745464392,309.36230405201036,23054100
2023-07-17,308.2013854980469,309.2828946951575,302.3373994520956,305.1453809142804,25323100
2023-07-18,309.6202087402344,311.7534919766378,305.2247102283001,308.4593359088423,20731900
2023-07-19,313.54937744140625,316.19857035741416,308.1021050901538,310.5925705028389,21763700
2023-07-20,300.1644592285156,313.0831001900084,299.86680724874,311.05897588766237,23836900
2023-07-21,291.9687805175781,303.081554551309,288.9326093562947,302.19850020228625,42139300
2023-07-24,289.3393859863281,295.2033718464492,286.0551614764398,293.4769299160423,24915700
2023-07-25,292.1771545410156,295.97731949491924,289.5874611705835,292.89154957975995,19585600
2023-07-26,296.2452697753906,299.42033564139683,289.62719066887496,298.8448649834203,47256900
2023-07-27,309.28289794921875,322.81670621390026,307.4274633309865,322.58848618129997,64229200
2023-07-28,322.9456481933594,323.6600430964914,311.8030801253295,314.4126063726026,39220300
2023-07-31,316.1192932128906,323.12431956427827,315.1171476788954,321.16965734963014,25799600
2023-08-01,320.1972351074219,321.6161235359721,312.2099279207589,315.0675078686695,22817900
2023-08-02,311.8626708984375,315.9109195600562,308.23116529432224,315.5239417009489,20461100
2023-08-03,310.7513732910156,313.48989245918426,307.5167473332486,307.5167473332486,15180200
2023-08-04,308.3105163574219,315.9307088839671,307.7846444057712,312.5075601458942,17612800
2023-08-07,314.0951232910156,314.60116189806973,308.04261449667547,310.79106544719536,16236500
2023-08-08,310.20562744140625,315.4147480522107,307.69529834496996,311.95190252247085,15183500
2023-08-09,302.8335266113281,311.1879790598838,300.4919168777885,310.4438188052483,19955800
2023-08-10,303.3593444824219,309.907959609961,301.50391009027555,305.5422262849192,14358900
2023-08-11,299.29132080078125,302.34732532437346,298.02125834115725,300.2140721691434,14046300
2023-08-14,303.8058776855469,303.82571105631087,295.9276994586192,298.63645342569663,15641900
2023-08-15,299.5988464355469,304.83773194476095,297.69378339585546,303.75622297887594,11623600
2023-08-16,291.9985046386719,298.735612161679,291.9885728145888,297.86248976095845,18547700
2023-08-17,282.8701477050781,293.7447993644436,282.7312535583834,290.76815881578875,23950100
2023-08-18,281.0444641113281,283.4654673896171,272.24353551687074,276.85732207559414,35347900
2023-08-21,287.64276123046875,288.23809553886474,279.6554526227014,281.24300068510377,20181500
2023-08-22,285.360595703125,290.6193149024441,284.51720821041675,290.272034137217,12980200
2023-08-23,291.9489440917969,295.08434296040133,285.4301232140553,286.25364724690445,18287000
2023-08-24,284.5173034667969,297.1283322231521,284.4081744845914,296.17581546587223,18360900
2023-08-25,283.2769775390625,286.1444893241868,273.8807137103689,283.9020769402463,23701400
2023-08-28,287.9999084472656,289.1806449684755,283.5746143089688,285.75749618346293,14239300
2023-08-29,295.669677734375,296.8206489756466,285.9360661642578,286.3329454902252,20844500
2023-08-30,292.80224609375,295.9674099723324,291.14523602077895,294.85613555978125,17717000
2023-08-31,293.5861511230469,298.7555764600179,293.3579310519089,293.4968252361082,17229900
2023-09-01,294.0722961425781,299.39054694781646,292.17716437490265,297.03900536445764,12842300
2023-09-05,297.81292724609375,299.0432927883047,293.20907155898277,294.70729361157686,14956000
2023-09-06,296.840576171875,300.9383931826944,293.35789651003546,299.3607770852688,15418100
2023-09-07,296.344482421875,304.6592078858521,289.9446918732,295.6796859122459,33748700
2023-09-08,295.570556640625,302.87323501269304,294.46918367681815,296.8901875518962,17548000
2023-09-11,305.1651916503906,306.6336785793563,298.9340918771399,299.06308448116476,19489300
2023-09-12,299.3111572265625,306.2566524037513,297.8922990504119,303.94477776656885,13480400
2023-09-13,302.6846923828125,304.78818046723666,298.97382303689284,300.00570342701496,13210900
2023-09-14,309.2928466796875,310.4338863451406,302.65493479949475,304.3516116982113,19343100
2023-09-15,297.9716796875,309.5706597125895,296.42382881133364,309.18368185356906,28131100
2023-09-18,300.1942138671875,301.23605631967,295.4811992467907,295.86817708684436,14234200
2023-09-19,302.6946105957031,303.78605161305194,297.47555736362534,300.1247810021013,15924400
2023-09-20,297.3367004394531,305.6613578506982,297.0985485549638,302.67478484739934,19379500
2023-09-21,293.4273681640625,297.9220950102227,290.98650066246944,293.397602964285,21319600
2023-09-22,296.7511901855469,303.0021531913707,295.9474997002191,296.9694783593366,25369600
2023-09-25,298.4876403808594,298.6067314625518,291.41318198492553,293.33807902616303,18987000
2023-09-26,296.6321716308594,297.9617342313641,293.7051596565991,295.34230605304384,19417200
2023-09-27,295.4217224121094,298.9540010613926,284.55699964331745,298.1106435688091,36429800
2023-09-28,301.5932312011719,303.9447725402208,294.38978120306416,296.61232993196177,22167100
2023-09-29,297.8724365234375,308.22124738927045,297.0290489070334,304.98662136210095,25373700
2023-10-02,304.43096923828125,304.7881515825602,299.2813784819107,300.3827209900587,16265600
2023-10-03,298.5967712402344,304.38136336068993,297.30690563751256,301.89092774805414,17362300
2023-10-04,303.2006530761719,304.51038244443924,296.1757933117586,296.40401336651956,16880500
2023-10-05,302.4167785644531,303.82570485884224,297.1679603687021,302.25802076171334,19130000
2023-10-06,312.97393798828125,313.84709082731973,298.56700698401727,299.09287899662587,21803900
2023-10-09,315.8811340332031,317.8357962026818,309.3920783387563,310.0667763769625,22503700
2023-10-10,319.333984375,322.1320336698553,315.68264601743215,316.63516248463407,19038000
2023-10-11,325.2674560546875,326.2795029836983,320.43538086899065,320.49491126011156,22036300
2023-10-12,321.6359558105469,327.9662832580327,320.17740064543665,325.4460523014571,20530500
2023-10-13,312.2396545410156,322.5189713992757,309.9377120584877,321.01081784862896,21341000
2023-10-16,318.64935302734375,319.3141493820839,313.0631862904786,316.1589177830573,16536100
2023-10-17,321.4772033691406,321.87408274940765,314.8293601998335,315.70251300439446,16387800
2023-10-18,314.5019226074219,323.4020791485381,313.1028979019005,318.88751971635827,16851000
2023-10-19,310.3743591308594,319.3836763111059,309.3226150513973,317.3893171227114,18709200
2023-10-20,306.2467346191406,312.8449492839968,304.08371614626304,311.6940081053693,22312300
2023-10-23,311.5649719238281,314.8888629365929,304.86753077519865,307.09007933345515,17796800
2023-10-24,310.1163635253906,315.8712208509296,308.2113302782834,314.31343815660597,19525500
2023-10-25,297.1977844238281,308.45941658390853,296.513154511403,307.58626363589036,42192500
2023-10-26,286.10479736328125,292.703011741462,277.22447353914265,292.703011741462,66684100
2023-10-27,294.4195556640625,296.9794534570117,290.6888227974808,292.18707503953055,29596300
2023-10-30,300.3033447265625,306.99085409785965,296.72143820802165,296.76113522682925,28435100
2023-10-31,298.9241027832031,301.315340572134,294.5484383093452,300.9482264802142,19434200
2023-11-01,309.421875,310.3049295233318,299.49973714705766,299.49973714705766,20434600
2023-11-02,308.4494934082031,316.337605083064,305.92926192481946,314.8294207560179,21631800
2023-11-03,312.150390625,313.0929753347785,308.5982491394363,310.11633466819546,16764300
2023-11-06,313.341064453125,315.85136382365476,312.00160022439076,313.5196859262533,12887700
2023-11-07,316.33758544921875,318.5006040914344,312.66638257356414,314.59127961258827,14055600
2023-11-08,317.29010009765625,318.82801924162567,312.4282589574089,315.66288535306535,13609700
2023-11-09,318.0540466308594,321.6557867220615,316.3176728894775,316.93287073587214,16103100
2023-11-10,326.2101135253906,326.5375610295446,316.97260565667915,317.4488791718297,19096200
2023-11-13,326.62677001953125,329.74230471672405,323.1639545354659,323.6600612938685,16908900
2023-11-14,333.6913757324219,335.46744667370785,330.73456810569553,331.93516844363756,17179400
2023-11-15,330.1193542480469,335.7650516417798,327.450297436741,335.2987100726681,14531200
2023-11-16,331.5878601074219,331.97480765966105,323.838674437655,326.8053833646593,18932600
2023-11-17,332.4313049316406,332.8877147805215,326.7856062436665,327.6885243942522,14494400
2023-11-20,337.3228454589844,339.2080451684162,331.5878522890542,332.2824138935604,16960500
2023-11-21,334.3561096191406,337.2533560259426,333.28450210323666,335.6955735940919,12027900
2023-11-22,338.83099365234375,340.2498820338723,335.94364860399327,336.56874798187744,10702700
2023-11-24,335.59637451171875,339.19808399039766,334.1477210368185,337.48157405801305,5467500
2023-11-27,332.09393310546875,337.25342610918796,331.59782626203656,333.56238998285437,15684500
2023-11-28,336.3504943847656,336.7374722413347,330.80402373364524,330.80402373364524,12637200
2023-11-29,329.6134338378906,337.2534618688583,328.2044769299669,337.0451054509128,16024500
2023-11-30,324.6026916503906,330.9032544248157,319.88967678227107,329.305804972317,23146400
2023-12-01,322.2908630371094,324.314957194441,318.26247781580844,322.9457277162317,15276400
2023-12-04,317.5281677246094,318.36162346869537,311.21770411369187,314.8194441263184,19037100
2023-12-05,315.8116455078125,319.3736883630668,312.9342323945382,316.49627524979246,16952100
2023-12-06,314.9781799316406,319.74079250239515,314.5713687730627,319.4232769230243,11294300
2023-12-07,324.0470275878906,325.6841739294483,315.29569659562253,315.29569659562253,15905100
2023-12-08,330.1590881347656,330.57583118602076,320.48500516162073,320.5743007554703,14087400
2023-12-11,322.74725341796875,327.3213740695982,317.50836658058734,326.8351687929006,25802500
2023-12-12,331.61761474609375,331.86566813423246,322.032828194819,322.0725252153085,18485500
2023-12-13,332.13360595703125,335.73534655135336,330.0499814002796,331.32991527829347,16353300
2023-12-14,330.5758056640625,332.0938912022161,326.0810794409053,331.2505036188075,19607300
2023-12-15,332.312255859375,336.0231257442687,328.64105272450746,329.4050464419968,31776900
2023-12-18,341.9366760253906,344.85378668804714,334.3958459469585,334.85228604462384,18993900
2023-12-19,347.6319274902344,350.8467200070785,342.432738138237,342.8891478963245,17729400
2023-12-20,346.56036376953125,352.1961297303839,345.0819752003526,345.93526435895194,16369900
2023-12-21,351.3329162597656,353.6348591200321,346.49090896056947,350.2315736784916,15289600
2023-12-22,350.63836669921875,354.4186979641028,348.4852499373512,352.81128655167174,11772800
2023-12-26,352.0671081542969,354.2003914352068,350.69787893895216,352.22586595026877,9898600
2023-12-27,355.04376220703125,356.20466538676425,352.5433949552393,353.2974869448079,13207900
2023-12-28,355.52996826171875,359.0820794651083,355.0239296591303,356.89922781228415,11798800
2023-12-29,351.20391845703125,357.19689709783825,349.0805970920824,356.19475166917226,14987100
2024-01-02,343.5936584472656,350.41016108257946,337.3625582064885,348.58449167928967,19042200
2024-01-03,341.787841796875,345.24075624582997,340.507877692872,342.29388045472786,15451100
2024-01-04,344.417236328125,345.4392152921055,340.72619992113476,341.8176411156675,12099900
2024-01-05,349.2095642089844,350.7474830694431,343.56386679743633,344.2881632956087,13920700
2024-01-08,355.8673400878906,356.18485571303864,349.3087923232341,351.93818263654276,13890200
2024-01-09,354.64691162109375,357.8319391849978,352.5930221333329,353.62493279017207,13463900
2024-01-10,367.5853576660156,370.03612636295736,356.28403071762176,357.3655701410914,22117200
2024-01-11,366.7916259765625,369.8773958319146,360.10408551905675,369.2324630283158,17205400
2024-01-12,371.5740661621094,374.1240624141553,366.6626269467996,367.277794541933,19310000
2024-01-16,364.5988464355469,372.6853822277794,364.3706566582682,370.74065180769946,15306900
2024-01-17,365.501708984375,365.6703986149391,355.8176948238154,363.4478196213952,12724800
2024-01-18,373.2012939453125,373.9156889250279,368.0616349334474,368.59740845826764,16354300
2024-01-19,380.4643249511719,381.3672126996037,375.02698340921194,376.0489622272857,21670800
2024-01-22,378.80731201171875,387.3105899434806,378.19214441636774,384.9292833279464,17680500
2024-01-23,382.20068359375,385.3559155148058,379.10495178521484,381.6251827598736,15506100
2024-01-24,387.6578674316406,393.0654134087709,384.7903555799496,386.96330579643376,15698500
2024-01-25,390.1185302734375,392.41054123350926,382.65709501138133,387.1319879715003,15091100
2024-01-26,391.07110595703125,393.70046609647795,388.5409429594839,391.2794623469608,13163700
2024-01-29,397.8974914550781,399.79262308602887,390.03917661129907,391.9144445908541,18742400
2024-01-30,396.9449768066406,403.1959104756482,396.4588018243719,400.4474896600289,18614700
2024-01-31,387.10223388671875,394.90101835810526,384.0858960218771,385.97109583241945,20180800
2024-02-01,391.7060852050781,397.38154822868097,389.98954477012256,390.87262941167637,29727100
2024-02-02,471.2915344238281,482.176118971358,449.48269858581074,456.0213826629202,84707600
2024-02-05,455.8329162597656,468.2256561374513,455.6443932274583,466.2213952907677,40832400
2024-02-06,451.17938232421875,463.4828252605775,449.4727736721461,460.3871235847148,21655200
2024-02-07,465.93359375,467.8485587840739,452.6280053703203,454.4338414397377,23066000
2024-02-08,466.34039306640625,466.9257954581502,461.40909025193133,464.6734814817839,18815100
2024-02-09,464.4650573730469,469.90239837584187,463.83005646437323,469.2673974671682,18413100
2024-02-12,465.2489013671875,475.4190896825801,462.94695879349047,464.5444382647032,19382000
2024-02-13,456.5373229980469,464.2468421541009,451.54648973334866,453.3126287541774,20916600
2024-02-14,469.59490966796875,470.41843373497767,462.460890576325,464.2865601932742,16858400
2024-02-15,480.2611389160156,484.8153956241021,468.5430989342173,471.5792700729416,24212300
2024-02-16,469.6346130371094,475.2306827655061,465.5565988344305,474.38729503347156,23324600
2024-02-20,468.0767822265625,472.4722813616275,462.9271910394476,466.0625897590752,18015500
2024-02-21,464.87847900390625,465.8419486389478,458.68050627412106,463.35878260142675,12921800
2024-02-22,482.8565979003906,486.69059163885595,472.8543980185372,477.0062442785985,21625800
2024-02-23,480.7707214355469,491.0311497339842,479.1020412033738,484.76364134369345,18374300
2024-02-26,478.4961242675781,482.86652048024735,477.3638163849019,480.2144859744723,12101400
2024-02-27,483.7703857421875,483.9889055616532,476.68842180532044,476.74801536407614,10809600
2024-02-28,480.7607421875,487.74340304330303,479.49930490259146,481.73415407096195,12715500
2024-02-29,486.8296813964844,488.389116970363,479.36029842457447,485.1510587006431,17732000
2024-03-01,498.91766357421875,500.8545450353312,488.5380486516633,488.7962772842843,16273600
2024-03-04,494.8354187011719,501.02347964142564,493.07734798440794,499.6130279349868,12324100
2024-03-05,486.91900634765625,492.24289916092766,484.6047092081151,491.66681804477713,15325300
2024-03-06,492.74951171875,499.583189220119,490.96164437082433,494.2791504217165,11757900
2024-03-07,508.7411193847656,516.3495133273082,498.0039120353607,499.8911121312514,18586400
2024-03-08,502.5431823730469,520.0445327158662,495.98761761186836,510.72768838193537,18597100
2024-03-11,480.33367919921875,493.9712373423791,472.7947911045604,493.6633271933071,20428300
2024-03-12,496.3849182128906,498.92767795025486,481.4660667509396,489.93862852466117,15448200
2024-03-13,492.2330017089844,497.60657618383044,487.723564090034,492.0542210447472,12090700
2024-03-14,488.5181884765625,497.9741037778643,484.8729178506202,496.8914470652399,12620000
2024-03-15,480.8403015136719,488.5182318843105,478.059137225896,485.71724349168346,29153600
2024-03-18,493.633544921875,494.070584561547,483.5320123264852,488.5976770138942,11755300
2024-03-19,492.89849853515625,493.28588697301825,478.039241983051,484.88286188860536,10903100
2024-03-20,502.1159973144531,504.7779741854075,491.835714780714,496.13654476437773,11711100
2024-03-21,504.3409729003906,511.5719209963109,502.6027566454652,511.24418672335725,9712500
2024-03-22,506.1486511230469,506.536039547684,500.94394517125465,503.58603728836357,8120600
2024-03-25,499.6328430175781,503.80457393392254,496.871563696633,502.38421028695126,8380600
2024-03-26,492.5508728027344,506.56584667768334,491.87542863664703,501.7286443250279,11205400
2024-03-27,490.5345153808594,496.5239406969625,484.78352491807254,495.93788686349995,9989700
2024-03-28,482.310302734375,489.57110826984064,481.88320544172586,489.5214267607809,15212800
2024-04-01,488.0414123535156,494.08045824129323,478.53584639701245,483.9193631882776,9247000
2024-04-02,494.0209045410156,494.17983080247325,481.38655471994537,481.83353672480007,11081000
2024-04-03,503.32781982421875,503.8244530380208,495.3916307675297,495.5704114495978,12099200
2024-04-04,507.4797058105469,526.4312162585362,507.1419685443488,512.9426409502,26476300
2024-04-05,523.7891845703125,527.1265454718879,510.946195332254,513.3797103903854,19263300
2024-04-08,515.7535400390625,527.9111101756489,515.3959787113195,525.716030393533,13260600
2024-04-09,513.4193115234375,522.3288800381697,503.32769320807216,518.7133766013989,10863800
2024-04-10,516.3297729492188,519.0413712587521,502.3942140103929,505.8607349176159,11418500
2024-04-11,519.6372680664062,520.3325667313413,513.8067986443587,517.6010838952341,10369500
2024-04-12,508.4530944824219,516.6872819178756,505.90039240697365,514.2637093320776,11984500
2024-04-15,496.8616943359375,515.0384888193967,493.9315461414956,513.2406183198545,13512900
2024-04-16,496.394775390625,501.3710189374271,493.7625954480659,494.755861747271,9847900
2024-04-17,490.8424072265625,499.7718613166157,483.85974654325804,499.7122677652312,12193700
2024-04-18,498.4210510253906,508.76098785932845,495.67965646364473,496.4544030177161,14808700
2024-04-19,477.8306579589844,499.41431669209027,472.52661920207805,499.41431669209027,25215400
2024-04-22,478.4862365722656,488.69701401127566,470.2123104372898,486.4224254546389,17271100
2024-04-23,492.75946044921875,495.4015526749956,485.6774662629057,487.94211241184524,15079200
2024-04-24,490.17694091796875,506.56583559911667,481.31699178938914,504.63889646618475,37772700
2024-04-25,438.407958984375,442.7683830214694,411.7089514448453,418.5624840192661,82890700
2024-04-26,440.30511474609375,443.43389815493634,429.0513883397759,438.4874200784971,32691400
2024-04-29,429.7068786621094,436.7988148712777,425.6742197513567,436.60014947867506,21502600
2024-04-30,427.27337646484375,436.65972478747483,426.82639450620724,428.14742534435584,18429500
2024-05-01,436.232666015625,446.93013406880516,424.23399111108887,425.71397863682915,20344900
2024-05-02,438.7059020996094,440.9705483091824,429.3692038781096,435.8850291236209,15221300
2024-05-03,448.9166564941406,451.11179697891964,440.86128084790545,442.92726154360383,16489100
2024-05-06,462.5442810058594,463.02105978106573,450.28737750238747,452.5122844958483,15094600
2024-05-07,465.0870666503906,468.3549217147275,458.2037375185185,463.150215285953,13406800
2024-05-08,469.4177551269531,472.37766990455975,459.8823906408801,460.3790238921121,11683900
2024-05-09,472.2187194824219,472.8742486238149,464.48116583313845,466.8352023225762,9437700
2024-05-10,472.9934387207031,474.2846728255521,466.4378748768234,473.87742999258705,10750000
2024-05-13,464.858642578125,470.1626818020876,459.7333840408823,469.56671586760143,14668800
2024-05-14,468.6727600097656,469.3581162552764,456.9819950045203,460.2498499695703,10478600
2024-05-15,478.2975158691406,479.25104313597546,468.02714482052664,471.78169064027946,13100500
2024-05-16,470.0434265136719,474.47338576625015,469.5666477728062,471.8014969689751,16608200
2024-05-17,468.7323303222656,469.6163216180006,465.2658404350713,467.65958568158874,10807300
2024-05-20,465.6830139160156,470.01367116907085,463.89514652631107,466.78555537893186,11745100
2024-05-21,461.5013732910156,467.5305076270988,459.15724881960597,463.9745969325562,11742200
2024-05-22,464.63018798828125,470.5301932433233,462.51452555786585,464.71957833310466,10078600
2024-05-23,462.6436462402344,471.16585905076363,458.43220618871834,469.6958441033179,11747900
2024-05-24,474.9998779296875,476.6189070760728,463.1601286330432,464.47124760813773,12024300
2024-05-28,476.6884460449219,477.6220886169313,471.64263552507384,473.37090944104057,10175800
2024-05-29,471.16583251953125,476.6188856395713,470.51030337355337,471.4638306252424,9226200
2024-05-30,463.905029296875,468.55353877845073,461.5807897121286,468.49394522336104,10719600
2024-05-31,463.6865539550781,465.9611425660609,451.3998530718608,462.66349074515693,16919800
2024-06-03,474.27471923828125,476.3705269083725,465.0870058983624,467.68935877281706,11279400
2024-06-04,473.7781066894531,475.6653370045295,470.04344582485936,473.78804905282203,7088700
2024-06-05,491.7264404296875,493.30573030037567,480.65152660799043,481.18789892832643,15690500
2024-06-06,490.43524169921875,499.4342331212912,487.5845718978277,489.6604950970564,10667300
2024-06-07,489.6405944824219,495.5505416682554,486.8694030600324,492.57074247783544,9380700
2024-06-10,499.2156982421875,499.2752918011658,490.087577609636,490.53452930197295,11220900
2024-06-11,504.0528869628906,504.18201644117164,494.914824216535,496.792112209235,9673700
2024-06-12,505.4136657714844,510.5488663402382,501.0730965012288,510.5289816127229,11983200
2024-06-13,500.70562744140625,505.93018839723624,497.98405673480437,502.30477188866905,9954600
2024-06-14,501.2623596191406,504.2351649770315,497.87195484771325,499.76102858798566,10243300
2024-06-17,503.71820068359375,507.8145165497157,493.15924290347647,498.786716272725,11266600
2024-06-18,496.6191711425781,503.0917646222148,492.1748612572284,501.66003859591564,13060400
2024-06-20,498.8165283203125,500.7752071040244,493.9148400723255,499.1147919555252,11801200
2024-06-21,491.936279296875,500.5564623228992,489.56003146184884,500.5564623228992,22359200
2024-06-24,496.0425720214844,504.88146192373665,491.44912982983715,496.33091377345426,13525300
2024-06-25,507.66534423828125,507.77469745154934,492.65212507473245,494.1932043482864,12063200
2024-06-26,510.1708679199219,510.85690461260367,501.7793738995123,503.73805265327996,8882300
2024-06-27,516.5738525390625,519.8747782877508,510.9464098062174,511.294373925033,10121200
2024-06-28,501.3219909667969,518.8804935548256,500.94417016641717,514.1776987031992,15855100
2024-07-01,501.77935791015625,503.6684316425156,490.335531960126,502.0478255113692,10328200
2024-07-02,506.57171630859375,507.56596894119156,496.5794894878585,497.8819580091871,7739500
2024-07-03,507.0290222167969,508.3414428657344,503.1116647399918,503.45965920114367,6005600
2024-07-05,536.8068237304688,537.7613279468876,508.65956910819915,508.65956910819915,21354100
2024-07-08,526.2777709960938,539.6902282867122,523.6231336593002,539.2328502639116,14917500
2024-07-09,526.9539184570312,534.3909090570122,525.1543235402414,530.6823659932838,8753200
2024-07-10,531.6168823242188,535.782802810221,525.3232468812585,527.7392732226358,10983300
2024-07-11,509.7533264160156,532.3825255793723,505.44819561353233,527.8387838594573,16458300
2024-07-12,496.0027770996094,505.16978705228513,491.3894609308073,494.89917130590845,19750500
2024-07-15,493.3083190917969,503.7678443636743,490.53434614881763,495.7641239558454,12539200
2024-07-16,486.9750061035156,501.0536270420419,482.9979955675087,498.61769595186473,14075800
2024-07-17,459.334716796875,476.4159983287152,456.4812168894572,476.4159983287152,28076600
2024-07-18,473.1151123046875,476.4856128872466,461.8701176709462,472.26999151459347,19267200
2024-07-19,474.0497131347656,483.9126820908743,472.97590331818924,473.32389780212014,15149400
2024-07-22,484.59869384765625,489.23191443908513,481.11880987205853,483.78339946267863,12023100
2024-07-23,485.8813171386719,492.3737855582179,484.91689087992546,487.02470158757365,9455500
2024-07-24,458.6188659667969,473.5624806822974,457.93282927520823,469.5954226900346,17649700
2024-07-25,450.8040466308594,460.88575158232453,440.1058796187656,460.59744019284307,18240500
2024-07-26,463.0234375,467.0700224305545,456.7795325266989,461.5320586336811,14222400
2024-07-29,463.0333557128906,471.23593941244997,462.3473190124621,467.1794022788637,11339600
2024-07-30,460.52783203125,470.01300966806275,454.0751428177802,464.3159317450937,11390400
2024-07-31,472.1009216308594,473.7613367281888,464.06737443417023,468.3128218694942,24285800
2024-08-01,494.8792724609375,524.1401187856688,489.27170365366396,518.0055973214868,43083100
2024-08-02,485.33441162109375,498.2696155258607,473.41330396274105,486.18945417462,24044700
2024-08-05,472.99578857421875,480.7012460328518,448.2090488117456,448.7559059334732,21396200
2024-08-06,491.250244140625,499.6715645445627,475.8989821739981,476.24697663872547,20955000
2024-08-07,486.1100158691406,507.2179800741915,484.06182750847574,500.23833743916646,20105300
2024-08-08,506.7009582519531,507.0290482599496,491.876648319754,494.64066933875364,16156800
2024-08-09,514.794189453125,515.3609207187151,502.7935532579475,504.7919803564355,13696600
2024-08-12,512.984619140625,515.0427292166193,506.1739830538234,513.8893622667638,9767400
2024-08-13,525.5023193359375,528.4453292814136,515.1720795271153,517.0213750521671,13743800
2024-08-14,523.7324829101562,530.9308616621455,520.1233412991648,525.0249990881922,11444200
2024-08-15,534.2418212890625,536.6678003090075,523.6729102134026,528.7336224826897,13482100
2024-08-16,524.3886108398438,530.5927364260666,521.6444643649328,528.8429030867464,14776700
2024-08-19,526.238037109375,528.6043024311272,519.7554908387405,523.8418543972291,9879700
2024-08-20,523.70263671875,528.0376240435813,522.8575463080886,525.3133210272216,7944400
2024-08-21,532.0841674804688,536.2998492635563,523.9014884202904,524.1202555369616,13423300
2024-08-22,528.8726806640625,541.1019732510056,525.5519115759549,533.9135476981955,15708300
2024-08-23,524.9653930664062,536.7671670292674,522.0422878821846,533.8341096091634,11323900
2024-08-26,518.1249389648438,524.9654020892407,511.99041707220374,524.5676767533054,9584000
2024-08-27,516.116455078125,520.9982688988101,512.3482599012927,515.9971496313474,6282700
2024-08-28,513.809814453125,518.095040120393,509.5046843177006,514.6946530207725,9106100
2024-08-29,515.241455078125,524.1698829904203,512.7160758016386,516.0667015705181,8317400
2024-08-30,518.3137817382812,520.5309454515676,512.2389133705824,518.3535299929398,9157500
2024-09-03,508.8186950683594,522.4697631708141,505.69672749483755,516.6534100228187,12459100
2024-09-04,509.79302978515625,513.6209384157157,501.17287738796614,503.161382437288,8335200
2024-09-05,513.8893432617188,518.6319472042396,508.2121698645864,508.7789010834829,8640900
2024-09-06,497.39471435546875,521.5650218623427,495.38633511921387,518.88052782919,14744500
2024-09-09,501.88873291015625,508.3911224777812,499.1942867622704,503.25085399381305,11047800
2024-09-10,501.88873291015625,511.22474819910406,497.1560812540827,505.23935901338297,9899000
2024-09-11,508.88824462890625,510.17083885199577,492.7515459442201,504.0959706304443,10782500
2024-09-12,522.5791625976562,523.6828291466688,512.25881535378,514.0783146741212,11970500
2024-09-13,521.6047973632812,524.5478069237411,514.1379505818885,517.3494277649944,10321400
2024-09-16,530.7208251953125,531.5368365725262,514.9170282546622,522.0227173210484,9527600
2024-09-17,533.7462768554688,539.4985077957741,528.0238703630636,535.0201027147613,11690800
2024-09-18,535.3683471679688,541.5883529191947,531.337795589623,534.4925654988167,10323500
2024-09-19,556.4168701171875,559.3726487545077,543.8972849270339,547.360565064833,15647000
2024-09-20,558.6560668945312,561.790974396656,553.630313904446,557.3125698177632,22066800
2024-09-23,561.701416015625,571.2254976602934,559.7110138514457,566.7670162500528,12830700
2024-09-24,560.626708984375,565.0254812803894,551.5305554385482,563.960608707355,12993000
2024-09-25,565.5826416015625,574.1115209135556,561.014642577983,561.3430758947455,16543400
2024-09-26,565.1150512695312,574.6291718932196,559.6513458984354,572.967142227921,14400800
2024-09-27,564.6372680664062,568.1006091166316,561.8009692958777,567.3641092966835,9398400
2024-09-30,569.69287109375,571.9221116471715,562.0895207658488,564.9756280044119,12792300
2024-10-01,573.7035522460938,580.2420307996076,567.3641260621707,575.2063156344602,15259300
2024-10-02,570.0611572265625,573.2358512630743,566.6078384594379,572.1013073959746,6524700
2024-10-03,579.9733276367188,580.5604622327534,566.0006662054095,567.4138954120452,11581000
2024-10-04,593.0801391601562,593.9857454241755,578.6397616460487,580.9287120013399,14169500
2024-10-07,581.9736328125,600.0564168211795,581.2371330959921,595.3490750867293,12014200
2024-10-08,590.0447998046875,590.7115675395601,583.1579643993507,586.8601441089934,7857400
2024-10-09,587.6761474609375,591.53753216899,578.8188343358976,591.1394274753203,9529700
2024-10-10,581.0281982421875,587.3974479929923,579.7244874036023,584.7502401443048,7740400
2024-10-11,587.118896484375,588.3728595792917,579.9136502956993,582.0234717517561,8587100
2024-10-14,587.5865478515625,597.2200860857456,587.1287942740497,591.36829944158,8252000
2024-10-15,583.4566040039062,587.7757430262925,577.3560160285689,587.3278903554623,9564200
2024-10-16,574.0220336914062,579.2866865055009,571.2753296162662,578.6099570311397,11268400
2024-10-17,574.1614379882812,582.1628340054373,572.4397592989444,580.530750153342,8701200
2024-10-18,573.7035522460938,581.1675605388372,572.4894360534232,578.3113382248611,7694300
2024-10-21,572.3997192382812,574.4697541048039,566.3787659804298,573.2655998985788,8171900
2024-10-22,579.217041015625,580.729766227226,569.3744868943032,571.5340564192009,8544500
2024-10-23,560.98486328125,582.192594507908,559.8005716422192,577.1867042398765,14248400
2024-10-24,565.0552978515625,566.1499947416787,558.8253293775932,564.4083928532417,7184700
2024-10-25,570.4989624023438,578.5003564229931,568.9762757450173,571.1756917804064,11337900
2024-10-28,575.3853759765625,580.9485762210542,571.3647858558778,579.2069744936249,10925100
2024-10-29,590.4329223632812,590.8210046180449,572.6387223000493,577.3659274017436,13019100
2024-10-30,588.9599609375,598.3148749725009,586.5515914382872,598.0958991586175,26864900
2024-10-31,564.856201171875,587.0690948039123,560.3081253081026,582.1925856019707,26838400
2024-11-01,564.438232421875,570.917001339198,559.8603316322354,564.8860850679225,15303200
2024-11-04,557.9893188476562,565.9608889972419,555.2127297782872,561.392889439504,12064600
2024-11-05,569.6829833984375,570.7279324508698,563.9506150919713,564.577596671882,9775400
2024-11-06,569.3048095703125,570.2502628176765,552.5058091849941,560.0494509609904,18305400
2024-11-07,588.8605346679688,591.9456339468819,572.4496773656942,574.1216080144851,14653700
2024-11-08,586.5118408203125,590.2537459189086,581.7149642470737,588.70123463837,9415700
2024-11-11,580.3713989257812,584.1830360838699,573.7433864354757,583.5460928122134,10209100
2024-11-12,582.0134887695312,596.78223842264,577.5947936518803,585.7156075410013,16287700
2024-11-13,577.2166137695312,582.8295623160514,572.409775650482,579.8140739533536,10757600
2024-11-14,574.3901977539062,577.972957894817,570.2601499390961,574.2309923162492,11053700
2024-11-15,551.4210205078125,569.8222783942981,548.8533847643662,568.47872051752,17712900
2024-11-18,551.739501953125,557.2131078822542,547.4501877365338,554.3667866349945,14327300
2024-11-19,558.3973388671875,558.7356731812587,547.957629670582,549.2115926112795,9522400
2024-11-20,562.8060913085938,563.6320644076252,551.5404086524625,560.2284939812367,9797300
2024-11-21,560.3877563476562,567.2645685130409,546.4150954692434,566.7868914718125,11154700
2024-11-22,556.456787109375,561.1242829453168,551.9286340129557,560.8455974662718,9164000
2024-11-25,562.3980712890625,569.842216719163,553.7199469729902,559.4025063006017,13599800
2024-11-26,570.78759765625,574.7286157457173,562.4876547795837,563.2838034841143,10356600
2024-11-27,566.468505859375,572.220736911576,561.3929435568074,572.1312028238776,7200200
2024-11-29,571.5639038085938,575.6840509462676,564.179528644509,566.2694266604135,7130500
2024-12-02,589.9849853515625,591.6469538996844,572.8078075515443,574.728538060669,12522400
2024-12-03,610.7051391601562,611.252487580719,588.4126116889108,592.1446155685445,14907200
2024-12-04,610.8345336914062,614.8153379179051,602.1961350667218,610.0184615359037,14697000
2024-12-05,606.0077514648438,616.9251382698544,604.136768682784,614.1186640967649,8081200
2024-12-06,620.7765502929688,626.7676190380172,605.6096966963446,607.1721088209316,16935500
2024-12-09,610.6255493164062,623.3939965020669,603.2610368421125,620.9258564568023,11426000
2024-12-10,616.3479614257812,622.5878918502519,609.7995210855536,614.5963977457716,10938900
2024-12-11,629.6437377929688,635.3363188855899,618.5472835041938,620.3784192599069,10837200
2024-12-12,627.7628784179688,633.6047040008497,624.2001022233808,628.4694930643976,7474700
2024-12-13,617.3729248046875,628.0514729907906,613.9295681709151,624.2099509122261,8453300
2024-12-16,621.7454833984375,628.6279045963112,616.1081279040426,627.4625362287662,10885600
2024-12-17,616.9646606445312,629.8429838266126,614.0762250068084,623.6677474643714,12897800
2024-12-18,594.8035278320312,624.8529462687603,593.9370093659079,618.5183765194273,17075500
2024-12-19,593.1900024414062,609.0762755305054,592.6222729689903,607.9507863504745,14958100
2024-12-20,582.9113159179688,600.6999320026418,577.6822951429677,588.2200340310932,48989400
2024-12-23,597.452880859375,598.6879766892466,583.907252912156,587.2438414694396,10205800
2024-12-24,605.3213500976562,605.5603812991077,596.8852265249648,600.311421467438,4726100
2024-12-26,600.9388427734375,603.8770660163228,596.5464929509934,603.0603356402203,6081400
2024-12-27,597.4130859375,599.4449119716119,587.4430773536361,597.0146600682612,8084200
2024-12-30,588.8772583007812,594.5544919388965,583.239903719799,586.3972186440706,7025900
2024-12-31,583.170166015625,591.5963188432811,581.5167657457517,589.9031610994577,6019500
2025-01-02,596.8453369140625,602.4926617179121,585.470989976871,587.3633608157467,12682300
2025-01-03,602.2137451171875,607.0642784591316,594.026562777383,602.3432304664586,11436800
2025-01-06,627.681640625,628.4684617844035,603.1998488847688,609.385054699766,14560800
2025-01-07,615.4207763671875,629.5739508561447,605.7993460257709,629.1755858278557,12071500
2025-01-08,608.2794799804688,613.9766539687823,600.3811762529524,610.9488239610363,10085800
2025-01-10,613.3988647460938,627.3927055003096,594.9529163376031,607.592206559942,19256600
2025-01-13,605.8990478515625,606.5364441234269,596.0585248079975,604.6739217603003,10785000
2025-01-14,591.8753662109375,603.0704412402654,586.1981313561736,602.6521365894432,13598000
2025-01-15,614.6538696289062,619.972556750708,604.0763139738187,607.7715100133968,15524300
2025-01-16,608.8570556640625,613.7872861859956,607.2734438085199,609.056268564278,8355300
2025-01-17,610.3212890625,622.4724872092602,601.2576176946507,621.5561807031561,17280600
2025-01-21,613.99658203125,619.0164197693068,606.5763408669152,615.3611025019545,11674000
2025-01-22,621.0084228515625,631.1676746458771,616.9546797410454,620.8092099161343,12274000
2025-01-23,633.9066162109375,634.0559803027825,618.6677705767347,624.8529151272735,9910200
2025-01-24,644.9024658203125,649.3944525113692,631.6655977145533,633.8568181481475,19065300
2025-01-27,657.2431030273438,661.2171491316126,622.602055853139,624.1060315708714,28399200
2025-01-28,671.6351928710938,679.8522234062305,656.8345316694918,663.3384650183111,20950100
2025-01-29,673.78662109375,678.3283961259809,663.0098523603809,672.3025851139503,21377800
2025-01-30,684.254638671875,707.9495481611209,673.3981724899843,694.0354036840853,29322900
2025-01-31,686.4259033203125,702.4814799874082,682.8403138955325,688.2386375622425,19303900
2025-02-03,694.6728515625,701.1866947109021,672.5515846641146,673.2089204422564,21415700
2025-02-04,701.3759765625,704.8819296826665,688.8462306970774,699.6927275691532,13826300
2025-02-05,702.05322265625,715.270213081664,696.2166547369433,700.7384902909668,17778200
2025-02-06,709.144775390625,716.0271960756166,700.6887123835558,703.0592064230789,13080700
2025-02-07,711.6646118164062,722.1126813232647,708.9056620031818,713.9354687323457,16427100
2025-02-10,714.5331420898438,718.317944327383,708.4873917995161,715.688479736199,12904300
2025-02-11,716.923583984375,720.7681443890708,707.2025763439763,710.4694982653,12998000
2025-02-12,722.4812622070312,724.1943596127884,709.7523040950127,712.4415265910553,12016500
2025-02-13,725.6486206054688,726.086864766196,715.170639811608,718.6367748250889,12569100
2025-02-14,733.7261352539062,737.9491818288359,722.7203049282167,723.2382463806609,16901200
2025-02-18,713.5072631835938,734.0548271850589,703.6169523863489,733.058823348987,21938700
2025-02-19,700.9575805664062,704.1746532347755,692.6110642545813,701.2862180351365,17535500
2025-02-20,692.0632934570312,702.8101523617008,690.8680767624129,694.4935451126314,12587400
2025-02-21,680.818359375,701.057163114329,679.6331124665386,693.7963175740036,15660400
2025-02-24,665.4600830078125,684.5236120270697,659.8027882150541,683.5375779038759,15677000
2025-02-25,654.87255859375,665.330599453422,639.2950431423949,663.3086823740839,20579700
2025-02-26,671.0078125,680.2806060030118,655.3705397430182,657.0139704281752,14488700
2025-02-27,655.6095581054688,685.8980689317682,654.9422525540249,679.7228329637242,12500000
2025-02-28,665.52978515625,666.9540633677159,640.0320501051021,655.4103519906419,17534200
2025-03-03,652.4322509765625,678.5275616526835,648.2391140524159,670.9878058928375,10843800
2025-03-04,637.4424438476562,647.1534810781478,621.1578057314852,642.9304346142569,21495200
2025-03-05,653.8466186523438,656.8645394995948,635.1117886533837,638.4384682626843,13770000
2025-03-06,625.420654296875,647.9602249904791,621.6159125135576,645.4104577126469,13446500
2025-03-07,623.1597290039062,632.2532488274342,598.2098452417057,622.8709097782997,21375700
2025-03-10,595.6002807617188,607.6718415110856,584.5247237757733,605.6400157185544,21999900
2025-03-11,603.28955078125,612.4726776603288,590.9590175004934,592.6721150475107,17401500
2025-03-12,617.0840454101562,630.7990357116678,606.9148258229645,627.3827503406967,15747000
2025-03-13,588.2796630859375,618.0203201472846,584.1661627799172,617.7713192124952,16480300
2025-03-14,605.7102661132812,606.9663570960139,592.9301914090029,600.9252068633762,12364500
2025-03-17,603.0187377929688,611.1931864721827,596.1401729971761,605.5707735579393,15473900
2025-03-18,580.5487670898438,598.3831413748485,572.8727029614505,598.1837512328132,20297700
2025-03-19,582.2435302734375,590.4778508331983,572.9824447250121,582.4628776976826,20537500
2025-03-20,584.1775512695312,608.3023019039958,577.7077447799743,580.947637342476,24336500
2025-03-21,594.3956298828125,595.6815960079244,579.1432258888485,581.6055148479699,25015900
2025-03-24,616.9252319335938,620.6037577505249,610.2959512327303,613.0572946197622,15741300
2025-03-25,624.3621826171875,631.9086473292332,619.2481319746062,624.81079529283,15312500
2025-03-26,609.0797729492188,624.8007461767364,604.7233689444203,622.9465455616044,12609800
2025-03-27,600.7059326171875,612.3396207064936,598.2336042918504,600.1277194388429,10436500
2025-03-28,574.9462890625,599.8785159717515,572.1350521556752,598.4429920373162,17602800
2025-03-31,574.5674438476562,576.9001929680891,551.57916536005,561.7474544327795,21124700
2025-04-01,584.1775512695312,588.0753644727768,568.2273109618308,569.0647253499337,12836600
2025-04-02,582.114013671875,590.8168445483201,571.5768782871228,573.1220457329204,13470800
2025-04-03,529.9666137695312,550.8414911032017,528.6507117752637,544.5211822460076,34777500
2025-04-04,503.1602783203125,516.3889970810194,492.6630283031205,505.0443845169023,38589800
2025-04-07,514.6444091796875,537.6924987241373,480.40123514295635,483.591294981514,36606100
2025-04-08,508.86248779296875,545.7274587202911,501.29606629091035,541.5604660254379,28034200
2025-04-09,583.9482421875,586.06164400195,500.54839536763654,507.68613102008703,39216600
2025-04-10,544.5909423828125,579.4920662876316,533.635132502997,573.7001386064724,28173500
2025-04-11,541.8794555664062,545.6975609575977,526.9460641882466,533.844525327306,17642300
2025-04-14,529.8270263671875,556.0353008675298,526.6370273527008,554.4402405149555,14130900
2025-04-15,519.8981323242188,536.2670503486098,515.890614744966,530.4551641641592,15558700
2025-04-16,500.747802734375,511.7734034642656,494.08858497853294,506.92853277097964,18735100
2025-04-17,499.9203796386719,505.72225598652767,496.4611703190648,503.67864377215466,14593500
2025-04-21,483.15264892578125,491.9651517419281,478.30774832896276,489.80188733411177,16166000
2025-04-22,498.72412109375,505.3036010873951,484.847399099468,490.34027265884373,17399400
2025-04-23,518.6519775390625,533.6751170758674,514.9136400551463,526.8862986388891,18173900
2025-04-24,531.4918823242188,532.2395497601927,515.8905308220942,517.1166859465856,13910000
2025-04-25,545.5679931640625,548.1499041120835,534.5822462279478,545.09942323875,17098900
2025-04-28,548.0302734375,556.7530605327843,538.9087668679174,553.9119485027396,15179000
2025-04-29,552.7156372070312,554.8390175563454,542.4277261633298,544.3018840382675,11835000
2025-04-30,547.2925415039062,547.392206153298,527.8531889368276,536.725533164549,29244000
2025-05-01,570.430419921875,591.1059077397648,568.7257162038675,590.238618351305,31159000
2025-05-02,595.1632080078125,602.4604491374204,576.5313339553563,581.6453838419038,24739300
2025-05-05,597.40625,601.3339987723356,586.2211133050413,589.3812373579714,13887700
2025-05-06,585.4833984375,594.1763099115676,584.7556882888333,590.687195299098,10600700
2025-05-07,594.953857421875,601.2043765510581,584.8453792561588,588.5239054125428,13139100
2025-05-08,596.1502075195312,609.3988539126512,594.7645157959997,604.4044252029665,14622800
2025-05-09,590.6473388671875,605.0822864134453,589.8697963166327,601.8423939545719,10427300
2025-05-12,637.4413452148438,638.3983814888618,619.0986063028438,628.9578018482097,21965100
2025-05-13,653.98974609375,658.8644917290795,640.8307865245315,643.5323193603671,18570800
2025-05-14,657.3093872070312,660.6090907304957,652.275104788711,659.1536702462474,12348200
2025-05-15,641.8775634765625,655.2657894050994,636.5940584364806,652.2452442251054,14341800
2025-05-16,638.3485107421875,638.448175394899,624.2026405076157,635.9759078924747,18519000
2025-05-19,638.438232421875,641.0002469311114,625.8475073073743,626.2961199602966,9592400
2025-05-20,635.1185913085938,637.3615937967512,630.2936778074568,634.0320152877193,6743500
2025-05-21,633.5235595703125,644.5989922480402,628.2101191307713,629.8250759728282,11464600
2025-05-22,634.5902099609375,641.2494271811771,628.7484497588706,632.078027946325,8228400
2025-05-23,625.1097412109375,630.4829920563529,620.7134837844421,622.0592607315479,8454100
2025-05-27,640.3223266601562,641.0799727179783,630.7820830337338,633.4337833907804,9508400
2025-05-28,641.5784301757812,648.8557144048555,640.5516043549418,640.6014366817531,9042900
2025-05-29,643.0438232421875,651.2881222551338,637.5110964196524,649.6233331448041,8858800
2025-05-30,645.4762573242188,647.3902689717587,630.8120452521741,640.501786260345,16241000
2025-06-02,668.8134765625,671.166122188044,642.256314296396,642.3859148545713,15766300
2025-06-03,664.7760620117188,673.4789529536675,662.9617757833167,669.3617924489035,11585000
2025-06-04,685.8104248046875,686.857147039673,666.4906935079915,667.238360939457,14031900
2025-06-05,682.4907836914062,692.2204392102127,680.1281594087234,689.5088669424362,13083100
2025-06-06,695.5401000976562,700.6242144400436,689.7182360915449,694.0048506531133,11728000
2025-06-09,691.9014892578125,702.9968801187655,691.7818673222771,696.2878297119079,12773200
2025-06-10,700.2155151367188,701.0428899746662,689.4092014623567,699.1687320280228,10850100
2025-06-11,691.981201171875,706.6653705943312,689.8378634515371,701.5214452489874,9582500
2025-06-12,691.2035522460938,693.2172892731859,684.8633472153633,691.143741287137,7322700
2025-06-13,680.7462158203125,692.409840070813,678.8920151692206,685.8104336581752,9274400
2025-06-16,700.4749145507812,705.4931583928874,691.8851025594383,697.6914734952734,13720300
2025-06-17,695.5963745117188,704.3158869977019,694.4291328649981,700.3552179138009,10066100
2025-06-18,694.1398315429688,699.9462025997926,693.2718748228809,696.5441581244662,10068300
2025-06-20,680.7511596679688,700.1755711266569,677.0797895921414,699.10807093925,22538600
2025-06-23,696.8933715820312,697.4121118139869,677.1596869463602,682.0881149489193,11080100
2025-06-24,710.5313110351562,711.5189816994163,700.4649253469852,703.2384409706419,13823200
2025-06-25,707.0194702148438,714.9009839215107,703.7272146901875,711.6486127508716,9320400
2025-06-26,724.3887329101562,726.5136861086672,709.3839340058294,712.686175943774,13964800
2025-06-27,731.9111328125,733.7069032905775,724.1593181930845,724.8178059334097,18775700
2025-06-30,736.3606567382812,746.1476691378697,732.5296271967599,742.8054817668852,15402100
2025-07-01,717.5348510742188,736.0214648412638,713.6938959127618,735.1535081071979,13431200
2025-07-02,711.8980712890625,718.6122830220947,711.1298559583659,713.6539572494278,9336700
2025-07-03,717.3253784179688,727.3219211703462,712.7461059372963,724.9075473573512,8601700
2025-07-07,716.6668701171875,725.29662738586,711.8382444141125,715.9186273791692,9457100
2025-07-08,718.9814453125,721.2161872254258,713.1351899702655,719.8793609595846,7770700
2025-07-09,731.0631103515625,735.8019810021477,721.0266226856489,721.0266226856489,11418000
2025-07-10,725.5360107421875,734.0759515650559,717.9138972384281,729.8359096434607,9913600
2025-07-11,715.8289184570312,723.4609583411119,708.037219345619,720.807217385224,10873900
2025-07-14,719.2308349609375,726.2942632522581,714.8710789388857,715.9186065632238,8939400
2025-07-15,708.7255249023438,722.7724907094275,708.1568531421487,722.2038798413794,11529500
2025-07-16,701.2630004882812,712.2970836136572,697.6315755690009,711.6985138171127,13067600
2025-07-17,699.7665405273438,704.2460714207873,695.4766277838654,702.7395996705828,11803300
2025-07-18,702.6298828125,703.0588680042227,690.0294703606638,700.5447529444856,12779800
2025-07-21,711.2994384765625,715.3200251684316,704.1063709182977,705.1439122135475,9404400
2025-07-22,703.1586303710938,714.9209845240272,699.7665722015134,714.5119719450398,8921100
2025-07-23,711.9080810546875,712.9556086996904,703.2783238666914,704.7149523459423,8771600
2025-07-24,713.125244140625,721.9245865914077,712.3271306824367,715.3699724936158,10920800
2025-07-25,711.0101318359375,718.9614892126135,710.2319910963464,715.2401874661052,8271700
2025-07-28,715.9485473632812,723.0418735196432,711.010133382621,713.5242483310619,8715700
2025-07-29,698.35986328125,722.7724995594365,698.270047363426,718.3130022321428,13267000
2025-07-30,693.5811157226562,706.8399547738821,689.5805015781577,706.4309422136296,27077300
2025-07-31,771.6278076171875,782.9113054874113,763.7163951695271,773.3836936232736,38831100
2025-08-01,748.2527465820312,764.2052724882252,743.5637464392476,758.9476005405788,19028700
2025-08-04,774.5509643554688,775.029820232538,756.6330226185955,758.2193240496142,15801700
2025-08-05,761.6712036132812,781.2950989411861,761.212259491104,774.6307577641016,11640300
2025-08-06,770.18115234375,771.8273106109475,758.678199773599,768.1958248249329,9733900
2025-08-07,760.0449829101562,773.1841074016191,757.7702959207965,771.6776357205837,9019700
2025-08-08,767.4974975585938,768.0961282780016,756.8026440305783,760.9628565603988,7320800
2025-08-11,764.0755615234375,771.6478049440495,762.8783609453131,768.2757194135389,7612000
2025-08-12,788.1489868164062,791.8103707559926,770.6201469797736,771.1888187456735,14563100
2025-08-13,778.2523193359375,793.5962894533881,776.4066172801486,789.2963900548351,8811800
2025-08-14,780.2974243164062,785.9641084064921,770.6999694623344,776.0573823379099,8116200
2025-08-15,783.3901977539062,794.3843975355859,778.9905571139482,782.3127720209482,13375400
2025-08-18,765.572021484375,773.9922487170201,754.7873521125813,773.2739649293972,16513700
2025-08-19,749.7192993164062,765.3725408429555,747.6042712449723,765.3226701689615,12286700
2025-08-20,745.968017578125,748.4422481947564,729.2872227778392,745.8184055724877,11898200
2025-08-21,737.3682250976562,743.7532539146816,731.392269728463,742.965126847803,8876300
2025-08-22,753.021484375,755.1265868650723,732.6693186706706,737.4979443181139,10612700
2025-08-25,751.5350341796875,757.1019774988098,748.372478420576,753.0514923621954,6861200
2025-08-26,752.3331298828125,753.1013452690629,746.187589469264,749.0408739151204,7601800
2025-08-27,745.62890625,752.3830637406979,741.0995653139147,750.5373617239242,8315400
2025-08-28,749.3501586914062,751.2856157691724,739.0643171271723,742.2568318080029,7468000
2025-08-29,736.96923828125,745.3894657992533,733.6270507950396,743.5338383928589,9070500
2025-09-02,733.3875732421875,734.2755025264773,720.0389186102121,724.3388175548104,9350900
2025-09-03,735.3230590820312,738.5155735710689,732.2702311831985,734.2755314397929,7699300
2025-09-04,746.8959350585938,759.3765729399474,744.0725487076684,746.8161054490425,11439100
2025-09-05,750.68701171875,756.1741251448537,743.2844139282448,750.8565963566639,9663400
2025-09-08,750.537353515625,764.7140814935753,750.2580412178338,754.2286966166499,13087800
2025-09-09,763.9059448242188,764.5045146420852,751.6646744655906,755.715159278882,10999000
2025-09-10,750.2180786132812,763.9059640843684,749.2403942554,763.3372922969834,12478300
2025-09-11,749.1406860351562,755.3261108896929,746.6165845282627,752.8818998869256,7923300
2025-09-12,753.8196411132812,755.7949823874058,742.0173423532742,746.9756681630587,8248600
2025-09-15,762.9083251953125,772.2563664766384,750.2280827190908,755.6952236302711,10533800
2025-09-16,777.1748046875,779.5292605984961,763.3073480005289,765.2029206615051,11782500
2025-09-17,773.9024658203125,781.4547366857648,764.5145401578408,778.16248073438,9400900
2025-09-18,778.4218139648438,786.9318567440129,771.5479431530769,778.9206424262118,10955000
2025-09-19,776.5562744140625,788.9471575257752,767.3878039844694,784.5774149162842,23696800
2025-09-22,763.8824462890625,784.4181095052566,763.1935958899483,780.5445827585347,11706900
2025-09-23,754.1387939453125,769.3133669851754,749.8160063356215,767.9656453445465,10872600
2025-09-24,759.3899536132812,759.8392144671293,751.2735837511626,756.2352564498105,8828200
2025-09-25,747.6595458984375,755.5064686568031,743.3068402529434,752.1920046258563,10591100
2025-09-26,742.5081787109375,750.6745134518627,736.1188402620083,748.7477432379202,9696300
2025-09-29,742.1588134765625,749.5264964028529,737.9159094495395,747.4698773667765,9246800
2025-09-30,733.15380859375,741.729431724798,725.0872827303901,741.0106631587118,16226800
2025-10-01,716.142333984375,720.6447527663656,709.0142405229949,720.2853684573676,20419600
2025-10-02,725.8360595703125,726.5548890984803,716.9409630753169,721.3735522103992,11415300
2025-10-03,709.3735961914062,729.7794705550638,708.9942257916973,728.4117628788885,16154300
2025-10-06,714.465087890625,715.6830826309072,689.3571155710283,704.0125981338592,21654700
2025-10-07,711.889404296875,717.3003375901077,704.5716259627259,716.5216106896504,12062900
2025-10-08,716.6414794921875,718.4484549738279,706.6281969142439,712.2587946669486,10790600
2025-10-09,732.2852783203125,732.2852783203125,711.2504512938121,717.0807271377935,12717200
2025-10-10,704.1223754882812,734.0423674154782,703.333716456913,729.6995938834806,16980100
2025-10-13,714.5050048828125,718.7379155876384,706.4584651360833,711.8194939498104,9251800
2025-10-14,707.4668579101562,714.3553010671379,698.1624113283383,706.5983153422467,8829800
2025-10-15,716.3519287109375,722.6913629779451,708.3253746524584,715.8627565899488,10246800
2025-10-16,710.881103515625,724.2786798244232,702.7047754671785,716.3519343648386,9017000
2025-10-17,715.7229614257812,717.3402516818879,704.9410060739878,705.8994251244851,12232400
2025-10-20,730.947509765625,732.5448748734839,718.9775387090459,719.9858621042338,8900200
2025-10-21,732.0457153320312,737.2669635645257,727.5332426508437,734.7911237948646,7647300
2025-10-22,732.1854248046875,739.3634223567747,722.8211423130082,732.6047674176828,8734500
2025-10-23,732.7744750976562,741.170406509876,731.8759534115667,733.4733185275871,9856000
2025-10-24,737.1271362304688,739.9724141089259,729.9292138570585,735.5597503675807,9151300
2025-10-27,749.56640625,754.4881675999588,746.7611003830549,748.4781993498117,11321100
2025-10-28,750.1853637695312,757.1337649704751,744.2752651341964,751.3733793283152,12193800
2025-10-29,750.4149780273438,757.8924628078227,741.2702985772319,753.4898526523095,26818600
2025-10-30,665.357177734375,679.8230352249238,649.0844057389726,668.0327566076506,88440100
2025-10-31,647.2674560546875,673.7631824593219,644.4921293755289,673.383812052831,56953200
2025-11-03,636.645263671875,658.2291607688485,635.1177890022415,654.90470367213,33003600
2025-11-04,626.2725830078125,640.6684891460408,624.9647727272926,626.9913515895119,27356600
2025-11-05,634.88818359375,641.1576663615418,625.4938610947797,631.2542465797685,20219900
2025-11-06,617.9065551757812,634.938067569805,616.9681222612256,634.7882936522686,23628800
2025-11-07,620.6719360351562,621.0912176885568,600.1961723842201,615.4606203242017,29946800
2025-11-10,630.7051391601562,633.9397194755629,617.0779066438014,630.0362749426478,19245000
2025-11-11,626.0330200195312,628.5088598168925,618.3558571038752,626.9514668906089,13302200
2025-11-12,607.9931640625,627.939784558569,606.7552442025384,627.0812350986922,24493300
2025-11-13,608.8717041015625,616.6187572691151,601.993193452889,612.0463872625083,20973800
2025-11-14,608.4424438476562,612.6553687237855,594.2062431482154,600.7852061056304,20724100
2025-11-17,601.0048217773438,610.6686515784111,594.4058732487083,608.0230519623859,16501300
2025-11-18,596.6920776367188,602.6520806612418,582.8053290854997,590.612218909938,25500600
2025-11-19,589.3343505859375,594.3359951431619,580.2794874440681,592.7286370493186,24744700
2025-11-20,588.1663818359375,605.7069934113463,582.376016746667,602.4923987587222,20603000
2025-11-21,593.2578125,597.1213460929463,580.88848479756,587.517412968027,21052600
2025-11-24,612.0264282226562,615.6703584886146,596.6321908004635,597.7203367937327,23554900
2025-11-25,635.15771484375,635.9863461070595,617.2676517847817,622.9581470454041,25213000
2025-11-26,632.5521240234375,637.2941935276676,630.575449286631,636.6253292062765,15209500
2025-11-28,646.8681640625,646.9679727244463,634.4389389877349,635.0179876534709,11033200
2025-12-01,639.7999877929688,644.2425701847634,636.6951949252638,638.482184375183,13029900
2025-12-02,646.01953125,646.7882651016448,637.0046400682228,641.2675300698932,11640900
2025-12-03,638.5321044921875,647.766660764867,636.4855393427306,643.3340713166507,11134300
2025-12-04,660.4254760742188,674.9710950003275,658.9479057878542,674.8712863431018,29874600
2025-12-05,672.2955932617188,673.5634922785046,661.2840414153883,662.8913386215002,21207900
2025-12-08,665.6866455078125,675.5801331063639,663.9595535520253,668.2224435191038,13161000
2025-12-09,655.8630981445312,663.3705005924867,652.2491473204041,662.6617250742562,12997100
2025-12-10,649.0444946289062,653.4171862971667,642.3257510862366,648.8648024836247,16910900
2025-12-11,651.6202392578125,654.1859556266841,639.7300904007725,642.2159232785478,13056700
2025-12-12,643.1543579101562,709.8128965395189,637.543746077992,648.7150654102267,14016900
2025-12-15,646.9561157226562,652.4414097008485,638.1536544261938,645.1476664750544,15549100
2025-12-16,656.587890625,661.973233609148,642.6498114209788,642.9495426008936,14309100
2025-12-17,648.9443969726562,660.664343241777,648.644665798819,655.0491556477624,15598500
2025-12-18,663.881591796875,669.9863502083882,655.8984367998282,656.4679564970005,20260300
2025-12-19,658.2064819335938,670.4260003995075,657.6169598101359,665.8499012351181,49977100
2025-12-22,660.9341430664062,673.0038267300547,656.0883162216827,661.0840391473547,15659400
2025-12-23,664.3711547851562,665.4302455294139,657.6868755551602,659.4853234816244,8486800
2025-12-24,666.9789428710938,667.6084088263418,661.633543835896,661.9632786179176,5627500
2025-12-26,662.7225952148438,668.3777877623371,660.7543096382171,667.4885344385556,7133800
2025-12-29,658.1265258789062,659.6851889371151,653.8302165118,657.4471149030659,8506500
2025-12-30,665.3803100585938,671.6449047754843,657.2772625792347,658.1265110341435,9187500
