Date,Close,High,Low,Open,Volume
2015-01-02,141.716064453125,142.74344879151678,140.95149003775353,142.2815201878025,4997200
2015-01-05,139.24710083007812,141.13463846851502,138.94446725309888,141.01516729254092,6700200
2015-01-06,138.0923614501953,139.8046732058568,137.24019159283168,139.4542558272923,10131400
2015-01-07,139.84432983398438,140.0036124798018,138.7691628603516,139.25498282921123,5547000
2015-01-08,142.36912536621094,142.52842030832684,141.13467463229784,141.17448621532893,7166700
2015-01-09,141.1426544189453,142.6080757340462,140.6727658699455,142.54436017871578,6646600
2015-01-12,140.36219787597656,141.46923012345846,139.7409862350876,141.3179071579209,4305300
2015-01-13,140.1550750732422,142.58417734094863,139.13565053999145,141.5408609946138,9913500
2015-01-14,138.6259307861328,139.15157495059034,137.31979241391912,138.13215047239908,11090600
2015-01-15,137.82943725585938,139.43822066077914,137.6303308199408,139.1674388245281,9293700
2015-01-16,139.2307586669922,139.46989333772285,137.19813221012362,137.55684029766687,8721900
2015-01-20,139.4141845703125,139.98013660294563,138.011278866588,139.67723167030513,7224100
2015-01-21,139.77281188964844,140.0916500402289,138.42569820208874,138.89598873120846,6259300
2015-01-22,141.82142639160156,141.99679109061861,139.10328571973778,140.22721070082875,9565100
2015-01-23,140.6177215576172,141.7416459283319,140.60177600375698,141.6539636264415,4795300
2015-01-26,140.68954467773438,140.8569426888009,139.79678771978314,140.41853091019937,3730400
2015-01-27,138.36988830566406,139.29453592676202,137.57278080393723,138.2981515496035,11565100
2015-01-28,136.8793487548828,139.18298974920512,136.7757208515062,139.13516522853882,9673200
2015-01-29,138.61708068847656,138.7525997560874,136.3532968164731,137.23012050917322,9615200
2015-01-30,136.66415405273438,138.65692390524697,136.5206804615464,138.0590929494932,11138500
2015-02-02,138.11485290527344,138.24238089192016,135.58802298654496,137.0626649158758,9437900
2015-02-03,140.55401611328125,140.60980733309665,138.77646917194235,138.80038143227745,7543400
2015-02-04,140.71337890625,141.54237747566762,140.11554831139665,140.13149386620324,5935900
2015-02-05,142.3236083984375,142.39534518551292,141.15982559108974,141.31127802796038,6037800
2015-02-06,141.9568634033203,142.9691932743666,141.4706273704141,142.53876060136668,7211900
2015-02-09,141.15975952148438,141.83730573891793,140.83294253835078,141.2314962749835,3723100
2015-02-10,142.29164123535156,142.48295139488724,141.199607961542,142.02062763151318,3572700
2015-02-11,142.443115234375,142.75398668904614,141.62209543965645,141.9568791475411,5174500
2015-02-12,143.351806640625,143.42354339490865,142.68223927485454,142.8974617006004,3742700
2015-02-13,143.75038146972656,143.90980055693078,143.28805760280667,143.47936780518975,3998200
2015-02-17,143.93370056152344,144.03731626103826,143.24818765621126,143.5271679707753,2850900
2015-02-18,143.85400390625,144.02138968446664,143.45545012187247,143.62283590008914,2724800
2015-02-19,143.5510711669922,143.82208476846665,143.02497735502845,143.3757065630043,2663500
2015-02-20,144.78195190429688,144.82990687653916,142.67184775310244,143.19137621382887,8914600
2015-02-23,144.60621643066406,144.60621643066406,144.12665415547585,144.43837390297807,2738600
2015-02-24,145.39744567871094,145.51733314491503,144.58217432028326,144.6940733541004,4228700
2015-02-25,145.43734741210938,145.6051897899886,145.1176273179295,145.31744780326397,2822900
2015-02-26,145.47738647460938,145.66123020935663,144.9898237186063,145.40545398505523,3045800
2015-02-27,144.82200622558594,145.42146813411102,144.79002809399103,145.4134675031704,3161300
2015-03-02,146.01287841796875,146.01287841796875,144.96582060146082,144.96582060146082,3213100
2015-03-03,145.36550903320312,145.78113936143302,144.8220027698962,145.6532512302725,2825800
2015-03-04,144.49429321289062,144.99784510401435,143.97476445252227,144.99784510401435,3820200
2015-03-05,144.80596923828125,145.02976730104774,144.438306219199,144.8699132842259,2410700
2015-03-06,142.5919647216797,144.37437312285914,142.37616727083963,143.96673132355556,7297400
2015-03-09,143.71095275878906,144.02267235228425,142.69586087388763,142.69586087388763,3844900
2015-03-10,141.2251739501953,142.679861213067,141.2171733227005,142.57596282034092,6070100
2015-03-11,140.95339965820312,141.70471456854827,140.8574775152902,141.45693907517017,5584600
2015-03-12,143.04757690429688,143.08754346485446,141.63284359391625,141.6648217207951,4024300
2015-03-13,141.92059326171875,142.67192073404436,140.8895242428583,142.58399917460025,6833900
2015-03-16,143.69497680664062,143.7988874126443,142.47207581321504,142.47207581321504,5550100
2015-03-17,142.67189025878906,143.0475539147087,142.16035007567638,142.90367675904074,5392900
2015-03-18,144.45433044433594,144.67812858047677,141.44903247609943,142.2003600171795,11294400
2015-03-19,143.59912109375,144.18259400224417,143.31936729313884,144.01473928266043,6229200
2015-03-20,144.88894653320312,145.4574142064858,144.25641171015272,144.48861236775878,5999200
2015-03-23,144.80091857910156,145.5215154191809,144.79290407421715,144.96104985275997,3593900
2015-03-24,143.98416137695312,145.0730705987724,143.93612324054192,144.6407029366177,4692100
2015-03-25,141.6541748046875,144.24834340771076,141.62215346168782,144.08019775959758,8474700
2015-03-26,141.302001953125,141.95855611979226,140.48532871484738,141.03777982877605,6604500
2015-03-27,141.56607055664062,141.69418033568175,140.89351254250607,141.18175343673815,3971800
2015-03-30,143.6317901611328,143.9280333252631,142.74304845152142,142.76706750714166,5399300
2015-03-31,142.18267822265625,143.383680673016,142.06257064728305,142.9353083796383,4633800
2015-04-01,141.51014709472656,142.15067208475986,140.57336646871025,142.15067208475986,7440500
2015-04-02,141.98243713378906,142.44682597191508,141.26182870888087,141.47801245807557,3223600
2015-04-06,142.99136352539062,143.45575265339542,140.98969256876475,141.1738550931799,6284900
2015-04-07,142.85520935058594,143.78398733342826,142.85520935058594,143.1354480889832,6011600
2015-04-08,143.1195068359375,143.7680464226466,142.4869840414478,142.99941143737388,4738500
2015-04-09,143.639892578125,143.82405508922866,142.50294502300898,143.04740583681652,4483800
2015-04-10,144.41661071777344,144.4726633915151,143.4638130020441,143.85614506653116,3463600
2015-04-13,143.83201599121094,144.8088320437698,143.7119206639396,144.25636910387047,3358200
2015-04-14,144.264404296875,144.5526453653067,143.15949038224386,143.78401066097445,4811400
2015-04-15,144.82492065429688,145.22525490005313,144.48062684998607,144.78488478627494,4377800
2015-04-16,144.8489227294922,145.32931643767276,144.4645931022715,144.65675791588185,3873900
2015-04-17,142.5639190673828,143.74167073750704,141.9389911067296,143.62950449393347,8683500
2015-04-20,144.23841857910156,144.7031108384559,143.53336656832877,143.66156006577924,5355800
2015-04-21,143.62149047851562,144.9194281774903,143.38915047372126,144.77520744418015,3596600
2015-04-22,144.26251220703125,144.41474051922933,143.052717672273,143.93402082020484,5575200
2015-04-23,144.5107421875,145.07158537825725,143.5733506682373,143.76564081008536,4893000
2015-04-24,144.6470184326172,144.8713631608471,144.04612517982676,144.61497617155834,4010000
2015-04-27,144.35057067871094,145.44819835814081,144.18232742685856,145.3841138409042,4969100
2015-04-28,144.88735961914062,144.96748359933085,143.31703229911707,144.50279140967405,4534200
2015-04-29,144.2703399658203,144.7831012573565,143.60535056465417,144.05401516659916,6559400
2015-04-30,142.75621032714844,144.23041109770276,142.1713443045748,143.9740241027525,8564600
2015-05-01,144.13429260253906,144.22242412392194,143.39719816243104,143.58148094136374,3895700
2015-05-04,144.56687927246094,145.05560618112665,144.414651054568,144.48675529719029,3256900
2015-05-05,143.42120361328125,144.6870869230112,143.23693309721068,144.3986576597157,5316300
2015-05-06,142.9244384765625,144.41465398029092,142.01108137590327,144.11019753833705,7534200
2015-05-07,143.63755798339844,143.9740568218387,142.52390269955774,142.708173253302,4142800
2015-05-08,145.69659423828125,145.83279524686398,145.07967371982593,145.1277432257722,5529600
2015-05-11,145.0796356201172,145.81672970986813,144.9193999006412,145.63245924373084,3753600
2015-05-12,144.79122924804688,145.1998322308697,143.6295048173044,144.29449477184613,4742800
2015-05-13,144.81533813476562,145.36816212849212,144.59901304478356,144.89546216074714,3851400
2015-05-14,146.2494659423828,146.3295899687227,145.60050289474384,145.66459967077373,4921400
2015-05-15,146.52481079101562,146.54889872154692,146.05106515422872,146.33210734676527,4522200
2015-05-18,146.68544006347656,146.95041962199844,146.2919955920633,146.48469908752878,2890500
2015-05-19,146.88609313964844,147.16713523869646,146.4364355829712,146.87806791622546,2766600
2015-05-20,146.7095489501953,147.2234453889972,146.58909700613168,147.12708138329475,5080800
2015-05-21,146.77371215820312,146.97445305971468,146.42844368868433,146.63720981544554,2724200
2015-05-22,146.3481903076172,146.73362178624186,146.17153727631162,146.54893127480477,2357000
2015-05-26,144.83053588867188,146.08315710346628,144.36481554558773,146.08315710346628,5529700
2015-05-27,145.7540283203125,145.97081977810595,144.89485096152933,145.1518053219252,3588200
2015-05-28,145.5693359375,145.6014613582722,145.05543947546812,145.42480830079953,3660900
2015-05-29,144.6217498779297,145.4889518886409,144.26844399368622,145.47288918874347,4923700
2015-06-01,144.8546600341797,145.45688286511822,144.38091434771587,145.33644319983244,4349000
2015-06-02,144.65394592285156,145.30435699280608,143.94734600168087,144.59774481937825,5106200
2015-06-03,145.2401123046875,145.93066173999122,144.62985190700812,145.21602436817452,5481500
2015-06-04,143.89903259277344,145.27209272841938,143.55375206448977,144.677895582109,7312500
2015-06-05,143.3289794921875,144.0998298149003,143.1282386245514,143.79469977537332,5228700
2015-06-08,142.77488708496094,143.40923488511885,142.67049794644845,143.3369588841699,4380500
2015-06-09,142.69464111328125,143.13626121214674,142.285121909406,142.78296758350436,4722400
2015-06-10,144.5816650390625,144.96708424621676,143.2326916878947,143.2326916878947,5480900
2015-06-11,145.04730224609375,145.54513561333053,144.84656140417587,145.08745286492706,3714800
2015-06-12,143.8349151611328,144.58166564388404,143.50569704943882,144.42107532791928,4566800
2015-06-15,143.0078582763672,143.2246496816461,142.21291970024527,142.83923048667273,5502700
2015-06-16,143.89903259277344,144.01947216528785,142.8310901249125,142.98365508492768,3276900
2015-06-17,144.11593627929688,144.6458953163867,143.3210099759171,144.26047613134637,3650900
2015-06-18,145.60142517089844,146.09123357174462,144.64589630266937,144.70210964892053,6542800
2015-06-19,144.7238311767578,145.51283289499787,144.69967931648222,145.43231850423174,3964000
2015-06-22,145.65773010253906,146.12468649775113,145.45645642967713,145.7462910099891,4048300
2015-06-23,145.81881713867188,146.1811197529404,145.52093588983206,145.81881713867188,3116800
2015-06-24,144.44207763671875,145.69802370367196,144.42597229912948,145.36793184934442,4328900
2015-06-25,143.83013916015625,145.01362915379062,143.78183545180678,144.95727892230562,3602700
2015-06-26,144.2167205810547,144.780284816752,143.8544178793831,144.28112967724567,4855500
2015-06-29,141.40692138671875,143.47602196131436,141.3666641694927,142.9849133946235,8888700
2015-06-30,141.5518341064453,142.50988700853628,141.2539405495345,142.50184047961648,9149800
2015-07-01,142.82382202148438,143.16197267037546,142.1636506300451,142.96069895710687,4135100
2015-07-02,142.54202270507812,143.3471174254855,142.21997744605287,143.13778493592645,4008600
2015-07-06,142.244140625,142.61448963115964,141.16531656214374,141.36659025826341,3748700
2015-07-07,143.00900268554688,143.08950479999237,140.4407481386254,142.4051815457292,7783800
2015-07-08,140.8915252685547,142.05086321346994,140.71440351115007,141.785180577363,6849400
2015-07-09,141.10096740722656,142.8802330415808,141.0607224787345,142.6225967044822,4581400
2015-07-10,142.83187866210938,143.14586515864684,142.19584685837174,142.67890867678585,4504400
2015-07-13,144.59512329101562,144.67562545153825,143.95104458293676,143.9751964595715,3873800
2015-07-14,145.18280029296875,145.351863383837,144.3615998544227,144.47431267659363,2757100
2015-07-15,145.1907958984375,145.49673585907422,144.83655221449436,145.17470284718334,3407900
2015-07-16,145.77854919433594,145.9234603893414,145.31963917393722,145.88320318469295,2495100
2015-07-17,145.49008178710938,145.5545521170978,145.06297661033693,145.44979859026748,2762300
2015-07-20,145.6109161376953,145.94132184942757,145.34498073287085,145.82043541280532,2961600
2015-07-21,144.22482299804688,144.82116406381888,143.7896515375922,144.80504341435133,5026700
2015-07-22,143.68490600585938,144.18453549891842,143.3142048263149,143.78965949206165,3811500
2015-07-23,142.76629638671875,143.70915200822884,142.5003608581196,143.70915200822884,4968600
2015-07-24,141.44456481933594,142.83869931605818,141.27532879193717,142.8225786714371,4591300
2015-07-27,140.40516662597656,140.84839266064634,140.04253161450626,140.59857770377712,5370200
2015-07-28,141.92005920410156,142.05705398076213,140.4614540153863,140.91273382002169,5625900
2015-07-29,142.84681701660156,143.08857760763675,141.9684320890796,142.09737271049232,4175900
2015-07-30,142.8146209716797,142.95161580237922,141.9362358414228,142.66955966499603,3659000
2015-07-31,142.37939453125,143.2255503211678,142.22629140044236,143.17720066970722,4483800
2015-08-03,141.62989807128906,142.53245735599808,140.81598388036028,142.49217419228273,4530500
2015-08-04,141.2834014892578,141.93614621601617,140.88852560555668,141.66214443117786,4055700
2015-08-05,141.31568908691406,142.25049016061257,141.0497536626832,141.7024986601341,4565500
2015-08-06,140.39697265625,141.5493469025684,139.9376264149948,141.41235213669881,5374100
2015-08-07,140.0907440185547,140.31638390662593,139.2526547623546,140.1310394906642,6158400
2015-08-10,141.984619140625,142.08938498157386,140.86447309822643,140.86447309822643,4504000
2015-08-11,140.3082733154297,140.93684307895643,139.8811685349935,140.69508263995843,6761100
2015-08-12,140.38900756835938,140.54211078281563,138.1245285173099,139.27691579135978,8825600
2015-08-13,140.46949768066406,141.0013683948079,139.85704831969485,140.21162879579074,6562700
2015-08-14,140.9449462890625,141.09000752150962,140.26802666151193,140.356671776771,3512200
2015-08-17,141.58969116210938,141.61386599403687,139.9134998018875,140.41314168678568,4055400
2015-08-18,141.29148864746094,141.7749974522344,141.0900235713589,141.25119317295005,4050400
2015-08-19,140.01022338867188,141.42047942172937,139.51058146108377,140.4856781858102,10988700
2015-08-20,137.173583984375,139.05124054390893,137.173583984375,138.80947991930105,12317200
2015-08-21,132.92100524902344,136.3650946571575,132.92100524902344,135.65363470312766,18858700
2015-08-24,128.04592895507812,132.14487973041852,121.7317582157416,126.04090748284021,35102400
2015-08-25,126.51789093017578,132.3307989896586,126.35618652921971,132.04784096061303,19357000
2015-08-26,131.5061798095703,131.70020537334577,127.47189636643255,129.67094322219847,19884300
2015-08-27,134.57032775878906,134.60267358697772,131.8134318808551,133.2848586554658,15223700
2015-08-28,134.47325134277344,134.70770297281348,133.59201915438717,133.98008255486968,8115700
2015-08-31,133.54348754882812,134.35196008466937,132.84821301086404,133.6809387358756,6363700
2015-09-01,129.72760009765625,131.47389263210184,129.14549847406752,130.48755445526098,14266900
2015-09-02,132.1529083251953,132.16906889158946,130.3985123029205,131.7244065895454,8260600
2015-09-03,132.32264709472656,133.79407246019778,131.88607752282056,132.85624172196165,8023700
2015-09-04,130.13986206054688,130.9321619166362,129.54968039584983,130.50367233778985,8651100
2015-09-08,133.3252716064453,133.42228440879327,132.00745680506986,132.43594646386353,6821700
2015-09-09,131.39292907714844,134.78043017943617,131.15846518856273,134.6348987423297,7865700
2015-09-10,132.0963592529297,132.99376447934318,131.09384862368375,131.4091524958661,8327000
2015-09-11,132.90481567382812,132.94524177274943,131.38488317584293,131.7001870093278,6202300
2015-09-14,132.403564453125,133.05842530162153,132.08016800328446,132.96141253482594,4595600
2015-09-15,134.2954864501953,134.63504372067544,132.56535426080293,132.88065832170034,6516100
2015-09-16,135.42726135253906,135.5404470402763,134.20647198220794,134.57837486266723,5511700
2015-09-17,134.86129760742188,136.98758425930774,134.59450019839232,135.3544663326623,14270000
2015-09-18,132.47811889648438,133.85524026455562,132.20269956711803,132.85075450021864,10400500
2015-09-21,133.57981872558594,134.11446501306935,132.58344145209097,133.39350708987044,7762600
2015-09-22,132.04067993164062,132.33230401364446,131.21440963919326,131.73285107824245,8979600
2015-09-23,131.70852661132812,132.34848518077038,131.13338711590282,132.25126893036162,4554900
2015-09-24,131.1252899169922,131.4250225375257,129.55376097251485,130.5177408318974,8451800
2015-09-25,131.94337463378906,133.1989653380785,131.2791154838726,132.72103001447093,10474600
2015-09-28,129.4403839111328,131.27923638533687,129.27027704771555,131.26303161147115,10013100
2015-09-29,129.79673767089844,130.38809413982344,128.94616677720384,129.594221380048,9906200
2015-09-30,131.73277282714844,131.83808523772635,130.46097714208133,131.26293362075444,7621400
2015-10-01,131.6274871826172,132.2755293969408,130.0235493285114,132.04871214980494,6862800
2015-10-02,133.320556640625,133.320556640625,129.55374535087034,129.893983674841,11877500
2015-10-05,135.75076293945312,135.91277354938742,134.0577291984979,134.26024555107006,6342100
2015-10-06,135.83982849121094,136.4392687980819,135.48339784355068,135.88033422128385,6661000
2015-10-07,136.86053466796875,137.28986830287946,135.66164144372468,136.57701921959116,8832800
2015-10-08,138.0108642578125,138.24579019004187,136.4393351078787,136.63375529034926,8160300
2015-10-09,138.3267822265625,138.49690142256694,137.7921483833031,138.21337354943248,5006100
2015-10-12,138.65890502929688,138.70750697980242,138.09186167236868,138.3024742447654,2835800
2015-10-13,138.22952270507812,138.99098595684768,137.82449011248698,137.9135977772816,5909300
2015-10-14,136.95777893066406,138.4806936533516,136.6742510636678,138.11616665336965,5424000
2015-10-15,138.7803955078125,138.7803955078125,137.05495243384118,137.22505922781212,9637200
2015-10-16,139.29905700683594,139.36389398209863,138.43998872578527,138.94245982608544,8353700
2015-10-19,139.4935302734375,139.50164262286728,138.6182498156788,138.81276070619842,4859800
2015-10-20,139.4044189453125,139.71239151421315,138.78038618865233,139.06403406902794,4140900
2015-10-21,138.97496032714844,140.1663142250846,138.85339865037798,139.75299215766861,5801400
2015-10-22,141.66561889648438,141.75476823442705,139.77728282289422,139.85021981764882,8553100
2015-10-23,142.93792724609375,143.15675047068768,142.1274836831106,142.63806708503395,7642900
2015-10-26,142.6543426513672,143.01093995576588,142.5327686431988,142.83264130356653,3795900
2015-10-27,142.37062072753906,142.79205484732563,142.02213592764514,142.09507288115026,4696100
2015-10-28,143.99972534179688,143.99972534179688,142.11950115230906,142.64628495704721,7348500
2015-10-29,143.75656127929688,144.02400928438422,143.1892405838057,143.4729009315513,4726900
2015-10-30,143.03521728515625,144.12120890726496,143.00279261102145,143.9672226210993,6527500
2015-11-02,144.35630798339844,144.49408200487613,143.22979111000188,143.34325279630096,4178300
2015-11-03,145.12615966796875,145.55569384076188,144.09689270373357,144.19414199073896,4284900
2015-11-04,144.78587341308594,145.54769305562283,144.41307594954594,145.53149307296385,6870400
2015-11-05,144.77777099609375,145.27214251968698,144.04026370630078,144.86692036482037,5008100
2015-11-06,145.182861328125,145.20717364603004,144.02393295335926,144.6560779516656,7642800
2015-11-09,143.78903198242188,144.7453627252611,143.2298234143954,144.6643133454547,7962300
2015-11-10,144.08058166503906,144.1454186007561,143.2296138875269,143.43222467424977,4837700
2015-11-11,143.61878967285156,144.45354602092834,143.53774032460564,144.39680900387737,2860300
2015-11-12,141.56019592285156,142.92174773405438,141.49535894456676,142.71102446303144,6164400
2015-11-13,139.89073181152344,141.4629950655923,139.84210715276146,141.07398542910306,8011100
2015-11-16,141.84384155273438,141.87625385534503,139.51786002441156,139.8015202294032,5012900
2015-11-17,141.95729064941406,142.84067112275102,141.6331058199417,142.31388777864026,6612200
2015-11-18,144.04013061523438,144.1292799015883,142.37061885841317,142.37871884212268,6254400
2015-11-19,143.9834442138672,144.29951679185547,143.5701099736121,143.59442229758113,5457300
2015-11-20,144.77450561523438,145.5143985282767,144.44928423251713,144.8639433564417,7730000
2015-11-23,144.514404296875,145.11606540074123,144.15665315057248,144.628233079207,2597000
2015-11-24,144.7095489501953,145.05917394036518,143.59565199418196,143.64443399132003,4369900
2015-11-25,144.66883850097656,144.99407236971848,144.5550097485178,144.73388527472494,2227400
2015-11-27,144.6444549560547,144.87211247268914,144.20540471866087,144.56315578948764,2878200
2015-11-30,144.09971618652344,144.99409395067872,144.01841701204,144.8314831953065,3578500
2015-12-01,145.38441467285156,145.45758767819564,144.43312838414903,144.66078600504827,6058300
2015-12-02,144.14854431152344,145.57141058767044,143.97780730597503,145.24618897282915,7427100
2015-12-03,142.1484375,144.59576353986228,141.68498357531521,144.4494175045378,7005500
2015-12-04,145.06729125976562,145.27868403656296,142.40043472388908,142.48987251530477,6251600
2015-12-07,144.1891326904297,144.79080604358674,143.44111340094994,144.74202406481254,5647000
2015-12-08,142.9126434326172,143.79888257577812,142.22153222914372,142.83945804882927,6890200
2015-12-09,142.27853393554688,144.53071956621824,141.53864032530316,142.6444114374701,9545800
2015-12-10,143.0021209716797,144.01845396151387,142.164663580569,142.43296457224568,5613800
2015-12-11,140.4408721923828,141.78243839758056,140.21321472842223,141.18889134631067,8895600
2015-12-14,141.39227294921875,141.43292875940034,139.4571829299716,140.63612698676917,12321600
2015-12-15,142.66058349609375,143.4655109957358,142.21339465940142,142.21339465940142,8039800
2015-12-16,144.4330291748047,144.72573340153576,142.26214466254982,143.44921395522485,11286600
2015-12-17,142.36790466308594,144.88027638614588,142.3597660605244,144.8477467887124,8504100
2015-12-18,139.35903930664062,141.73059085477144,139.26939264358953,141.67353732583837,10946100
2015-12-21,140.3777618408203,140.6303990742108,139.2857114095403,140.40220980305924,6466700
2015-12-22,141.8120880126953,142.03213209555705,140.3207002250891,141.07047914184898,6003700
2015-12-23,143.2790069580078,143.28716456735057,142.42329114748574,142.79818055122934,6456600
2015-12-24,142.79820251464844,143.28718660597903,142.76559694302264,143.15678919023992,1765100
2015-12-28,142.60256958007812,142.72482178904397,141.9016991956284,142.20324469610784,2932200
2015-12-29,144.2325897216797,144.45263388708307,143.43392701905003,143.5887724526529,6145700
2015-12-30,143.27090454101562,144.02067113687892,143.12420431824683,143.8984313140581,2910000
2015-12-31,141.7958526611328,143.14868594824736,141.77954986912803,142.6923072552076,5773400
2016-01-04,139.5953826904297,139.61984308681545,138.01436065886483,139.39979900239965,14350800
2016-01-05,139.67686462402344,139.96210737629855,138.68260623116421,139.92135663520494,9413000
2016-01-06,137.68020629882812,138.5196193589192,136.92228228769525,137.66390351488425,8713600
2016-01-07,134.43666076660156,136.86525350668305,134.04546852904807,135.25162594176544,15400600
2016-01-08,133.034912109375,135.60204729108395,132.83931600171508,135.25161825466355,12512400
2016-01-11,133.51576232910156,134.06178757042508,132.14661420240859,133.78470236176238,12353700
2016-01-12,134.428466796875,135.10488920155254,132.8800383570251,134.62406286274822,10250300
2016-01-13,131.49473571777344,135.15392417089157,131.26654629049,134.90943194583326,16369400
2016-01-14,133.32022094726562,134.21668809102138,130.89162691516592,132.04073140796513,14749500
2016-01-15,130.2021026611328,130.93596469649,129.01978389752486,129.85963868806928,19969100
2016-01-19,130.47938537597656,131.78400865089944,129.49275290434272,131.64539312779735,10233800
2016-01-20,128.51422119140625,129.54977483237462,125.88050262171677,128.22067891687672,16436000
2016-01-21,129.32139587402344,130.69940024385062,127.91891825607698,128.67722813222005,16782400
2016-01-22,131.107177734375,131.47411493739418,130.1531683787565,131.205033461411,7390600
2016-01-25,129.4029083251953,131.05000619987905,129.37844752266307,130.79723627910317,5782500
2016-01-26,131.71871948242188,131.86549684792715,130.04717201264975,130.05532147220777,5945200
2016-01-27,129.89224243164062,132.28134043336416,129.32961868599986,130.92779610199503,10121900
2016-01-28,130.87889099121094,131.19689416454145,129.2154926480803,131.01750648297804,8613400
2016-01-29,134.0262908935547,134.07521253667608,131.54749892065718,131.77580821650602,6182800
2016-02-01,134.0019073486328,134.51560978149797,132.76251686841022,133.22728518801102,6977300
2016-02-02,131.6127166748047,132.6645692058015,131.22948059219667,132.6645692058015,7901000
2016-02-03,133.07228088378906,133.52075001344028,130.03901460568713,132.4362746424377,14249300
2016-02-04,133.8388214111328,134.37698464125478,132.56680827952073,132.76250739281866,11715800
2016-02-05,132.04489135742188,133.73275027596972,131.4578067487295,133.61859562660862,8292500
2016-02-08,130.74838256835938,131.12345669656307,128.87297460158018,130.55268360456597,13377600
2016-02-09,130.65866088867188,131.65344196902083,129.248021154227,129.27248196424233,11449200
2016-02-10,129.9656982421875,132.33849866430688,129.83523216685666,131.2621722057221,8205700
2016-02-11,127.85379791259766,128.8485797141861,126.5980840257738,127.85379791259766,14806700
2016-02-12,130.4467315673828,130.4467315673828,128.5550239146774,128.9627209238383,7073000
2016-02-16,132.25692749023438,132.33030997703298,130.96860325141878,131.89815207664938,5451200
2016-02-17,134.48287963867188,134.7519610580442,133.1782571579244,133.2597890643907,5584200
2016-02-18,134.14866638183594,134.90697706723026,133.96111674490552,134.80913373799976,5187600
2016-02-19,133.97914123535156,134.06917048144206,133.07066883878434,133.55354730033727,4660600
2016-02-22,135.81256103515625,136.23815529183392,135.14962358037536,135.32968220864433,3450700
2016-02-23,134.34747314453125,135.6651674595142,134.09375769995862,135.54240595035154,6052800
2016-02-24,134.77305603027344,134.9612944915537,132.1540399812195,133.07888490184388,8003800
2016-02-25,136.5491485595703,136.5491485595703,134.55214386542895,135.06776741029043,5266900
2016-02-26,136.09078979492188,137.45758899769007,135.95983583229017,137.36755970943793,3798000
2016-02-29,135.01043701171875,136.8519347742842,135.01043701171875,135.99256665406247,3485000
2016-03-01,137.92404174804688,137.9813262739762,135.62421851782204,135.86974146959238,3914300
2016-03-02,138.22691345214844,138.25964569515233,137.1302022289074,137.51487164859662,3106200
2016-03-03,138.60337829589844,138.63611053308404,137.59668404197595,138.09593495611887,2968200
2016-03-04,139.15179443359375,139.5855685738919,138.2515014130924,138.7507525447415,3524900
2016-03-07,139.64283752441406,139.89655303224737,138.56249850905007,138.61978306479094,3236000
2016-03-08,138.82443237304688,139.75745779887728,138.4970598507581,138.97175874999968,2832700
2016-03-09,139.15179443359375,139.61830082533777,138.75893248548817,139.47098696114256,3584000
2016-03-10,139.18453979492188,140.28125140431683,137.74408331490136,139.68379097359576,4862300
2016-03-11,140.9605712890625,141.0506006060337,140.29763381339336,140.3385585008278,3674200
2016-03-14,141.1078643798828,141.50071381196824,140.52676392769834,140.52676392769834,2658400
2016-03-15,141.29605102539062,141.32060332535133,140.2157123617585,140.45305542419655,2431600
2016-03-16,141.97540283203125,142.3600722974795,140.9114237252267,140.94416846058175,3556200
2016-03-17,143.1784210205078,143.56309023120207,141.65611653456546,141.96712887217762,4070500
2016-03-18,144.10122680664062,144.31447472557412,143.5680882363814,143.75674362284795,5112000
2016-03-21,144.3637237548828,144.52777413784185,143.74037485161455,144.04384553257202,2884900
2016-03-22,144.10943603515625,144.56874698422692,143.65832259757445,143.7813603616157,3980100
2016-03-23,143.37942504882812,143.98637867633605,143.20718973897877,143.715710674148,5039200
2016-03-24,143.48599243164062,143.48599243164062,142.4689384912937,142.5919761740298,5104900
2016-03-28,143.6337432861328,144.01923915502812,143.25645744548228,143.6419533143776,3098800
2016-03-29,144.4129180908203,144.50312826237518,142.7643046781427,143.1169979140733,5584100
2016-03-30,145.08544921875,145.7087978806785,144.77376863014462,145.26589455791287,3858000
2016-03-31,144.88043212890625,145.42176827079638,144.70818426001935,145.11828512230852,3155400
2016-04-01,145.7662811279297,145.8729113786943,143.8716167614094,144.11767983186516,4035200
2016-04-04,145.27413940429688,145.8975007846254,145.07729898127633,145.69245033378814,2318900
2016-04-05,144.207763671875,145.14279242696628,144.0027133965017,144.42101145276402,5439600
2016-04-06,145.20851135253906,145.2495239428248,143.73215822453537,144.2406793012795,4086700
2016-04-07,143.77310180664062,144.5440931460389,143.27277843843197,144.1750050090641,5251900
2016-04-08,144.07659912109375,145.01982584408864,143.6254857910729,144.5605150045335,2565300
2016-04-11,143.89620971679688,145.3151553651946,143.87160466334907,144.45394094866222,3237700
2016-04-12,145.24948120117188,145.40532148922833,143.83053610488398,144.1340066561844,3588400
2016-04-13,146.75051879882812,146.8325439929046,145.93031691921342,145.9959345714171,5400200
2016-04-14,146.90623474121094,147.22611270273953,146.6109618140094,146.84061714457985,3689700
2016-04-15,146.66000366210938,147.03757579724356,146.43839748706495,146.91446125555223,3799900
2016-04-18,147.56289672851562,147.60393908702463,146.18396365807263,146.20858656830416,2573700
2016-04-19,148.00619506835938,148.37555139819773,147.40700394116374,147.8584450217993,2992100
2016-04-20,148.35911560058594,148.9090483021004,147.74351761054203,147.74351761054203,2628900
2016-04-21,147.497314453125,148.46586205656558,147.26749214540212,148.26886613949893,2760300
2016-04-22,147.66146850585938,147.8092185718024,146.81604806411252,147.4234427363207,2410500
2016-04-25,147.3660125732422,147.4070549628467,146.3728543764588,147.1115672918246,2485500
2016-04-26,147.447998046875,147.95688826697486,147.0129765636857,147.61215497035525,2241000
2016-04-27,147.94866943359375,148.2769832464449,146.91446965118035,147.02116475195396,3569300
2016-04-28,146.26609802246094,147.86665048968646,145.8885382221794,146.97198430600332,3550700
2016-04-29,145.7654266357422,146.0609142399943,144.69838736903316,145.60947310511247,5496000
2016-05-02,146.6764373779297,146.84881027743458,145.69968683759777,146.1675471902756,2463100
2016-05-03,145.5272979736328,145.96231934392506,144.85423848035515,145.67503540911295,4643200
2016-05-04,144.72299194335938,145.45350106964838,144.37824604162896,144.7722377794999,3446000
2016-05-05,144.82147216796875,145.46169303593493,144.46031936565504,145.14158260195185,1778800
2016-05-06,145.56024169921875,145.60948755075034,144.19771469308392,144.20593068459073,2940800
2016-05-09,145.26473999023438,145.9049610468655,144.96925238529877,145.4863588250301,1921700
2016-05-10,147.08692932128906,147.1443911657349,145.80648705259563,145.8721523643719,2867200
2016-05-11,145.5272979736328,146.87340443582093,145.49445908283687,146.67640866414686,2697200
2016-05-12,145.6258544921875,146.20041009348236,144.78863774494482,145.9459649360784,2534900
2016-05-13,144.03350830078125,145.70794182507245,143.85293189082097,145.199038976833,3336800
2016-05-16,145.49449157714844,145.8556443103594,144.1155584405647,144.20584662386744,2393500
2016-05-17,144.09921264648438,145.47815901227384,143.57390272722563,145.20729432391562,3349500
2016-05-18,144.15664672851562,145.0595163248221,143.25376460783517,143.7052056681754,4097800
2016-05-19,143.3768310546875,143.80364905243457,142.54783049455148,143.5984497779521,5090900
2016-05-20,143.9468231201172,144.58929479467977,143.74090238933678,143.91388133329008,2749700
2016-05-23,143.9634246826172,144.41645319543306,143.81516766119464,144.01284368975803,1736000
2016-05-24,145.67657470703125,145.981333392682,144.6799127549767,144.77051838698165,2797000
2016-05-25,146.84619140625,147.22509108324812,146.16253306776483,146.20371972784784,2711900
2016-05-26,146.68150329589844,147.18395054217973,146.4673501921291,147.01921641863348,2263200
2016-05-27,147.0274658203125,147.10159429926583,146.66504316532811,146.79683550685144,1628300
2016-05-31,146.32725524902344,147.42275496250954,145.89894921049586,147.42275496250954,2395400
2016-06-01,146.39321899414062,146.59913980451773,145.4212788019969,145.7754565630093,2481200
2016-06-02,146.84619140625,146.870900888619,145.7754010861117,146.03898565591982,1965900
2016-06-03,146.6651153564453,146.85455908537665,145.66022025241978,146.5086134449046,4367200
2016-06-06,147.5875701904297,147.81821308131924,146.95334308781568,147.01923926115415,2720300
2016-06-07,147.7522735595703,148.2547207365065,147.71931919836447,147.8181697135758,1572300
2016-06-08,148.31236267089844,148.41120061147575,147.88404398105425,147.99112679561665,1713500
2016-06-09,148.16415405273438,148.295933826988,147.5546238942242,147.7440675315466,2141800
2016-06-10,147.200439453125,147.63699057108803,146.70622447470205,147.19219457682559,4126600
2016-06-13,146.08843994140625,147.43927976726388,146.08843994140625,146.61559664007245,5111300
2016-06-14,145.63546752929688,146.13791493220614,144.96828595148878,145.79196939439495,3643400
2016-06-15,145.437744140625,146.48381272288802,145.28124232653946,145.99784266639656,2470100
2016-06-16,146.17083740234375,146.3438038492886,143.9798369060418,144.7458563079016,5573700
2016-06-17,145.68798828125,146.207940234233,145.06898766621327,146.207940234233,2748000
2016-06-20,146.74435424804688,147.92457555392542,146.71133384316389,147.23954697894075,2958400
2016-06-21,146.95909118652344,147.34699949382508,146.68672923074095,147.0086092523734,1854700
2016-06-22,146.5545196533203,147.69347166173046,146.4389608387694,147.09923035578015,2966200
2016-06-23,148.4033203125,148.41983052046368,147.46243995615094,147.75131192432076,2949100
2016-06-24,143.29443359375,145.8199527118734,143.03033335725772,144.0620004867913,11377900
2016-06-27,141.2971649169922,142.3535913295846,140.61213625055248,142.3535913295846,7683900
2016-06-28,143.45962524414062,143.49263307752653,142.12257501035643,142.65904990330043,5642800
2016-06-29,145.78709411621094,145.93566088358835,144.43354596066663,144.5656025108675,5578200
2016-06-30,147.73477172851562,147.80079995336885,145.96855764287946,146.12537310270633,5069000
2016-07-01,147.99072265625,148.39514108258558,147.55329639210962,147.55329639210962,3998200
2016-07-05,147.082763671875,147.4706590288192,146.62882749639195,147.38813319283807,3233100
2016-07-06,147.7183074951172,147.81735616001993,146.0511415247225,146.58760370241185,5395400
2016-07-07,147.56149291992188,148.32906025817297,146.94249228316463,147.85861372930938,2343300
2016-07-08,149.63311767578125,149.84770006950208,148.5436703070389,148.56842932963735,5177300
2016-07-11,150.3097686767578,150.8049739317659,150.02915824259654,150.09518644950379,2358700
2016-07-12,151.35804748535156,151.54787083649472,150.85459308950135,151.0444164406445,3128000
2016-07-13,151.53134155273438,151.6964058493908,151.0774052917303,151.59735719651806,2390500
2016-07-14,152.6539306640625,152.9097824379479,152.33205059472124,152.7364565881751,3354700
2016-07-15,152.6992950439453,153.21137214706542,152.34413544454023,153.08748659076323,3837200
2016-07-18,152.86439514160156,153.1121787194808,152.55880253713508,152.65791092716825,2134900
2016-07-19,153.1452178955078,153.1452178955078,152.64966331909562,152.80658074314152,2046300
2016-07-20,153.442626953125,153.69041065781948,153.12051191786298,153.5417353938817,2159500
2016-07-21,152.7818145751953,153.4012672921268,152.41840029814787,153.2443372540565,2837700
2016-07-22,153.21963500976562,153.26920183768638,152.6001819901975,152.79841149346873,3078300
2016-07-25,152.641357421875,153.0460709363429,152.27794326240078,153.02129384390543,2316600
2016-07-26,152.4679412841797,152.81483323458573,151.72459058805617,152.47619611533378,4744400
2016-07-27,152.4514617919922,153.02961520487995,152.06327037131058,152.9139845223024,4146700
2016-07-28,152.28616333007812,152.51742452276184,151.57585749460966,152.2035646457812,2906300
2016-07-29,152.0797882080078,152.38538087388366,151.59247578589375,151.84852684959384,4207300
2016-08-01,151.86497497558594,152.4018413851194,151.46027406375845,152.26143366032278,3295900
2016-08-02,151.12167358398438,151.87327917762286,150.57655221258963,151.72460398415305,5139500
2016-08-03,151.44383239746094,151.50164144300413,150.90697830501503,151.02260899890186,3008200
2016-08-04,151.51820373535156,151.88161818435725,151.2704200107746,151.55950312324833,2368900
2016-08-05,153.0130615234375,153.02958378978508,151.5015955239454,152.3027553040499,4187700
2016-08-08,153.0296173095703,153.37650936207393,152.8148782112012,153.21132447080547,2076700
2016-08-09,153.08750915527344,153.5087327115909,152.8479802407125,153.11228627018593,1903800
2016-08-10,152.89755249023438,153.4426742881646,152.66629098859246,153.1288139918763,1618300
2016-08-11,153.87205505371094,154.10331638960565,153.29390171397412,153.3764878466236,2188700
2016-08-12,153.541748046875,153.830831159975,153.2279004243478,153.73997754752673,2514300
2016-08-15,154.05381774902344,154.35115565995133,153.89688765675564,153.95469671017938,1561500
2016-08-16,153.426025390625,153.92984737544236,153.39299346171072,153.76466252527848,1614100
2016-08-17,153.70681762695312,153.81418082296534,152.87261353369794,153.4342570165345,2952000
2016-08-18,153.9051055908203,153.96292723318248,153.39302865697994,153.59951291776062,2571800
2016-08-19,153.60340881347656,153.8769198234022,153.10609077351097,153.58682817285822,2368500
2016-08-22,153.43760681152344,153.76085969929352,152.8905722188274,153.2967030037592,3152400
2016-08-23,153.5867462158203,154.2746969901614,153.54530096005203,153.91828296733382,1647900
2016-08-24,153.05641174316406,153.50398800820153,152.74972670400237,153.38794878042683,1882900
2016-08-25,152.8160400390625,153.1641577301276,152.59225822523123,152.74144610111875,2034900
2016-08-26,152.3601531982422,153.78577235945698,151.79652514384648,153.02322717189546,3403500
2016-08-29,153.19729614257812,153.3713486384517,152.3684410074545,152.3684410074545,2229800
2016-08-30,152.93203735351562,153.46250406793698,152.5259064822499,153.280154949168,1866700
2016-08-31,152.45965576171875,152.80777349254433,151.9043241924973,152.716598897757,1876400
2016-09-01,152.5922088623047,152.74139668993058,151.59757275550484,152.28552391553458,3003500
2016-09-02,153.22210693359375,153.68626362255893,152.77453088275482,153.28841683877752,2652800
2016-09-06,153.60340881347656,153.74431264042477,152.88229639079412,153.42934370529167,2152300
2016-09-07,153.60340881347656,153.66970608130373,153.1558200480429,153.64484144403775,1803600
2016-09-08,153.1890106201172,153.42937304208826,152.9071902650116,153.0729587609219,2229900
2016-09-09,149.94808959960938,152.30203364204033,149.94808959960938,152.15284588387894,8242600
2016-09-12,151.9291534423828,152.21096116158208,149.13590295143987,149.26852281247224,7056100
2016-09-13,149.8569793701172,151.11684245117843,149.50886180442717,150.9013320671872,7477500
2016-09-14,149.55030822753906,150.6361189495606,149.20219062974235,149.89014182800403,2990400
2016-09-15,151.06704711914062,151.36543530528127,149.38447315619487,149.50051230373188,3932400
2016-09-16,150.28977966308594,150.7299266444914,149.8496326816805,150.7299266444914,2844300
2016-09-19,150.29808044433594,151.41091708655418,150.0406374169352,151.0455091746558,2260400
2016-09-20,150.35626220703125,151.17841757158837,150.3396492957653,150.9874134438145,1997800
2016-09-21,151.69326782226562,151.84274595993082,150.28147494371206,150.86279993230065,4496500
2016-09-22,152.5237274169922,153.0220005207112,152.24137139102473,152.5237274169922,2323500
2016-09-23,151.49388122558594,152.4074005527766,151.38591639457383,152.31604862005753,1741500
2016-09-26,150.10708618164062,150.7714630947017,149.96590814680468,150.73823727948403,2639800
2016-09-27,151.14524841308594,151.2615134819106,149.68362859472668,149.96598480873777,3717300
2016-09-28,152.0587158203125,152.16666805756034,150.74657468751488,151.44416485778063,6413000
2016-09-29,150.49737548828125,152.3244021109632,150.02400276051296,151.82612903492247,3376400
2016-09-30,151.79295349121094,152.3410654610965,151.12027637905013,151.25315431210186,4583000
2016-10-03,151.4109344482422,151.6185514518152,150.96247462424023,151.40262165806007,1987600
2016-10-04,150.71337890625,151.91755536987205,150.26493161367927,151.66011223229066,2811200
2016-10-05,151.69326782226562,151.9922367695304,151.236507948398,151.27803387728315,1818200
2016-10-06,151.57705688476562,151.75976089947437,150.70506275491732,151.42756602184988,2368100
2016-10-07,151.32785034179688,151.96731412472366,150.58043435692505,151.80952320811141,2527700
2016-10-10,152.0752716064453,152.68152227257542,151.32785559562456,151.32785559562456,1879100
2016-10-11,150.48068237304688,151.88417423219724,149.85783185604592,151.8592612252713,3949800
2016-10-12,150.62188720703125,150.97899482330004,150.03226237523018,150.31461828544278,1920200
2016-10-13,150.18179321289062,150.49737503044278,149.0108305790678,149.5921681739129,3460100
2016-10-14,150.5554962158203,151.52715465652474,150.4890699456232,151.14513390726268,2698100
2016-10-17,150.08213806152344,150.73820203140062,149.8579082130121,150.45584602775386,1801800
2016-10-18,150.62188720703125,151.22813760898757,150.41427033094638,151.09525976703043,1720700
2016-10-19,151.14524841308594,151.48574349748043,150.7881530845323,151.02068322218167,1503700
2016-10-20,150.76315307617188,151.5188819870694,150.4974099092241,150.91264390352788,2359600
2016-10-21,150.64678955078125,150.83798322549023,149.82380561866455,150.13139239090756,5607600
2016-10-24,151.2618865966797,151.7107786619478,151.00417544095183,151.59439829802582,1905700
2016-10-25,150.86289978027344,151.43649340831328,150.67170613243078,151.14554875890263,3351100
2016-10-26,151.10406494140625,151.3950097512616,149.92363092867788,150.13145408622555,5375400
2016-10-27,150.90452575683594,151.5861916920008,150.65513547117766,151.54462453030493,2027100
2016-10-28,150.7631378173828,151.56118382544017,150.18954423104643,151.1455377697774,3726600
2016-10-31,150.60525512695312,151.0458391208799,150.50550408969164,150.9460880836184,1415600
2016-11-01,149.7323455810547,150.8961622606946,148.91768278446528,150.8961622606946,3622300
2016-11-02,149.09231567382812,149.80722773468534,148.842925385712,149.35001432055859,3552700
2016-11-03,148.89273071289062,149.54113754559947,148.6682782909496,149.38319001477097,1966900
2016-11-04,148.56024169921875,149.35827514579532,148.50204515388873,148.89275352120683,4337500
2016-11-07,151.5944366455078,151.6692498945593,150.50544596094244,150.60519695967773,3402400
2016-11-08,152.44239807128906,152.99104139238443,151.3118399466293,151.46146648387855,3437500
2016-11-09,154.58709716796875,155.07755650288684,151.08735155892617,151.23697806062518,8363900
2016-11-10,156.39100646972656,156.96460012027322,154.9113073606848,155.31032406712544,8748100
2016-11-11,156.6736297607422,156.80663954667799,155.7924621268123,156.24135429870648,5003800
2016-11-14,156.9230194091797,157.4384164723041,156.44917680507268,157.20565568995687,4796400
2016-11-15,157.39683532714844,157.40515636582074,156.39928739375515,156.91468441103115,3750000
2016-11-16,157.09764099121094,157.2638969414946,156.72356193194366,156.93969339886084,3459100
2016-11-17,157.36354064941406,157.3884783887126,156.89801926983307,157.18896378981808,4211200
2016-11-18,157.10772705078125,157.52454685724905,156.99101801378353,157.47451779539486,4359200
2016-11-21,157.84124755859375,157.89960841000735,157.22436267407898,157.45778063908324,2999100
2016-11-22,158.408203125,158.5999366746617,157.90801426811703,158.32483407540917,2756300
2016-11-23,158.88336181640625,158.92504633876848,158.28314031131518,158.33315665001774,2465900
2016-11-25,159.4752197265625,159.50855970561045,159.2084490128679,159.30014985565944,1547100
2016-11-28,159.0417938232422,159.40026553783426,158.825052063016,159.16683470023165,3159600
2016-11-29,159.38356018066406,159.5752937306061,158.95839583559257,159.08344941016168,2264900
2016-11-30,159.55860900878906,160.2672077331928,159.50859266971688,160.03378967063566,4774600
2016-12-01,159.9752960205078,160.19205027036213,159.70020638392626,159.92527972294752,8323900
2016-12-02,159.84202575683594,160.04209107510738,159.58358685352204,159.98374293072087,2773600
2016-12-05,160.24209594726562,160.70893177051266,159.966993539926,160.45883751653827,2925600
2016-12-06,160.46722412109375,160.53391678766135,159.95035913527624,160.19212164162448,2669400
2016-12-07,162.95986938476562,163.13493930194232,160.40893418236686,160.45061870744047,7241300
2016-12-08,163.62669372558594,164.06018965158518,162.90143172503505,163.25155864669148,7032100
2016-12-09,164.80215454101562,164.82716270228158,163.70174456400807,163.7601054205128,4392300
2016-12-12,165.12725830078125,165.38568442384934,164.79379498043127,164.92718030857125,3791700
2016-12-13,166.08602905273438,166.49451707320767,165.59418469687785,165.8609554989009,5357500
2016-12-14,165.1774139404297,166.58626744645773,164.73558579858295,165.86933660340412,7456100
2016-12-15,165.61085510253906,166.46115838269355,165.34408431009973,165.51080969520854,6033000
2016-12-16,165.57904052734375,166.23069524199897,165.3701765098761,166.0051185336805,4467700
2016-12-19,165.92160034179688,166.1722269941769,165.59577294565338,165.67096094136738,2729400
2016-12-20,166.60667419433594,166.7654129123289,166.30590945183607,166.38946017121657,3062600
2016-12-21,166.38941955566406,166.7653722050066,166.37270686625754,166.61498349644148,2523500
2016-12-22,166.23069763183594,166.39778629860265,165.90487026982402,166.33931100185598,2250900
2016-12-23,166.2975311279297,166.30588109922422,166.0301790699315,166.22234314213563,1374200
2016-12-27,166.43116760253906,166.7068568182631,166.36432960392438,166.3893922598993,2340700
2016-12-28,165.48703002929688,166.7235006227058,165.42019205829646,166.69008801122536,3818100
2016-12-29,165.41201782226562,165.8548086960194,165.11125300725806,165.41201782226562,3018700
2016-12-30,165.0110321044922,165.64598729320764,164.5181157591888,165.6292745913845,4277400
2017-01-03,165.771240234375,166.33935715667712,164.98590925980974,166.18061841738606,6669800
2017-01-04,166.3810272216797,166.55647855910144,165.92153670318592,166.05519995050605,4823200
2017-01-05,166.04684448242188,166.48128507894774,165.3367019351033,166.21393309707207,4124500
2017-01-06,166.6819305419922,166.94928275519936,165.5624218323112,166.03027545736862,4322600
2017-01-09,166.05526733398438,166.48135814860697,166.04691736140245,166.33096940578437,2303500
2017-01-10,165.75448608398438,166.598304908537,165.59576013244182,166.02183815656892,3029200
2017-01-11,166.5314483642578,166.73196239638963,165.54560364133513,165.9466317055988,5209800
2017-01-12,166.04684448242188,166.1805204733597,165.02758736059818,166.15545781856437,3865200
2017-01-13,166.00514221191406,166.54819638361755,165.68767752875408,166.1805936207536,3468900
2017-01-17,165.49562072753906,165.96347445704944,165.0778923621822,165.64600956805768,3329800
2017-01-18,165.37860107421875,165.61252785944984,164.83555948308666,165.48721449166663,4634800
2017-01-19,164.81875610351562,165.55396145148623,164.3258401306929,165.44534809379604,3050900
2017-01-20,165.54888916015625,165.7495868534408,165.00530313292913,165.18928452546325,6999000
2017-01-23,165.39828491210938,165.67425688708755,164.7794375051405,165.46518836912193,3249700
2017-01-24,166.2847442626953,166.60253251415793,165.26448880744948,165.40665387770105,5205800
2017-01-25,167.6061248779297,167.71484464054063,167.0458225238823,167.26324928856866,4880800
2017-01-26,167.8569793701172,168.06604794617996,167.60609452673523,167.7566305369777,3999700
2017-01-27,167.78170776367188,167.98240541801107,167.63117176238504,167.83188217725666,3576500
2017-01-30,166.7363739013672,167.1712273494808,165.93354495929117,167.11269478399876,4718000
2017-01-31,165.8833465576172,166.3265708513795,165.2143246627112,166.1844057722983,4628100
2017-02-01,166.10916137695312,166.75308337356165,165.74955680744688,166.52729850954535,3676900
2017-02-02,166.0924835205078,166.39354285920396,165.59908461447534,165.7161625372718,2640600
2017-02-03,167.57261657714844,167.73151070573735,166.78651684235967,166.90359471176242,4857300
2017-02-06,167.4888916015625,167.84012501588288,167.07075476158246,167.27982318157248,2770900
2017-02-07,167.7398681640625,168.34198656438252,167.61441938701958,167.99911110520821,2606300
2017-02-08,167.68136596679688,167.83190198585095,167.3803066892227,167.67300781705708,2291500
2017-02-09,168.69326782226562,169.01941431785534,167.89880971870448,167.9406259895307,3487600
2017-02-10,169.54624938964844,169.76367610515393,168.98594716233868,169.17828667069097,2880300
2017-02-13,170.76715087890625,170.99294843533312,170.03123842472746,170.03123842472746,2637400
2017-02-14,171.57843017578125,171.5867883266249,170.55817430928553,170.65016501070846,3586600
2017-02-15,172.59027099609375,172.68226166719143,171.67872243320534,171.76235495621464,3646000
2017-02-16,172.67396545410156,172.87467593982868,172.14712116494044,172.73251079763997,4589600
2017-02-17,172.64114379882812,172.67468025938032,171.91998834168066,171.92836925799568,5747700
2017-02-21,173.63912963867188,173.8319931946574,173.09406265655636,173.21145953349972,3076400
2017-02-22,173.9576416015625,174.02472730924535,173.27841640479787,173.35388302770718,2254400
2017-02-23,174.26805114746094,174.54476231494658,173.75653342145642,174.46929563290504,3179900
2017-02-24,174.36026000976562,174.37703464676105,173.6391169578499,173.64749787869812,3703900
2017-02-27,174.6620330810547,174.72911879286335,174.091823723618,174.19244589368537,3433700
2017-02-28,174.40219116210938,174.67891509520743,174.150622786993,174.51120711022958,2821900
2017-03-01,176.95132446289062,177.4292926595972,175.99537527418374,176.02891173900954,7846100
2017-03-02,176.00375366210938,177.0938742850401,175.96182348520944,177.0938742850401,3336900
2017-03-03,176.0206298828125,176.36443961841198,175.60135346241344,176.14640769081186,2589000
2017-03-06,175.659912109375,175.9030994138955,175.27418526090216,175.47542960087367,2524700
2017-03-07,175.40005493164062,175.8109503333242,175.24072788210418,175.43360420275246,2741000
2017-03-08,174.93043518066406,175.76898766936955,174.7794890791434,175.74383211833202,3173100
2017-03-09,174.98080444335938,175.33299507024236,174.30995967035858,175.03950927882312,4430100
2017-03-10,175.38331604003906,175.84452264708858,174.72086494649557,175.8361417252515,3004000
2017-03-13,175.20724487304688,175.5426609147343,174.91374624009399,175.36657197120402,2261800
2017-03-14,174.87176513671875,175.15688276399683,174.40217769691685,174.89693348805636,4433000
2017-03-15,175.74383544921875,176.0205593111718,175.0142988647126,175.11492107076978,5737000
2017-03-16,175.6264190673828,176.23855874494055,175.2993841387923,176.23855874494055,3018400
2017-03-17,175.48193359375,176.0448588731104,175.45672894096305,176.0448588731104,2873200
2017-03-20,175.4398956298828,175.82638828259815,175.22984834086273,175.4735103754767,3308600
2017-03-21,173.3731231689453,175.9608957667529,173.28909908370366,175.87688450178666,6192400
2017-03-22,173.42352294921875,173.55795635009795,172.65894740452742,173.04544022698641,3898500
2017-03-23,173.33949279785156,174.17128501385122,173.0034221276983,173.10424076468942,3840000
2017-03-24,172.8689422607422,173.83515479290045,172.23880030839442,173.56630089310624,4052700
2017-03-27,172.43199157714844,172.6672434806637,171.23892468924473,171.54979052883263,4559600
2017-03-28,173.70919799804688,173.97806482099023,172.16325222694977,172.30608291903502,3538000
2017-03-29,173.33949279785156,173.54954017176595,173.03702406660392,173.52433551251815,2323900
2017-03-30,173.88560485839844,174.1376514236202,173.20504067148093,173.33107677436473,2849200
2017-03-31,173.36468505859375,173.86039374871427,173.33108312209123,173.6839611465977,4179600
2017-04-03,173.28909301757812,173.60836914598943,172.13803744765846,173.51594778356906,4436100
2017-04-04,173.6251220703125,173.72595350894818,172.9193661012224,173.0958115036309,2555400
2017-04-05,173.29739379882812,175.30544517300353,173.21338258358355,174.41484680575044,4110400
2017-04-06,173.45701599121094,174.16277167233395,173.01171684810237,173.45701599121094,3186900
2017-04-07,173.39828491210938,173.97801762406928,172.9865875087664,173.23864688182798,2609300
2017-04-10,173.40664672851562,174.18802934318526,173.03696143299618,173.49067077577718,2395200
2017-04-11,173.35630798339844,173.43192196454655,172.18844504465852,173.26388662190357,3511500
2017-04-12,172.8018035888672,173.33112717027922,172.53294956770384,173.33112717027922,2181700
2017-04-13,171.70950317382812,173.02860668247325,171.701105895146,172.52448791554343,3605200
2017-04-17,173.2218475341797,173.2974615035214,172.12120146840766,172.18000806002692,2260900
2017-04-18,172.30606079101562,172.91939552420988,171.75153265511577,172.54131282074147,2497900
2017-04-19,171.2726593017578,172.49093168767456,171.09621384049552,172.45731692349307,3606400
2017-04-20,172.8269805908203,173.25548544824613,171.54149165909197,171.6927324382642,3873700
2017-04-21,172.60162353515625,173.00526807529354,172.19797899501896,172.82026165447465,3034800
2017-04-24,174.3927001953125,174.60293345802972,174.09836849486038,174.35065097644505,3220200
2017-04-25,176.32688903808594,176.57917159563155,175.62050814225742,175.71301131897,3483600
2017-04-26,176.1502685546875,176.95755719571846,176.12504158663162,176.4361827470684,2865300
2017-04-27,176.22598266601562,176.40258430730623,175.80551601035836,176.3689397891442,1951700
2017-04-28,175.82240295410156,176.28491901180797,175.7298997425603,176.28491901180797,1934000
2017-05-01,175.68780517578125,176.16714337511021,175.50279880042189,176.16714337511021,1886000
2017-05-02,175.8643798828125,176.00733699974813,175.5448211322367,175.83915291109582,1359700
2017-05-03,175.94004821777344,176.15028152146243,175.30934830670645,175.86436730803482,1829400
2017-05-04,175.91485595703125,176.30167812643296,175.08232729077528,176.30167812643296,2640100
2017-05-05,176.4026336669922,176.41103838307245,175.55328257266598,175.81398275068486,1673800
2017-05-08,176.52874755859375,176.61284603589854,176.20078402770687,176.34374117382413,2311000
2017-05-09,176.27645874023438,176.86512239735077,175.9400905061327,176.71374770986708,1570100
2017-05-10,176.1587371826172,176.4362467635423,175.67099423719966,175.91487212572156,1394300
2017-05-11,175.99057006835938,176.13352723023712,174.99827465122192,175.87283988612904,3093700
2017-05-12,175.76348876953125,175.9905443848495,175.6037221989561,175.72985707878533,1575100
2017-05-15,176.537109375,176.70530628873755,176.09141578316604,176.09141578316604,1818500
2017-05-16,176.55393981933594,176.98282400498147,176.14189072379233,176.86509385887993,1746600
2017-05-17,173.62753295898438,175.41030779264602,173.54343448011772,175.0150680389001,5717400
2017-05-18,174.03958129882812,174.88051469490907,173.11454943048895,173.25750656802768,6653800
2017-05-19,175.23556518554688,175.6910016140305,174.23190370360095,174.37528207681683,4892800
2017-05-22,175.97767639160156,176.1632278162609,175.6993621240414,175.6993621240414,2246200
2017-05-23,176.3741912841797,176.56818517595156,176.01153055244745,176.35733232184577,3457500
2017-05-24,176.96461486816406,177.08269196856486,176.34048569779497,176.54290909967006,3479500
2017-05-25,177.6055145263672,177.8922712174256,177.36936044320942,177.5549119184666,2198200
2017-05-26,177.57179260253906,177.72361331425006,177.38625397401168,177.57179260253906,1152200
2017-05-30,177.29354858398438,177.55500410684286,177.09112517784928,177.29354858398438,1066600
2017-05-31,177.1163787841797,177.46218051713714,176.54286525877905,177.46218051713714,1577500
2017-06-01,178.2971954345703,178.2971954345703,177.04052046917724,177.3441491401026,1827900
2017-06-02,178.72720336914062,178.9802292080169,178.18742091860463,178.33922870027314,2314000
2017-06-05,178.6851043701172,178.98030344949362,178.49955286926928,178.6851043701172,1923000
2017-06-06,178.27171325683594,178.6175147280679,178.10303369288218,178.2379824918155,2094800
2017-06-07,178.56700134277344,178.73568099098526,178.07782135435662,178.54170003901328,1545800
2017-06-08,178.6851043701172,179.39356671729973,178.28870006098157,178.4826810411647,2030300
2017-06-09,179.3682403564453,179.70561252424335,178.45735480753902,178.929662973024,4271100
2017-06-12,179.1405487060547,179.4610491070631,178.70198411138855,179.1911641926097,3682300
2017-06-13,179.95863342285156,179.9755052493364,179.43572262671725,179.47789575821292,2426500
2017-06-14,180.35504150390625,180.48999037977003,179.62970738292987,180.30443889281563,5423100
2017-06-15,180.2285614013672,180.32133715844722,179.43575272621698,179.553829792552,2571800
2017-06-16,180.45166015625,180.4685631540823,179.8263910617617,180.25732080741253,2372000
2017-06-19,181.6007843017578,181.6768284376431,180.89101324708088,181.12760359863987,2103300
2017-06-20,181.1614532470703,181.72759415060978,181.13610519386242,181.57549293815123,1762100
2017-06-21,180.73036193847656,181.37253353454773,180.5191197550479,181.37253353454773,2129400
2017-06-22,180.59523010253906,181.06841070410528,180.5360889739455,180.89097442512013,2697100
2017-06-23,180.60374450683594,180.78118084129304,180.02915867301232,180.35025113583166,1346800
2017-06-26,180.71348571777344,181.4655074864275,180.42619940013068,181.0683710913089,1940400
2017-06-27,179.91929626464844,180.93326967950125,179.8686001725473,180.5783841415858,1981600
2017-06-28,181.02618408203125,181.27121944728523,179.9192637340623,179.9192637340623,4693700
2017-06-29,179.64892578125,181.28816830799437,178.88000061363965,181.26282026011347,4372600
2017-06-30,180.18118286132812,180.81490957144268,179.95303763559005,180.10512585728014,2216600
2017-07-03,181.23751831054688,181.98954067311297,180.72208638385246,180.7812275462145,2134700
2017-07-05,181.3134307861328,181.52467301425165,180.67970410177634,181.44862890649745,1799000
2017-07-06,180.0967254638672,181.03464174311873,179.92773421124295,180.89944358373688,2297500
2017-07-07,180.86569213867188,180.95863928299917,180.3333573217783,180.43474951805933,1326500
2017-07-10,180.81488037109375,181.1190696585524,180.4346340918698,180.55292920959258,1156300
2017-07-11,180.8064727783203,181.06841111955944,179.70801044033303,180.74733164959105,1577600
2017-07-12,181.8626708984375,182.2598073525533,181.57538453811648,181.65142865234202,2103300
2017-07-13,182.0570068359375,182.1414959909299,181.66831546472486,181.9218087161068,1587400
2017-07-14,182.73300170898438,183.0878871620182,181.7612924609063,181.92183864296544,2395500
2017-07-17,182.6992645263672,182.92740984927482,182.5471633466926,182.78376661432065,2291000
2017-07-18,182.25994873046875,182.35289590657746,181.35583792033268,182.2261556178899,2247500
2017-07-19,182.78370666503906,182.8005967625234,182.2260240111547,182.42036327785834,1785800
2017-07-20,182.67384338378906,183.00338076581355,182.26826188895964,182.99493571768076,1372000
2017-07-21,182.3152313232422,182.33215278931107,181.66389040620652,182.02763093655514,2217300
2017-07-24,181.94308471679688,182.29835815458742,181.59626556063225,182.29835815458742,1459600
2017-07-25,182.5943603515625,183.15265251394456,182.28138424869476,183.13573104945846,1924200
2017-07-26,183.3978729248047,183.69394033690875,183.18639988967027,183.3978729248047,2041000
2017-07-27,184.16775512695312,184.1931308747424,183.24573520448206,183.79556028298,3202400
2017-07-28,184.4215087890625,184.53993323710648,183.81246508275152,184.00701676726018,2305000
2017-07-31,184.9967041015625,185.2758502009886,184.81907388838908,184.95440689123194,1765000
2017-08-01,185.56346130371094,185.9272018448196,185.37736389333855,185.87645035240843,2307100
2017-08-02,186.00332641601562,186.20634529004602,185.62267732109348,185.95257492433228,3063300
2017-08-03,186.1471405029297,186.29094070919606,185.85954009039693,186.0371703245445,2496400
2017-08-04,186.57855224609375,186.66313376863738,186.12176297662637,186.63775802114452,1877700
2017-08-07,186.81539916992188,186.92535643878654,186.6039260048698,186.730804740982,1902800
2017-08-08,186.6800079345703,187.51743320424168,186.4685348208481,186.77305662089987,3623900
2017-08-09,186.51931762695312,186.61236632890922,186.06254130381194,186.3755174343476,3555800
2017-08-10,184.91209411621094,186.0117439717079,184.86979691239313,185.93561674921244,7832600
2017-08-11,184.9967041015625,185.43657185586693,184.84444963312814,185.04745559104063,4944500
2017-08-14,186.0709228515625,186.34160166498825,185.93557699120382,185.9947956453451,2605000
2017-08-15,186.2316436767578,186.58691687826067,185.97787341645818,186.58691687826067,1835700
2017-08-16,186.49388122558594,187.02679751866998,186.33315961927218,186.68843284556405,2476100
2017-08-17,184.24378967285156,186.15551442646114,184.20995966191924,186.09629577321522,3535800
2017-08-18,183.60707092285156,184.56526095578644,183.28484497788816,183.99713458984527,4468500
2017-08-21,183.7850799560547,183.93770507126908,182.92864034718127,183.54765448435379,3467200
2017-08-22,185.43870544433594,185.57438092852212,184.2600521702619,184.3533274482991,2423200
2017-08-23,184.78575134277344,185.24365279992904,184.71791361064948,184.86206393939122,3660200
2017-08-24,184.5652618408203,185.31993871128307,184.39567400429254,185.31993871128307,1934400
2017-08-25,184.88743591308594,185.64211262462103,184.85352352841102,185.0739863755975,2373300
2017-08-28,184.80267333984375,185.34536213867818,184.45500989124253,185.27752442148366,1425000
2017-08-29,185.35382080078125,185.4979710851998,183.68335435969541,183.73422940846424,2013300
2017-08-30,185.64207458496094,185.8371128077161,185.18418632271585,185.4894494771183,1804100
2017-08-31,186.142333984375,186.4560719277773,185.8031455900212,186.150808842216,2173000
2017-09-01,186.48162841796875,186.89712961413002,186.40531583256845,186.65970405595857,2150200
2017-09-05,184.5736846923828,186.15087571122137,184.1581836120612,186.15087571122137,3828600
2017-09-06,185.06553649902344,185.37927461982218,184.88746087395938,185.31143690259404,1915500
2017-09-07,184.94683837890625,185.46408969236285,184.58221223726179,185.25210166125314,1982800
2017-09-08,185.05711364746094,185.41325205896163,184.44658695953825,184.5228995608473,2135800
2017-09-11,187.1938934326172,187.30413134158837,186.1933162053215,186.1933162053215,3019300
2017-09-12,187.75357055664062,187.88077114715497,187.45679505622078,187.6772579655661,2072900
2017-09-13,188.04183959960938,188.06727712569372,187.56698852774028,187.6941890968832,1720800
2017-09-14,188.51666259765625,188.60992488052833,187.9230859482335,187.9485234687838,1893700
2017-09-15,189.01632690429688,189.11830002530695,188.5574932387628,188.7444288342775,2377700
2017-09-18,189.6195831298828,189.81501104376494,189.20322430294084,189.41564989446505,1827300
2017-09-19,189.97642517089844,190.05289525950616,189.67902420574353,189.79798199872008,2042800
2017-09-20,190.24835205078125,190.29083976160643,189.4411374068188,189.96796168327884,1819900
2017-09-21,189.88304138183594,190.30789268255774,189.8150636178685,190.24840727704895,1741400
2017-09-22,189.65359497070312,189.87452591807096,189.33071683793898,189.67059265098476,2448400
2017-09-25,189.3306884765625,189.84899447591516,188.62543395297865,189.57709645929458,2844300
2017-09-26,189.22021484375,189.90847165986077,189.16072945696084,189.5346005584108,1314500
2017-09-27,189.5855712890625,189.9254599852035,188.93130985916864,189.82348689364719,2381500
2017-09-28,189.99351501464844,190.13796290723488,189.22877486130244,189.45819820384958,1462800
2017-09-29,190.18035888671875,190.2228336257754,189.59406227495398,189.81498018667136,2415800
2017-10-02,191.386962890625,191.5144130575588,190.35032498146677,190.4947728258014,2611200
2017-10-03,192.23663330078125,192.2706156845071,191.7013167577546,191.81178219436057,2510000
2017-10-04,192.3811798095703,192.61059018961402,192.18573886525144,192.36418212627444,1746900
2017-10-05,193.4262237548828,193.44322143056132,192.41507598156767,192.55103145614046,2258500
2017-10-06,193.3498077392578,193.41778549555647,193.07789671406317,193.17136450829491,2090300
2017-10-09,193.33277893066406,193.6981576912615,193.1713334061277,193.63867230204107,1006800
2017-10-10,193.953125,194.09757289671734,193.42631349839166,193.91065023923832,1417700
2017-10-11,194.25048828125,194.27597831891546,193.87661710824833,194.0040802620068,1423600
2017-10-12,194.0125274658203,194.42038093897693,193.859574309994,194.14848294534858,1307300
2017-10-13,194.3524627685547,194.55639605035296,194.16552716826433,194.33547805247892,1744300
2017-10-16,194.96424865722656,195.03222641748036,194.42043954062834,194.64137050281116,2373400
2017-10-17,195.30413818359375,195.39760598361073,195.02373478354286,195.185180344066,1838000
2017-10-18,196.67205810546875,196.85898064339744,196.2047193470835,196.2811894260669,2720500
2017-10-19,196.83355712890625,196.8420624508398,195.87340222678836,196.14530025463677,2305400
2017-10-20,198.24774169921875,198.24774169921875,197.19327301837274,197.68649161220327,3275700
2017-10-23,197.8395538330078,198.63040859193126,197.80554457406774,198.63040859193126,2325100
2017-10-24,199.2341766357422,199.58283319120267,198.95356455280998,199.08111549959736,3300500
2017-10-25,198.27328491210938,199.37026210519082,197.58448377044397,199.37026210519082,3813300
2017-10-26,198.8600311279297,199.34473772153927,198.77498850941762,198.9110515087642,2581500
2017-10-27,199.13211059570312,199.26817357212207,198.4433096191418,198.94502724704702,2944200
2017-10-30,198.4177703857422,199.10657126146685,198.2646963157602,198.5793435246263,2672500
2017-10-31,198.67291259765625,198.91101631654544,198.30724497356815,198.68141166773103,1772000
2017-11-01,199.149169921875,199.85498218527226,198.7579920138938,199.49782651747174,2675700
2017-11-02,199.80393981933594,199.98251114574938,198.40932656605958,199.16615913078246,2459400
2017-11-03,199.99102783203125,200.16961214985554,199.53183140512695,200.14410195812098,2574400
2017-11-06,200.18666076660156,200.33972194567878,199.91453470288442,200.03358661183947,2549900
2017-11-07,200.1951141357422,200.58629201910858,199.5743445361757,200.43321789929325,2390700
2017-11-08,200.2290802001953,200.35663111785584,199.8123922430404,200.15253667392068,1531900
2017-11-09,199.59994506835938,200.07615281099922,198.2733626493805,199.40436252599397,4225200
2017-11-10,199.35325622558594,199.5573507445004,199.07264410364277,199.37026734608293,2506600
2017-11-13,199.54888916015625,199.65092995094173,198.67300443741942,198.6985146351158,2452400
2017-11-14,199.2257080078125,199.28524044253115,198.06069926352765,198.96209402704875,2566500
2017-11-15,198.10321044921875,198.70696895964514,197.83958350625005,198.2732827207889,2823600
2017-11-16,199.76138305664062,200.07601732159893,199.14911266624463,199.17462285120453,2933400
2017-11-17,198.94479370117188,199.43919511051774,198.9192223357573,199.26871500548773,3483300
2017-11-20,199.5926513671875,199.7801834111284,198.9703930432746,199.17497700215563,2056600
2017-11-21,200.9395294189453,201.16116536216828,200.40251749477594,200.46217970554844,2749900
2017-11-22,200.46209716796875,201.22074472299815,200.2745651425189,201.22074472299815,2860800
2017-11-24,200.7178497314453,201.05880999981002,200.66670699187065,200.79456384080729,1435500
2017-11-27,200.9395294189453,201.4509829729015,200.6497118082121,200.74347785954393,2329500
2017-11-28,203.16427612304688,203.24952269492243,201.36568271359857,201.44240983100687,4844500
2017-11-29,204.08482360839844,204.28087505708473,203.5307600768427,203.8546683384121,3376100
2017-11-30,207.0001220703125,207.5541987319725,204.92876319985365,205.15890551426037,6586400
2017-12-01,206.66769409179688,207.5115883173518,204.07636222787553,207.25586161201994,9772700
2017-12-04,207.23031616210938,209.32725979995124,207.19622533364137,208.849897153784,6565800
2017-12-05,206.2926788330078,207.80997450192805,206.08810782574892,207.80145504556015,4925600
2017-12-06,205.9601593017578,206.7188068465587,205.90049711635479,206.04540586010341,3976100
2017-12-07,206.5910186767578,207.02574505248586,205.5169819213575,205.61074796398157,2718300
2017-12-08,207.6650848388672,207.67361730282497,206.77858004318023,207.29855307921727,2704300
2017-12-11,208.13388061523438,208.19355582582702,207.56276491734587,207.7929202903705,1857800
2017-12-12,209.21640014648438,209.582931758371,208.67085595211384,208.7816608776519,3282400
2017-12-13,209.9493865966797,210.53755382172437,209.3953101787301,209.42941399261926,3748700
2017-12-14,209.3271942138672,210.6058144930377,209.24194765920325,210.45237329600226,4713300
2017-12-15,210.3874969482422,210.77195880235394,210.02012605377033,210.35332806554484,5862800
2017-12-18,211.70326232910156,212.34403657765438,211.4811319494407,211.89122381827056,3285700
2017-12-19,211.3700408935547,212.1731466307489,210.97704002423683,212.14751670607967,2773600
2017-12-20,211.08802795410156,212.2243222610693,210.82316377665424,212.16452347276635,2401400
2017-12-21,211.59210205078125,212.13034329622337,211.38704969653998,211.65190083957293,2446700
2017-12-22,211.3700408935547,211.54946340282362,211.00266994890606,211.5238334781544,1847000
2017-12-26,211.24183654785156,211.53231764324312,210.92572553443023,210.9769853704898,2156700
2017-12-27,211.4383087158203,211.61773115466636,211.11365878523952,211.15636661853603,2930300
2017-12-28,211.99363708496094,212.04489691010187,211.68606509753735,211.83130561429599,2743300
2017-12-29,211.35296630859375,212.40383234639427,211.17354379648904,212.36966345849,2951800
2018-01-02,211.89967346191406,212.28413521801752,211.22471761231586,212.1730635635466,4454900
2018-01-03,212.69422912597656,212.92491139669676,211.94239656114453,212.15598787640192,5528600
2018-01-04,214.10394287109375,214.37733297974228,213.26665551626755,213.55714961721722,4932900
2018-01-05,215.91522216796875,216.0262938402535,214.4200827371013,214.77037567539833,3349200
2018-01-08,215.8041229248047,216.12878590287764,215.48801194294182,215.94082449837012,3847500
2018-01-09,216.85499572753906,217.25653540456182,215.91518873047502,216.32528040347606,5031400
2018-01-10,216.68406677246094,216.9489178606198,215.68446119622766,216.29960509492145,2357600
2018-01-11,218.38426208496094,218.43552190472192,216.88058421347242,217.00873376287493,2760400
2018-01-12,220.34938049316406,220.40064033062487,219.12764424507742,219.2557938387294,3678400
2018-01-16,220.26393127441406,222.7757675175114,219.49500766540012,222.3656627585619,8102900
2018-01-17,223.0576934814453,223.1516872277261,220.88762427119573,221.5027683644003,6144400
2018-01-18,222.2716522216797,223.26271897648772,221.6052484126208,223.1943551599318,4860200
2018-01-19,222.71969604492188,222.72822669287945,221.63403413237785,222.30080731631463,4057600
2018-01-22,223.95065307617188,223.97629719378884,221.94177690415438,222.00162187446293,3359900
2018-01-23,223.85662841796875,224.2156721861592,223.34371992952927,223.8224275620436,3483300
2018-01-24,224.45489501953125,225.4721546668946,223.001659498271,224.82246922149437,7106400
2018-01-25,225.46372985839844,226.01083920361447,224.3268057513099,225.31839578619747,5918900
2018-01-26,227.31007385253906,227.32716122838585,225.72006092050023,225.95088397621367,3861700
2018-01-29,225.8142547607422,227.30166615012476,225.78005389902827,227.01102404459104,4605600
2018-01-30,222.78793334960938,224.34374517541164,222.33487013523754,223.52310778642706,9409500
2018-01-31,223.48902893066406,224.95935251919238,222.50596965587278,224.8225751984448,5360500
2018-02-01,223.6427764892578,224.73696839449266,222.0613205255155,222.2152112355024,5182000
2018-02-02,217.92398071289062,222.12979776909066,217.75301561524205,221.92461878183101,9486600
2018-02-05,207.95668029785156,218.00103821533267,204.35780248771707,215.60748648580972,19888200
2018-02-06,212.82058715820312,213.13687321203508,203.05832053905775,203.72510653319486,20493100
2018-02-07,212.6496124267578,216.09461040642384,211.63236560747714,212.20510581530402,12657100
2018-02-08,204.02427673339844,212.9231474932267,203.87895577252712,212.82057106056428,15829100
2018-02-09,206.89651489257812,208.60619151065094,199.82699842458373,206.3665193149907,19858000
2018-02-12,210.4356231689453,211.87175884457483,207.777074518163,208.60626902956406,10458400
2018-02-13,210.77755737304688,211.3588413531551,208.8627142358988,209.19610076420835,6234000
2018-02-14,213.11117553710938,213.27359688948536,209.4695562918684,209.5806894369249,5764000
2018-02-15,215.8466796875,215.8466796875,212.4187826583291,215.09441777833618,6111500
2018-02-16,215.9367218017578,217.78789183872516,215.2853723298047,215.48248505448242,6399000
2018-02-20,213.6998748779297,215.61960867017592,213.04852541795557,214.63403198770703,8685200
2018-02-21,212.3029022216797,216.40805913778325,212.29433665250042,213.91411847731186,5894800
2018-02-22,213.81982421875,215.42246167293013,212.99707195497837,213.0827799472975,6342300
2018-02-23,216.75088500976562,216.78516036478607,214.2997851938391,214.93397734075654,5119000
2018-02-26,220.1875457763672,220.41035517068605,217.65073828864956,217.95926875232868,6120900
2018-02-27,217.6507110595703,220.99310002307308,217.61642263611583,220.3417769038613,7219200
2018-02-28,214.42832946777344,219.20198006818717,214.42832946777344,218.6963237828723,5299300
2018-03-01,210.81173706054688,215.8596312965997,209.4319215014284,214.43697480061402,8144800
2018-03-02,210.2717742919922,210.76027333396772,207.53785353933782,208.7291216487947,6393400
2018-03-05,213.2627410888672,213.93980020417473,208.94332781492275,208.9776031643495,4891000
2018-03-06,213.2627410888672,214.41115491410918,211.72866746585925,214.41115491410918,4408500
2018-03-07,212.63717651367188,213.0399806420119,210.31462532850304,210.70886388629364,5362600
2018-03-08,213.51992797851562,214.00844015284562,211.8744359990807,213.51136240741096,5846600
2018-03-09,217.30795288085938,217.30795288085938,214.54832249640504,215.06254437417135,3904000
2018-03-12,215.9367218017578,218.3021137295086,215.71388621305556,217.72790669521711,5512800
2018-03-13,214.44549560546875,217.65934983213867,213.9569834859559,216.91373983625726,6100900
2018-03-14,212.44000244140625,215.64527724724255,211.61725020395116,215.46530877721383,6222800
2018-03-15,213.3998565673828,214.94250874837064,212.37142613912508,213.26272902302782,5069600
2018-03-16,213.87550354003906,214.7598532075224,213.22296453026144,213.42045033642486,3430100
2018-03-19,211.1366424560547,213.25736856249722,209.77148250607183,213.18867953908347,5739500
2018-03-20,212.15838623046875,212.80233113432357,211.48868457854715,211.6346438512898,3258400
2018-03-21,211.74624633789062,214.34778263108387,211.4886788641822,212.19271846080568,4341400
2018-03-22,205.5128936767578,210.38111613611,205.34975885289634,209.5740363345391,7449700
2018-03-23,201.881103515625,206.83517881509036,201.64069837219952,206.04527432939273,7598700
2018-03-26,207.62509155273438,207.90841588572044,203.65838057666267,205.22960829234535,6589700
2018-03-27,204.5941162109375,209.7199173689463,203.35775331999193,208.68102719584016,6513100
2018-03-28,204.5856170654297,206.68058688108184,203.5295509407211,205.23814327805312,7983700
2018-03-29,207.264404296875,208.58664523202683,205.25529924595384,205.69319018601402,6614500
2018-04-02,202.7568359375,206.9467761237036,200.22398790569758,206.34576333496855,9217400
2018-04-03,206.19110107421875,206.2769656135571,202.9713773653703,203.81280792740034,9874500
2018-04-04,208.1745147705078,208.55228477673677,201.71789018442027,201.81233596125068,6437500
2018-04-05,210.27810668945312,211.29124058378366,208.96445987332882,209.3250675188242,4786400
2018-04-06,205.31533813476562,209.71132988514782,203.69259796901213,208.03707623811465,6985500
2018-04-09,205.83050537109375,209.1876072945822,205.5729248394261,207.05830022823713,5052000
2018-04-10,209.50534057617188,210.35535263586974,207.95128884266964,208.93867897080034,5977500
2018-04-11,207.67657470703125,209.13618085924045,207.2558592268193,207.89122305591778,4733100
2018-04-12,210.1922149658203,211.0594025475816,209.01594638591857,209.20483795217783,4742400
2018-04-13,209.13619995117188,211.6089533484314,208.0629581087636,211.57460227286018,5222500
2018-04-16,210.8876190185547,211.78914433387672,210.11489052033016,210.45832249707658,4018400
2018-04-17,212.7593994140625,213.34323650657038,212.30434606222764,213.0598991759971,3821900
2018-04-18,212.39889526367188,213.12011076481159,212.14131455580798,212.82819207641205,3645600
2018-04-19,211.70339965820312,212.570574352537,210.776117132025,212.00389951413425,3721800
2018-04-20,210.0213165283203,211.89405926581156,209.25675972698727,211.64492650454943,3396500
2018-04-23,209.90966796875,210.62267063480678,208.87020776329283,210.51958843886842,2491000
2018-04-24,206.25001525878906,210.9490358445858,204.55767993442166,210.80299841914643,7088900
2018-04-25,206.77407836914062,207.31528601626673,204.53194925575977,206.42186345249954,5269200
2018-04-26,208.85293579101562,209.50582438088298,207.13482999975525,207.4011343001035,3845800
2018-04-27,208.70700073242188,209.12794157665027,207.69332411031021,208.7241854690327,3209800
2018-04-30,207.49569702148438,210.33057510557194,207.46992647501995,209.69488414863446,3475700
2018-05-01,206.82568359375,206.93736472588034,204.37738936653042,206.76555667437418,4396600
2018-05-02,205.408203125,207.63314767984272,205.07317291445653,206.6967828744919,2729400
2018-05-03,205.39964294433594,206.0267481637415,201.98060147784426,204.38595326535162,6177500
2018-05-04,208.33749389648438,208.93882824978633,204.1796682791414,204.54906780852346,3600900
2018-05-07,209.11073303222656,210.18454955616255,208.3118198303119,209.1794588627319,2983800
2018-05-08,209.11073303222656,209.591800737652,207.75342737299803,208.89596972743936,2927200
2018-05-09,210.81167602539062,211.19826049953758,208.93036029627777,209.8065852304575,3670500
2018-05-10,212.58126831054688,213.13964753611822,211.30127457849812,211.32704512071777,3877800
2018-05-11,213.509033203125,213.85266227821114,212.51254165564745,212.78743180760748,3293500
2018-05-14,214.13613891601562,214.93505189149863,213.7753382392064,214.2564058082854,4286300
2018-05-15,212.45245361328125,213.19982573370785,211.74803677626,213.1053424615731,4755900
2018-05-16,213.0194549560547,213.2857593906406,212.16040162739637,212.34079548587104,2034400
2018-05-17,212.82180786132812,213.80971362806974,212.08302171214515,212.8733489471603,2058200
2018-05-18,212.78480529785156,213.2413870268426,212.28514709261526,212.7589620411234,2408800
2018-05-21,215.31752014160156,215.94639454438757,214.68864573881555,214.69725577484792,4060300
2018-05-22,213.80133056640625,215.73965358990176,213.57735130481404,215.68796707915698,2329300
2018-05-23,214.18898010253906,214.24927664284087,212.32818706743046,212.63831923994854,3489400
2018-05-24,213.56874084472656,214.01669936702305,211.79410053883672,213.75826681381133,3448100
2018-05-25,213.103515625,213.7324031647265,212.53495091709087,213.13798205886906,4207000
2018-05-29,209.72653198242188,212.10421645002614,208.7444489203963,211.38918910252872,6439600
2018-05-30,212.52635192871094,212.92263709275744,210.70002507854457,211.20829330268037,4185900
2018-05-31,210.3555145263672,211.94064270133592,209.7783263300052,211.92340947522212,5357800
2018-06-01,212.23350524902344,212.63840054977848,211.62185070583035,212.04397922972967,3565300
2018-06-04,213.818603515625,214.2234987851537,213.25002550159363,213.40509820773707,3062500
2018-06-05,213.7754364013672,214.0597252878557,212.92258288699276,213.78405958116727,2816400
2018-06-06,216.6786346435547,216.687244678774,214.1200476585826,214.71446871601336,4102500
2018-06-07,217.54867553710938,218.2723126956548,216.86811483575838,217.28161990562873,4286800
2018-06-08,218.18621826171875,218.30682447986956,216.89400314792067,217.05768583221646,4451000
2018-06-11,218.28965759277344,218.95299856670823,217.97091530761458,218.48779362313468,4200200
2018-06-12,218.21206665039062,218.61696178052165,217.57456911367336,218.59111852924454,6531000
2018-06-13,217.2472686767578,218.59979390831947,217.11805238174702,218.31550491419958,3819000
2018-06-14,217.0835723876953,218.40163101509427,216.69589726014718,218.09149880011248,5007000
2018-06-15,216.3295135498047,216.72637773395593,214.62986691811136,215.92401329769078,6340800
2018-06-18,215.45814514160156,215.60481350657597,214.08635293559993,214.65578058649334,4075500
2018-06-19,212.99928283691406,213.30124248310588,211.8345456115937,212.75770985406456,5511100
2018-06-20,212.63687133789062,213.94826344829656,212.3435215035684,213.93101764284117,4711700
2018-06-21,210.94586181640625,212.18824445861554,210.45407986855764,212.09333986331518,4676600
2018-06-22,211.9725799560547,212.68003989307056,211.75688886377407,212.17101207482577,3584900
2018-06-25,209.056396484375,210.85957054845503,207.66734556064515,210.66976136647426,9536000
2018-06-26,209.36703491210938,210.24705828431937,209.02193441875718,209.58272601163947,3829900
2018-06-27,208.02967834472656,211.87761207436264,207.93477376587555,209.8846290832266,6149300
2018-06-28,208.8579559326172,209.61719262976166,206.91673651220282,207.46890506519787,5524000
2018-06-29,209.41879272460938,211.34276675641243,209.29800623889102,210.0658660048304,3966200
2018-07-02,209.41879272460938,209.68624757407574,207.5983593696646,207.85719131470094,5700300
2018-07-03,208.49562072753906,210.7733179183191,208.22816590496365,210.56624975016155,3143800
2018-07-05,210.126220703125,210.22974819301,208.52147878622335,209.76386132379065,3294600
2018-07-06,211.03211975097656,211.5497703504628,209.48776452537874,209.9191466073188,3546000
2018-07-09,213.82748413085938,213.9655295675367,212.0329329482664,212.0501919190354,3679300
2018-07-10,215.02670288085938,215.24239391581403,214.35374790497977,214.41414771384038,3474700
2018-07-11,213.17181396484375,214.10360102856856,212.79219555020708,213.39612795315676,4409800
2018-07-12,215.08712768554688,215.20791415256895,214.1121998815375,214.8886955964544,3175400
2018-07-13,215.8636474609375,216.08797462747575,214.7679330009525,215.03540101988193,3018100
2018-07-16,216.2690887451172,216.338111457155,215.54437001582434,216.02751583535292,1881400
2018-07-17,216.7953643798828,217.0455733438873,215.60474569606896,216.16555026607986,2960100
2018-07-18,217.4424285888672,217.56321503267768,216.57104161314393,216.89026010791417,2119600
2018-07-19,216.3726806640625,217.08877670437175,216.21738938928564,216.74367620615195,2537400
2018-07-20,216.34498596191406,216.86329377861367,215.68844427339718,215.809397263556,2687800
2018-07-23,216.1894989013672,216.483221183475,215.6366292842399,216.14631646649823,1792000
2018-07-24,217.8740692138672,218.26280345770144,216.8806226113425,217.053391921774,5485300
2018-07-25,219.4375457763672,219.55848555259715,216.76821048862894,217.32109310161957,4687600
2018-07-26,220.3878936767578,220.87165302437742,219.8091092300377,219.86958573921694,4175000
2018-07-27,219.64491271972656,220.8024944728726,218.97110336119002,220.379198570633,5852900
2018-07-30,218.4441375732422,220.10274615573965,218.27136831742044,219.87814744131632,4484200
2018-07-31,219.56729125976562,220.00785510770214,219.0748979216551,219.15264215691613,3743100
2018-08-01,218.6515350341797,219.9732393559646,218.17640955019908,219.33397841556766,3159000
2018-08-02,218.64291381835938,218.9107082389561,216.8547177611557,217.21753728404033,4132600
2018-08-03,219.75717163085938,219.85219668320627,218.5909562776427,218.5909562776427,2469400
2018-08-06,220.1546173095703,220.49152201556487,219.1007075766743,219.61038156086718,2305400
2018-08-07,221.2517547607422,221.80463765445998,220.84573962407674,221.13081492310485,2394500
2018-08-08,220.8197784423828,221.25170822616428,220.61246058229628,221.12213456361022,1876800
2018-08-09,220.42250061035156,221.3468370529392,220.28427985943924,220.94080865408822,1677300
2018-08-10,218.8156280517578,219.3339358762047,218.03814654291136,219.14388571947228,4796900
2018-08-13,217.72714233398438,219.38576417178493,217.43343326786444,219.04885949442385,3686700
2018-08-14,218.7379150390625,219.03162416626597,217.89132306330765,218.34916763849324,2815800
2018-08-15,217.4852752685547,217.86537557907275,215.84394739835463,217.5543856142353,5804000
2018-08-16,221.0962677001953,221.50228283937147,219.66225734401792,219.7400015583826,7919200
2018-08-17,222.0553741455078,222.58342576262893,220.77415945291614,220.94729264647245,3902500
2018-08-20,222.85186767578125,223.10292212831808,222.45366250235313,222.5748438949435,2930700
2018-08-21,223.40594482421875,223.9513272092077,223.13758625675518,223.2847369971344,3290900
2018-08-22,222.63540649414062,223.51841632942782,222.52286395290307,223.34526989391824,3850600
2018-08-23,222.0380859375,222.9643691737056,221.59659422847457,222.30644441999888,2811900
2018-08-24,223.2154541015625,223.50111669932144,222.47095602818374,222.68737589323888,3631500
2018-08-27,225.5786895751953,225.63929346371975,224.42734778540253,224.42734778540253,4111600
2018-08-28,225.630615234375,226.2192706869859,225.37956089606777,226.20194019704277,2713600
2018-08-29,226.2279815673828,226.60888260943193,225.45754065399134,225.76917255106522,2433900
2018-08-30,225.08526611328125,226.0721267025743,224.6004878556577,225.71719504637963,3867200
2018-08-31,224.9467010498047,225.5007218909806,224.19356452125365,224.7216160482874,3081800
2018-09-04,224.84292602539062,225.00740722922038,223.5270763947525,224.40142106580132,2945000
2018-09-05,225.00733947753906,225.34494061323431,224.14166031528364,224.4013534965877,3282400
2018-09-06,225.32765197753906,225.98555022139155,224.24555295058653,225.19780537799141,3878500
2018-09-07,224.67848205566406,225.37101514139127,223.74353332964418,224.49667032544454,3796400
2018-09-10,224.15902709960938,225.6393314840418,224.08975795292827,225.52678893451414,2247600
2018-09-11,225.1025848388672,225.51812040891974,223.18944100413552,223.431830148724,3072900
2018-09-12,225.29307556152344,226.6088988072866,224.7130587092591,225.2065023333353,4971200
2018-09-13,226.61749267578125,226.99839362508095,225.93359873247974,226.30586085458972,2472300
2018-09-14,226.7127685546875,227.21485093342727,225.95960535892362,226.8166458455691,3077700
2018-09-17,225.92495727539062,226.97242166455578,225.6306295304364,226.56555140155967,2473500
2018-09-18,227.5957794189453,228.13249643224535,226.09814451212478,226.15874841193332,2998900
2018-09-19,228.90289306640625,229.39631010519045,227.76019024499107,227.76019024499107,4001000
2018-09-20,231.17095947265625,231.40468332429066,230.26198054610657,230.27064579119937,5247100
2018-09-21,231.71400451660156,232.13904794822955,231.25425555813848,232.08700289425715,3944500
2018-09-24,230.23939514160156,231.3497339624062,230.09191647839907,231.33236795934377,3778600
2018-09-25,229.64073181152344,230.84647713608143,229.46723070591486,230.76840958032315,1820400
2018-09-26,228.8167266845703,230.60367755467783,228.37431723090614,229.71020211962406,3365900
2018-09-27,229.2244415283203,230.1959845945521,228.65191940588448,229.2244415283203,2440100
2018-09-28,229.35452270507812,229.82295464507928,228.5738204534492,228.62586550538717,3288800
2018-10-01,231.37576293945312,231.7400783979934,230.51696641347544,230.82926327907634,5828100
2018-10-02,232.10435485839844,232.49469273958726,230.7858096440036,230.83785469482876,4553400
2018-10-03,232.43409729003906,233.58779840684878,232.19121145110168,233.14538880027425,5827700
2018-10-04,230.9593505859375,232.2258244951426,229.51069249489777,232.20848496606652,8720900
2018-10-05,229.2851104736328,231.28024115078958,228.05331595702344,231.03735544685262,7477100
2018-10-08,229.7275390625,230.05717539896688,227.34204359577163,228.3569751331795,6236400
2018-10-09,229.20701599121094,230.15253617310347,228.2614958093184,229.33712859008546,4559100
2018-10-10,222.12001037597656,229.11167935361732,221.8944773637657,229.0422947623849,12292000
2018-10-11,217.0974578857422,222.7012098798429,215.87434602484063,220.9662907085342,15270300
2018-10-12,219.7258758544922,220.86223731308422,216.80254986720877,220.64537403514575,8634400
2018-10-15,218.89308166503906,220.97497675755804,218.89308166503906,219.35283068526041,5500900
2018-10-16,223.73345947265625,223.8982511658478,220.3156797558636,220.87084907213134,7099800
2018-10-17,222.90933227539062,223.8201470658959,220.9141883205974,222.86597022729296,6822400
2018-10-18,220.0554656982422,222.81395982229554,218.87574235181586,222.16337008704346,8694600
2018-10-19,220.7454833984375,222.18632537694373,219.89485036649916,220.66735484838918,6618300
2018-10-22,219.63453674316406,221.7177050682666,218.90543378934782,221.3965554147855,4662600
2018-10-23,218.4453582763672,219.53901248018397,214.8432328336924,216.16255793038036,7360500
2018-10-24,213.21142578125,219.50430495709648,212.8121476198094,219.07898835516787,7624300
2018-10-25,216.7960968017578,217.80294691935967,213.74079322670326,214.67821636601664,5920200
2018-10-26,213.98399353027344,216.1626275746951,212.05706889959833,214.72178488003212,5882900
2018-10-29,212.19586181640625,217.20412877417445,209.2273607518739,215.8847905529246,6833300
2018-10-30,215.86740112304688,216.07572184158457,211.86599837618894,212.16979776851,6151100
2018-10-31,218.02865600585938,219.79066046957954,217.3342669438742,217.8116602517621,5376400
2018-11-01,220.23333740234375,220.3201410058148,217.78563206802997,218.86192258259715,3267900
2018-11-02,219.1310577392578,221.8565246221536,217.4992449864657,221.6655672470663,6413400
2018-11-05,220.8843994140625,221.2749892730668,219.16579608781862,219.46090724845524,2833700
2018-11-06,222.40338134765625,222.53357355125965,220.7542050505563,220.9277990701524,2193300
2018-11-07,227.22064208984375,227.29006909111777,223.505675036171,224.33893149518534,4462300
2018-11-08,227.4984130859375,228.25355426847722,226.51758778401947,227.00365628056792,4023400
2018-11-09,225.75381469726562,226.93428597578585,224.8424426607175,226.68256335579756,4386500
2018-11-12,220.6587371826172,225.60625307235665,220.19001873789168,225.4152956681167,10153000
2018-11-13,219.6517791748047,221.65681781595575,218.9313516846112,220.3201298033116,3937900
2018-11-14,217.7856903076172,221.58744810876377,216.70938626085766,221.35310215659047,5610300
2018-11-15,219.790771484375,220.46779751957,215.56369629769236,217.1694577424492,5667000
2018-11-16,221.03570556640625,221.8274524631043,218.67786955422838,219.0693885141285,4529500
2018-11-19,217.39028930664062,220.80087737174455,216.50283623955252,220.65297073987733,4249600
2018-11-20,212.7267303466797,214.8409405580716,211.8827827470377,214.34502011470795,7341100
2018-11-21,212.85728454589844,214.57998952213146,212.79638807600756,213.8926440169798,4257600
2018-11-23,211.25634765625,212.31780725269726,211.1693508238774,211.6391708911495,1928000
2018-11-26,214.37127685546875,214.6670901971642,212.88348788841972,213.0487992487461,3435500
2018-11-27,215.3369598388672,215.36306022647392,212.41359694395874,213.3184413580544,2932000
2018-11-28,220.8531036376953,220.8531036376953,216.28534910403033,216.74647373773897,5132500
2018-11-29,220.6355438232422,221.83621471797406,219.44358190802097,220.64425280275285,3471100
2018-11-30,222.30606079101562,222.5931783546835,219.97433746312146,220.2092542471924,2991800
2018-12-03,225.10765075683594,226.47360667875745,223.6198487521912,226.3605226808672,9544200
2018-12-04,218.14718627929688,224.50724991328875,217.84267736811108,224.1592359359672,5376900
2018-12-06,217.26849365234375,217.3989956056791,211.26516483298107,214.34513041466363,8232800
2018-12-07,212.56153869628906,218.7388881179163,211.67408554333701,217.2163033017575,5963700
2018-12-10,212.9094696044922,213.58810603878575,208.15900128855736,212.23952887160445,6021000
2018-12-11,212.4918975830078,216.20700762852,211.12592862338175,216.1548068534352,5646500
2018-12-12,213.92755126953125,216.43328217775468,213.72743053546134,215.24131985934324,3734800
2018-12-13,214.26681518554688,215.6501889036859,213.30975667092488,214.39731713032054,4455300
2018-12-14,210.04702758789062,213.013895033514,209.52500665147022,212.34395422543224,6591200
2018-12-17,205.70555114746094,210.0296930582982,204.5048932995508,208.8464266209605,7036700
2018-12-18,206.51461791992188,208.64623311359466,205.04423450412605,207.4542714627242,5349600
2018-12-19,203.08663940429688,209.85561301003457,201.9120823567741,206.67994254435882,9545700
2018-12-20,199.14541625976562,203.04323012835656,197.45751991318423,202.36459330717872,11912800
2018-12-21,195.49525451660156,202.80593868005516,195.285887955321,199.787442075072,10242700
2018-12-24,190.26963806152344,194.81481532296215,190.07770981088225,194.1081764509247,7024000
2018-12-26,199.52574157714844,199.55191239831896,189.2838053549441,191.22052599182084,9761100
2018-12-27,201.75033569335938,201.8462998055796,194.13432077305922,196.76022848132635,7952000
2018-12-28,201.06979370117188,203.97487350682326,200.36315518579536,203.01524604968026,7266800
2018-12-31,203.44277954101562,203.49512118014823,201.5671331429838,202.6837991501753,5079600
2019-01-02,203.5823516845703,204.14068464857675,199.90083912725336,200.01425487847132,5319500
2019-01-03,197.78964233398438,201.88990128934094,197.47557920952215,201.74159555163766,7350200
2019-01-04,204.38497924804688,205.17013049789648,200.41557390334168,200.65112460298036,7343700
2019-01-07,205.3270721435547,206.65311746179373,203.22459511044406,204.87342260884336,5101600
2019-01-08,207.56048583984375,208.20606376884248,205.70227782151707,207.57793748973793,4845800
2019-01-09,208.43296813964844,209.2704746285939,207.43843667186485,208.4416873123459,4872000
2019-01-10,209.3750457763672,209.51463233502776,206.79274768797427,207.31619062709797,3052200
2019-01-11,209.2703857421875,209.3227273795684,207.5953867874569,208.38925714058112,2047200
2019-01-14,208.4503631591797,209.06975704525468,207.31624536610144,207.56923442272847,2330700
2019-01-15,209.9333038330078,210.27353762859215,208.4066113353367,208.45023378332488,3940300
2019-01-16,210.9976806640625,211.9049665762698,210.36955452803224,210.56148269802512,3718500
2019-01-17,212.69012451171875,213.57123958442645,210.28230329204587,210.44806064403264,4108400
2019-01-18,215.67941284179688,215.98496159289246,213.4619364410088,214.45717787376387,5393200
2019-01-22,213.0166778564453,214.53573601056732,211.57620155188582,214.19525906651424,5218500
2019-01-23,214.51828002929688,215.56590041061904,212.12620261295157,214.8936718931075,4330300
2019-01-24,214.30003356933594,214.93733388358672,213.13019098667934,214.30003356933594,2840400
2019-01-25,215.9761962890625,216.98890164999816,215.356346861927,215.9761962890625,4110600
2019-01-28,213.9769744873047,214.09045790538153,212.2658512879402,213.65394838037372,3560300
2019-01-29,214.5095977783203,215.33022480591546,213.84609452376355,214.19531026858778,2432900
2019-01-30,218.41188049316406,219.1277624459343,216.31664028431737,216.8666465006549,5686200
2019-01-31,218.359619140625,218.63025303695682,216.80564559550345,217.33818798936326,5649600
2019-02-01,218.67381286621094,219.86985805022212,218.03651267521823,218.83968862086158,3971400
2019-02-04,220.28024291992188,220.306432434027,217.97545910893098,218.630223603994,2576100
2019-02-05,221.71192932128906,221.9214453729306,220.70794939605582,221.18811254975748,3090500
2019-02-06,221.6334228515625,222.05248173978262,220.91755389631862,221.42390672867083,1913500
2019-02-07,219.9135284423828,221.17067820629043,218.403208974929,220.35003803700542,3884800
2019-02-08,219.4071807861328,219.45082108698176,217.49526670217443,218.70002407961033,2942300
2019-02-11,219.07537841796875,220.2801488371106,218.5603004322706,220.105534389365,2677600
2019-02-12,222.2095947265625,222.5151568009232,220.58577834421237,220.62943197215202,3080600
2019-02-13,223.3182830810547,223.98177278548323,222.72462318028053,223.08256419977567,2918200
2019-02-14,222.7596435546875,223.6414017148548,221.41518615691976,222.21836244334358,3811000
2019-02-15,226.42584228515625,226.45210363845263,224.23730712540117,224.25483250461016,4751100
2019-02-19,226.5658721923828,227.15241126763968,225.82176502485245,225.82176502485245,2744500
2019-02-20,227.16990661621094,227.39752277874015,226.13692462790635,226.57463157707053,2454000
2019-02-21,226.3207550048828,226.94229139493044,225.41907975448535,226.67967791054753,3197200
2019-02-22,227.7564239501953,227.96651471678322,226.74094071917128,226.95979417287018,3938500
2019-02-25,228.3867645263672,229.67359742140025,228.2641937465463,229.22715446115905,3585000
2019-02-26,228.08033752441406,228.92072736057628,227.257446348095,227.57258251833912,3080200
2019-02-27,227.4938201904297,227.97531389494364,226.53085949691555,227.45006017888923,2777200
2019-02-28,226.97727966308594,227.9314774599925,226.78468756638412,227.48500789138646,2772900
2019-03-01,227.97540283203125,228.95586256955286,226.9336576820335,228.6144381704922,3676900
2019-03-04,226.10194396972656,229.0783464519692,224.28109446669535,228.92077833176322,4823900
2019-03-05,226.02313232421875,226.6096447163536,225.3228118428749,226.0493936743813,2107200
2019-03-06,224.86756896972656,226.25073792163818,224.49991008464508,226.0668817635848,3222000
2019-03-07,223.064208984375,224.53489789341796,222.01371499823634,224.4561138499526,4104600
2019-03-08,222.97671508789062,223.1430325342891,221.25214836756945,221.3747057983546,5495800
2019-03-11,224.7713623046875,224.83262099591713,221.00707851010372,221.3484895195101,5469400
2019-03-12,223.98342895507812,224.95513903971695,223.60699398504298,224.31607719533878,6570500
2019-03-13,225.2877197265625,225.91801865551338,224.1146685812523,224.84125019319976,5272800
2019-03-14,225.4541015625,225.8042617767202,224.64870902583277,225.27024540973707,3409600
2019-03-15,226.63404846191406,227.34463539599554,224.87072626214223,225.9673143421655,4225100
2019-03-18,227.20420837402344,227.31825778750635,226.0813035501471,226.28308534109092,2786200
2019-03-19,227.10768127441406,228.93239125046262,226.3356793249542,228.1867063323635,4761400
2019-03-20,225.712890625,227.3621631283846,225.06369237594845,226.73928191833744,4382600
2019-03-21,227.72193908691406,228.0640875444561,224.88837157938266,224.91468863210284,3800000
2019-03-22,223.6688690185547,226.89723107938718,223.5899045084443,226.26559531500874,6226500
2019-03-25,223.7653350830078,224.48468974650243,222.44942967278106,223.43196809553746,4982500
2019-03-26,224.98477172851562,226.1866279594264,223.9671481816691,225.50235808047586,3278700
2019-03-27,224.67774963378906,225.83575319502654,222.91445401826715,225.13394745788594,3166200
2019-03-28,225.5286865234375,225.70415133087684,224.22156205617804,225.388346804091,2434400
2019-03-29,227.32708740234375,227.51130669367544,225.95854769382848,226.8445726097742,4255900
2019-04-01,230.1869659423828,230.42381928445138,228.59908207537373,229.1693291858135,6051700
2019-04-02,229.5728759765625,229.9062429872183,229.0377271509924,229.84482763848362,2320000
2019-04-03,229.84483337402344,230.47646910151047,229.16056356692636,230.35363840097597,3265500
2019-04-04,231.40643310546875,231.54679961128377,229.94137945341535,230.0378931389891,4397000
2019-04-05,231.73973083496094,232.3362682269609,231.25721609588837,232.09063360836294,3112700
2019-04-08,230.9151153564453,231.0730176028498,230.1694301633113,230.572967050401,3231700
2019-04-09,229.41502380371094,229.96770851859594,228.9237544509625,229.95014597388732,4161200
2019-04-10,229.49395751953125,229.906275706311,228.9675898894893,229.75712794846734,3602600
2019-04-11,229.31858825683594,230.06427381237992,228.59921975514968,229.77478621994473,2731700
2019-04-12,231.66087341308594,231.941606454215,230.79235724035394,231.4854085693362,3395200
2019-04-15,231.4327392578125,231.7661063469089,230.85373748814592,231.61695857519706,2190300
2019-04-16,232.0643768310547,232.75742805970364,231.53800914818422,232.72232974159962,2536000
2019-04-17,232.0643768310547,232.64337860499492,231.52925464778758,232.56442746839022,2873600
2019-04-18,233.10714721679688,233.43192695412418,232.05378291201424,232.59803810199105,3469200
2019-04-22,232.6770782470703,233.00185804280017,232.12406322702356,232.26451361212844,1604200
2019-04-23,233.914794921875,234.2483344822735,232.66831437534034,233.0106672451414,3399200
2019-04-24,233.42324829101562,234.10792729046213,233.25646510503208,233.8270264732081,1899800
2019-04-25,232.20306396484375,232.8350773103138,230.84249270148496,231.79049932560397,2333800
2019-04-26,232.9141082763672,232.9141082763672,231.61496210964728,232.1065519256251,1883100
2019-04-29,233.0018310546875,233.4143956418429,232.6858110277625,232.89649997510207,1522500
2019-04-30,233.30905151367188,233.54604642948433,231.82557638675175,233.50216741150075,2259200
2019-05-01,231.8694610595703,234.20439814002123,231.86070132866033,233.9059511612194,2902500
2019-05-02,230.75465393066406,232.1327979128593,229.70128967167636,231.52711748216626,3660200
2019-05-03,232.5893096923828,232.83509118648155,231.3867349966792,232.01874837981507,2161600
2019-05-06,231.97482299804688,232.35229512243342,228.2968606295832,228.53388237087705,3282600
2019-05-07,227.80531311035156,230.41236492393946,226.30429139591408,229.96470775994743,6758100
2019-05-08,227.9281768798828,229.2009631323868,227.18204602114957,227.70872820308884,4115200
2019-05-09,226.85728454589844,227.42784579390525,224.16244814855634,226.24281748609374,7175400
2019-05-10,228.1563720703125,228.7006004072279,223.87271697021214,226.10230924209827,5456100
2019-05-13,222.49468994140625,224.45216895501719,221.72222608925276,223.5480412162867,6326000
2019-05-14,224.54864501953125,225.79512519681307,223.17051439778766,223.31095136087464,4308800
2019-05-15,225.52304077148438,226.14626754831167,222.73164647909903,223.10909179547542,4151400
2019-05-16,227.48928833007812,228.29684449055782,226.33937936222992,226.47104321576796,3889400
2019-05-17,226.5423583984375,228.25833245102146,225.45997187320359,225.59196367996515,3652900
2019-05-20,225.86485290527344,226.51603059138637,224.8264678013438,225.46004209858972,2613300
2019-05-21,227.71279907226562,227.80961100010884,226.75362247676605,227.21123003583634,2376700
2019-05-22,226.6832733154297,227.79203190816824,226.5688714067159,226.95606547240496,2942600
2019-05-23,224.18408203125,224.7032813209402,222.88171317137153,224.6768829501452,4616900
2019-05-24,225.38088989257812,225.87367745504775,224.4129181598568,225.46008501637775,2258900
2019-05-28,223.04896545410156,226.34008846103848,223.0401704708718,225.38091161823897,4580100
2019-05-29,221.11294555664062,222.00172199873583,219.53777122142608,221.8257283919533,5192100
2019-05-30,221.64089965820312,222.05449196938184,220.71692997711648,221.5529095791448,3454700
2019-05-31,218.428955078125,220.05692582218995,218.428955078125,219.45853156764733,4891100
2019-06-03,218.67535400390625,219.6521337882651,217.3905753922242,218.53455377270427,5479600
2019-06-04,223.2073211669922,223.25132293124057,220.44417955810476,220.63777657883506,3796100
2019-06-05,225.03765869140625,225.09926383979183,223.57689964874749,224.58887297333933,2792400
2019-06-06,226.78883361816406,227.34322626083846,224.86167198167888,225.3808578449236,2796200
2019-06-07,229.01513671875,229.78071616431134,227.38716591864565,227.4399626490362,3124900
2019-06-10,229.66644287109375,230.99522399124427,229.6224545227751,230.44963956850825,3495900
2019-06-11,229.56954956054688,231.3207039349136,226.11122913939914,231.1359153621922,2792100
2019-06-12,229.19122314453125,229.90400610670142,228.78641226472743,229.4991952268976,1725500
2019-06-13,230.1678924560547,230.44949289982833,229.1207126253748,229.97429550782235,1882700
2019-06-14,230.12399291992188,230.66957720591503,229.1735977692378,229.88638070479746,2260900
2019-06-17,230.2735595703125,230.71355033387005,229.64878020543415,230.23837964475948,1319500
2019-06-18,233.4854736328125,233.89906600147597,231.38233186592208,231.63753401379617,6147700
2019-06-19,233.6878204345703,234.2598028805774,232.86944431082645,233.54702021087834,3920800
2019-06-20,235.90541076660156,236.2750147846563,233.98705768764194,235.87901239780496,3471800
2019-06-21,235.60292053222656,237.24357186491673,235.42649425352255,235.77051742133415,4446800
2019-06-24,235.66468811035156,236.3174169310426,235.60293621680714,235.8057968400638,1654200
2019-06-25,233.9799346923828,235.8675669352664,233.86526028662885,235.85876446327543,7240300
2019-06-26,233.9445343017578,235.06476274231414,233.93570491503422,234.73839845988462,2141400
2019-06-27,233.8828582763672,234.55324583206792,233.30951324950925,234.14749769413518,1991500
2019-06-28,234.5003204345703,234.86197545784145,233.81230102706851,234.57970418325857,2176200
2019-07-01,235.48809814453125,237.0581941302959,234.6324823764045,236.7935817974129,3970200
2019-07-02,236.09695434570312,236.15870625410855,234.7562057397968,235.3736440672141,2775300
2019-07-03,237.77281188964844,237.80810252739826,236.643753751478,236.69667624866807,1262900
2019-07-05,237.5169219970703,237.7021775938035,235.79688757910165,237.02296091016913,2157000
2019-07-08,236.44961547851562,236.775979740191,235.9291931532954,236.30847989422298,1423400
2019-07-09,236.27320861816406,236.50255732627977,235.24119326936824,235.26765451116142,1407000
2019-07-10,237.00527954101562,238.05495336109564,236.54660917582243,237.13758571185454,1978600
2019-07-11,238.97247314453125,238.97247314453125,237.48175986006999,237.8610467642207,2238500
2019-07-12,241.151123046875,241.151123046875,239.57219716171966,239.62511964556955,2411200
2019-07-15,241.3363494873047,241.3363494873047,240.77180710635946,241.29222947193327,2624500
2019-07-16,241.1775665283203,241.68033008787046,240.71886914358328,241.3539658218756,1780400
2019-07-17,240.17210388183594,241.20414658702464,240.08389073217361,241.10710404673395,1550800
2019-07-18,240.1632537841797,240.58666071472805,238.82250554908384,239.62519937971655,2119000
2019-07-19,239.63613891601562,241.30461738116395,239.55666318540918,241.16336610808952,2364300
2019-07-22,239.8128204345703,240.26305744208636,239.06243440235727,239.9187522149409,1623500
2019-07-23,241.3135986328125,241.54310851580217,240.0776829288389,240.81923235122306,1722900
2019-07-24,240.6603240966797,240.87221461815298,239.97174051901462,240.34252872588516,2355400
2019-07-25,239.58322143554688,240.63372916074053,238.81516243168605,240.5454706705568,2348600
2019-07-26,239.99819946289062,240.16593376101503,239.33609889901248,239.8128188484682,1731300
2019-07-29,240.2365264892578,240.72205603257737,239.84809207822786,239.99815309011834,1346000
2019-07-30,240.04229736328125,240.2541608711635,238.90347712654545,239.3183944567711,1670600
2019-07-31,237.04957580566406,240.72202904490067,235.79601420773517,240.3865605510814,5058800
2019-08-01,234.61314392089844,239.86579239749003,234.29532163079924,237.31451215250368,7225300
2019-08-02,233.7743682861328,234.53359062810617,231.6732990548841,234.12748305268633,5691500
2019-08-05,226.96804809570312,230.54337988239877,225.2289297713375,230.4021285482292,6608200
2019-08-06,229.78414916992188,229.84592472967321,226.92385723654192,228.24805798355368,4991000
2019-08-07,229.74000549316406,230.13727651527807,224.54914744207713,226.99450872647515,5089500
2019-08-08,233.174072265625,233.174072265625,230.04011470387425,230.81698336076943,3637100
2019-08-09,232.3354034423828,233.44774057052638,230.63160513154054,232.56494016810902,3773000
2019-08-12,228.9984588623047,231.44383364488033,228.25690962809887,230.78173322781066,3072700
2019-08-13,232.3265380859375,233.6154188211528,228.31861767591744,228.70705191517527,4326300
2019-08-14,225.18479919433594,229.28983044086854,225.16713940899484,228.80427390203906,6148000
2019-08-15,226.31468200683594,226.8355579149375,224.16948364858123,226.20875027668927,4034800
2019-08-16,229.14181518554688,229.46930804387137,227.36270023827822,227.82298383328396,2743200
2019-08-19,231.31919860839844,232.12466780867229,230.8589420705043,231.93879861228461,1971800
2019-08-20,229.85879516601562,231.51397950334888,229.66406600797927,231.02717011423374,1975200
2019-08-21,231.92991638183594,232.48755092929827,231.45194005373352,231.75288010862974,2156300
2019-08-22,232.39915466308594,233.51442434285934,230.97411186067055,232.53191843164063,2329200
2019-08-23,226.84938049316406,232.95675607799785,225.74295738805267,231.25729904846733,6293900
2019-08-26,229.33645629882812,229.61970347751276,227.63700023865786,229.24793817899695,3145200
2019-08-27,228.1858367919922,230.6287971013192,227.69016760052656,230.58455153534533,3077200
2019-08-28,230.47840881347656,230.5403472217913,226.89362551393043,227.49550585150973,2741700
2019-08-29,233.5852508544922,233.8861911034978,231.9035132220677,232.73553562130218,3740600
2019-08-30,233.78872680664062,234.91282898767264,232.93901198485221,234.79775809277425,2442400
2019-09-03,231.38999938964844,232.08039762924352,230.159659430453,231.96532675398726,3082900
2019-09-04,233.61181640625,233.6295362531363,232.58506472942878,233.30201621731885,1963100
2019-09-05,236.930908203125,237.842588391799,236.0635005939075,236.090053336803,3614800
2019-09-06,237.4974365234375,238.0462112959842,236.69196719174965,237.2761546305106,2470100
2019-09-09,237.92237854003906,238.45346070436167,237.240839753201,237.96665114404317,2243400
2019-09-10,238.44444274902344,238.47099548603535,236.8157848391597,237.6389737104089,2654300
2019-09-11,240.48037719726562,240.52462278304486,238.29411042301987,238.73667432864082,1899800
2019-09-12,241.03793334960938,242.02927185264898,240.27670963423716,241.30346080151344,3272200
2019-09-13,241.28570556640625,241.88758564301037,241.16177477960704,241.6574439029212,2182700
2019-09-16,240.01998901367188,240.94050198463881,239.69246921283337,240.40058728120295,4077500
2019-09-17,240.36526489257812,240.38295772145344,239.31196081751932,239.50668998295757,1756200
2019-09-18,240.72811889648438,240.8697425330004,238.52416014183743,240.08196611962012,3052600
2019-09-19,240.24131774902344,241.81684361732417,239.98462321087706,241.17069081852392,2965600
2019-09-20,238.8900146484375,241.11700172245006,238.74805261618081,240.78872636882045,4076900
2019-09-23,238.9875946044922,239.52882653634805,237.84307142876824,238.0027685588941,1898300
2019-09-24,237.75448608398438,240.0967933103272,236.78739455146925,239.92824206610436,3733300
2019-09-25,239.1827850341797,239.6707845812126,237.26636535155785,238.13584554100024,3391800
2019-09-26,238.56173706054688,239.56432528888368,237.6922297748015,239.56432528888368,2401100
2019-09-27,237.77210998535156,239.52885989083003,236.89374857085855,239.1828223175495,3171000
2019-09-30,238.82794189453125,239.40464413379593,238.23350455189467,238.23350455189467,2128800
2019-10-01,235.5629119873047,239.81281165316483,235.51856068758516,239.3425741548564,3558400
2019-10-02,231.32188415527344,234.28527109273568,230.30156061409394,234.28527109273568,6690100
2019-10-03,232.46644592285156,232.48418102759035,228.35850828842428,230.9581226486853,5610300
2019-10-04,235.70494079589844,235.87351910496034,233.09644462847066,233.23840673486507,2937500
2019-10-07,234.8885498046875,236.45010512968298,234.40057730387133,235.04827401855468,2104200
2019-10-08,232.0848846435547,234.4183367850506,231.88083619451413,233.025386617735,3505200
2019-10-09,233.7263641357422,234.44502863709965,232.88349972225575,233.7352452282162,2020800
2019-10-10,235.1280517578125,236.03302900682715,233.44227000501795,233.54876180768002,2100800
2019-10-11,237.9230499267578,239.67980054699296,237.4439311982385,237.57701221268735,4177000
2019-10-14,237.65672302246094,238.42864661169193,237.28409639806176,237.42605842332878,1194600
2019-10-15,239.75064086914062,240.6112670746652,238.54397713312667,238.7746688201196,3168900
2019-10-16,239.62648010253906,240.05236631693126,239.0231616061892,239.36919923222598,2415000
2019-10-17,239.892578125,240.57574495051185,239.29811386856494,240.14988597418707,1883400
2019-10-18,237.6136474609375,244.1479206223743,237.59587390847744,239.3626083731374,2232400
2019-10-21,238.11961364746094,238.26166655905072,237.40048940954068,237.98644750966508,1379600
2019-10-22,237.7733917236328,239.15837380280357,237.72012526626654,238.3593498484856,2534300
2019-10-23,238.1464385986328,238.73239717049256,237.36516050281983,238.03990560263003,1693400
2019-10-24,237.91539001464844,238.92747956605066,237.09859269953338,238.83869312621812,1843700
2019-10-25,239.3538055419922,239.81545742049622,237.60481712054303,237.68471684410127,1825200
2019-10-28,240.427978515625,241.11158290137638,239.87754029673061,240.40134528225363,1809600
2019-10-29,240.48123168945312,241.12934312410303,239.9840599647833,240.1261128995214,2884600
2019-10-30,241.2536163330078,241.4755689577622,239.60230180987176,240.48122553387475,2144700
2019-10-31,240.1350555419922,241.18266569885586,238.88323916384155,241.10276598456963,3021000
2019-11-01,242.674072265625,242.674072265625,241.20919064040424,241.36010322391135,2989400
2019-11-04,243.74838256835938,244.19228785593157,243.2245775802836,243.9082090631951,1543200
2019-11-05,243.97933959960938,244.60081813932928,243.6419670834095,244.2190388166685,1706300
2019-11-06,243.97027587890625,244.33428137744923,243.25115165543562,244.16559524168974,1605900
2019-11-07,245.9678192138672,246.85562946490992,245.5328008608782,245.5328008608782,3023800
2019-11-08,245.9857940673828,246.13670676102467,245.08020953016813,246.0656938041063,1512000
2019-11-11,246.06552124023438,246.28747382898183,244.4941066656783,244.84922538890984,1729000
2019-11-12,246.18112182617188,246.80257327504162,245.60405009013505,246.3054012784091,1694000
2019-11-13,246.8556671142578,247.16640616827908,245.18660634654728,245.33751893970262,2595600
2019-11-14,247.0154571533203,247.09535682506086,246.003340456969,246.70471814511671,1582600
2019-11-15,248.99362182617188,249.00252504748667,247.71280657934298,248.0419000403813,2363300
2019-11-18,249.28724670410156,249.3672943016526,248.70020384474694,248.83364365131223,1790500
2019-11-19,248.45118713378906,249.7942714315291,248.04204587227258,249.78536820497982,1928300
2019-11-20,247.44607543945312,248.06867685690295,246.12967395093833,247.8374373105257,2463600
2019-11-21,247.01910400390625,247.64173250531996,246.52101206036534,247.56165777870166,1382100
2019-11-22,248.0329132080078,248.1841321995468,247.0812188869976,247.60599303228983,1419300
2019-11-25,249.7586212158203,249.767524440072,248.72687867372622,248.76243728278024,1811100
2019-11-26,250.2567138671875,250.4523947934256,249.58962350191803,249.99879180294636,1300300
2019-11-27,250.74595642089844,250.74595642089844,249.9454533262391,250.47910396002578,1786300
2019-11-29,249.89215087890625,250.4436081013186,249.79429680887296,250.2034381119553,811900
2019-12-02,247.44607543945312,250.37235910382051,247.44607543945312,250.33680049297956,2544300
2019-12-03,245.05340576171875,245.16903908961837,243.37232518343723,244.98223426271574,3834300
2019-12-04,246.42312622070312,247.054657864437,246.03176443787174,246.37866439518794,1928500
2019-12-05,246.69888305664062,247.1436099388258,245.62265160206547,247.1436099388258,1453000
2019-12-06,249.6697235107422,249.88318376316815,248.50454105961845,248.55790612272494,2686400
2019-12-09,248.83352661132812,249.6873943942323,248.7801615713946,249.43834849321996,1206100
2019-12-10,248.56674194335938,249.171591133897,247.82850726063927,248.7713260814504,1406900
2019-12-11,248.7980194091797,248.95811457951825,247.84629732331823,248.2732449215304,1921700
2019-12-12,250.78150939941406,251.67096319810824,248.37107006129028,248.62011603916562,3768600
2019-12-13,250.9237518310547,252.25793228297147,249.93647132574227,250.76365669137766,3065500
2019-12-16,251.7776336669922,252.70264585484423,251.65309713556823,251.65309713556823,2117200
2019-12-17,252.07107543945312,252.60475288137525,251.63525198146516,251.8842978351672,1697900
2019-12-18,251.9022674560547,252.52489613272007,251.84890238593854,252.4181659924878,1592600
2019-12-19,253.01405334472656,253.08522485863492,252.22245347435683,252.2935978442858,1815100
2019-12-20,253.78662109375,254.32192843475053,253.66173147607188,254.05428837768144,3637000
2019-12-23,254.56275939941406,254.85719063690448,254.40217539361433,254.5716898086888,2564700
2019-12-24,254.27755737304688,254.83069880169808,254.1526404172164,254.83069880169808,611600
2019-12-26,255.2141876220703,255.24988205113178,254.44693437191623,254.47369838699433,931600
2019-12-27,255.4549560546875,255.91890175626537,255.07132959135228,255.90104093582903,1930200
2019-12-30,253.84912109375,255.52640499773685,253.48332813793442,255.4639465652366,2552900
2019-12-31,254.35769653320312,254.54504462742216,252.98374697956632,253.29601195451153,1341300
2020-01-02,257.4979553222656,257.5068857298095,255.29429558027059,255.55303235737102,3865500
2020-01-03,255.44607543945312,256.15087001058436,254.4289887517,254.57173919350024,3296700
2020-01-06,256.0347595214844,256.07935709644363,253.5188355216781,253.6348218887882,1645100
2020-01-07,254.92869567871094,255.86549069339165,254.78594518427752,255.4283087957915,1413000
2020-01-08,256.40948486328125,257.5425574474491,254.3396452825044,254.55378445672778,3136700
2020-01-09,258.33673095703125,258.5865374562901,257.32857454781526,257.7925203513434,1783100
2020-01-10,257.1590270996094,258.76494915478753,256.802164607413,258.6935603202305,2989600
2020-01-13,257.8547668457031,257.9082948267099,257.0696807153214,257.6495853274594,1463300
2020-01-14,258.0334167480469,259.16646288264036,257.58733173376885,257.72115179267854,2198500
2020-01-15,259.0415954589844,259.83561269454384,257.792562757229,257.8460907853849,2195100
2020-01-16,261.3432922363281,261.3789866517479,260.04073195555367,260.1834823903711,2522000
2020-01-17,261.7699890136719,262.0734664950659,261.3415630350914,261.993136624082,2147400
2020-01-21,260.48468017578125,261.77894732918764,260.07409616257894,261.0291745591091,4476900
2020-01-22,260.4666442871094,261.59131622490145,260.2613388134817,261.0825334683116,2077000
2020-01-23,260.2258605957031,260.5114688739436,258.494232722766,259.52070642318904,1872600
2020-01-24,258.6726379394531,261.32363201399914,257.3694638298534,261.1183536943582,3612500
2020-01-27,254.7095947265625,255.86104402056932,253.37070906738663,254.25439212543768,4129100
2020-01-28,256.4322814941406,257.235607336815,255.05768476975422,255.4772033111068,2999200
2020-01-29,256.4322814941406,258.2085275200168,256.36085901407915,257.9496686992601,2126300
2020-01-30,257.548095703125,257.7533741048072,254.2544342566012,254.9863650757627,3433200
2020-01-31,252.08535766601562,256.37871471325275,251.36233448213085,256.13769790539334,4885700
2020-02-03,253.47779846191406,255.51290321828316,253.04934531963343,253.21893965263865,3157400
2020-02-04,257.1017761230469,257.9586553788501,256.5483743695135,256.7804293773079,3004100
2020-02-05,261.404052734375,261.5647397339111,258.8066382312789,259.5296343902358,3305900
2020-02-06,262.1894226074219,262.5464804600767,261.0380009235863,262.43934676046644,2857200
2020-02-07,259.9133605957031,261.3593524619299,259.4402888463858,261.31473384470286,3839300
2020-02-10,261.48431396484375,261.4932213439893,258.9939796418352,259.02969087749216,2877700
2020-02-11,261.4754333496094,262.7964769448409,260.88632041821006,262.7339890794583,1994500
2020-02-12,263.9568176269531,264.09070073061895,262.8946329383785,262.9838974207209,2804400
2020-02-13,263.15350341796875,264.0639358029066,262.35017752070627,262.76969609056624,2638000
2020-02-14,262.90362548828125,263.43025063853685,261.8860591968134,263.2874328832588,1861700
2020-02-18,261.48431396484375,262.3144163259494,260.42212943150537,261.6628156637453,2397800
2020-02-19,262.5108337402344,263.064235412285,261.8771022035019,262.2162636633711,1474400
2020-02-20,261.33258056640625,262.6804006032139,259.00293301531616,262.0287998938268,3493900
2020-02-21,259.33123779296875,260.50374866418497,258.44514888036906,260.27998663052233,3271800
2020-02-24,250.21981811523438,253.10187608780356,249.6917426479111,250.90899579671338,6595200
2020-02-25,242.28955078125,251.8307402458199,241.5556047256054,251.3295154553071,9903700
2020-02-26,241.4303436279297,246.4157697085333,240.61584631644524,243.44420250251054,7477600
2020-02-27,230.4749298095703,239.63128345626976,230.3764876108074,237.0624719738454,11188900
2020-02-28,227.84353637695312,228.34476133506183,221.0769721277739,224.22754656677185,17541400
2020-03-02,239.0048065185547,239.20171828662706,227.39602605766848,229.76789918578126,8544500
2020-03-03,232.0860137939453,242.57598098648108,230.18851576396656,239.69392436131338,11482600
2020-03-04,242.45957946777344,242.65646381673747,235.36182766940277,237.5905158887456,5408100
2020-03-05,234.01927185058594,238.55717233657543,232.31868589974374,236.53435486158273,5872900
2020-03-06,231.68325805664062,232.8020684323104,225.93703594872977,227.04690075804135,7372400
2020-03-09,213.6658477783203,221.13950362591876,212.2785207239499,216.15407998745138,10406900
2020-03-10,224.18276977539062,224.24541606043016,212.2070180301983,221.33650881317857,9407100
2020-03-11,211.08810424804688,219.20619567153133,209.08320559026822,217.97997069885656,7687200
2020-03-12,189.84869384765625,204.96605896002984,189.59808141837198,197.35814847461387,17322600
2020-03-13,207.74966430664062,208.0808278118264,190.90484851424173,201.9676462001588,13676000
2020-03-16,181.2383575439453,195.39801629507076,180.36120026843165,184.8274967531085,12407000
2020-03-17,191.06590270996094,191.9609507336522,178.42782898579205,185.28388646768184,16128100
2020-03-18,178.46371459960938,183.87876059620274,169.7638423438824,178.17730618989077,13369800
2020-03-19,180.18212890625,183.46695375937304,172.13565531367738,177.5506853351081,13532100
2020-03-20,172.27491760253906,184.29555916021445,171.46696356767197,182.50009357311842,12206000
2020-03-23,167.09500122070312,171.6464991422516,163.47713933234175,170.68593222241682,15712300
2020-03-24,185.5075225830078,186.01923690202793,176.14417517902973,176.19803696033358,14123600
2020-03-25,190.3732147216797,197.65382825257822,184.32250443740665,189.0356016212009,17556100
2020-03-26,202.0526885986328,202.77086374039027,192.12375425391406,192.50080031283056,16071900
2020-03-27,194.22451782226562,200.42784173227372,192.62655436083756,195.3556563415399,10545600
2020-03-30,200.28419494628906,200.8407849037941,193.1023324822115,195.1312036969198,7691800
2020-03-31,196.81002807617188,201.76551873445663,196.100824938582,199.25186325861247,8426600
2020-04-01,187.96734619140625,192.81509907373166,186.52199546527697,189.10745727663502,8570300
2020-04-02,192.0789337158203,192.8240399543541,185.99229216530182,187.00673470677435,8231900
2020-04-03,189.0625457763672,192.60858783334834,187.3478727263432,190.97470745312032,6664500
2020-04-06,203.36341857910156,204.60229427828887,195.8134821282758,196.5586020271844,10322500
2020-04-07,203.42620849609375,212.00852978556554,203.29154038984916,211.380119718027,10857700
2020-04-08,210.36573791503906,211.1916504835466,203.64171401607138,205.70650228649825,7010200
2020-04-09,212.8883819580078,215.62647007611065,211.0659852446168,213.51679225601902,9393200
2020-04-13,210.0335235595703,212.48432970379673,207.34032577962103,212.23296567353313,6761900
2020-04-14,215.16859436035156,215.8778109547189,212.65495343891598,214.28882003784912,5391900
2020-04-15,211.0391082763672,212.3857079868864,208.6242039371048,210.50046291283127,6828000
2020-04-16,211.2724151611328,211.9187838157771,208.43557647667336,211.59559948845495,6126400
2020-04-17,217.7576446533203,217.9642471865893,214.00305410245738,217.0121266624331,5924500
2020-04-20,212.55690002441406,216.5719845622294,212.2155686345683,213.99407183924083,7357400
2020-04-21,206.79025268554688,209.59272238948176,206.0626894897857,207.78728728496756,6571400
2020-04-22,210.87725830078125,212.22460200608728,209.63769770601525,210.54490420013462,4318000
2020-04-23,211.1466827392578,214.604855922191,210.9311028603203,211.54189195848107,6364800
2020-04-24,213.62582397460938,214.07493851510029,210.36524802476123,212.52998339934052,3568500
2020-04-27,216.76063537597656,217.5420902435881,214.18270874846527,214.78452055185298,3632500
2020-04-28,216.55404663085938,220.20984558255685,215.8983432370103,220.07510299638744,4709900
2020-04-29,221.36856079101562,222.46440139858134,219.3475452992427,220.49727746031357,5015300
2020-04-30,218.4672088623047,220.2187522733497,217.29053133247146,219.34746924474817,4928900
2020-05-01,213.13180541992188,215.8714069889612,212.43118779975953,215.19773514604444,4723500
2020-05-04,213.25746154785156,213.55387867083874,209.86215807491828,211.27238374738323,3845500
2020-05-05,214.49708557128906,217.13788099505393,214.4072571899268,215.59292603565254,3143500
2020-05-06,212.75450134277344,216.0599771709563,212.5209667590058,215.88033412914385,3082300
2020-05-07,214.595947265625,216.63491773653263,214.27258419664335,214.89236455434903,3411500
2020-05-08,218.82655334472656,218.98824169825346,216.77859223930201,217.6139523697682,3894800
2020-05-11,217.87445068359375,219.1140112410217,216.47321546522573,217.0840046810729,2743000
2020-05-12,213.850341796875,219.2936068305888,213.72459029696986,218.99718964383695,6433900
2020-05-13,209.1256561279297,213.329360741828,207.50884138955143,212.8443231732571,7531300
2020-05-14,212.65570068359375,212.66467803883845,205.06566891251595,206.6645153227686,6964500
2020-05-15,213.21554565429688,213.52153739623785,210.0655967359119,210.74058578985154,4811100
2020-05-18,221.3334197998047,222.47640519058913,219.02046428546927,219.1554566127441,5207700
2020-05-19,217.9944305419922,221.41437727286095,217.85943824621106,220.9013790835223,4404700
2020-05-20,221.15338134765625,221.91837433681928,220.25339605814008,220.85638455419365,3280600
2020-05-21,220.51441955566406,222.63838558157266,219.4884367815286,220.99141070391292,3378200
2020-05-22,220.3883819580078,220.5863798022285,218.8494012111442,220.41538041561205,2521100
2020-05-26,225.22129821777344,226.81427588048933,224.88830808539697,225.7522861944506,4872300
2020-05-27,230.18917846679688,230.20716828013946,225.2932576319568,228.35320128739087,5326100
2020-05-28,228.9112548828125,232.1421986493198,228.49725562352805,232.07919308984134,4957600
2020-05-29,228.8572235107422,229.7842208726407,225.60827648816897,227.93924852217177,5082300
2020-06-01,229.73919677734375,229.9911915028409,227.42622851434442,228.3982140552689,2060800
2020-06-02,232.06121826171875,232.1242238252669,230.13525024276984,230.8912208765454,3045800
2020-06-03,236.8491668701172,237.59614265810328,233.69020936631122,234.31120148185212,5184500
2020-06-04,236.99307250976562,237.9830616471407,235.24712662340704,236.1290944741322,3937100
2020-06-05,244.38197326660156,246.5509407557095,242.80699926734354,243.35597702085167,7866800
2020-06-08,248.64784240722656,248.7378463958489,245.60588886317507,245.60588886317507,4667600
2020-06-09,246.03785705566406,247.51381789389325,244.91287601891483,245.91184599617662,4632600
2020-06-10,243.4099578857422,246.75790349350007,243.00498107756488,245.87593568989274,6531200
2020-06-11,226.82325744628906,237.15509691004434,226.2382725887924,235.92212164253223,14257800
2020-06-12,231.0622100830078,234.2841727393088,226.28329048304994,233.09618558786696,9817200
2020-06-15,232.5111541748047,233.63613554059592,224.18629206794958,225.25726279272936,7421300
2020-06-16,237.43408203125,240.4220392349436,232.8171539501681,240.3770234995189,9238000
2020-06-17,235.63421630859375,238.22617901022977,235.13022661276213,238.14515614359746,3669300
2020-06-18,235.30113220214844,236.0301179880323,233.19514274807557,234.03214982458866,3268700
2020-06-19,233.58895874023438,238.69759252794415,232.51488051651828,238.47194630522574,5852600
2020-06-22,234.9607391357422,235.1953923109204,231.67531923639265,232.7584313568714,2823500
2020-06-23,236.02587890625,237.51513802520859,235.5926283711343,237.22630433513146,2948000
2020-06-24,229.8251190185547,234.2387433492412,228.29974885482795,233.9679789895779,5903500
2020-06-25,232.36148071289062,232.6051687427153,227.50556908704522,228.6608767659123,4312300
2020-06-26,225.9891815185547,231.1068217937441,225.37541670681745,230.74579339085216,5331400
2020-06-29,230.98046875,231.17000383668415,226.50364229000405,227.6138176862054,3759000
2020-06-30,232.7495880126953,233.81463169496348,229.90645079032842,230.2223610471932,3667900
2020-07-01,232.2441864013672,234.9068236536957,232.09076234848956,233.65221705397028,3575300
2020-07-02,233.24600219726562,236.63069557545222,232.75859863828927,235.7100413479741,3830000
2020-07-06,237.37974548339844,237.42486369469958,235.4572359132067,236.62157773854875,2989100
2020-07-07,233.80557250976562,236.34183357472048,233.57089164926242,235.66489497991682,2828700
2020-07-08,235.3219757080078,235.7461917839636,233.09258952921203,234.34719597214655,2837800
2020-07-09,232.18089294433594,235.7461137349834,230.47502208516767,235.45728000342348,3995600
2020-07-10,235.41213989257812,235.71901537456128,231.47685641394492,232.14478779915356,3110100
2020-07-13,235.61074829101562,240.55689545849148,235.1955394430999,237.4339597048666,4876000
2020-07-14,240.62008666992188,241.03526797945622,234.76231993398264,235.15945946299917,7614300
2020-07-15,242.7141571044922,244.18537519165994,241.03533453288304,244.12218762534593,5220600
2020-07-16,241.4143829345703,242.73214916857347,240.10562381911646,241.1345838207348,2478100
2020-07-17,240.94552612304688,242.14692703478667,240.43066758446295,242.03853576350585,3415100
2020-07-20,241.01797485351562,241.75868581679845,239.40106374256086,240.62956333611126,4017400
2020-07-21,242.3908233642578,244.13418074725686,241.76754594688313,242.8244160443943,3173200
2020-07-22,243.8723602294922,244.2065760189214,241.87605215964027,241.92123359141812,2039300
2020-07-23,240.900390625,243.69157633879976,239.9338557717389,243.56512903482655,2838000
2020-07-24,239.09385681152344,240.58429241841137,238.51573308452447,239.5093660112686,2637700
2020-07-27,240.23194885253906,240.55712267692266,238.78666753356586,239.16603699534673,2637900
2020-07-28,238.4072723388672,239.92480533055826,238.1362941497968,239.30155549569642,1989300
2020-07-29,239.825439453125,240.34032554360434,238.28982297618734,238.64212216434058,1917900
2020-07-30,237.8202362060547,238.3080247213314,234.80322495686227,237.09760901535316,3055600
2020-07-31,238.7866668701172,238.91311416821006,235.01990468278285,238.25372472622593,3306800
2020-08-03,240.92747497558594,241.3158862276849,239.68996199267414,239.97902376623765,2569300
2020-08-04,242.45407104492188,242.46311284065555,240.30421871053906,240.53908486801126,1909800
2020-08-05,245.69683837890625,245.9407186989659,243.79990874578056,243.88120218580042,2122900
2020-08-06,247.4132080078125,247.53064110686353,245.30853672155743,245.36273237243404,1948100
2020-08-07,248.06349182128906,248.24416230182666,246.13044999847278,246.80792295082128,2311300
2020-08-10,251.24322509765625,251.3696724358577,248.8404500072592,248.86754783447788,2313900
2020-08-11,250.3851318359375,254.5312656360992,249.73475628494376,253.73635912194433,4546400
2020-08-12,252.95936584472656,253.59165737045183,251.76700687652146,252.77869537083708,2641600
2020-08-13,252.39955139160156,253.12217879966406,251.3246245147423,252.13758724042975,1668300
2020-08-14,252.7427215576172,253.06792311065607,251.0264611956059,251.32456491643003,2247000
2020-08-17,251.97482299804688,253.14909860191318,251.56832813785127,253.04974911892492,2436900
2020-08-18,251.29734802246094,252.35419054457796,250.31272959674817,252.11031017019303,1678300
2020-08-19,250.6017608642578,252.6883754014692,250.18625182893948,251.73088247817935,3374300
2020-08-20,250.9990997314453,251.42365036786583,249.19250597075094,249.34607856964053,2063700
2020-08-21,252.83151245117188,253.12117630414582,250.63169713207265,250.7946658558393,2601200
2020-08-24,256.3529968261719,256.4163720215509,253.8997358301594,255.03131734834804,2622800
2020-08-25,255.84596252441406,257.303453384355,254.39753315398272,257.303453384355,3346000
2020-08-26,256.57916259765625,256.74210361031925,254.89538354716694,255.8368389268771,2647500
2020-08-27,258.036865234375,259.3132928025504,256.805689886979,257.49370045247997,3432800
2020-08-28,259.53961181640625,260.21856089409846,258.0006495230338,259.11413595599214,2715500
2020-08-31,257.34869384765625,259.21353725313634,256.99565491727446,259.1411282198371,4070100
2020-09-01,259.6210021972656,259.74772495350743,256.34394674808243,256.85089302605,3023600
2020-09-02,263.6222229003906,264.3917037048371,260.3542293873193,260.78873892282115,3464300
2020-09-03,256.4979248046875,264.6634097121161,254.4701389144993,263.40510502627956,6118500
2020-09-04,255.0766143798828,258.71579886280693,250.76756998746745,257.9191609137786,7145800
2020-09-08,249.3282928466797,252.41522459211757,248.95713059212028,252.40619072109106,4780100
2020-09-09,253.33837890625,255.72826379266573,251.11143506576212,251.7451038976453,3488900
2020-09-10,249.6630401611328,255.4386352368565,248.81208885757192,254.49715190869432,3455800
2020-09-11,250.8399200439453,252.40603871737628,248.91170083156214,250.71319728723716,2787500
2020-09-14,253.95394897460938,254.76868181979455,252.27016960299272,252.49648581701587,2371700
2020-09-15,253.99925231933594,256.09947383878904,253.36558336835205,255.6649643013136,2331800
2020-09-16,254.40667724609375,257.30353692752976,254.18036094680974,254.8683713371136,2651800
2020-09-17,253.08493041992188,254.5152368949742,250.8398633831435,251.3830278821295,3305300
2020-09-18,250.9224853515625,253.53588767953747,249.33448315710442,253.19105991507402,3156700
2020-09-21,246.31280517578125,246.97523905521814,242.32917412253283,246.43983097758624,5936900
2020-09-22,247.5559844970703,247.94617276411392,244.8155557732685,246.5215286620516,3169800
2020-09-23,242.81021118164062,249.17130706695295,242.35649598736904,248.79925728454094,3575900
2020-09-24,243.281982421875,245.80463665074734,240.71394007860425,242.15675041922094,4432100
2020-09-25,246.54885864257812,247.10237791184423,241.58521308811922,242.06615010779825,3606800
2020-09-28,250.3599090576172,251.46697466625224,249.2891483996518,249.77916830972,2790200
2020-09-29,249.01699829101562,250.4325871343003,247.9915977728196,250.0877592404746,1971100
2020-09-30,251.81190490722656,254.23475596079655,249.54332918734164,249.54332918734164,4028500
2020-10-01,252.39266967773438,254.39808282915448,250.96799750147804,253.47248622651884,2968000
2020-10-02,251.17672729492188,252.72845324013926,248.2729665882499,248.790208569989,4771600
2020-10-05,255.4505615234375,255.52314371977434,252.94604651515743,252.98235145960518,1862500
2020-10-06,252.01150512695312,257.2745889775917,251.5759286808552,256.3853251440933,4364400
2020-10-07,256.730224609375,257.4107974190685,254.28923458320145,254.33459502681626,2422600
2020-10-08,257.97332763671875,258.3272109985655,256.5214338439133,258.1820188500278,2148000
2020-10-09,259.46142578125,260.2599685275085,258.08214229661627,259.1710415657809,2549100
2020-10-12,261.7572326660156,262.8007715582139,260.1420084809654,260.38703228793855,2534800
2020-10-13,260.1965026855469,261.4396775140634,259.5431518941098,261.0313505772712,2430600
2020-10-14,258.73541259765625,261.2943707783641,258.2363096899349,260.6319371848668,2264000
2020-10-15,258.6539611816406,258.98062282336707,255.58684209118158,255.9225868982595,3128000
2020-10-16,259.6042175292969,261.7829374471636,259.5316055370696,259.84931416998154,2409300
2020-10-19,256.02752685546875,260.5937721241403,255.34667501001712,260.2125106048896,2837600
2020-10-20,256.8627014160156,259.32283817492964,256.2272286513399,257.05333216384605,3339000
2020-10-21,255.9731903076172,258.2426976062612,255.8460846009988,256.4906446206552,2907100
2020-10-22,257.4981994628906,257.9611876496799,254.4570552414676,256.0911165280517,2324200
2020-10-23,257.21685791015625,258.30623241900014,255.5555908733112,258.2245334864285,2161000
2020-10-26,251.4613494873047,254.53881395762176,248.46561163997055,254.31186328118915,5140600
2020-10-27,249.33718872070312,251.52499739289766,249.28272275408835,251.41606545966815,3029800
2020-10-28,241.00355529785156,245.78766723138975,240.5859459625446,244.1990119491924,5815200
2020-10-29,242.01112365722656,244.1444655887532,238.5796304858132,240.68573944391358,5479400
2020-10-30,240.62213134765625,241.7659713767671,237.30865772331632,240.5948983804838,5271200
2020-11-02,244.3805694580078,245.5607022318869,242.31983899525792,244.10821194591793,5062900
2020-11-03,249.32794189453125,250.94382917681583,247.1038424738669,247.52142385137432,4343000
2020-11-04,252.83206176757812,256.9625517118415,250.1540335373867,250.46268303682356,6766400
2020-11-05,257.7342834472656,258.68746525825685,256.0639297028578,256.2636474170773,4316200
2020-11-06,257.1077880859375,258.1608421585703,255.90042312475757,257.7704937887985,3078200
2020-11-09,264.8242492675781,271.8778674588321,264.5246865159569,271.0789965159162,10839300
2020-11-10,267.35711669921875,267.76561149759715,264.5338344741971,266.2586549321314,4354500
2020-11-11,266.9939270019531,268.83679368753604,265.92272611102186,268.7732408285955,2910400
2020-11-12,264.2160339355469,266.2767643346484,262.5275337693224,265.27817556239074,4361900
2020-11-13,267.9380187988281,268.63704475819134,265.45973462711,265.9590151375587,3090400
2020-11-16,272.3226013183594,272.4133594043442,270.13479398981605,271.6871284928649,4615000
2020-11-17,270.8068542480469,271.5694058477443,268.34671457121743,269.8990507668885,4049200
2020-11-18,267.5838623046875,272.1137877204128,267.5838623046875,271.6145074483704,3566400
2020-11-19,268.1014404296875,268.53719583112945,265.89548584928076,266.9485406248043,3266600
2020-11-20,266.1472473144531,268.02145741933833,265.847021634264,267.6848314925269,3090200
2020-11-23,269.2040100097656,269.8954475405032,267.01136200591554,267.72101352774513,2855600
2020-11-24,273.3346252441406,273.95329031665227,271.39672256929003,271.9790151777055,4022700
2020-11-25,271.7970886230469,272.9798602757007,271.1693164437351,272.897980569518,2629200
2020-11-27,272.2518310546875,273.1252695937801,271.27835439949246,272.43380435830545,1518000
2020-11-30,269.8682556152344,270.94182641387874,268.1669127233467,270.6870803300438,4159300
2020-12-01,271.524169921875,273.86239234411426,271.2876100264006,272.69783463333005,2841100
2020-12-02,272.1973571777344,272.34293032778163,269.6226032346993,270.3049617575987,2481700
2020-12-03,272.9979248046875,274.2170683841931,272.07900668067384,272.3792599013979,3140900
2020-12-04,275.2997741699219,275.2997741699219,273.4892587240906,273.61661785717286,2747300
2020-12-07,273.9442138671875,274.90861171509147,272.9434157895777,274.5537719472498,2589900
2020-12-08,274.9448547363281,275.5544124678564,272.92507350374984,272.95236671911346,2205400
2020-12-09,273.743896484375,276.21858313856967,272.9159652684808,275.8728505687211,3074500
2020-12-10,273.4346923828125,273.98966394140814,272.215548588217,272.93427951506345,2413000
2020-12-11,273.7895202636719,274.0169730989885,271.74244474582224,272.4248032517721,2454300
2020-12-14,272.12457275390625,276.4006693205876,272.03358606839424,275.6910175979752,3646100
2020-12-15,275.3270263671875,275.6181725783252,272.4702339954379,273.8076574022938,4211500
2020-12-16,274.8995361328125,275.5546015161802,274.14440481286795,275.2543759412065,1977300
2020-12-17,276.11865234375,276.3188119619556,275.5363874868504,275.8730132617324,3002900
2020-12-18,275.2052307128906,276.3356056848326,273.6829119273072,276.2717885857842,4442100
2020-12-21,275.42401123046875,276.18060823820645,271.12136475469026,272.3702213517914,6340800
2020-12-22,273.5369873046875,275.18693987282813,273.3455360557591,275.150468994109,2698200
2020-12-23,274.6400451660156,276.0165359782589,274.51243879261705,274.5671312125215,2714400
2020-12-24,275.3146057128906,275.387547486091,274.32098965133497,274.9864511908952,1955700
2020-12-28,277.1195373535156,278.1678458290193,276.52701759076444,276.83695057713993,2382400
2020-12-29,276.6272888183594,278.6692412501724,275.87981644209225,278.4230975311947,2319600
2020-12-30,277.2379150390625,278.1494920310988,276.99177144697455,277.21966569498363,2081300
2020-12-31,278.751220703125,279.20700933734093,276.5269699426209,277.1194896032755,2797000
2021-01-04,275.5881652832031,279.5444089955566,272.3247016765273,279.4805918826616,5106600
2021-01-05,276.9736633300781,278.0766641527163,274.7311908008329,275.2325472240866,3355200
2021-01-06,280.9573669433594,282.8078686394169,276.26274715475495,276.89173801973874,7290300
2021-01-07,283.0447692871094,284.3939137900647,281.7320956677834,282.3337400615689,4107900
2021-01-08,283.537109375,283.8926101791675,280.7567809556469,283.7285328849363,3234900
2021-01-11,282.744140625,283.50073807138796,281.1488792371385,281.21266855009833,2811400
2021-01-12,283.26361083984375,283.7285243119255,281.59543609394956,282.75312961601054,2290900
2021-01-13,283.163330078125,284.0475613871312,282.51611782693635,283.163330078125,1854400
2021-01-14,282.63458251953125,284.65828560906414,282.48875460564943,284.03841960808853,3232400
2021-01-15,280.9913024902344,282.08565858007415,279.0853216954458,280.891000894492,4009100
2021-01-19,282.0855712890625,283.3805301696637,281.4289634044714,283.0339832540986,2781700
2021-01-20,284.3197937011719,284.83961398709084,282.65093068344356,283.09777908855733,2398400
2021-01-21,284.4111022949219,285.17714034963564,283.8001086726444,284.5387892193552,1930000
2021-01-22,282.6783447265625,283.6358851663813,281.8758208608817,282.5780153280405,2049700
2021-01-25,282.3865661621094,282.5051246415712,278.71139245193785,281.78467314912325,4546400
2021-01-26,282.1495361328125,283.7910426352378,281.9853632180621,283.19827794439726,2256100
2021-01-27,276.5590515136719,279.71440310718185,275.5011820214388,279.55025814216674,5743100
2021-01-28,279.1218566894531,282.1769091322225,277.9910144431171,278.1278298513564,6392100
2021-01-29,273.4129638671875,277.94537697963017,272.3003787219612,277.1611097911849,5929900
2021-02-01,275.4282531738281,276.64116720956247,273.71380355372486,275.66537004741025,3138600
2021-02-02,279.8056640625,281.27389628227445,277.7081536805958,277.7264105677019,3090500
2021-02-03,280.2069091796875,280.8270310305292,278.31002985513555,279.14903952380644,2087800
2021-02-04,283.31671142578125,283.31671142578125,280.67202302801354,280.74499492028684,2638800
2021-02-05,284.110107421875,285.03116187647515,283.4990861029221,284.85788842023277,1955600
2021-02-08,286.2532043457031,286.2532043457031,284.9035026427746,285.1679770490869,1690000
2021-02-09,286.28057861328125,286.80949962625886,285.0494352904141,285.67868570364345,1798700
2021-02-10,286.80963134765625,287.4844686332587,284.8033207274369,287.420652982653,3048000
2021-02-11,286.9737243652344,287.9586504293769,285.2592461155752,287.347628905267,1937100
2021-02-12,287.302001953125,287.3932029211553,286.19851755202603,286.60890799284834,2479500
2021-02-16,287.7944030761719,288.6698988690502,287.14692359173824,288.47836850963165,1836300
2021-02-17,288.72467041015625,289.0073739515569,286.2350257258603,286.98283475888206,2007400
2021-02-18,287.7762451171875,288.17750716373945,285.7881917787639,287.0375644929968,2609600
2021-02-19,287.74041748046875,289.03784685288696,287.4297371007678,288.37084044803817,2314900
2021-02-22,288.0055847167969,289.1751123550752,285.77616829949477,285.8949530249332,2978000
2021-02-23,288.1701354980469,289.17517718903855,284.7072253702601,287.603621458654,5723400
2021-02-24,291.9527282714844,292.4187212708527,287.0644583620624,287.5213054959572,4290300
2021-02-25,286.8817138671875,292.30905962532273,285.9497279411288,292.1171637677612,7648600
2021-02-26,282.7425842285156,287.30190779770754,282.13039705594355,287.283643958125,7925600
2021-03-01,288.3526306152344,289.5678590162292,286.3973403311042,286.4247500304796,4749700
2021-03-02,287.0734558105469,289.1201209894742,286.9089976194663,288.4714062021752,4075700
2021-03-03,285.97711181640625,288.608555326108,285.83091741211933,286.8451323781938,5148100
2021-03-04,282.8614501953125,287.74060196847535,279.2980482405323,286.1599008971147,8577600
2021-03-05,288.032958984375,288.7730490770007,281.32644670918654,285.5294457270355,7016100
2021-03-08,290.7831726074219,293.96283839002416,288.5720204243295,289.41263133825885,8230700
2021-03-09,291.1120910644531,293.9993680367455,290.9567786678055,291.89788256354217,5829900
2021-03-10,295.4246520996094,296.32008220728073,292.8115007910886,292.86632019730047,6472200
2021-03-11,297.2521667480469,298.7506388467395,295.88162524088386,296.68568071981764,5745900
2021-03-12,299.9748840332031,300.1393422661105,297.4074060458101,297.5627462993752,4257200
2021-03-15,301.6012268066406,301.73827531975854,298.6043118236504,300.76976198209087,4456000
2021-03-16,300.47735595703125,301.5189803642956,299.9839813381712,301.3819318590567,3270600
2021-03-17,302.2225341796875,302.4601035266315,300.0388201649082,300.7971738654758,4338200
2021-03-18,300.9342346191406,304.13216353586296,300.3951585192262,301.7931091874728,5376500
2021-03-19,298.4815368652344,300.46828516925234,297.5385117758058,300.38588817394185,5628800
2021-03-22,299.6076354980469,300.28516842289923,297.58425713939147,298.06033794711794,3807600
2021-03-23,296.6961364746094,299.8273614895593,296.1284941945116,298.76530937749004,5068400
2021-03-24,296.7144775390625,300.056291695741,296.7144775390625,297.81315999340273,6099000
2021-03-25,298.6463623046875,299.0400461928465,293.5466890684202,295.460205113883,5557900
2021-03-26,302.6929626464844,302.94934600226463,299.0948223031241,299.93714891893796,4956600
2021-03-29,303.6544494628906,304.3868858440301,301.12749644884286,301.4845780445918,5200900
2021-03-30,302.88525390625,303.59938885299874,301.9330646637033,303.095814607322,4568800
2021-03-31,302.2993469238281,303.6177544811064,302.0796216444988,302.69303069617695,3763700
2021-04-01,303.46221923828125,303.5995475804836,301.8782911831216,302.84878205556447,5936100
2021-04-05,306.8954162597656,307.7651806255372,305.71433721753715,305.7418028724427,5632700
2021-04-06,306.1355895996094,307.09694372612717,305.5954129109132,306.42857531096655,2987500
2021-04-07,306.1355895996094,306.8680538780023,305.2841260703419,305.9250288213538,2658500
2021-04-08,306.8313903808594,306.8496915080874,305.2749284062587,306.07146052078707,2665000
2021-04-09,309.3309326171875,309.53235683351255,307.0420337683396,307.3716497317168,3034700
2021-04-12,309.047119140625,309.33094036974256,308.2231211225204,308.78162698477985,2951500
2021-04-13,308.3511657714844,308.92797249118564,307.16092214367217,308.204672958493,3391700
2021-04-14,309.02862548828125,310.47519640192746,308.30532606113655,308.3694218963384,3966800
2021-04-15,311.6929931640625,311.94934863632034,310.21892824309174,310.21892824309174,3881800
2021-04-16,313.09619140625,313.6182388231275,312.2902572984407,312.9771529680617,3748900
2021-04-19,312.0794677734375,312.5923474213916,311.072015625726,312.37254984365256,3222800
2021-04-20,309.6707763671875,311.2643648403078,308.4160518383655,310.843076797384,3762900
2021-04-21,312.5832214355469,312.80304699235995,309.15791162772007,309.22202857970086,4191200
2021-04-22,309.6707763671875,312.5007822193842,308.72744108312196,312.4183581207587,4962500
2021-04-23,311.786376953125,312.8487784654556,308.76404854465494,309.331877571108,3613900
2021-04-26,311.2735290527344,312.7480791119284,310.83393386477826,312.4458294703619,2090900
2021-04-27,311.2369384765625,311.78646050258817,310.2020393332,311.0263083973128,2732700
2021-04-28,309.8997802734375,310.92553978442345,309.6158656927128,310.6874350085627,3025100
2021-04-29,311.9146423339844,312.1802217765027,308.9838773178204,311.29186385174967,3688400
2021-04-30,310.4217529296875,311.0720060436986,309.4234683617471,310.4034457820547,2909600
2021-05-03,312.4092102050781,313.38918780007083,311.89633048149943,312.1161560414965,2698400
2021-05-04,312.75726318359375,312.79390543774923,309.21288672747943,311.38347212619436,4478300
2021-05-05,313.4808654785156,314.41503352784594,311.731567818119,313.4533907697076,3506100
2021-05-06,316.43902587890625,316.5580922367944,313.1419219098277,314.0760897219628,4276700
2021-05-07,318.6095886230469,318.9850948214057,315.7978898852347,316.1276142337304,3526500
2021-05-10,318.4814147949219,321.54955396033733,318.34404126957395,319.87354105138763,6092500
2021-05-11,314.0577392578125,316.17337485664405,312.2077110399582,315.9627168717523,8396400
2021-05-12,307.72906494140625,313.4348847491367,307.463457624877,312.81207849487794,7034100
2021-05-13,311.80462646484375,313.2608408764766,307.9763094617966,308.00378415070145,5741300
2021-05-14,315.2940673828125,315.9076781154792,313.11431545518144,313.50812866567946,4677300
2021-05-17,314.7352600097656,316.09074277092526,313.2607389353129,314.44217812359705,3262200
2021-05-18,312.4092102050781,315.51399119766756,312.1894125949297,314.91868737028324,3462300
2021-05-19,310.87982177734375,310.9897206118273,306.9965805596923,309.15799883748514,7223900
2021-05-20,312.7846984863281,314.0852328214433,310.7881291090395,311.15446775489613,4532800
2021-05-21,313.9071044921875,315.77013519915835,313.2096057816476,314.13654190933903,4481000
2021-05-24,315.669189453125,316.33915683907367,314.8340338374901,315.12772047304287,2531800
2021-05-25,314.9533386230469,316.6236498163414,314.4761188567478,316.32996318746575,2623200
2021-05-26,315.0360107421875,315.816103790017,314.4853831860776,315.30216606597753,2064500
2021-05-27,316.256591796875,317.6882792674321,315.58662434933797,316.9449041580083,3026200
2021-05-28,317.2110595703125,317.9819660541827,316.9449042818032,317.89018547116206,2641400
2021-06-01,317.4219970703125,319.9733394152258,317.1742148020711,319.8724004195502,2584300
2021-06-02,317.87176513671875,318.78035636334647,317.31195127654695,318.2297009548594,2576700
2021-06-03,317.5597839355469,318.42247101048366,315.30212721119204,316.2657533231417,4436400
2021-06-04,319.2851257324219,319.367719847291,318.036999542178,318.5234057791847,2594200
2021-06-07,318.0828552246094,319.8724782866975,317.5597311901532,319.83576045774515,2224300
2021-06-08,317.85345458984375,318.3765786848376,316.3942358044665,318.17467261348037,2748700
2021-06-09,316.430908203125,318.34900160186044,316.3391276370499,318.03697008320216,2591200
2021-06-10,316.60546875,319.1292817575224,316.4402524310705,318.03715679730254,3089400
2021-06-11,316.73382568359375,318.0462012553016,315.3113246104144,317.56898141309046,3003000
2021-06-14,315.981201171875,316.5043252072198,314.30173159379126,316.46760737820506,2527000
2021-06-15,315.1644287109375,316.19230389658514,314.2099611781941,316.17395898523364,2138500
2021-06-16,312.7322692871094,315.37539182716154,311.5667097183092,315.16429939948836,4032000
2021-06-17,310.7960205078125,313.20970740055196,308.93298919639295,312.5489263044693,5169100
2021-06-18,306.0195007324219,308.12421988659844,305.7621572411764,307.2970463824763,7126600
2021-06-21,311.3686218261719,311.6535368534362,307.35221187892404,308.13344226427483,5435700
2021-06-22,311.9844665527344,312.8667832745999,310.1462903539811,311.3227219992495,4042100
2021-06-23,311.3686218261719,312.63696771442676,311.27670741936487,312.11308083913207,3082700
2021-06-24,314.3096008300781,314.62208726148646,312.8298551464045,313.1055982670557,3704700
2021-06-25,316.5796813964844,317.06679662001204,315.3297078871558,315.8811659633795,3638000
2021-06-28,315.0633239746094,316.5522699477393,314.1626357747573,316.4695273533956,3606300
2021-06-29,315.1184387207031,316.83715651680524,314.8886667640854,316.14784064695186,2375800
2021-06-30,317.039306640625,317.5539934978919,314.64967306141165,314.6772445698963,3778900
2021-07-01,318.335205078125,318.37197643997746,317.01174458307594,317.8021465487532,3606900
2021-07-02,319.787353515625,320.1090397970879,318.1697503048368,318.9601802549551,3013500
2021-07-06,317.83892822265625,319.9436189474528,315.79855232277447,319.61276082503883,3910600
2021-07-07,318.8500061035156,319.0522065758115,316.5614580197265,317.68274644821474,3347000
2021-07-08,316.5153503417969,317.0851800907499,313.89594541833895,314.8426043992856,6379900
2021-07-09,320.5133972167969,320.82588360416105,317.8572208517139,318.52816483090237,5063100
2021-07-12,321.7082824707031,321.9472542600256,319.2635057016052,319.8517353219891,3999800
2021-07-13,320.7615966796875,321.91045626664913,320.6237391389181,321.2487120226261,3310200
2021-07-14,321.1383972167969,322.31482820650706,320.17333842121815,321.8552844128964,3933300
2021-07-15,321.6255798339844,321.6807228568932,319.511689160258,319.7506329100852,5082600
2021-07-16,318.87310791015625,322.55163495509987,318.5052608186487,322.53325242325144,5710400
2021-07-19,312.5643005371094,321.8985529118686,310.2652222150051,314.32079974298756,9715300
2021-07-20,317.34661865234375,318.3030438521326,312.44499212519463,312.9416012953658,5802200
2021-07-21,320.0226135253906,320.1697579593078,318.5328147212596,319.0845993322162,3056800
2021-07-22,320.2709045410156,320.77669068642797,318.81787092140746,319.82026598054034,2429300
2021-07-23,322.39532470703125,322.7815543440863,321.1446108736234,321.87112784895,4142300
2021-07-26,323.1678466796875,323.2046398135666,321.402141097687,321.87116234359644,2466600
2021-07-27,322.44134521484375,322.4965208858608,320.70325544792865,321.88956043973405,3902600
2021-07-28,321.2825927734375,323.00232803128534,320.6848376408934,322.8091851221268,3697700
2021-07-29,322.6253356933594,323.4437936575168,322.22069532963746,322.74489235513323,2425700
2021-07-30,321.3928527832031,322.79988796969417,320.6479534529978,321.76069980004445,3576700
2021-08-02,320.3537292480469,323.62761606885135,320.0870281794328,322.2849615572692,2827100
2021-08-03,322.8736572265625,322.9656260571298,319.21351106358003,321.0343928750039,3819300
2021-08-04,320.0226135253906,321.94464033386225,319.9214675135963,321.4940297996311,3118500
2021-08-05,322.4321594238281,322.4689525617122,320.6480991780987,320.81362620116516,2261400
2021-08-06,323.7930908203125,324.1609378520346,323.21371841450866,323.3608628401834,2123700
2021-08-09,322.9287414550781,323.7656098658209,322.37695669289246,323.34258704295206,2322500
2021-08-10,324.381591796875,324.5747065314889,322.7998246761695,323.1676716208846,2841000
2021-08-11,326.4140930175781,326.5796199956894,325.27375863734443,325.49446127482616,3422500
2021-08-12,326.6808166503906,326.69919918313957,325.3105461748682,326.6440235199573,3118600
2021-08-13,326.8280334472656,327.7292548553435,326.46936349225706,327.25105631360714,2414900
2021-08-16,327.91314697265625,327.9407348065248,324.31738294545056,325.92673873930556,3634600
2021-08-17,325.3933410644531,326.165856553411,323.2598163973722,325.4669273324197,5019600
2021-08-18,321.9814453125,325.5864139138616,321.76994798371425,324.28052455535163,4038000
2021-08-19,321.3928527832031,322.3124843577706,319.3972399178233,319.4156224459404,5442200
2021-08-20,323.50341796875,324.04694749918116,321.08054645721245,321.49511669751337,3394800
2021-08-23,325.6130676269531,326.4053224261197,325.1248103843298,325.1616398302811,3569200
2021-08-24,325.88018798828125,326.57111959832986,325.76964342892614,326.19340694448044,1981400
2021-08-25,326.28558349609375,327.07786647503474,325.1248373426026,325.9170922074603,2434700
2021-08-26,324.4247131347656,327.04103806560016,324.34180469598857,326.55278073896704,3008900
2021-08-27,326.6448974609375,326.9028441870095,324.8760998292404,324.8760998292404,3163700
2021-08-30,326.1934814453125,327.2437112272112,326.0092498423362,327.0041792178479,2482000
2021-08-31,326.0460510253906,326.85672054365125,325.3643126814232,325.93547834582347,2913800
2021-09-01,325.705078125,326.4420885488009,325.4655743370786,326.38681628127495,2739200
2021-09-02,326.9212341308594,327.206816980431,326.046070858137,326.83832570170136,2390000
2021-09-03,326.248779296875,326.7185937777582,325.28145796100347,325.82498757376845,2465400
2021-09-07,323.7614440917969,325.8342395736601,323.34687374978904,325.78818869747613,3168500
2021-09-08,323.10736083984375,324.43395216043604,322.10320998582785,323.19026928311985,3075700
2021-09-09,321.7991638183594,324.7471505912214,321.43989392030295,322.95071675868274,3484700
2021-09-10,319.39471435546875,323.96406825861845,319.2749483590778,323.58635554464854,4539000
2021-09-13,321.78997802734375,322.37958669283256,320.1041167062471,321.4307080895084,5439700
2021-09-14,319.1829528808594,322.9600534966095,318.4827994466348,322.803429870603,3902200
2021-09-15,321.3477783203125,321.937358832593,318.5471935732415,319.12758077916965,3267300
2021-09-16,320.7582092285156,322.5085643683899,318.74990731133454,321.4307263794646,3646000
2021-09-17,319.0927734375,320.9945507387038,318.5573051641647,320.20983023900857,5380900
2021-09-20,313.3319091796875,315.8799325879661,310.1838155527785,314.0889347102099,10010600
2021-09-21,313.0641784667969,316.7200455280243,312.9718816426682,315.18754072079673,6071100
2021-09-22,316.19384765625,317.88327975973596,314.2920708556245,314.9567714579349,6862700
2021-09-23,320.86529541015625,321.8900553717848,318.0680187953536,318.3265119811767,5592200
2021-09-24,321.1513366699219,321.6683228055433,319.7111569816006,319.88656601050405,3121600
2021-09-27,321.8345031738281,323.5793525784076,321.42832391486957,321.539102637643,3426000
2021-09-28,316.58154296875,321.1051857062521,316.11070524505817,320.63434798256026,7493800
2021-09-29,317.3663635253906,319.1204545111413,316.5447355874297,317.45868855205794,4116600
2021-09-30,312.30718994140625,318.9080189505572,312.1409936712765,318.57565458393213,7926000
2021-10-01,316.8215637207031,318.29867907269687,311.74399906759675,313.9135095995595,6219800
2021-10-04,313.89520263671875,317.6064323940831,312.10420401323495,316.2954845106581,7037700
2021-10-05,316.7755432128906,318.3818916634364,314.3198439355839,314.92915532080826,3826100
2021-10-06,317.6894226074219,317.85559071754005,312.47338365537456,314.3290120726051,6276300
2021-10-07,320.9299621582031,322.90558283676734,320.1360006000465,320.2283256426667,5310400
2021-10-08,320.8376159667969,321.69617964191065,319.96057038018887,321.1976751571872,3658300
2021-10-11,318.4834289550781,322.7116444506164,318.3726220256755,320.9575817458934,4098400
2021-10-12,317.37554931640625,319.51736559878606,316.83086837947684,318.95420275555006,5100300
2021-10-13,317.47723388671875,318.0957581590365,314.9199681879968,317.5326232790562,4189100
2021-10-14,322.3147277832031,322.39781186289554,319.9790480752541,320.54218289549567,4473900
2021-10-15,325.8581848144531,326.0705725622024,324.07582999184683,324.7499694459555,4206800
2021-10-18,325.5349426269531,326.1167542677505,323.4570600144407,324.4636753203097,3310600
2021-10-19,327.3450927734375,327.3912848653549,325.81207334705095,326.6155451887065,2380900
2021-10-20,328.7948303222656,329.30274578918835,327.2618116881928,327.39111565901965,2873800
2021-10-21,328.730224609375,328.8502845468769,327.1972057595123,328.2038491509894,2243800
2021-10-22,329.4505310058594,330.2632183520127,328.1391722107244,328.73944366951616,3872300
2021-10-25,330.19854736328125,330.51256324238483,329.03495253286036,330.02307950622696,2518200
2021-10-26,330.1524963378906,331.47309955930064,330.0324363753825,331.13140777867886,3182200
2021-10-27,327.82525634765625,330.89126630320595,327.8067682419577,330.6973384749868,3542100
2021-10-28,329.9677734375,330.04166949648334,328.5363543544477,328.5363543544477,2490500
2021-10-29,330.8266296386719,331.09442533002465,329.1273867825643,329.36747849953275,2979600
2021-11-01,331.6576843261719,332.5072914251433,330.59566136091814,331.9532120923702,2548400
2021-11-02,332.9875793457031,333.2738631034822,331.3437446597432,331.91631217530136,2629000
2021-11-03,333.9018249511719,334.1604047277584,331.4453029820589,332.3780502611769,3557400
2021-11-04,333.7080383300781,333.9850781425138,332.3412428281762,333.69879427529895,3870900
2021-11-05,335.5087585449219,337.02331757927647,334.2066436118134,335.1947707853062,4489000
2021-11-08,336.45074462890625,337.66977580540095,335.5364571549925,337.13412808402353,3056000
2021-11-09,335.4903259277344,336.43228928324345,334.1420188071614,336.33071743352156,3680600
2021-11-10,333.4493103027344,335.9058322196508,332.7197348766566,334.7883730453941,3529000
2021-11-11,331.9625244140625,333.6248474446225,331.8886565425894,333.56019544265405,2461200
2021-11-12,333.6433410644531,334.06814478027445,332.07337385198434,333.0984773851608,3099800
2021-11-15,333.6063232421875,334.98236232438086,333.0799477800651,334.8623023860266,2555000
2021-11-16,334.2434997558594,335.730354533452,334.0311120612608,334.141927933761,2728600
2021-11-17,332.32281494140625,333.9204583189731,332.03653104659037,333.79118245507067,2976000
2021-11-18,331.86090087890625,332.5073362486436,329.81072252203546,332.48887632942234,3438100
2021-11-19,329.32647705078125,331.15859763165804,328.8360647863574,331.15859763165804,3542200
2021-11-22,329.5948181152344,332.4077349334806,329.49301952136426,330.77921157506637,4929200
2021-11-23,331.27899169921875,331.6028553733691,328.79917130192746,329.66896368933516,5789300
2021-11-24,331.2882080078125,331.44552288087743,329.22475984420265,329.4653490954166,4246700
2021-11-26,322.9510498046875,325.20880401585754,321.41503484212654,324.1632012576315,9075000
2021-11-29,324.9591064453125,326.42108150482375,322.8586662380302,326.2545327457988,5243000
2021-11-30,319.138916015625,323.8672574309909,318.6392414876015,322.65510547903057,9543500
2021-12-01,315.030517578125,324.2095901357105,314.9009890746175,322.044371678452,8415000
2021-12-02,320.72119140625,321.9611297454943,315.6875387408282,316.2797215445697,8326400
2021-12-03,320.37884521484375,322.47005171700164,317.45486660839805,321.8778406501974,11365300
2021-12-06,326.46728515625,327.5776381868619,322.7752857923641,323.1731898272145,7026500
2021-12-07,331.019775390625,331.8247890769441,329.2154411856743,329.34496966116,5271500
2021-12-08,331.25115966796875,332.0654356139366,329.79844687700205,331.417736648315,3355600
2021-12-09,331.3620910644531,332.35217757114276,329.7335679075511,330.10368552329413,3774500
2021-12-10,333.3239440917969,333.41645236595855,330.8996117164612,332.7317330033604,3855200
2021-12-13,330.3720703125,333.1017127469724,329.974166298181,332.5835423784567,4563000
2021-12-14,329.5669860839844,331.6396671143045,328.4566051102208,329.141324042417,4079700
2021-12-15,332.935302734375,333.08335550679504,327.9663998074023,329.25256414564666,9274900
2021-12-16,332.59283447265625,335.433537874833,331.5472315225399,334.2861363227082,9493700
2021-12-17,327.8206481933594,330.8797894494292,326.9677810891485,330.2957648864767,10638300
2021-12-20,323.77880859375,324.12182821450784,321.24807348492425,323.8807950459423,7303400
2021-12-21,329.007080078125,329.07197795388964,325.8552329827392,326.4577874099019,4693300
2021-12-22,331.3062438964844,331.4638207654013,328.3212514063538,329.0443227156261,2999500
2021-12-23,333.13238525390625,334.1891968482379,332.01998326491616,332.23320708402093,2655000
2021-12-27,336.4325866699219,336.4696469329318,333.44759466154596,333.78130677029844,2594300
2021-12-28,337.424560546875,338.4720932022464,336.40486553147565,336.6087819023279,3048500
2021-12-29,338.2123718261719,338.9540012884851,337.23901675158294,337.3409748893734,3012200
2021-12-30,337.4986572265625,339.9552434976903,337.0629586584547,339.00041833229807,2863200
2021-12-31,336.8034362792969,338.11978306438243,336.42335635112954,336.97957157016174,3133800
2022-01-03,338.9910888671875,339.1486939813421,335.8577713257575,337.7488912442447,5624100
2022-01-04,341.0213317871094,342.2635296880057,340.40949790333417,340.5300144957826,5462200
2022-01-05,337.5171203613281,342.5322783594754,337.4151622204435,340.87291244560527,7638000
2022-01-06,335.941162109375,338.036197911254,335.54252394200915,337.5356016177661,7019800
2022-01-07,335.8670959472656,337.31323834802834,334.7732240808411,335.4777651495174,5806300
2022-01-10,334.4580383300781,334.85664833432435,330.42551394290524,334.7176016224102,8091800
2022-01-11,336.0802917480469,336.2749571306911,331.5935389953608,334.3653069840187,7310900
2022-01-12,336.46026611328125,337.9527473961203,335.2736874786971,337.18333702669554,4493200
2022-01-13,334.8381042480469,338.48126939974975,334.1428424271749,337.62840245175875,6418100
2022-01-14,332.9284362792969,333.54024175357745,330.38839399185207,332.0662901668072,8575400
2022-01-18,328.0245056152344,329.4242800614299,326.8842661388118,329.39647072250614,8166100
2022-01-19,324.780029296875,329.6004950483293,324.65023349031213,329.00721957766,7386500
2022-01-20,321.9804992675781,329.13706490683984,321.49846106555583,325.8276388307338,8968700
2022-01-21,317.5996398925781,323.62971911704744,317.40482987556544,321.99695014434616,16301600
2022-01-24,318.9542541503906,319.2418404358152,307.3950577643187,313.96319671486486,29707000
2022-01-25,318.1656494140625,320.791070010275,311.0965429427629,315.66086329021675,18657900
2022-01-26,316.77410888671875,322.84130689167654,314.05594031018927,321.0230132053146,19047300
2022-01-27,316.8575744628906,322.4980357032188,315.3176093536881,319.5015388998379,12854100
2022-01-28,322.0157165527344,322.0806627070474,313.4715601671215,317.14526458290817,12008900
2022-01-31,325.69866943359375,325.95842570950794,319.79847903298065,320.7818440997495,8379100
2022-02-01,328.35198974609375,328.6581200134993,324.399956426231,326.23682296461436,7636000
2022-02-02,330.290771484375,330.8752300959991,327.25718668035785,328.027169283552,8856400
2022-02-03,325.6058654785156,329.539325067865,325.23476088145514,329.16824878211037,9339900
2022-02-04,325.5038146972656,327.71175689561414,322.674326068408,325.0677922605219,8532300
2022-02-07,325.5315856933594,327.628207453072,324.5389348326723,325.86557411967635,4746200
2022-02-08,328.9084167480469,329.6598552546917,325.42952428717274,326.1809627938176,4568400
2022-02-09,331.8122253417969,332.2111316556483,330.8752343295025,331.5153529779185,4781700
2022-02-10,327.0622863769531,332.1739484229122,325.65218540037523,329.1310780861802,10298500
2022-02-11,322.18255615234375,328.7970948433585,321.1991914872506,326.9787733433794,8211500
2022-02-14,320.8839111328125,322.4238765912951,318.3883823005258,321.6538938620538,7315100
2022-02-15,324.90081787109375,325.40178645452977,323.16601420233843,323.7040705983939,4932200
2022-02-16,324.3905944824219,325.36467333185345,321.6445675126559,323.54637960097097,4496500
2022-02-17,318.83355712890625,322.5722060855259,318.07283245006505,322.31244989169016,4433500
2022-02-18,316.8072509765625,319.7989798228409,315.5901217843744,318.5911224296987,6193700
2022-02-22,312.1895751953125,316.138284031414,309.931821299889,314.7724941939386,7942700
2022-02-23,308.0178527832031,314.28005955362266,307.3674942403763,314.1871430891834,5732600
2022-02-24,308.77972412109375,309.1513616199429,299.8138383235348,299.9346268903386,14167100
2022-02-25,316.3984375,316.8443911810136,309.44869964491073,310.02474205230345,9496300
2022-02-28,315.28350830078125,315.72949035248655,311.05607820243085,312.133846895124,8217300
2022-03-01,309.54156494140625,314.98612316063367,307.84128175124795,313.3601844744375,8532900
2022-03-02,314.9676818847656,316.31490012533567,310.9632277845908,311.5020980683394,6836200
2022-03-03,314.15924072265625,317.8384998562156,312.8120230033728,316.5563264911864,7790700
2022-03-04,312.616943359375,312.9885808570054,309.2071048129852,310.8887878819146,6025000
2022-03-07,305.18414306640625,311.55781111275553,305.06335447503375,311.4370508755124,6590800
2022-03-08,303.381591796875,310.6936662004883,302.94490996360867,305.2026352837608,8209800
2022-03-09,309.7645263671875,311.2882767274416,308.06427161555666,309.5043773244757,4669200
2022-03-10,308.5660705566406,309.2536298160192,305.37923665014574,305.9738794307836,3317400
2022-03-11,306.62420654296875,311.9294335443432,306.3176133841932,310.4149829944014,6923400
2022-03-14,306.670654296875,310.8795119900444,305.481397307643,308.2315487788439,5640600
2022-03-15,312.3568420410156,312.9700567652337,307.6369572015652,308.46387698780916,6648500
2022-03-16,317.1602478027344,317.21602036053486,310.82375370025375,315.14409961007476,9577100
2022-03-17,320.9602966308594,321.0903569770067,315.5342821985887,315.8409036468636,6032900
2022-03-18,323.2994689941406,323.53226621376155,319.07186352888874,319.97511787772305,5903900
2022-03-21,321.6699523925781,323.98860406722093,319.6771941560763,322.7594276830779,4329900
2022-03-22,324.1841125488281,324.7241895991782,322.9921634933225,323.2342816974258,4430800
2022-03-23,319.779541015625,322.60104187054714,319.7236719624682,321.958519341618,4098700
2022-03-24,323.17852783203125,323.17852783203125,319.8076274085842,320.78536472075007,3550000
2022-03-25,324.5566711425781,325.28299753581126,322.3683709778254,323.867571854284,3206200
2022-03-28,325.4411315917969,325.4411315917969,321.6139596526486,323.82087233786535,2962400
2022-03-29,328.681640625,329.37071109399085,326.0370684163742,328.3929744329838,4711800
2022-03-30,327.8901672363281,329.1472776906904,326.3257770084048,327.9181017611973,3909800
2022-03-31,322.96417236328125,327.3780262352282,322.899010750052,326.9124318736288,3978900
2022-04-01,324.06317138671875,324.3797723132005,321.48375904537664,324.19352310108656,3560200
2022-04-04,325.2083740234375,325.2456295331297,322.21926587166337,323.7184946472792,3829900
2022-04-05,322.5079650878906,326.8938569162102,321.7257698101899,323.8861349110569,4331700
2022-04-06,321.02740478515625,322.24726009047964,319.11847871983935,319.94722214501627,5431300
2022-04-07,322.1635437011719,323.2157920931192,318.36430409156253,320.1149159984744,4599900
2022-04-08,323.4670104980469,325.0965907045371,320.93417612611137,321.9212338634899,4535900
2022-04-11,319.5840759277344,323.19706537421706,319.15570852735937,321.59541915871114,5344400
2022-04-12,318.6713562011719,322.8896393215007,317.5353049996589,320.71066145976994,4501400
2022-04-13,321.968017578125,322.23804201116565,318.0383976428177,318.17807035260455,3605000
2022-04-14,320.7159118652344,324.8519001203036,320.67864277043475,322.9701946107872,4179600
2022-04-18,320.53887939453125,322.37399120066146,319.1695317175916,320.3246176610285,3939000
2022-04-19,325.21502685546875,325.79256962444913,320.6784903781166,320.7157594552053,4261200
2022-04-20,327.460205078125,328.89476689558967,326.2957944794021,327.0223855558855,5677000
2022-04-21,323.90185546875,330.5809291509886,323.4081463656781,329.72391018799505,5369600
2022-04-22,315.1081848144531,322.6908416375168,314.61447576924616,322.6256278095843,6855100
2022-04-25,317.2413635253906,317.7257481416053,310.38532698206507,313.4127947963967,6806600
2022-04-26,309.68670654296875,315.8347728008221,309.519009783138,314.88462382577154,7619800
2022-04-27,310.2268981933594,313.92506703411533,308.41040646395396,311.01870300945893,6894400
2022-04-28,316.058349609375,317.2227603702637,309.7239380133423,312.2856416872974,5976600
2022-04-29,307.1156921386719,316.0024836870545,306.56609362998563,314.50270773284353,6495600
2022-05-02,308.09368896484375,309.5841400664752,302.24369184403236,307.7304076772405,9221700
2022-05-03,308.56890869140625,310.59033865440006,306.57542345472103,308.5036948540188,6051000
2022-05-04,317.2693176269531,317.8096201263963,307.59075040302815,309.0811733979143,10569700
2022-05-05,307.6278991699219,315.08012562987534,304.5073020822067,314.6981956124442,9101200
2022-05-06,306.53802490234375,308.0098271099431,302.51381581839354,305.2990763420595,10644200
2022-05-09,300.51104736328125,304.0228989615824,299.36525727407957,302.7280893550108,7817200
2022-05-10,299.79376220703125,305.1779950377043,297.21343886138686,304.14401219451486,7716500
2022-05-11,296.65447998046875,303.743424780059,296.37503287530177,299.70989151823534,9374700
2022-05-12,295.8907470703125,297.55816273372125,291.13062131998896,294.92194940274834,6790800
2022-05-13,300.1663513183594,300.9115625300018,297.0177813573972,298.39642494173415,4236700
2022-05-16,300.6787109375,303.2776829183052,297.8096162111974,299.6819688092501,3692600
2022-05-17,304.7029724121094,304.95447486839,301.31219508925136,304.4514415278355,3316800
2022-05-18,293.94384765625,302.1785857573521,292.9005401397296,302.01088899877027,3659000
2022-05-19,291.736083984375,294.6890417888747,289.54698635996584,290.7486660649382,3836700
2022-05-20,291.72216796875,294.1965996036017,285.98892967537034,293.93515076097185,4654000
2022-05-23,297.71673583984375,298.4730707788494,293.9257145296399,294.42994732090295,4484600
2022-05-24,298.2302551269531,298.93988534280595,292.84250247981316,295.5970747982338,5260500
2022-05-25,299.99505615234375,301.1715897113184,296.4188078917141,296.91369401646494,4612800
2022-05-26,304.8227233886719,306.05525183089753,301.50789352487556,301.55459812610104,3270200
2022-05-27,310.07025146484375,310.12627416388347,305.16806582842446,305.3828100094841,2773100
2022-05-31,308.3241271972656,310.51841594554946,305.952395250764,308.2961158492894,4354000
2022-06-01,306.6059265136719,310.8918611571299,304.49567233484066,310.3876285233521,3721400
2022-06-02,310.72393798828125,310.73328460575283,303.80484794286366,306.78351234623705,3718800
2022-06-03,307.5303955078125,309.7527238192072,306.9514753922269,308.01593497667767,4150900
2022-06-06,307.6239013671875,310.69591787556084,306.7648389617747,309.622111240633,1957600
2022-06-07,310.16363525390625,310.44374875192744,305.1680689034897,305.1680689034897,2424000
2022-06-08,307.55841064453125,309.9394604385145,306.7927292260635,308.6602282004105,2032900
2022-06-09,301.6011962890625,308.12809850806053,301.6011962890625,306.4193488505118,2591500
2022-06-10,293.5428161621094,297.65130812868097,293.4961400869442,297.221791351535,4484700
2022-06-13,285.3350830078125,289.10743795306985,284.00917503169154,287.1278941042589,6317200
2022-06-14,284.1399841308594,287.06262485845923,281.9270021985498,286.2969433683593,3724000
2022-06-15,286.87591552734375,290.0973347257386,282.2351786221699,286.10088735939934,7060900
2022-06-16,280.0314636230469,281.67487182807986,278.2760100396294,281.4040764998022,4943500
2022-06-17,279.57476806640625,282.2514543882761,277.39411242608395,279.153597545873,4738000
2022-06-21,285.7236633300781,286.828029082609,283.2247737616024,283.6552838993953,3246500
2022-06-22,285.08721923828125,287.9604666470704,282.01743894196073,282.2046321616789,6361200
2022-06-23,287.08074951171875,287.38024727989614,283.3745574559806,286.07934847699926,3582600
2022-06-24,294.83001708984375,294.923613693986,289.30816018553486,289.38304889351804,3314800
2022-06-27,294.21234130859375,295.64430950645743,293.2951687625231,295.1856946717459,1896500
2022-06-28,289.5141296386719,298.3210380643012,289.4111933429856,295.7472879319817,3025900
2022-06-29,290.1786193847656,291.51699117084775,289.03680908381585,290.50619329830573,2462800
2022-06-30,288.091552734375,289.9633709780211,284.75035031466354,287.0901231192212,4117800
2022-07-01,290.92724609375,291.3577561295387,285.23690479273637,287.69834942116256,3315000
2022-07-05,289.8603515625,289.9071641467875,284.12322515574795,286.949688451107,3767700
2022-07-06,290.51556396484375,292.275077744501,288.203867211644,290.13183778424354,2493300
2022-07-07,293.8287048339844,294.1281740711766,291.6386521711875,292.5090694342712,2267500
2022-07-08,293.3700866699219,294.94243581583817,292.1627843793571,293.4075310347889,2094300
2022-07-11,291.7228698730469,293.6321038201389,291.2268392061536,291.6854255128064,2633200
2022-07-12,290.103759765625,293.4543019485288,288.8215688026561,290.65594273557684,2806000
2022-07-13,288.0260314941406,290.07567475055237,285.55521770932876,286.56601555281713,3481200
2022-07-14,286.7625427246094,287.1930529136349,282.1485177132435,283.26225182794275,2893100
2022-07-15,292.7436218261719,292.85597327757426,289.45719900457954,291.01146075407974,3027500
2022-07-18,290.86163330078125,296.19855553785027,290.000253171651,295.64614188308764,2344900
2022-07-19,297.8465576171875,298.1180927803767,292.74373670609174,293.1276233647729,3004900
2022-07-20,298.4363098144531,299.08235922364344,296.29220297823804,297.96815972510444,3243000
2022-07-21,300.0000305175781,300.0468341106143,295.29044039852624,297.3971164103538,2159800
2022-07-22,298.7359313964844,301.675927659812,297.1254939533653,301.2639532971341,3264100
2022-07-25,299.57855224609375,299.9811829784956,297.9774871812529,299.68156010858104,4002500
2022-07-26,297.31280517578125,299.1292300431402,296.90083075801215,298.5768162951356,2101700
2022-07-27,301.4980163574219,302.83691869610226,297.78090366937306,298.56739235587645,3338100
2022-07-28,304.5129699707031,305.34626241531146,299.43820955374434,301.9100561675418,2688400
2022-07-29,307.72442626953125,308.2955556745421,304.2226726752305,304.7844299347118,3225600
2022-08-01,307.1439208984375,308.7168983526478,305.65520703210126,306.0858971168844,2745500
2022-08-02,303.3987731933594,306.9005273562476,303.26767742911784,306.14212635919023,5394600
2022-08-03,307.2562561035156,308.1738405234303,304.42863997888276,304.9529657692304,2564600
2022-08-04,306.50726318359375,307.44356351625174,305.7488622000302,306.8162582945973,2426400
2022-08-05,307.078369140625,307.2843563218032,304.2320086116937,304.36310435135874,2672400
2022-08-08,307.49969482421875,310.0276879780845,306.8349011728467,308.80113711937236,2528800
2022-08-09,307.022216796875,307.9866049063749,306.3480794774643,307.36864331578045,1655100
2022-08-10,311.9753723144531,312.5652176924312,310.81434013679564,311.41358623799005,2934400
2022-08-11,312.45269775390625,315.34586162836456,311.9564598448298,314.42830581928627,2401600
2022-08-12,316.31024169921875,316.3945338507287,312.90212428520357,313.4732536155019,2606900
2022-08-15,317.7522888183594,318.20172333454593,314.6531365203987,314.6999401148747,1936500
2022-08-16,319.9712829589844,321.2352941876618,317.1717539642312,317.23730184854946,3897100
2022-08-17,318.5293884277344,320.2708933520705,317.1249379118689,318.0331503884067,2960300
2022-08-18,318.8851623535156,319.2784210750328,317.3777324972083,318.52939222043346,1850900
2022-08-19,316.1796875,317.6994167218072,315.44796496250905,317.40860575362245,2010300
2022-08-22,310.2883605957031,312.8775171166546,309.7254905246229,312.49288971189577,2684500
2022-08-23,308.7404479980469,310.93564404751686,308.2995650960171,309.8661880937361,2897200
2022-08-24,309.4440612792969,310.5416594206524,308.00875825060916,308.5716283582591,2581700
2022-08-25,312.5303649902344,312.5303649902344,308.63722637118184,309.6597596431615,2498900
2022-08-26,302.9429931640625,313.0182853544272,302.83981509958335,312.8494042771901,4191000
2022-08-29,301.2262268066406,303.3181875344069,299.95977636441654,300.70088906640484,2896900
2022-08-30,298.3557434082031,302.23013230263365,296.97672411745276,302.1550676639584,2926300
2022-08-31,296.1136474609375,300.3539119813672,296.0667535341492,298.749727430907,2981600
2022-09-01,297.43634033203125,297.61458303455186,293.34620566712334,294.8377930497168,3228000
2022-09-02,294.34051513671875,300.89787510086285,292.9802482872534,299.9785197669217,3826200
2022-09-06,292.87701416015625,295.6913351342945,291.6855999587022,295.08154268689515,3320400
2022-09-07,296.75152587890625,297.3237863273683,292.1735854350514,292.3518281461487,2520200
2022-09-08,298.5431823730469,298.69328293847957,294.2654164588596,295.2129137530729,3301100
2022-09-09,302.33319091796875,302.9523451128889,299.72525401565895,300.26934360156815,2479300
2022-09-12,304.4815368652344,305.5228223756483,303.20569586744494,303.28076049430916,2486900
2022-09-13,292.4361877441406,299.8096970981583,291.5918683034416,299.0685843434663,4301200
2022-09-14,292.74578857421875,294.0779136589471,290.37237803287564,293.02720933850236,2868800
2022-09-15,291.1509094238281,294.11533133203125,290.37229311782795,292.34232377800333,3294600
2022-09-16,289.7523193359375,290.2508370493993,287.2127121692936,287.78646538266804,4071000
2022-09-19,291.72760009765625,291.7652322015516,287.1562897928935,287.2315252957995,2730000
2022-09-20,288.78338623046875,289.69577059365713,286.4883168778067,289.4136016998348,2822800
2022-09-21,283.883056640625,291.84054066318424,283.79840591436175,290.1944873410949,5110700
2022-09-22,282.6694641113281,284.97394854812285,282.0769094636019,283.6476974029941,3492500
2022-09-23,278.2863464355469,280.2992474269552,275.031873277956,280.1299460458685,4949300
2022-09-26,275.3327941894531,278.64370019727227,274.18525953650857,277.1011291010272,4143400
2022-09-27,273.9971618652344,278.9165172611445,272.3040909166148,277.2704648980907,3681000
2022-09-28,279.1046447753906,280.3274150302861,273.7620073710076,274.9848063307778,3995700
2022-09-29,274.8531494140625,277.3363510903948,272.6333437078373,277.26108689754165,3351100
2022-09-30,270.2347106933594,276.0288174745254,269.99017390301026,273.9124647947675,3827200
2022-10-03,277.2798767089844,278.7660141941797,272.2758706972763,273.3011227120083,3457600
2022-10-04,285.1338195800781,285.1714229550368,280.7129831087927,280.87286921453295,4163800
2022-10-05,284.8047180175781,286.4601570324438,281.0516987531538,281.9264799079462,2746900
2022-10-06,281.4562683105469,285.2939107702783,280.8730711210578,283.56320701746705,3081700
2022-10-07,275.5680236816406,279.2551942062176,274.12890452920374,279.10469452104303,3029300
2022-10-10,274.617919921875,277.40212015767673,272.85900026035995,276.8001216078156,3154500
2022-10-11,274.92840576171875,278.54972708392796,273.4516545965644,273.88432322604723,3849900
2022-10-12,274.8059997558594,277.0728516776823,274.06291690645605,275.0881685822833,4378700
2022-10-13,282.7071838378906,283.80770022029054,269.59519666423154,270.0843278141336,7389600
2022-10-14,279.1893615722656,286.2814766581049,278.5967779974404,284.5696036367984,5519400
2022-10-17,284.1181335449219,285.1998197069361,282.1616947331392,283.01764568357055,3555700
2022-10-18,287.32550048828125,290.06265390857476,285.0398460575299,289.9497863374081,4685500
2022-10-19,286.2721252441406,288.4354976125473,284.3344880919475,286.26271004183667,2939800
2022-10-20,285.2937927246094,290.0532332517539,284.7576430667803,286.7234964406117,3574700
2022-10-21,292.5897216796875,292.89090172490756,284.24158297061746,285.2486088685253,5357200
2022-10-24,296.5143737792969,297.40849307961463,293.2673679077383,294.14264550355847,4331700
2022-10-25,299.7521057128906,300.025052036733,295.6297918979741,295.8556913862431,6024800
2022-10-26,299.64849853515625,302.7919901879383,299.07437221922163,299.2720378006045,4991800
2022-10-27,301.60614013671875,304.81552062041345,301.09793102192003,302.64142879631635,4262200
2022-10-28,309.24835205078125,309.54013997324665,302.54725385070697,302.83901305106167,5251400
2022-10-31,308.1566467285156,309.4742736507814,306.6884010470049,307.6860636332698,5128200
2022-11-01,307.20599365234375,310.42476524758007,305.6907014758595,309.9918369352017,4376400
2022-11-02,302.45318603515625,311.2907513102161,302.4155600633717,306.3119735796456,7110300
2022-11-03,301.0508117675781,302.91433108430687,298.5190725266236,300.56141570959903,4112700
2022-11-04,305.0696716308594,306.9520043133067,300.5520559597153,304.57082589677816,6263700
2022-11-07,309.097900390625,309.5967174638613,305.07910123779334,306.0108755610996,4518300
2022-11-08,312.1942138671875,313.9353769795889,308.97544173617064,310.0860108937911,6349000
2022-11-09,306.1989440917969,311.4035909415836,305.84129641497674,310.31183493101423,4799200
2022-11-10,317.4176940917969,317.634143916748,312.3542157823119,314.55654105139035,6002300
2022-11-11,317.9165344238281,318.46239817468717,314.4812835848913,318.0200489178085,5190700
2022-11-14,316.0152893066406,319.8740755512586,315.81765249394226,316.89998762152743,3303300
2022-11-15,316.42938232421875,320.10934447624186,313.8035501171813,318.575239448543,4824100
2022-11-16,316.2977294921875,317.40829870703254,315.8083046894937,315.9212687592704,3085500
2022-11-17,316.3258972167969,316.9658832012098,313.1541724036404,313.1541724036404,3606500
2022-11-18,318.1658630371094,318.9014619000037,316.1759845058477,318.2507365081636,3659100
2022-11-21,317.8641662597656,319.3730955715119,316.43069924284475,318.43945833118596,2304100
2022-11-22,321.551513671875,321.7024094398058,319.1278277468776,319.59936622900216,4389400
2022-11-23,322.4851989746094,323.0793133225232,320.6367472907885,321.2214504391786,3108500
2022-11-25,323.9657287597656,324.2297891099281,322.56055355144605,322.6171358564509,1498300
2022-11-28,319.22222900390625,323.45666569055635,318.7129879791349,322.2400879038428,3089800
2022-11-29,319.21270751953125,320.05203106845573,317.44912938602494,318.69399791070276,2943600
2022-11-30,326.4461975097656,326.4839286598102,317.0437157964782,319.3731178492315,6940400
2022-12-01,324.80517578125,327.02141264261667,322.24000501030326,327.0119726622189,5325900
2022-12-02,325.1164245605469,325.74829894763053,321.4572804214528,321.4572804214528,3736500
2022-12-05,320.674560546875,323.76785281791376,319.731483283992,322.95682018644277,3827200
2022-12-06,317.3077087402344,321.25920403852786,315.66676381803956,320.4292915968201,5516300
2022-12-07,317.2888488769531,319.07124955738504,316.44008527767943,317.0059372706712,3577100
2022-12-08,319.1938171386719,320.31608101406766,317.87351516186055,318.5148005819654,3278400
2022-12-09,316.2796936035156,319.8067919803246,316.1665289810075,318.44878772980456,3815500
2022-12-12,321.2308654785156,321.2591566357436,316.93043689732497,317.0058991702157,5017300
2022-12-13,322.35321044921875,328.39833866147353,320.17470445331116,328.3606075155355,5274300
2022-12-14,320.8537292480469,325.04099435910507,318.4206027118315,322.32492739188547,5498400
2022-12-15,313.8560485839844,318.1659178549876,311.9510431955572,317.42087888458053,5865600
2022-12-16,310.94488525390625,312.3910514487014,308.5629729464323,311.2473585503782,6672200
2022-12-19,309.4420166015625,312.23036124481223,307.8635074833444,310.8503664578913,3709600
2022-12-20,310.3870849609375,311.7954341861985,308.5250259830112,309.64036334053907,4721700
2022-12-21,315.3210754394531,316.01105812004283,312.9769515875249,313.3739512377321,5086800
2022-12-22,312.1641540527344,313.6670301112581,307.8067336524224,313.33620180632715,4876900
2022-12-23,313.74267578125,313.9884389282885,310.0847278701893,311.5592490615403,3997900
2022-12-27,314.1584777832031,315.52903961014357,312.4571165491121,314.1301227241493,3098900
2022-12-28,310.5666809082031,315.4533851020372,310.5666809082031,314.46092925826736,3102400
2022-12-29,313.86541748046875,314.61213904761956,312.04117499003917,312.41925200091896,2458800
2022-12-30,313.1754150390625,313.24158645036397,310.35871670830176,312.50432616202306,3881800
2023-01-03,313.0715637207031,315.5385409331008,310.35882337924664,314.2058240212726,3910700
2023-01-04,314.3382263183594,315.7371439025228,312.1075503050281,314.3382263183594,4137300
2023-01-05,311.1811218261719,313.00536483613195,310.12249435604866,312.8352344595982,4350100
2023-01-06,317.854248046875,318.6482185634432,311.8332833288255,313.97889309935744,4800800
2023-01-09,316.9185791015625,320.8128287516218,316.56885699882986,319.18707096276376,3864000
2023-01-10,318.7522277832031,318.84672542488187,315.973316365606,316.59715656602924,2277500
2023-01-11,321.1435546875,321.1908035015557,318.6576555450597,319.8580581072859,3265800
2023-01-12,323.2608947753906,324.2061020700555,319.4328167701728,322.2022672206359,4332600
2023-01-13,324.2437744140625,324.6691002004755,320.52908947350755,320.57636712450324,3473400
2023-01-17,320.57647705078125,323.96976743349023,320.0755183891654,323.6011227800987,3929700
2023-01-18,314.72564697265625,321.5595055093095,314.47045140941674,320.9640203496489,5164300
2023-01-19,312.5138854980469,314.24360211681136,311.8900452359937,312.9203177028062,3454200
2023-01-20,315.6545104980469,315.7112686699738,311.5677489000659,312.958381852023,4120200
2023-01-23,318.0196228027344,319.5143032134644,315.0680526570636,316.61952012606554,3985300
2023-01-24,318.89935302734375,319.48587346095803,315.6829310924452,316.8748817295112,3360900
2023-01-25,319.1075439453125,319.4102735464589,314.5950656335077,316.19382205657513,4318600
2023-01-26,321.037353515625,321.1319601168565,318.047992779857,320.1765113930985,2930900
2023-01-27,321.2738952636719,323.0997133963098,319.90220042098525,321.07524158546744,2907400
2023-01-30,318.86151123046875,322.04955414178727,318.66285759848427,320.1859168934957,3032700
2023-01-31,322.4280090332031,322.4563881285386,318.3412749554801,319.3724205791796,2593500
2023-02-01,322.4659118652344,324.7363264848455,317.46151883079716,320.81039699490924,6175400
2023-02-02,322.04962158203125,323.0713267859484,319.76029750008104,323.0713267859484,5169400
2023-02-03,320.6779479980469,323.22271298436544,319.7130009227092,320.47926544142666,6504300
2023-02-06,320.2048645019531,321.22654065065257,318.5115017479346,319.41966153232056,2708400
2023-02-07,323.0809020996094,323.828257105379,318.03868809942844,318.7576639971256,4969600
2023-02-08,321.09423828125,323.02407495819034,320.5455371490666,321.992929091717,2769500
2023-02-09,318.88037109375,324.0645054432496,317.91545330524906,323.2982412556425,3094700
2023-02-10,320.4413757324219,320.70625688003565,317.81147402758506,318.55879973735404,2523900
2023-02-13,324.0552062988281,324.06467562237276,320.5833712048429,320.5833712048429,2653900
2023-02-14,322.72125244140625,324.9821970357274,320.1386396523596,323.0807113080843,3501100
2023-02-15,323.2131652832031,323.2226346035705,320.34676159016414,321.13193569391973,1967700
2023-02-16,319.1737365722656,322.4847654394565,319.098039745311,320.2237918697463,3229600
2023-02-17,320.5496826171875,320.6823258155824,317.50799797224323,318.11444949976374,3034200
2023-02-21,313.8787536621094,318.3228053480893,313.73662567030425,317.1667828194235,3142900
2023-02-22,313.1870422363281,314.99688254093934,312.17317656262634,314.3525496656242,2896400
2023-02-23,314.2768249511719,315.30017568286377,310.78033083232714,314.4473785869208,5999600
2023-02-24,310.9129333496094,311.8794616601488,309.3115569499847,310.6381332498291,3764700
2023-02-27,311.8035583496094,314.5704415440156,310.9886720226927,313.38599356848306,2887300
2023-02-28,309.44427490234375,311.6236485095864,309.3874236894382,311.6236485095864,3155300
2023-03-01,309.85162353515625,310.6286284303241,308.24076254929014,308.9419754894809,3317500
2023-03-02,313.11126708984375,313.8314208816284,309.66213989465814,310.39177852597476,3047500
2023-03-03,316.6835632324219,316.89202728876086,313.0923368269925,314.1346281914928,3033500
2023-03-06,317.1288757324219,318.4933623025453,316.65509647660656,317.0815093737167,2641700
2023-03-07,311.62347412109375,317.3562188300084,311.48134616836654,317.1193292697355,5009200
2023-03-08,311.2635803222656,312.2206239618133,309.47270923087007,311.6710525825045,3169600
2023-03-09,306.1371765136719,313.1112218613262,305.492843696829,312.42897860902514,4760900
2023-03-10,302.9629211425781,307.8333573024738,301.73107761407385,305.6255584912863,7741600
2023-03-13,302.1006164550781,306.22250183010425,300.05388656712324,300.1486482032417,6831600
2023-03-14,305.29388427734375,306.73416282890173,301.99637019157643,305.31282503770416,4760500
2023-03-15,302.7828674316406,303.0386978301778,298.4525179141841,300.28129897717565,6518000
2023-03-16,306.29840087890625,306.6016266536247,299.83604252657636,301.0015503322246,6569900
2023-03-17,302.6006164550781,305.06132128541435,301.32751216027987,304.70979616595974,5314900
2023-03-20,306.21087646484375,306.6384242077975,303.38913674613997,303.38913674613997,4695000
2023-03-21,309.3652648925781,309.5742838009379,307.1990821123773,309.17526615399004,3527300
2023-03-22,304.1966552734375,311.2082514150068,304.0826502945738,309.39359485037244,4378700
2023-03-23,304.8238525390625,308.79518244044687,302.6006674412422,305.2893827493029,4772600
2023-03-24,306.2298889160156,306.3628850809107,302.04003131835015,303.5031630970944,4484900
2023-03-27,308.1204833984375,309.31759363553704,307.1608931928802,308.3865046739991,3550900
2023-03-28,307.6455383300781,309.39368282272403,306.7239591633631,307.8165458469976,2536500
2023-03-29,310.7522277832031,310.83776051845365,309.0516050532424,310.277187669866,2531700
2023-03-30,312.0824890136719,312.52902805985633,310.4103378629966,312.46251545860014,2487000
2023-03-31,316.0157165527344,316.1962341360102,313.06098062654246,313.13697429595555,2837300
2023-04-03,319.1414794921875,319.46450331735906,316.86129255358503,316.93728622074013,3450700
2023-04-04,317.269775390625,319.4739683512711,316.0251726831365,319.14143449178766,2449900
2023-04-05,318.1059265136719,318.7044818047873,317.0988436091184,317.32685362700886,2566600
2023-04-06,318.1820068359375,318.57154338534804,316.6428808077344,317.6594740712574,2333300
2023-04-10,319.18902587890625,319.18902587890625,316.7853234548735,317.32687628017635,2834200
2023-04-11,320.08209228515625,321.00367146552634,319.23653577620126,319.52154830862344,2343100
2023-04-12,319.80645751953125,322.08667301884293,319.1889112360279,321.7066177728613,3363800
2023-04-13,323.37890625,323.57841504348704,319.29357155738165,320.2436520900052,3040900
2023-04-14,321.92523193359375,323.83490277228174,320.47161011442665,322.97032614865066,3107900
2023-04-17,322.95135498046875,322.9608360688163,321.1176777010588,322.1912732341928,2226400
2023-04-18,322.8372802734375,323.2363267641946,321.0321334691037,322.9703054350733,2191100
2023-04-19,322.0677490234375,322.6758144032494,321.30769629282577,322.1817540336139,2854700
2023-04-20,321.0796813964844,321.9347479539756,320.0345871621495,320.58562103435185,2179300
2023-04-21,321.4067077636719,321.85349002842526,320.1709418449677,321.5493206857891,2470100
2023-04-24,322.0151062011719,322.167205378284,320.55117700517565,321.21660727879714,2288800
2023-04-25,318.7640075683594,321.94851660034533,318.6404541994323,321.4637313577673,2745300
2023-04-26,316.5015869140625,319.8381658637923,315.8931903246286,319.0206655829299,3588400
2023-04-27,321.4922180175781,321.85342084744155,317.33808086972243,317.6707959332277,3066600
2023-04-28,324.1824035644531,324.1919188267205,320.475077523417,320.5321110771294,3651100
2023-05-01,323.54547119140625,325.66531484631855,323.4504346141001,324.24893332910375,2296200
2023-05-02,320.2279968261719,323.20337370214,317.79446786262264,323.1463401334595,3275800
2023-05-03,317.6043395996094,321.473281101055,317.4332388919663,320.4751646298499,3924100
2023-05-04,314.961669921875,317.1100310080085,313.0985056845826,316.8153479045065,3576800
2023-05-05,320.0948791503906,320.8268291763372,317.4427025730805,317.74690089942806,3542700
2023-05-08,319.6100158691406,320.72222813743997,318.5358356382898,320.51309544638985,1789900
2023-05-09,319.1823425292969,320.0473903599131,318.59297629545944,318.840141107051,1924900
2023-05-10,318.9161682128906,321.1595949612778,316.0643737257577,320.7318141842264,3365500
2023-05-11,316.8627624511719,317.37609340303356,315.09466440912234,317.2525110433313,2744700
2023-05-12,316.7392578125,317.92750528477086,314.94261370965137,317.89898850583427,2636400
2023-05-15,317.28106689453125,317.7468796161591,315.46542133131766,317.0339311546329,2171000
2023-05-16,314.03009033203125,316.61571834250265,313.96354150217763,316.27348793893555,2265200
2023-05-17,318.07958984375,318.61195142459934,314.543393055607,315.731640581714,3068800
2023-05-18,319.4579162597656,319.81914809013443,316.3114396467349,317.40462138973095,3553500
2023-05-19,318.3681640625,320.52117628485547,317.4440864254744,320.05435499752747,3706700
2023-05-22,317.13922119140625,319.2826974928884,316.30087914185196,318.3014628377869,2555100
2023-05-23,314.9576416015625,317.3297752282591,314.4527349956669,316.0532194524619,2526200
2023-05-24,312.480712890625,314.605117225435,311.9758063589488,314.37648908211133,2978300
2023-05-25,312.2330017089844,313.1666150483254,310.3943826199362,312.53785860420845,3499900
2023-05-26,315.1766052246094,315.9196755004507,312.3948668884833,312.59491644316324,3580000
2023-05-30,314.8719177246094,315.6340601306055,313.3476910581373,314.99576768263125,3474500
2023-05-31,313.9192199707031,314.5384696788474,312.18540800616796,313.8525561406198,3067600
2023-06-01,315.2720031738281,316.26277363027503,311.8233928406689,313.33811250824544,3081300
2023-06-02,322.0645446777344,322.4741799377101,317.3393481692991,317.46319814853945,5584700
2023-06-05,320.21624755859375,322.45499484469195,320.0542832558751,322.19775913288885,3415600
2023-06-06,320.2543640136719,320.79735581074505,318.63483726699104,320.12097822553824,2824900
2023-06-07,321.20709228515625,321.5404986850521,320.02577886982937,320.60691424892934,2739000
2023-06-08,322.7694396972656,323.1981466095972,320.8069702820883,321.264255717058,2700300
2023-06-09,323.20758056640625,324.15072974644295,322.3025748383041,322.5407388308709,3162300
2023-06-12,325.0177307128906,325.1415515985977,323.1695753467483,323.65541024251047,2035500
2023-06-13,326.3990173339844,327.3612092658504,325.4273186109134,325.560675342587,3259300
2023-06-14,324.3031311035156,325.84642899480673,322.3215905701229,325.22720848040296,3766000
2023-06-15,328.4471740722656,329.2188230486938,324.07448684825545,324.2364511481455,4722500
2023-06-16,327.4503479003906,330.104704322731,327.23073228641425,329.7418738032625,5576800
2023-06-20,325.072998046875,326.17101829315436,323.678990494338,325.8750309868968,3387200
2023-06-21,324.0895690917969,325.5026914827471,323.37346508783804,324.27098443720087,3050700
2023-06-22,324.0035705566406,324.5669020888941,322.9532790819561,323.6216543308482,2605500
2023-06-23,321.9220886230469,322.9055367032134,321.0245695046418,321.8838882605954,3721600
2023-06-26,321.90301513671875,322.80050515059224,320.7667947022853,321.57835575116053,2301900
2023-06-27,323.8985290527344,324.2995308580622,321.8647896249869,321.8647896249869,1778800
2023-06-28,323.32568359375,323.62167086924086,322.17990571947837,323.42116993966295,2305000
2023-06-29,325.7413330078125,325.9609486851742,322.82915977674475,323.11561880873927,2902700
2023-06-30,328.30975341796875,329.00674252205823,327.2690193113315,327.7082215172655,3027500
2023-07-03,328.51983642578125,328.9590386647521,327.28812954304135,327.4981878553044,1698400
2023-07-05,327.3167419433594,328.2047037147073,326.78205340545054,326.9061827335972,2717000
2023-07-06,323.8985290527344,325.4643941898156,322.4376784852216,324.86286234348603,3742400
2023-07-07,322.17987060546875,325.01564285379885,321.95072671092527,322.6954735065302,2852200
2023-07-10,324.23272705078125,324.2995704059333,321.93167223109674,322.1512587718229,2560200
2023-07-11,327.1544189453125,327.4217631959256,324.5859910091221,325.34026602507544,2477100
2023-07-12,328.0997314453125,330.2671288645907,327.6414144372888,329.321880995032,4140200
2023-07-13,328.37652587890625,329.29313045725024,328.1664676277926,328.77752763391055,2472300
2023-07-14,329.5700988769531,330.286202723006,328.9399239958258,330.0856726665063,3293400
2023-07-17,330.21929931640625,331.03088935533657,328.6629625785559,328.9875927664611,2860000
2023-07-18,333.7807922363281,334.09589427285965,329.6464985010524,330.0284147570926,4617200
2023-07-19,334.8405456542969,336.52101166751675,334.5636440638608,334.5636440638608,5864300
2023-07-20,336.5019226074219,337.8959589013189,335.47074601771567,335.5662323463621,4561300
2023-07-21,336.4809875488281,337.60850809273353,336.0700867061195,337.12117753540286,2971700
2023-07-24,338.32513427734375,338.80290015312937,336.85360721497995,337.0255959317392,3073700
2023-07-25,338.56402587890625,339.38576920923833,337.8282477486387,338.0671306926444,2548700
2023-07-26,339.4525146484375,340.4367107799425,337.4172281919022,337.4363574817682,3084700
2023-07-27,337.0829162597656,340.5132716545698,336.38539676297705,340.0355057918865,4771000
2023-07-28,338.7168884277344,339.73928518750296,337.7135626437192,338.7455532123912,3219000
2023-07-31,339.7583923339844,339.7870571167724,338.43975400471186,338.8028606937013,2201400
2023-08-01,340.3603820800781,340.83814790042607,339.34752087378143,339.47171549224225,2581900
2023-08-02,337.0542907714844,339.4049200855153,336.4523010486354,338.716935996619,5061000
2023-08-03,336.3376159667969,337.67538376356737,335.50630799857095,335.9649737426507,3307000
2023-08-04,335.0572204589844,339.17556019177715,334.6272486444972,337.41738517578,4269400
2023-08-07,338.8507080078125,339.089590975971,336.2325600081611,336.3854486070448,2390800
2023-08-08,337.32177734375,337.6371191225851,334.3596525153733,336.7484816740721,3033600
2023-08-09,335.6591796875,337.9524499714568,334.95209554974605,337.1784716151278,2873300
2023-08-10,336.2420654296875,340.0928570316706,335.5731815724592,337.4460155479797,4133500
2023-08-11,337.302734375,337.99071845572666,335.0189993151862,335.57322410382227,2602600
2023-08-14,337.5032958984375,337.78040821722163,336.12732811203864,337.0446594099773,3134100
2023-08-15,334.0634460449219,336.36628109563003,333.65257438488874,336.03186830661224,2818700
2023-08-16,332.30517578125,335.88841886876867,332.24784622469025,333.76713779453735,3586800
2023-08-17,329.7157897949219,333.7863644611975,329.4864715017848,333.4328223724393,4804100
2023-08-18,330.26123046875,331.0172260581627,327.92627966889285,328.1846738039847,3525400
2023-08-21,329.8305969238281,330.83537856141095,327.744432409478,330.4334483841729,3176500
2023-08-22,328.1942443847656,330.2804091926498,327.82105057108953,329.94547219843656,2816000
2023-08-23,329.9837341308594,330.52920045528595,328.47177203563837,328.73971579442485,2605400
2023-08-24,326.3473815917969,332.03164470747765,326.2899671525421,329.4957429614509,3840800
2023-08-25,328.7109375,329.7157190772644,325.69656356453373,327.7157055238449,3868500
2023-08-28,330.8258361816406,331.74452548685855,329.6679395492233,330.3473631198856,2382700
2023-08-29,333.6105651855469,333.7349728587711,330.52919738627355,330.68231227611267,3107700
2023-08-30,334.3570556640625,335.62981068956714,333.51493818630905,334.06998343468547,2792900
2023-08-31,332.83544921875,336.1560536383736,332.7684559771281,335.8115670306265,2901400
2023-09-01,333.955078125,335.27563928164,332.7780238465247,334.8641594457954,2533200
2023-09-05,332.0411071777344,334.2420711211666,331.96453514976844,334.0506702549238,1906900
2023-09-06,330.1463317871094,331.59132942503345,328.672626940655,331.53391500797284,2748400
2023-09-07,330.8067626953125,331.33307146915325,329.52445818135334,329.62970825464834,2378600
2023-09-08,331.5913391113281,332.09851927929293,330.6056859847674,330.88317927410935,1665900
2023-09-11,332.41436767578125,333.58184310556584,331.59140803370383,333.0363768105083,1722900
2023-09-12,332.26129150390625,334.26130561512406,331.44788136971994,331.71585434897867,1813800
2023-09-13,331.6297302246094,333.50536600854315,330.93117811251,332.596255337571,2025200
2023-09-14,334.8737487792969,335.53404398021286,332.758905897177,333.64885883626204,3489400
2023-09-15,332.1133728027344,334.7135471955353,331.5952470397293,334.1474592963447,3581700
2023-09-18,332.12298583984375,333.0632839206592,331.317028605252,332.24772254536094,2122800
2023-09-19,331.0867614746094,331.7967651405955,329.0814579004977,331.4705464486311,2740900
2023-09-20,330.3670654296875,333.57171449225507,330.2519328963236,332.0173667300244,3411400
2023-09-21,326.7786560058594,329.7242573532347,326.6731275932076,329.2637271439709,3483700
2023-09-22,325.8191223144531,327.5941602694522,325.56967825482633,326.88415679981597,3376400
2023-09-25,326.2030029296875,326.2893523464883,324.00579238804124,325.0036566725968,3104700
2023-09-26,322.422607421875,325.0131773366726,321.952443856472,324.17843716587413,4657300
2023-09-27,321.8373107910156,323.4876121341141,319.43861868075095,323.22856392733297,4442200
2023-09-28,322.9791564941406,323.98662495460974,321.0122402746634,321.73184805460613,4053600
2023-09-29,321.3768310546875,325.0995771977798,320.3789667816443,325.0516150604153,3786500
2023-10-02,320.55157470703125,321.44388103154085,318.6230171249121,320.743481763894,4192600
2023-10-03,316.608154296875,320.35010783413384,315.70624379290655,319.35224379722905,4871100
2023-10-04,317.57720947265625,318.0281647296837,315.29365005540717,316.75207349817197,4877100
2023-10-05,317.7499694824219,318.306453186155,316.0421018166685,317.4141467200901,3172200
2023-10-06,320.56121826171875,322.038820794718,315.168963103147,316.96318010990564,4491300
2023-10-09,322.4705810546875,322.7488375485159,319.1124119750083,319.4578388778488,3756300
2023-10-10,323.7755126953125,325.27229441428085,322.413042525014,323.53564345469687,3769400
2023-10-11,324.33203125,325.10920533051046,322.53781382262605,324.4855510941759,2773900
2023-10-12,322.64324951171875,325.04194148582326,321.01215653787244,325.04194148582326,3315000
2023-10-13,323.03662109375,325.84788090842295,321.92362456406005,323.8042200526256,5154600
2023-10-16,326.1166076660156,327.0952635330888,324.69657135612584,325.0419689747715,3969300
2023-10-17,326.2125244140625,327.6805228213121,324.56222306309024,324.61978933153847,3777800
2023-10-18,322.9886779785156,326.1933269580501,322.38420291310825,325.9726367542148,4141200
2023-10-19,320.5804443359375,324.8980907521771,320.23504667747693,323.0463072055203,5201800
2023-10-20,317.9470520019531,320.86550288450854,317.8894535033826,320.04948509168804,3960800
2023-10-23,316.1519470214844,319.0415704230393,315.7295383446625,316.70874247876,3898300
2023-10-24,318.1871337890625,319.3967611512314,316.6607146068216,317.76472516409274,3583900
2023-10-25,317.14068603515625,319.38711567101905,316.64145991787075,318.93590784048416,3836300
2023-10-26,314.7117919921875,317.7838191696928,314.2701644644715,316.95822120425316,4882600
2023-10-27,311.2268981933594,314.7693517098658,310.28607405574445,314.73094295190447,4757300
2023-10-30,316.0654602050781,316.8238502680505,313.3198045791963,313.3390236119286,4617200
2023-10-31,317.2655029296875,317.4574881910402,314.7310513824412,316.0174668930071,3645800
2023-11-01,319.37750244140625,320.03030503624433,316.9006788093173,317.6878974487257,4546200
2023-11-02,324.8592224121094,324.98399964960385,321.0383553113071,321.3935558812491,5356300
2023-11-03,326.9903564453125,327.95997996628495,325.81916748367377,326.5199589576181,4046900
2023-11-06,327.4031982421875,327.9792125288807,326.29918794945263,327.230373448067,2766000
2023-11-07,327.8832092285156,328.3920155068296,326.69277187567803,327.1056001861359,2793700
2023-11-08,327.4799499511719,328.89117161239005,326.34714053530973,328.42077415775077,2787900
2023-11-09,325.5504150390625,328.3728592499677,325.2240137129638,328.33447977440994,3940700
2023-11-10,329.2944641113281,329.5728471217349,325.7039912556783,327.18242125506356,3268600
2023-11-13,329.8320617675781,330.53285333239785,328.5456463486956,328.68964260877453,2624500
2023-11-14,334.4881591796875,335.54415135781517,332.80813433609205,333.6241229651347,4815500
2023-11-15,336.2641906738281,336.75380733084336,335.0257933490295,335.3233954314829,3149400
2023-11-16,336.024169921875,336.77297984867914,334.8049623979518,335.6017613172871,3848000
2023-11-17,336.1366882324219,336.8966426196566,335.4633358246495,336.47337911460966,2059200
2023-11-20,338.1471862792969,338.8397966414602,335.7904087399913,335.81926628188955,2904300
2023-11-21,337.47381591796875,337.84896394271334,337.0312944902358,337.7527623559626,1849500
2023-11-22,339.1476135253906,339.7055651171385,338.1279412856889,338.50311866875415,3486200
2023-11-24,340.3404235839844,340.4847406399246,339.60935612180384,339.7247862812743,1245100
2023-11-27,339.87872314453125,340.6675350899269,339.35925803944093,340.1769275264192,2532400
2023-11-28,340.63861083984375,341.6294548242728,339.6574251770217,340.0422021414656,2759600
2023-11-29,341.1581726074219,342.58188007175073,340.88882572029036,341.46600600888905,2736300
2023-11-30,346.3045959472656,346.4777411996542,342.88965959098294,343.1397485033428,4094300
2023-12-01,349.2386169433594,349.43102016303726,346.169970536138,346.32388724055835,5852500
2023-12-04,348.8442077636719,349.142412176776,347.2858122852674,347.4108714307511,4211000
2023-12-05,348.1419677734375,348.47865869763865,346.97800766761725,348.09385229477624,5372700
2023-12-06,347.4781799316406,349.7195272841128,347.1030025335792,349.0076883523292,5583700
2023-12-07,348.06494140625,348.5747775196383,347.19918584570786,348.19000053235317,3295600
2023-12-08,349.305908203125,349.8446019088599,347.63211200006333,347.9976604482274,2930400
2023-12-11,350.8161315917969,350.98927682147064,349.1904217700145,349.76760189219414,3673200
2023-12-12,352.470703125,352.7304209725856,350.5660175062365,351.5087460288449,3239600
2023-12-13,357.59796142578125,357.59796142578125,352.07633647194655,352.6535166653525,4304800
2023-12-14,359.12744140625,359.4545326633309,357.13621246382155,358.5310326843998,5507000
2023-12-15,359.2556457519531,359.98837740412716,358.0022874299582,358.39757532535486,6948400
2023-12-18,359.5931701660156,360.4512113628263,359.381065136087,359.8920414233349,3403200
2023-12-19,362.022705078125,362.08054922848504,359.72812237299866,359.84381067371874,3749200
2023-12-20,357.4913635253906,362.83253200938805,357.3081805855643,361.2224875453381,4564700
2023-12-21,360.4607849121094,360.7018119663812,357.83840938474236,359.50632719231237,3837500
2023-12-22,360.3836669921875,361.83947992504227,359.20745370163104,360.2294355573851,3330700
2023-12-26,361.87811279296875,362.59154363124344,360.17162200527764,360.2680387347822,2217800
2023-12-27,363.04461669921875,363.26637219876596,361.29958304151074,361.63702682873475,3061200
2023-12-28,363.497802734375,364.1341178333065,363.0060980165064,363.0060980165064,2620400
2023-12-29,363.343505859375,363.9123262500424,361.80092662892446,363.4206510031359,3364400
2024-01-02,363.55560302734375,364.2594126932817,361.34778673528587,361.34778673528587,5776300
2024-01-03,360.77899169921875,362.62044225129563,360.48012045266603,362.09019440670284,6393600
2024-01-04,361.0971374511719,363.6809406805635,360.96214816405023,361.3863581775027,4251900
2024-01-05,361.19354248046875,362.74574269863876,359.8148452702324,360.9910585563379,5381700
2024-01-08,363.3145751953125,363.4399139842716,359.10142655123127,359.9980402260527,4604900
2024-01-09,361.7140197753906,362.1189580670674,360.3353524447657,361.3476540405974,3230900
2024-01-10,363.420654296875,363.9219800468581,361.8202309052247,362.0708790690903,2718700
2024-01-11,363.6328125,364.5486979131057,360.8176027604583,364.21125405680095,4095700
2024-01-12,362.4179382324219,364.6739480219672,361.280297551089,363.93159525647013,3816700
2024-01-16,360.2486267089844,362.0515041010439,358.6867763355904,361.5116059330125,4471600
2024-01-17,359.34246826171875,360.33549869326765,358.01199402052174,358.40728197785216,4361000
2024-01-18,361.3574523925781,361.85877814823175,358.0312667785959,358.8700657672648,3953400
2024-01-19,365.218994140625,365.9617691235596,361.22530169145904,362.4986554670467,5218600
2024-01-22,366.6369934082031,367.6112764291538,365.68196347973475,366.27041923757685,5433400
2024-01-23,365.6434020996094,366.4247714968758,364.62086858123655,365.9520698010011,3110100
2024-01-24,364.72698974609375,367.1675696285871,364.58229715206875,366.7720569122644,3967200
2024-01-25,367.03253173828125,367.1096913084979,364.56301334561005,365.6723624812349,3539100
2024-01-26,367.6210021972656,368.6242533643178,366.52130891561904,366.5502474377943,3221000
2024-01-29,369.762451171875,369.8589227019776,367.09036347800287,367.53409718970136,2730900
2024-01-30,370.90081787109375,371.34458111651105,368.97150461305546,369.28985778646285,2747900
2024-01-31,367.8910217285156,372.1837546611262,367.8620832128814,371.595298924592,4476600
2024-02-01,371.4891662597656,371.53738730167373,367.50513082416927,367.9199259893006,3652500
2024-02-02,372.7625427246094,374.07446131086414,369.694912968674,370.4184052758232,3344800
2024-02-05,370.0229187011719,372.34774434471785,368.6145284868795,372.34774434471785,3761600
2024-02-06,371.4698791503906,371.74963775351523,369.9457349685984,370.3509036158471,2507800
2024-02-07,373.00372314453125,373.75615399932343,372.0197547228179,372.7336205156053,2797600
2024-02-08,373.6597595214844,373.9588007280706,371.8847948169456,373.7755136093262,2549800
2024-02-09,373.05194091796875,373.8043717661583,372.12587897534587,373.5053306238636,3526300
2024-02-12,374.3928527832031,375.6469240061199,372.78189277333314,372.83011382695264,2412200
2024-02-13,369.289794921875,371.5470875168404,367.01319035666694,371.4602719676855,5325300
2024-02-14,370.7079162597656,370.95870697295425,368.56637729616597,370.42815758534005,3465200
2024-02-15,374.52789306640625,374.6050526346851,371.2770053113919,371.57604647681586,3497200
2024-02-16,373.12896728515625,375.1192952501187,372.6555486337765,374.07583407338234,3772300
2024-02-20,372.645751953125,373.4959945811483,371.5346514900996,372.47184672979023,3295700
2024-02-21,372.9935607910156,373.1095270915286,370.3559097921116,371.9404287403108,3027600
2024-02-22,377.331787109375,378.2303270557908,374.7907300580489,375.2254931843172,4990700
2024-02-23,378.0467529296875,379.5539907477321,377.69894242650554,378.5201714986167,3451600
2024-02-26,377.4960021972656,379.13851921980415,377.0418966311845,378.21099511148554,1914100
2024-02-27,376.4815368652344,377.2448269856819,375.6023099134197,377.15784487669595,2370900
2024-02-28,376.42364501953125,376.55889485515104,374.4912854757816,374.819783059963,3313900
2024-02-29,376.7616882324219,377.8824304469543,375.3124190577652,377.4766515899063,3026900
2024-03-01,378.0756530761719,378.36549509771277,375.7278442453261,376.6650394289148,3857500
2024-03-04,377.0322265625,378.0177190107153,376.1819839081382,376.1819839081382,3048500
2024-03-05,373.12896728515625,376.1241304656375,371.901929593504,375.8342588437071,4132400
2024-03-06,374.08544921875,375.96951142818386,373.07097232780217,375.3511422670795,3039100
2024-03-07,375.3124084472656,376.53944569902075,374.71335243755976,375.91143497151546,2965700
2024-03-08,374.86798095703125,377.21581958973184,374.59745187198433,375.10952583601807,4256900
2024-03-11,375.28350830078125,375.50571074702367,372.46225078169766,373.8342388424867,3396000
2024-03-12,377.57330322265625,378.2013140141398,374.7230618418613,376.0757072740088,3275800
2024-03-13,377.9887390136719,379.5056478804782,376.8679672736692,378.4428445506949,2788700
2024-03-14,376.8777160644531,379.1385729846582,374.72312475636664,378.90669929606196,4471900
2024-03-15,374.80804443359375,376.99685539135794,373.8782963200258,375.5247221923691,4372300
2024-03-18,375.51495361328125,376.60932923374395,375.27282962044274,376.1154163865364,2060600
2024-03-19,378.5850524902344,378.76906908111744,375.263118549387,375.93138310445715,3303800
2024-03-20,382.5462341308594,382.76899885605235,377.6069280654017,377.85871693284486,4823900
2024-03-21,385.21929931640625,386.25559717108627,383.34041463720916,383.824662656463,4348400
2024-03-22,382.1007995605469,385.5195899191772,382.06205143733393,385.22905288547526,3156100
2024-03-25,380.5705261230469,381.7327036232542,380.44461691039,381.5099684526949,2535600
2024-03-26,380.4736328125,381.8488804845503,380.26056252520556,381.2774714313857,3395400
2024-03-27,385.03533935546875,385.05469863887197,382.04268970290525,382.55599149659105,4427300
2024-03-28,385.22900390625,386.00378893505194,384.5316855578666,385.51954090301217,3155000
2024-04-01,382.8755187988281,385.5098291569668,382.29444483142123,385.2870939881785,3825200
2024-04-02,379.2921447753906,379.786087260513,377.9846690864032,379.62142991342006,4034900
2024-04-03,378.933837890625,380.5415451515138,377.7038287837375,379.3405897487802,3547000
2024-04-04,373.85888671875,381.8199265422344,373.452134872471,381.6165506190949,5041200
2024-04-05,376.6094055175781,378.14934043336456,373.9169873540995,374.1785002352725,4423500
2024-04-08,376.841796875,377.8490409836764,376.32849518083697,376.7933543416475,2431300
2024-04-09,376.5899658203125,377.69406540248787,373.5779575694204,377.3453914874294,4003900
2024-04-10,372.39642333984375,373.81041928837374,370.9630385544952,372.79351026462587,5173100
2024-04-11,372.4254455566406,373.9169080579058,369.96545753708534,373.3261397079536,3972800
2024-04-12,367.90264892578125,370.8662449506944,366.8760453122445,370.2657820321531,5305100
2024-04-15,365.4232482910156,371.72816713852507,364.7356243598919,371.25358396800914,4870700
2024-04-16,366.0721435546875,367.9606930975265,365.1617549133033,367.7766764855773,4383500
2024-04-17,365.5588073730469,368.21247681243887,364.29008004573535,367.26334014324175,4584900
2024-04-18,365.93658447265625,368.92923405152595,364.97778273504326,367.10845654708965,4579200
2024-04-19,368.0278015136719,369.21968738435487,366.20609836786656,366.9522209929305,5078600
2024-04-22,370.51800537109375,372.5238504809801,368.03735782741205,369.897858270999,4129000
2024-04-23,373.0859069824219,373.6382463559894,371.0413227502527,371.79714468241946,3126400
2024-04-24,372.5238342285156,373.5219069890964,371.14783578039317,372.94049877761296,3575800
2024-04-25,369.1129455566406,369.72339311880563,365.7795700733113,368.01796651619844,4682800
2024-04-26,370.4598693847656,371.4579421939558,368.7350436687384,368.9482257042767,4252400
2024-04-29,371.9035949707031,372.12647645954866,370.22723755532905,371.2253101478758,3265900
2024-04-30,366.40948486328125,370.88627858263754,366.361016920604,370.60525914440575,3463600
2024-05-01,367.1459045410156,371.5936289258307,366.26410743699114,366.65170308548534,5731600
2024-05-02,370.3823547363281,371.0412702615884,367.15555533387965,369.3358140111256,3535600
2024-05-03,374.78155517578125,375.9637408877014,373.12456710774165,375.14011138953,4471100
2024-05-06,376.4095764160156,376.69056625515157,374.839765259361,376.2836011776743,2596100
2024-05-07,376.6905212402344,377.6692245242511,376.3029256412615,377.1072153414877,2428600
2024-05-08,378.3767395019531,378.79340417644147,376.1577117866279,376.3030564903263,2855100
2024-05-09,381.78753662109375,382.0394870980364,377.9212205228088,378.0180972554924,4141200
2024-05-10,382.9309387207031,383.62862268354,381.8844275622733,382.9987760881743,3505600
2024-05-13,382.233154296875,384.31650613628665,381.85525826763705,384.0936542326684,2635800
2024-05-14,383.31854248046875,383.96778809268216,381.6034162557926,382.3107997351712,2702700
2024-05-15,386.90386962890625,387.1170516662568,384.6364040888961,384.92709342544157,3421200
2024-05-16,386.8360900878906,388.570615579644,386.7585827771092,387.3593605435479,2877200
2024-05-17,388.1306457519531,388.198554596359,386.6652599598897,387.3154434618897,2702900
2024-05-20,386.33526611328125,388.87783455160206,386.0829402141235,387.9558973167686,2094800
2024-05-21,386.9952392578125,387.2669635040575,386.0150773337008,386.5488414852075,1618300
2024-05-22,384.93780517578125,387.0630881015653,383.82179619481195,386.1896910562726,2647200
2024-05-23,379.11517333984375,385.3551461166862,378.71728615412354,385.3260338648393,3361200
2024-05-24,379.0957336425781,380.6581403472616,378.6299080481819,379.6585803220555,2072200
2024-05-28,377.1159973144531,378.68811791318507,375.5826733019682,378.2902307862925,2176100
2024-05-29,373.2148132324219,374.32113797357914,372.8848645242831,373.9232508096042,2715000
2024-05-30,370.20648193359375,371.0992774321767,369.168095554926,370.09971726257965,4063400
2024-05-31,376.07763671875,376.15525951224123,370.00262398190813,370.69166324683226,4748400
2024-06-03,374.82574462890625,376.42700717368194,371.61356481586586,376.4075792638393,3614300
2024-06-04,376.0582580566406,376.90254295262355,373.17602674045025,373.6224244616917,2822500
2024-06-05,377.048095703125,377.4750951192787,374.56375161771314,377.1160341592671,2181400
2024-06-06,377.8244323730469,379.0472060891767,376.3299640707957,377.31981017412375,2241900
2024-06-07,377.00921630859375,380.04672233854143,376.4269713829983,377.3877051259442,1952000
2024-06-10,377.78564453125,377.8535533714943,375.7476981624193,376.56287078680805,1380600
2024-06-11,376.504638671875,376.7278523302134,373.52535678232636,376.20380221951973,2522600
2024-06-12,376.23297119140625,380.32826275863323,375.2625232334446,380.0079983477019,3866700
2024-06-13,375.44683837890625,376.2135004103883,373.2245046909401,375.3886138819042,3136100
2024-06-14,375.0391845703125,375.11683696587795,372.2928307953427,373.25356447655673,2884300
2024-06-17,377.0965576171875,377.70794441218504,373.60296955842506,373.8649797781181,2025300
2024-06-18,377.64007568359375,378.65903403965433,376.55314925722104,377.416862025231,1848700
2024-06-20,380.4833679199219,381.4926120217775,376.90241418637606,377.2517610795473,3588000
2024-06-21,380.6235656738281,381.7226265716403,379.76765879121734,380.94454559575047,2592100
2024-06-24,383.1912536621094,384.75715113923866,381.1681958062033,381.7225940372637,3096600
2024-06-25,380.31231689453125,383.31769692490536,379.145195444556,382.7827699705692,2879100
2024-06-26,380.52618408203125,381.00278599266426,378.357269912898,379.40768188371385,1501900
2024-06-27,380.83746337890625,381.64475116373654,379.4758071126701,379.91346644009576,1601100
2024-06-28,380.4192199707031,383.5218667257839,378.54207861334334,380.65263826288674,3624400
2024-07-01,380.7402038574219,383.4927234181105,379.57308261121403,381.34322095357805,2536500
2024-07-02,382.5201110839844,382.5201110839844,379.991303837608,380.0885713628304,1711600
2024-07-03,382.0726623535156,383.2689905064938,381.4015847400512,382.94804034353257,2319100
2024-07-05,382.9189147949219,383.2106877097647,380.9250342705506,382.4228711578055,2011000
2024-07-08,382.68548583984375,385.8659591794439,382.024114078673,383.609482919336,3374500
2024-07-09,382.1796569824219,384.2221561103193,380.74991056108155,382.45198822068295,3821600
2024-07-10,386.3814392089844,386.57594459862054,381.8782224084281,382.1797309919661,4234300
2024-07-11,386.74127197265625,387.9667775267439,385.45741183807706,386.6148271542971,4020700
2024-07-12,389.3576965332031,391.6627920136688,387.217929173085,387.9376556115389,4711800
2024-07-15,391.341796875,392.52838969556217,390.40809373678496,391.44880007979594,4433500
2024-07-16,398.4417724609375,398.762722599019,392.7908773172925,392.80058329113444,6547600
2024-07-17,400.6496276855469,401.0484037336486,397.37191712062094,397.37191712062094,4490600
2024-07-18,395.5824279785156,402.52689161378385,394.9307621206137,399.4339794878399,4922200
2024-07-19,392.1026611328125,395.128926166911,391.1295809758342,394.45749848291206,4284500
2024-07-22,393.2703552246094,393.8347583680067,391.39231757361836,393.1633306571673,2314000
2024-07-23,392.6280822753906,394.37964428296385,392.3653613374763,393.40656417743924,1693500
2024-07-24,387.93780517578125,391.7911935467537,387.3636618602675,390.9154275119023,3701300
2024-07-25,388.73577880859375,393.5038952904715,387.64593379423866,387.8989441354459,4179800
2024-07-26,395.04132080078125,396.64689699168326,390.89599016212196,390.993304109217,2810600
2024-07-29,394.5937805175781,396.04366058306925,393.08548831689075,395.9074150943655,2039000
2024-07-30,396.4425964355469,397.7173290851748,394.36993091783194,394.94404465578225,2576400
2024-07-31,397.4935302734375,400.9187916594147,395.5473698299692,396.49125883289344,5634800
2024-08-01,392.3751220703125,399.8678214553312,390.16621111029366,398.6709518686916,5497900
2024-08-02,386.43927001953125,389.6017800593709,382.965367248718,389.1638821754365,4844900
2024-08-05,376.3970642089844,379.7931038321272,374.567669097546,376.1148627002512,8680200
2024-08-06,379.4623107910156,383.89955371003623,375.86193220723965,377.1269244698545,4058000
2024-08-07,377.3312683105469,384.16230977414494,376.85446855338466,382.0604531465801,3969400
2024-08-08,383.8995666503906,384.50290128267056,378.7617046922316,379.0244553358509,2993500
2024-08-09,384.5125427246094,385.81646631585954,381.8560534222141,383.5686539695048,3380200
2024-08-12,383.16973876953125,385.37864959325736,382.0409622944741,385.2910759481298,1902000
2024-08-13,387.0815124511719,387.41235609699385,383.4616535610576,384.4347335885502,3510800
2024-08-14,389.31964111328125,390.088382761412,386.8091073444158,387.03289677773415,5230400
2024-08-15,394.95379638671875,395.2068067414931,392.32646796790357,393.8444707044476,3764100
2024-08-16,396.1097717285156,396.723311327056,394.0257164452156,394.44447118961756,2789200
2024-08-19,398.4178466796875,398.6223797028285,396.6162204281898,396.71358314016453,2012400
2024-08-20,397.8822021484375,398.65156366559023,397.12258878972824,397.9406316591078,1999600
2024-08-21,398.3009948730469,399.27485977043665,396.9375899607008,398.6223869323844,1439000
2024-08-22,396.8303527832031,399.7714131380312,395.4084890871706,398.99233335608653,2353500
2024-08-23,401.0667724609375,401.5439864760229,397.88224490719665,398.59317699008,3818300
2024-08-26,401.9334411621094,403.68638573842725,400.89139879774643,401.85554506271416,3145000
2024-08-27,402.0990295410156,402.27431806262774,400.60898794733214,401.5147047489817,1710200
2024-08-28,400.5895080566406,403.11181410054854,398.0282391025587,401.87501661245244,2732600
2024-08-29,403.09234619140625,405.41986739684876,400.5505438407012,403.54031563697396,5024800
2024-08-30,405.3322448730469,405.66335532621986,401.3491415569443,403.67669260718185,2283800
2024-09-03,399.52801513671875,404.3291612388356,397.94061083326176,403.3650446432364,3754700
2024-09-04,399.6935729980469,401.76787989483927,398.5346715991856,399.2553219843625,2131200
2024-09-05,397.7847900390625,400.9011691472385,395.3696244642202,400.58952529242214,2234700
2024-09-06,393.8990783691406,400.2584140260591,393.22710931105945,398.2717216056453,3351000
2024-09-09,398.3593444824219,400.15128168777284,395.49617988081803,396.71351075837094,3038200
2024-09-10,397.59002685546875,399.4111491576237,394.38600355061175,399.38193440432684,1970500
2024-09-11,398.5736389160156,399.2163932551226,390.3347509692714,396.50905028009345,3134600
2024-09-12,401.203125,401.23233975826986,396.83048109895617,398.9924623709196,3131600
2024-09-13,404.09552001953125,405.4297102302769,401.57321339483707,401.80693146971237,5210300
2024-09-16,406.4716796875,407.61108481743764,404.7868829476848,405.5659925903713,3881100
2024-09-17,406.35479736328125,408.52649664021885,404.94268164940434,407.3578768232101,2561700
2024-09-18,405.3127746582031,409.99706175096503,404.6894869495643,406.58853510932994,3173600
2024-09-19,410.3963623046875,411.73055230393527,408.4194179814237,410.95147236451885,4073000
2024-09-20,410.7949523925781,411.50796636572267,408.7730569996687,409.6326084599361,2902200
2024-09-23,411.32232666015625,411.89863980262606,410.23814016910876,411.33210377356943,2318700
2024-09-24,412.3186340332031,412.82653718471914,410.60930846711733,411.8693339450054,2790700
2024-09-25,409.3785400390625,413.10976030902344,408.6557491311582,412.6213816289218,2048000
2024-09-26,411.8204650878906,412.308843805524,410.4334862224436,411.4492924931658,2703700
2024-09-27,413.11956787109375,416.2940295257345,412.4260486322785,412.7679196952017,3667700
2024-09-30,413.2855224609375,413.46133161178795,409.3394148283444,412.6018102715417,3819800
2024-10-01,411.7032775878906,413.31492146732745,409.54465190462395,412.601907584624,5101300
2024-10-02,412.1037292480469,412.68001255248856,409.82786775246285,412.02557196132227,2599600
2024-10-03,410.2185974121094,411.3320853853463,408.5580978528231,410.57021577999325,2534400
2024-10-04,413.56884765625,413.7641812481447,409.90600746518885,412.55301163028014,2520900
2024-10-07,409.85711669921875,413.09995809200524,408.538518189693,412.29900995132897,2632600
2024-10-08,411.01953125,411.48838556634684,408.9781117156994,410.73629304579583,1872900
2024-10-09,415.17071533203125,415.7665528382738,410.26740398131966,411.1074308342599,3935100
2024-10-10,414.7898864746094,415.1903606680675,413.20754393009634,415.1219804820018,2179000
2024-10-11,418.76513671875,419.09723059898266,415.131598641493,415.39531236184285,3753500
2024-10-14,420.8750305175781,421.3927107719996,417.2610160414705,418.3647567255677,2180600
2024-10-15,417.6029052734375,420.1327035934397,417.10474941530464,419.35127971712615,3291200
2024-10-16,420.708984375,421.06060276099674,416.99731786198356,417.2512545380014,2583700
2024-10-17,422.3987731933594,422.8285488580739,421.1778263750276,422.4866777872866,3462800
2024-10-18,422.7300109863281,423.27718130363917,420.47289615423756,422.3587104527501,2303700
2024-10-21,419.534912109375,423.12086077452227,418.9388989883698,422.5248178349699,2702600
2024-10-22,419.476318359375,420.5609084522112,417.3755717442923,417.84458770586326,2306100
2024-10-23,415.4213562011719,417.96180697817437,413.23267482703915,417.24851750745734,4006500
2024-10-24,414.072998046875,414.94262623802535,412.27514821389497,414.60063728848814,1936600
2024-10-25,411.4934997558594,416.2421636479527,410.8388334675182,415.704773720898,2518800
2024-10-28,414.3562927246094,415.0891132829514,413.5745995712509,413.84818472029013,2912000
2024-10-29,412.8222351074219,415.2356585977147,412.0991950541382,412.55843044924796,2697700
2024-10-30,412.0894775390625,414.9230447463387,411.7963612074144,412.35328223754584,2933600
2024-10-31,408.1029357910156,410.3111483423202,407.46780072460837,409.6272003132976,4297100
2024-11-01,410.7898864746094,413.6038922420769,409.70529659233523,410.0570659498583,3856400
2024-11-04,408.4741516113281,410.67261320195644,406.90104451937947,410.2231582926202,3125400
2024-11-05,412.6268005371094,412.9394777858844,408.14194247855465,408.6891127546391,3093100
2024-11-06,427.21490478515625,427.76207514781015,423.77551414156227,424.7037655524296,7271800
2024-11-07,427.3712158203125,428.21150245918403,426.4331839861882,427.5079934928641,4267900
2024-11-08,430.0289001464844,431.5825061145798,427.38098329928374,428.2603620871442,5014300
2024-11-11,432.86248779296875,434.67986859427793,431.6997433720485,431.75836663541025,4065100
2024-11-12,429.3253479003906,434.04469881042735,428.9931096993555,433.419344336176,3483000
2024-11-13,429.7357177734375,431.4358518232286,428.3971037394256,429.8334331389694,2631000
2024-11-14,427.67413330078125,430.8399088930696,427.08787083073395,430.49791996732966,2528300
2024-11-15,424.8154296875,426.77080664149304,423.847497806328,426.1157422337642,3486900
2024-11-18,424.50250244140625,425.6170516331708,423.52481410207446,424.4829594158245,2243000
2024-11-19,423.1825866699219,424.43402646046826,420.05400211189493,421.1196787444426,3202500
2024-11-20,424.6002197265625,425.206381640969,421.3054152431956,423.8767101645206,3956000
2024-11-21,429.1758728027344,430.71085073244376,423.955020392081,426.1352464014835,7558000
2024-11-22,433.27239990234375,433.6732557313511,429.5180799836115,429.78204511343876,5492800
2024-11-25,437.5741882324219,438.39544285230687,435.46237785128335,436.64537238075906,2976100
2024-11-26,438.86474609375,439.3046879440007,434.73890011243327,436.5965019879678,4126500
2024-11-27,437.7501220703125,440.5854418294392,437.3883821961738,439.1579955197606,2985900
2024-11-29,440.0477294921875,441.2111809723174,438.23900014467364,438.29765905655586,3474100
2024-12-02,438.727783203125,440.93736803190797,437.93585816632105,440.5560553210966,2661200
2024-12-03,437.8968200683594,439.5686586805922,436.6453504209821,439.1286870178937,1697400
2024-12-04,440.8787536621094,441.47512918899326,438.7669434050894,439.81307702143937,3694400
2024-12-05,438.6594543457031,441.40675628003225,438.3465869063216,440.4290679094758,1917600
2024-12-06,437.17340087890625,439.9207031397137,436.81166091268165,439.461188357478,1973900
2024-12-09,435.1495361328125,438.2781509200849,434.8757845766773,437.6622024596102,1998600
2024-12-10,433.79052734375,435.853435350028,433.0670475442674,434.59223891633735,2461000
2024-12-11,432.6368713378906,434.81709721268066,432.5097670814503,434.2011487925038,2084300
2024-12-12,430.4468078613281,433.23322542386046,430.2317152464774,432.6172770342116,3585300
2024-12-13,429.56683349609375,431.6786434598688,429.1268917348953,431.02357927763,2548400
2024-12-16,428.5892333984375,430.83793448541803,428.1786210036357,429.8406732818244,1987500
2024-12-17,425.8517150878906,427.0835821006175,424.7371360647738,426.4480906504257,3130300
2024-12-18,414.75494384765625,428.266603706307,414.5203081965889,426.25256813683285,6135700
2024-12-19,415.0579833984375,419.39892152981383,414.9797814681169,417.97150506721727,4948000
2024-12-20,420.1890563964844,423.6600509298173,413.5019504436217,413.83532127842795,6069600
2024-12-23,420.5321960449219,421.07146617590087,416.69838697870154,418.9731541869556,2602700
2024-12-24,424.07183837890625,424.19930984631094,419.9340726549183,420.53220109669115,1431700
2024-12-26,424.76800537109375,425.21906287116605,422.5226522670453,422.5716659452408,1867400
2024-12-27,421.62054443359375,423.8659273393322,419.10061911444154,422.1892287460654,2429100
2024-12-30,417.47296142578125,419.3261451465248,414.28629454074104,417.1788195286213,3858300
2024-12-31,417.2082824707031,419.404622020491,415.7767418657794,418.59080939466565,2442700
2025-01-02,415.5413513183594,420.6008014276597,413.3744262072293,419.9928882227808,4231500
2025-01-03,418.8360290527344,419.43412775167263,415.93371831098335,417.55155913325143,2203200
2025-01-06,418.8065490722656,422.7187866153741,417.7769924031586,420.50281751933574,3463300
2025-01-07,417.04156494140625,420.9538320071578,415.6002096904201,420.54200339706995,2053900
2025-01-08,417.8259582519531,418.24757160877135,415.0118910746205,417.1199877815902,2020200
2025-01-10,411.15850830078125,416.06107336250886,410.6388376011534,416.01205968104455,3415500
2025-01-13,414.7177734375,414.9923158827931,410.354508506132,410.59963675810377,2608100
2025-01-14,416.86505126953125,417.2180514715816,413.3351988634224,416.6003235601527,2643300
2025-01-15,423.81689453125,424.83663634541153,422.11081162751947,423.15015292782425,4059800
2025-01-16,423.1501770019531,424.4738755024816,422.36577859128215,423.66984768167094,2532500
2025-01-17,426.40869140625,428.0467762386742,425.67303048046637,426.23213996825064,2771000
2025-01-21,431.6857604980469,432.00943807684047,427.9682128990499,428.00745652300236,2113800
2025-01-22,432.84332275390625,433.5495585262461,431.9311102787533,433.0492994567194,3724100
2025-01-23,436.8648376464844,436.93350650901436,433.0786209607383,433.0786209607383,2352500
2025-01-24,435.62896728515625,436.96298132433236,434.86388112275745,436.2959593376845,2022000
2025-01-27,438.57159423828125,438.75796405968646,432.1174091591535,432.21550326528023,3822400
2025-01-28,439.8369445800781,441.1415034112826,437.6495687173718,438.65008670397555,2233500
2025-01-29,438.6304016113281,441.0139354919759,437.24735567297176,439.64070794350283,2225100
2025-01-30,440.23907470703125,441.5043898085926,437.8162971254114,438.00266693431416,2322600
2025-01-31,436.8746643066406,441.7496148244591,436.53134992160807,441.42593722001607,3085400
2025-02-03,435.7760009765625,437.37484183228014,430.31251643258315,431.2050918208066,4527700
2025-02-04,437.0119934082031,437.4730087627843,434.79519234990437,435.7368598406136,1890500
2025-02-05,440.09197998046875,440.26853141180106,434.9325353035551,437.1983684746754,2273400
2025-02-06,438.8069763183594,441.1316897854595,436.8746691921538,440.7589501594911,1867200
2025-02-07,434.64801025390625,439.9153367534506,434.3341211307093,439.2189195828254,2259200
2025-02-10,436.2763366699219,437.73784007140387,434.6284634466796,437.2964614941703,1858100
2025-02-11,437.5809020996094,438.0027037697192,434.755989360277,434.86387192496903,1436200
2025-02-12,435.1483154296875,436.2861411716422,432.63726204541416,433.8829703469965,2444500
2025-02-13,438.70892333984375,439.28763964024824,435.21698875610673,436.815799924622,2961500
2025-02-14,437.2670593261719,439.47404213113697,436.83546918291574,438.5520113645553,2005400
2025-02-18,437.3945617675781,437.47301909326416,435.1483354180348,436.76678342561434,2451200
2025-02-19,438.1302795410156,438.25776897003794,435.0699046279006,436.2763994475168,2239400
2025-02-20,433.9320373535156,437.041413914994,431.5582917391302,436.75694999270615,2960000
2025-02-21,426.4848937988281,431.63239978827477,425.6990301256249,431.3475114657582,3842200
2025-02-24,426.85809326171875,429.1862445967341,425.6989341126111,428.1351289373431,3629300
2025-02-25,428.4299621582031,429.81507166416975,425.01139210227836,427.85038243223613,2953100
2025-02-26,426.6715393066406,430.7777324371453,425.3552011729812,428.73446891085626,2427800
2025-02-27,424.7166748046875,431.00367396766273,424.4710886656746,426.76977132938225,3296900
2025-02-28,430.6303405761719,431.07240757924194,423.4101027249299,425.41409383806064,3249900
2025-03-03,424.46124267578125,432.90941159581104,421.8973378525289,431.779721386576,3925200
2025-03-04,418.05633544921875,423.47886602952235,416.36670179336875,422.09375675535694,3586900
2025-03-05,422.8698425292969,423.97989662249086,416.95613936991145,417.7027008121392,3018300
2025-03-06,418.3804626464844,422.525957101494,416.5533165017217,418.64571481372303,2824100
2025-03-07,420.6988830566406,421.74016587262713,414.52976053340257,416.6123261653756,3719500
2025-03-10,412.083740234375,418.5279186243369,409.26441593611406,415.9149082835919,3442800
2025-03-11,407.41754150390625,411.63180773228487,404.9715133331371,411.0816972198129,3893400
2025-03-12,406.6415100097656,410.19759223532884,403.3113478284769,409.5983465127965,2960500
2025-03-13,401.5627746582031,406.8772618834957,400.0597888054882,406.0520961191399,2557200
2025-03-14,408.026611328125,408.5669188091909,402.6728516040974,403.57659178743046,2422700
2025-03-17,411.80859375,413.35088167620034,407.5157534537634,407.61399389100166,2141000
2025-03-18,409.1759338378906,411.2781653572707,407.55507148608064,411.03257924400333,1844100
2025-03-19,412.997314453125,415.030744915088,409.44120195215186,410.2368986500454,1813800
2025-03-20,412.7026062011719,415.6693060626666,410.2664107934869,410.5414660807667,1646500
2025-03-21,412.99884033203125,413.3827009663945,407.65452713388925,409.48516390565544,2485700
2025-03-24,418.7761535644531,419.5044974765863,416.11877507716883,416.66993639465176,2474900
2025-03-25,419.1009826660156,420.10487724726045,417.66399841696807,419.5930931533781,3997600
2025-03-26,417.5360412597656,421.3843485650235,416.46324408812666,419.60288111123185,2442100
2025-03-27,416.2663879394531,418.38245685753895,414.8097302011611,416.99470179058005,1646000
2025-03-28,409.06201171875,415.7153566647391,408.6486556335415,415.32167419061994,2600600
2025-03-31,413.25469970703125,414.7113274984791,404.94787243759885,405.69588997550335,2985300
2025-04-01,412.9692687988281,414.6326046232927,408.45169819897626,411.8078952752493,2384800
2025-04-02,415.37078857421875,416.96522179284983,409.6130897011298,409.8000940945289,2299800
2025-04-03,398.8260498046875,405.1152066122194,398.6095199751112,404.4361217298653,7440100
2025-04-04,377.1731872558594,390.3912685830654,376.64169948542775,388.698407196838,8667200
2025-04-07,373.5807800292969,386.0213181119882,360.5398515052471,365.52000746701975,12718200
2025-04-08,370.5395202636719,388.13736591360015,365.1755039820801,387.2712766933942,7283000
2025-04-09,399.67242431640625,401.3554637422466,366.1695652942107,366.1695652942107,9861100
2025-04-10,389.4366149902344,393.8754619605361,378.246025390418,393.29477508998957,6624200
2025-04-11,395.5682678222656,397.7138624050494,386.49374895246683,388.2161357116453,3789900
2025-04-14,399.0229187011719,401.42439047451427,395.3714369120553,401.05041169886,2286200
2025-04-15,397.3398742675781,401.5818646177619,397.16272168607713,399.38707088506607,2387300
2025-04-16,390.5093994140625,397.9107613921461,387.82249500399394,395.96199277931237,3004400
2025-04-17,385.3760986328125,388.3893389380079,383.55440913833314,385.4942890779096,4537500
2025-04-21,375.78497314453125,382.7567358037513,372.56498271057023,382.52038500195664,2881800
2025-04-22,385.8782653808594,386.65619461950735,379.31026714787043,380.16695995643755,3308100
2025-04-23,389.85650634765625,397.5766284809606,388.8619397164487,393.18483067101914,4049200
2025-04-24,394.8489685058594,395.53824737383513,387.77872890769953,389.462604396567,4010500
2025-04-25,394.8883972167969,395.233051730337,391.0677476225009,393.76584343239614,1790800
2025-04-28,396.1192626953125,397.99023565018524,392.62355437619067,395.6564478145224,1534700
2025-04-29,399.0143127441406,400.10735642149365,396.05035621207,396.24728017263675,1888100
2025-04-30,400.1269836425781,401.54496818387514,391.333532184407,396.2767646499828,2487400
2025-05-01,401.1905822753906,404.64689412038604,400.7966742141447,402.303279390416,1917600
2025-05-02,406.724609375,407.54190541753223,404.0560237527275,405.4838652118912,2277700
2025-05-05,405.95654296875,408.1032034970425,404.18404698728074,404.53855820396,3866000
2025-05-06,401.9979553222656,405.4444399325071,401.2791363361731,402.22444941499884,1745600
2025-05-07,404.7650146484375,406.48825706826585,401.909361791486,403.5932073988772,2420600
2025-05-08,407.5517272949219,411.3625496976114,405.277049890976,406.78365479555004,2001000
2025-05-09,406.1140441894531,408.8219962411464,405.2770348178288,408.1031472418061,1789200
2025-05-12,417.7434997558594,417.81240661145836,414.6514961857366,416.49289892611336,2398600
2025-05-13,415.0650634765625,417.50712470128815,414.97644319511295,416.21715718636676,3018000
2025-05-14,414.1197509765625,416.19750456507353,413.19412123395944,415.6263559744653,3064800
2025-05-15,417.0049743652344,417.20189832178596,412.0912513517121,412.1405048790718,3927000
2025-05-16,420.34759521484375,420.5742616495945,416.3564976221973,417.578457364375,2430300
2025-05-19,421.8159484863281,422.4269283554819,417.4700699693072,417.539059328425,3121500
2025-05-20,420.7615051269531,421.9736307387068,418.8497119216639,421.18524535445863,1971000
2025-05-21,412.6611022949219,418.3964829224482,412.0106955158777,416.9379922596977,3624800
2025-05-22,412.7300720214844,415.02617896232556,411.3011440042592,411.7938736551877,2638600
2025-05-23,410.2762451171875,412.0895166410379,407.8125969393618,407.9210130975779,3117800
2025-05-27,417.68695068359375,417.696784826868,413.09470651284465,414.5827597520189,3126600
2025-05-28,415.292236328125,418.65262579205364,414.62210120466904,417.5686447127624,1790900
2025-05-29,416.31707763671875,416.8689323727719,412.49349119847386,416.31707763671875,2751400
2025-05-30,416.7014465332031,418.1007818156287,413.41001627347663,416.02147725025355,2957500
2025-06-02,417.5489196777344,417.6868984046305,412.98623865555237,415.1838235532158,2636100
2025-06-03,419.8155212402344,420.17027214875924,416.32698693725195,416.91826852529096,2332600
2025-06-04,418.76104736328125,420.9487680555867,418.6821937835819,420.1801110595782,2163300
2025-06-05,417.80511474609375,420.61367932301664,416.7112394571795,419.75633467901235,3018800
2025-06-06,422.1510314941406,423.8361583636939,420.34762425448486,421.55974993894483,3081100
2025-06-09,422.13128662109375,423.4715267655934,420.2293575911724,422.28896370126006,2680200
2025-06-10,423.3631896972656,423.84608524354803,421.6485000001342,422.04267773726593,2022600
2025-06-11,423.3533020019531,425.7775233488052,421.94410248489186,423.60950095807254,3025000
2025-06-12,424.2303161621094,424.28944130747533,420.76151064738843,421.9736362750453,2587700
2025-06-13,416.6620178222656,420.712270926984,415.4696205655033,419.9140212766462,4826100
2025-06-16,420.0816345214844,421.9737298140985,418.7019973674087,418.86950862513515,3177100
2025-06-17,416.9576416015625,420.2195393304209,416.21854717687916,418.28801758075826,2450200
2025-06-18,416.6915588378906,420.01255148479913,416.0904431695239,417.5095068040823,2786700
2025-06-20,416.8091735839844,419.1711028503838,415.78137319491935,418.4002600984218,3810500
2025-06-23,420.7227478027344,420.95992094602707,414.69434574944665,417.0464132849386,4315000
2025-06-24,425.7331848144531,426.66215304764165,422.65967583204906,423.4997041483597,4958200
2025-06-25,424.8140869140625,425.85177961642745,423.4799579757123,425.69365415246665,3265500
2025-06-26,428.83636474609375,429.093322422611,425.7431009979349,425.76288553265266,2444800
2025-06-27,432.8585510253906,434.4002366025962,429.9925986143981,430.0419996272598,3621000
2025-06-30,435.4774475097656,436.08030274025094,433.51081666932913,435.27981329467883,2827800
2025-07-01,439.66766357421875,440.734972700711,434.8350504686601,435.02282256229205,4520300
2025-07-02,439.48974609375,440.1716489149245,438.16547935447755,439.46009945627924,3141700
2025-07-03,442.830078125,443.59102859893693,440.3396700799229,440.43850225871455,2807100
2025-07-07,438.7881774902344,442.583098649406,436.3768166246119,442.1285067299582,3657500
2025-07-08,437.1871337890625,439.163656818872,436.8609905999091,438.4817539608399,3563200
2025-07-09,439.302001953125,440.36934128867364,437.08830578954,439.1735532888101,3251900
2025-07-10,441.2587890625,442.5534093007529,438.4916687424212,439.163679368819,2262600
2025-07-11,438.3631591796875,439.2426962285893,437.5626697803818,438.4619913611932,3345500
2025-07-14,439.361328125,439.5392381338097,437.28600289594226,437.90858236904927,2244700
2025-07-15,434.9833068847656,439.9443990729045,434.9734447778115,439.36129822932486,3810700
2025-07-16,437.1673278808594,437.41439324750496,432.5027627115636,436.67319714756826,4230300
2025-07-17,439.99383544921875,440.3792417944653,436.79187748207437,436.8610328737052,3790800
2025-07-18,438.23492431640625,440.7263450860547,437.1078336198154,440.6769239874088,3901900
2025-07-21,438.4129638671875,440.95383641356995,438.1163768729711,439.1643578146916,2548800
2025-07-22,439.91571044921875,440.40017608965843,437.81974861886044,437.8395110274354,3091600
2025-07-23,445.1061706542969,445.1457256409956,441.28994415727317,442.1797352424992,5486500
2025-07-24,442.0413513183594,444.03847102612235,441.68544691793676,441.9425090993203,5078300
2025-07-25,443.9296875,444.3152807591812,441.34929016837157,442.45658849481515,3710600
2025-07-28,443.2573547363281,444.3844455191148,442.30824629982203,443.57373427236786,2864200
2025-07-29,441.41845703125,443.7615845219733,440.59784949207034,443.54407736152234,3146200
2025-07-30,439.7179870605469,442.3082805980555,437.59233640238455,441.64586277883166,3765000
2025-07-31,436.32684326171875,441.14165978557395,435.5062658433589,440.22217981261673,4223300
2025-08-01,430.7804260253906,432.79730784769595,428.4867196526994,432.7874115585922,5980000
2025-08-04,436.8014221191406,436.8903982142796,432.6292609079105,432.9159817733246,5065800
2025-08-05,436.1390380859375,437.97793774397667,434.23089456894974,436.79152945570775,4081600
2025-08-06,436.9595642089844,437.92846520299577,435.1404271731444,437.09796139577884,2975300
2025-08-07,434.7350769042969,439.9651148039072,433.01481222164927,439.2334833620397,5205100
2025-08-08,436.9101257324219,437.85923411085207,435.3183620321059,435.8126937125649,3684500
2025-08-11,435.0218200683594,437.84938309054667,434.2506637739797,437.31549637240244,3538100
2025-08-12,439.6388854980469,440.1035585579012,436.13903837143306,436.6827912371362,5012600
2025-08-13,444.3251037597656,444.55247702438885,440.9932828681687,441.37887606374784,6203200
2025-08-14,444.0680847167969,444.542654040877,441.9128056083768,442.66416932365223,4553200
2025-08-15,444.6972351074219,447.1901324667173,444.14325791646735,447.04175111012097,5584400
2025-08-18,444.2224426269531,445.13256538216444,443.806974774191,444.5192355684227,3809100
2025-08-19,444.4598693847656,447.28910816511285,443.3914631314419,445.01384663112026,5794900
2025-08-20,444.529052734375,445.6765855497022,442.8572491850241,444.95445287909035,4731400
2025-08-21,443.1343078613281,444.24226242665486,441.0865542328237,442.90676961721726,3780700
2025-08-22,451.7308349609375,452.9475923328508,445.4490955882796,445.577702833326,8534700
2025-08-25,448.1991882324219,451.28564122248235,448.15960980730773,450.7415661825075,3898200
2025-08-26,449.6039123535156,449.8611268365339,447.6748942993584,447.92220662857034,3190500
2025-08-27,451.1273498535156,451.7308076153967,449.3269089108439,449.3961636062141,2943900
2025-08-28,451.87921142578125,452.2848072751866,449.90071275911725,451.6219969384769,3576500
2025-08-29,451.186767578125,451.92870464844145,449.39622853025423,451.21644385335776,3605900
2025-09-02,448.7333679199219,448.8224269251517,445.32047589204797,447.13078885767754,6009200
2025-09-03,448.38714599609375,448.8619663373543,445.68648454720346,448.011226432934,3948200
2025-09-04,452.13641357421875,452.3441776788567,447.6946935528342,448.67404077086013,4524200
2025-09-05,450.09857177734375,453.73903248854606,448.11020102575435,452.2056778153004,5828200
2025-09-08,451.2955627441406,451.38459156234865,448.75318468494515,450.4843710366979,4395200
2025-09-09,453.08612060546875,453.6202935370747,450.3261063675231,451.05814125198003,5979400
2025-09-10,451.0284729003906,452.9772954311722,449.8215874215894,452.78933562951084,5412200
2025-09-11,456.9540710449219,457.3497647452994,451.69125728036767,451.9385696167904,6352100
2025-09-12,454.3819580078125,456.726473823899,454.1346457033394,456.29120175286715,3784600
2025-09-15,455.12396240234375,455.95492824584164,453.89727266142285,455.06460985562927,4862200
2025-09-16,453.8478088378906,455.8460816269636,452.8585595025982,455.1634971704523,4526100
2025-09-17,456.3011779785156,458.8633302460405,453.0366369158331,454.8469801845696,5998000
2025-09-18,457.65643310546875,459.37771731941444,455.7076106720669,456.3308425949078,6681000
2025-09-19,459.2715148925781,460.1048548255559,457.2179109814471,459.0532570332925,5871400
2025-09-22,459.9957275390625,460.6108095947102,456.5135323376263,457.5056079824119,4074900
2025-09-23,459.2020263671875,463.29930342359665,458.36868649947206,460.5413344772012,5904600
2025-09-24,457.36669921875,460.73978060476514,457.14844136760485,459.77746602595414,4588800
2025-09-25,455.7893371582031,457.4262560280698,454.08296572230773,456.25561395393464,4767200
2025-09-26,458.6167907714844,459.73784124799226,456.67233071818106,457.6147845445614,4167200
2025-09-29,459.3706970214844,460.10482328159344,457.6543953240528,460.08499266874406,3752700
2025-09-30,460.06512451171875,460.41235702343806,457.1881113552838,458.95400469481234,4253300
2025-10-01,460.5810852050781,461.4541166861143,458.88461391889484,458.9044748098492,4551600
2025-10-02,461.42431640625,462.0790900043362,458.9540575901847,460.6306679529171,5458300
2025-10-03,463.8053283691406,466.65258083419974,461.9898128517261,462.09895692403836,9693900
2025-10-06,463.1406555175781,464.75774389013526,460.5513522528702,464.60893857763773,7405400
2025-10-07,462.2774658203125,464.8965296454995,460.70999970287215,463.8449319377528,7368700
2025-10-08,462.376708984375,464.4203824168854,461.2457282024003,463.6168035563229,4621200
2025-10-09,459.8270568847656,463.08106375697645,458.94409503713814,462.47591215190243,5411000
2025-10-10,451.26544189453125,462.80328644135795,451.11663660355777,461.4342172129105,9309100
2025-10-13,457.02935791015625,457.9023892398078,454.4301248087121,454.59879097383515,6272500
2025-10-14,459.0433349609375,461.5334546360578,450.95792412641333,453.408352296645,7827400
2025-10-15,459.0433349609375,463.23982603730104,456.6028372358649,460.9878251157653,6187100
2025-10-16,455.9183349609375,460.59100332477976,454.2119634385254,459.6981411937414,8149500
2025-10-17,458.2752685546875,459.5951610471955,455.4369893773423,455.81407988522915,8439900
2025-10-20,463.4754943847656,463.9816333805789,459.9127446809309,459.93261227195853,4556600
2025-10-21,465.6588134765625,467.6734053960609,463.36634785389066,463.52513715369867,5951600
2025-10-22,462.24493408203125,465.67866572844923,460.95481262288075,465.6488946266523,7604700
2025-10-23,463.74346923828125,464.41830104884224,461.3318889232495,462.0166545294241,5144200
2025-10-24,468.6261291503906,469.64831070034927,465.71837380650356,466.45274784648456,7228900
2025-10-27,471.7422790527344,472.0102189517423,470.11471149619734,471.1567605642615,4720200
2025-10-28,473.52862548828125,475.77148272729585,473.20114337575205,475.1660966228524,9435500
2025-10-29,472.7545471191406,476.74405639215576,470.88881068303874,475.01724166620903,10006500
2025-10-30,471.4048767089844,476.5058504478103,470.3132192050451,470.50177960508745,9338300
2025-10-31,472.0599060058594,473.53858792848087,469.82698242747506,472.24843613383575,7990900
2025-11-03,469.8765563964844,472.68506452117254,467.72301248846674,472.5461428129571,4858700
2025-11-04,467.3260803222656,469.1223408349307,465.24201229565926,466.8497426837022,6013300
2025-11-05,469.51922607421875,470.9582331345698,466.82980262078956,467.22676068662327,7030200
2025-11-06,465.7183837890625,469.8468149753772,464.2992440866942,468.5070547847232,7125200
2025-11-07,466.2939453125,466.3832889019295,461.33189321347305,464.725950175031,8604400
2025-11-10,470.22393798828125,470.6010588140985,465.8871090633106,468.31849655266484,5636600
2025-11-11,475.771484375,476.21805089363187,470.4025403539443,470.66057675535114,4839100
2025-11-12,479.0960998535156,480.72363731524086,476.84330864874875,476.84330864874875,7066900
2025-11-13,471.13690185546875,478.74870292103435,470.6208593523308,477.74635872924756,8722300
2025-11-14,468.21923828125,470.45216179415837,465.31148293084937,467.8024428523133,10940200
2025-11-17,462.7807922363281,468.77492882211,461.0143030608166,467.29624712229383,7599500
2025-11-18,457.7989196777344,460.577687055941,456.04236411791913,458.66234219286,12817500
2025-11-19,458.2554931640625,459.8830306744018,455.9332561726729,458.00739053311105,5833400
2025-11-20,454.6231994628906,465.47023760775977,454.23614487885294,463.0983925569843,13414200
2025-11-21,459.63720703125,462.8666012833606,454.94713170445203,456.6264191414767,11821400
2025-11-24,461.495361328125,462.9162875686236,458.08711548163984,460.8097336381324,6206800
2025-11-25,468.192626953125,468.90806323686047,460.5116559479518,462.6281258934151,7203600
2025-11-26,471.3425598144531,472.77343243622636,468.9378896149449,469.2061971840851,5689100
2025-11-28,474.15460205078125,474.5818685103965,471.809579349932,471.809579349932,2281800
2025-12-01,470.319091796875,473.92608193733855,469.9514425008551,471.3326139365051,4413900
2025-12-02,472.2467346191406,473.43910810481736,470.1202882340132,471.20337370457383,5233500
2025-12-03,476.3704833984375,477.13559058404576,471.6605453036861,471.8195041981793,5994200
2025-12-04,476.0326232910156,478.17893216836563,474.4725700760203,476.66854981536477,4003800
2025-12-05,476.9865417480469,478.87448941867393,476.2512431547934,476.4400409542654,4596600
2025-12-08,475.1184387207031,477.4734076514307,473.81674677735504,477.44359906967816,4427600
2025-12-09,473.3994140625,477.2349263252456,473.0714893478378,475.0389466635394,4266900
2025-12-10,478.29815673828125,479.68927441074953,472.34611384193795,473.1112513048637,5476200
2025-12-11,484.7768249511719,485.2836011771097,478.90429161351705,479.1427905973012,6972300
2025-12-12,482.32244873046875,486.5554490757678,481.1002666146102,485.6015441824926,7089900
2025-12-15,482.0939636230469,484.6377304176359,480.6431984061248,484.48865718059756,4891300
2025-12-16,478.9241638183594,482.40197313649685,477.2846008805363,481.388420727793,5373200
2025-12-17,476.7579650878906,481.7163481641196,476.4499329724727,479.7488908220807,6381600
2025-12-18,477.4635314941406,481.55740545807834,476.37049953190143,479.12292655691357,6422800
2025-12-19,479.14044189453125,480.7835444918783,478.423447802401,478.6126566871381,6439100
2025-12-22,481.4407958984375,482.40674585907897,479.8474723028272,479.8474723028272,4162000
2025-12-23,482.2076110839844,483.09387817174746,480.1661547310547,480.1661547310547,3677800
2025-12-24,484.9759826660156,485.53364136054694,481.57025313358844,482.16775327490615,1544000
2025-12-26,484.99591064453125,485.58344285381895,483.7013522701848,484.80670175118695,2711500
2025-12-29,482.56610107421875,484.8764188632208,481.72961298994994,483.86068984449184,3390100
2025-12-30,481.57025146484375,482.64575779351264,480.8034783600501,482.59594838767237,3042700
