Date,Close,High,Low,Open,Volume
2015-01-02,26.260456085205078,26.570394419370675,26.177638761404815,26.4117042519015,26480000
2015-01-05,25.76009178161621,26.183095962111732,25.67529382896273,26.141440429219443,41182000
2015-01-06,25.124347686767578,25.846874452934344,25.070293862462776,25.81166587947732,54456000
2015-01-07,25.05045509338379,25.364855973030807,24.976071029769685,25.33807876948925,46918000
2015-01-08,25.137739181518555,25.16699642626597,24.54811092499961,24.86995196750364,73054000
2015-01-09,24.830772399902344,25.221543673525197,24.728122346067824,25.200715907041257,42000000
2015-01-12,24.649276733398438,24.80895629523444,24.34429652631825,24.757382501912144,57138000
2015-01-13,24.88433074951172,25.22154383043746,24.659192240158898,24.922514988303167,60958000
2015-01-14,25.089139938354492,25.204685817337108,24.703826212739322,24.815898905182777,52800000
2015-01-15,24.993925094604492,25.278571236159127,24.894744443607163,25.235924445335655,51068000
2015-01-16,25.31378173828125,25.33312072618188,24.948300783435357,24.951276448892433,49658000
2015-01-20,25.287994384765625,25.569171129443106,25.259728399950568,25.428334942620978,46796000
2015-01-21,25.806211471557617,25.87861302435766,25.270637097389514,25.332624767082294,46356000
2015-01-22,26.6447811126709,26.721149592800394,25.88159004863909,25.935641982816453,56068000
2015-01-23,26.87537384033203,27.04695604247036,26.567915529254652,26.6809813562442,45966000
2015-01-26,26.616018295288086,26.853059463732503,26.385424086678142,26.853059463732503,30932000
2015-01-27,25.845882415771484,26.42063228188283,25.829517201942046,26.352197652881124,39148000
2015-01-28,25.411474227905273,26.06903955847943,25.407507304437367,26.034822242462525,35822000
2015-01-29,25.451147079467773,25.548343324793095,24.96764210595776,25.434781865020337,79018000
2015-01-30,26.657180786132812,26.932406219626575,25.696619620132207,25.737283898903133,121108000
2015-02-02,26.391870498657227,26.605108230868467,25.872165716474527,26.497000586216952,75378000
2015-02-03,26.446420669555664,26.652218298064415,26.12457965499123,26.27979664583379,47062000
2015-02-04,26.089370727539062,26.617504992397134,26.03630816237833,26.438484572025626,33896000
2015-02-05,26.274343490600586,26.316990282581052,26.066559557654234,26.180121018325785,33176000
2015-02-06,26.47518539428711,26.789586336296473,26.21582954045871,26.332862306470247,42938000
2015-02-09,26.247066497802734,26.475180657394134,26.161275400564005,26.335335739677365,30314000
2015-02-10,26.786609649658203,26.82826518596834,26.24161449122016,26.38939327600725,47430000
2015-02-11,26.679492950439453,26.875374215825545,26.580312299499035,26.76528405270726,38306000
2015-02-12,27.07671356201172,27.192257545513392,26.629905910425613,26.761815109488662,48590000
2015-02-13,27.33209991455078,27.400534544362216,27.10596825880114,27.15109508581772,47382000
2015-02-17,27.02712059020996,27.42334568324706,26.940338227851452,27.33210076845686,39174000
2015-02-18,26.910085678100586,27.153078164938613,26.75635747473584,26.96810642191581,31164000
2015-02-19,27.098533630371094,27.11886577042631,26.815869969101037,26.901165453186415,30834000
2015-02-20,26.867938995361328,27.154569576266784,26.684456000266565,27.154569576266784,38234000
2015-02-23,26.53072166442871,26.743959391760264,26.381951640914796,26.729082956922916,32906000
2015-02-24,26.711727142333984,26.748918230341577,26.332361019234753,26.35963574491601,28406000
2015-02-25,27.142169952392578,27.253251372623044,26.679988387179915,26.70131367413935,40836000
2015-02-26,27.73526954650879,27.77692508208699,27.031088581871714,27.06332338324558,54032000
2015-02-27,27.900897979736328,28.237615421126364,27.623192541897847,27.678733251122836,68328000
2015-03-02,28.51531982421875,28.563422317291515,27.926684766133675,28.1176078515459,50406000
2015-03-03,28.702274322509766,28.80442874196286,28.29117093318906,28.581272761688712,50526000
2015-03-04,28.679466247558594,28.8431127286666,28.391346893614564,28.612022869052083,37964000
2015-03-05,28.83319664001465,28.920970266996278,28.674508339124955,28.743438605293548,35918000
2015-03-06,28.41019058227539,28.900140632343085,28.368535047860103,28.86146076348798,37592000
2015-03-09,28.469697952270508,28.536643805751243,28.219267227431153,28.312000921050046,23478000
2015-03-10,27.76304054260254,28.25447939633866,27.761551763889795,28.191002941820056,40080000
2015-03-11,27.556745529174805,27.977765341311013,27.542860350251907,27.76056066028267,40524000
2015-03-12,27.8284969329834,27.861721098304436,27.54880897428897,27.695098967604835,35602000
2015-03-13,27.423341751098633,27.986686419770106,27.29093695033014,27.73228880850958,35428000
2015-03-16,27.851806640625,27.956441108422055,27.340035660068505,27.618236750928325,36856000
2015-03-17,27.651958465576172,27.802215392654798,27.493270170559015,27.685678262189203,28892000
2015-03-18,28.07595443725586,28.093310910720167,27.448141943417497,27.65790840369397,35324000
2015-03-19,27.95247459411621,28.11562544397336,27.875610482209485,27.994625759244823,24660000
2015-03-20,28.015947341918945,28.122566212036446,27.992641430387078,28.10322722392035,44320000
2015-03-23,28.036775588989258,28.248526445963858,27.92222287007759,28.068017239601534,30234000
2015-03-24,28.640289306640625,28.855509568803893,28.171660758825556,28.193977304775633,79156000
2015-03-25,28.11760902404785,28.765751743445072,28.11760902404785,28.641776396682705,53070000
2015-03-26,27.950986862182617,28.12703353106794,27.686672827775492,28.001073768246066,49842000
2015-03-27,27.648983001708984,27.97231092538727,27.618236978800084,27.861227604693646,34552000
2015-03-30,27.827011108398438,27.87759364275053,27.611295204391645,27.782877426269927,24788000
2015-03-31,27.50765037536621,27.891972812931563,27.506161596720883,27.668321182815355,34932000
2015-04-01,27.249284744262695,27.69609046649813,27.07770253910586,27.514096269795537,38902000
2015-04-02,26.84363555908203,27.175392918273534,26.800491249828205,27.146135677649177,47760000
2015-04-06,26.97455596923828,27.05340448591427,26.56543694970901,26.721149575441377,33718000
2015-04-07,27.019683837890625,27.28251097577977,26.956704904607637,27.026130798260336,27318000
2015-04-08,27.21705436706543,27.348965468163446,27.076218159845595,27.076218159845595,28386000
2015-04-09,27.1763858795166,27.24333362363883,26.875374520588284,27.23539977682197,32366000
2015-04-10,27.20217514038086,27.26713848033599,27.025634743344284,27.25325330182428,26104000
2015-04-13,27.207136154174805,27.43673914422065,27.091096532410475,27.128289519213894,29326000
2015-04-14,26.767765045166016,27.104482506404334,26.567421220305313,27.104482506404334,47206000
2015-04-15,26.830249786376953,26.93686866461666,26.40030297870069,26.67751281880942,46962000
2015-04-16,26.953231811523438,27.03802976523538,26.68445336019386,26.696849759396873,31722000
2015-04-17,26.41864776611328,26.76875475627133,26.23318227975601,26.645275047205896,49234000
2015-04-20,27.00331687927246,27.066297700203453,26.44889913211863,26.46873564094278,38508000
2015-04-21,26.92347526550293,27.16398771633534,26.88826669436172,27.091586166620782,29128000
2015-04-22,27.233909606933594,27.324163257933787,26.84413149919235,26.93041822698677,31806000
2015-04-23,27.64451789855957,27.82849840263682,27.27854318975196,27.294908404656667,78184000
2015-04-24,28.447879791259766,28.99535497300244,28.184555138354348,28.76476075023351,92168000
2015-04-27,28.07396697998047,28.54011356789585,27.88453267944171,28.403741831693786,48062000
2015-04-28,27.987186431884766,28.15876864299682,27.81808425736251,27.984706395294968,37178000
2015-04-29,27.839406967163086,28.060082925372953,27.720887326741288,27.7957670261414,33622000
2015-04-30,27.213581085205078,27.825523999179275,27.111922280020128,27.69906861016574,47240000
2015-05-01,27.33209991455078,27.33507557998348,26.969594628131464,27.299865115457823,36572000
2015-05-04,27.4154109954834,27.606332186816516,27.145143770469065,27.32366856282467,35260000
2015-05-05,26.92943000793457,27.404008010213847,26.896203948302436,27.282510805366798,28528000
2015-05-06,26.53468894958496,26.973562700408532,26.393852770501244,26.909590624650978,39034000
2015-05-07,26.879838943481445,27.03654472515766,26.45386095483334,26.575356268918117,31844000
2015-05-08,27.222505569458008,27.413426762003283,27.176883113172504,27.218538646091474,28226000
2015-05-11,27.065303802490234,27.441694263927836,27.056378697965574,27.199693024731946,21858000
2015-05-12,26.7156925201416,26.925458946251975,26.530720781839797,26.918018837367327,35282000
2015-05-13,26.75338363647461,26.969099521531128,26.72809142566356,26.801981758818354,24238000
2015-05-14,27.23490333557129,27.25920428937405,26.902650313455325,26.975547499722595,31736000
2015-05-15,27.100515365600586,27.304332389299017,26.90265156509811,27.293918505062045,33440000
2015-05-18,27.10944175720215,27.192257200243283,26.890252672404074,26.968109933796644,26706000
2015-05-19,27.238872528076172,27.443183282389327,27.131758023465434,27.17539607500563,47126000
2015-05-20,27.3990478515625,27.575588249729005,27.031584355924284,27.32019933259099,30840000
2015-05-21,27.612285614013672,27.651958633866258,27.239863936616246,27.284495138093554,34170000
2015-05-22,27.49872398376465,27.68320011988938,27.45409278255471,27.49574831812216,24266000
2015-05-26,27.135229110717773,27.439711778050214,26.925958284692953,27.402518795356663,37474000
2015-05-27,27.485332489013672,27.536906275834827,27.104976993528638,27.209115825077056,34844000
2015-05-28,27.481861114501953,27.560213998268125,27.31424772660707,27.46252212682138,23544000
2015-05-29,27.042495727539062,27.46996248968932,27.028610548955445,27.433265135555313,43446000
2015-06-01,27.235401153564453,27.30284263834409,26.956208805126195,27.211597720197023,33210000
2015-06-02,27.470455169677734,27.710471995182925,27.10348734287344,27.147127281614427,31842000
2015-06-03,27.536907196044922,27.670800794673067,27.381194572471852,27.527484570481313,26710000
2015-06-04,27.35838508605957,27.57013596313732,27.230938434941027,27.382684149953793,26866000
2015-06-05,27.25126838684082,27.439711442929994,27.144649513335406,27.3737568462272,24396000
2015-06-08,26.951250076293945,27.268131052395443,26.924966604967132,27.255237131237852,27336000
2015-06-09,26.885786056518555,27.018688383521948,26.721642082223706,26.948269351101462,30016000
2015-06-10,27.40351104736328,27.51161870475974,27.032082511080166,27.061339755940764,30316000
2015-06-11,27.276561737060547,27.514098555930016,27.233417421850692,27.497237711388188,25872000
2015-06-12,27.149112701416016,27.217545439845125,27.057865897321253,27.13324311626932,25468000
2015-06-15,26.927444458007812,26.97951387571335,26.73949892529643,26.914054908924438,27150000
2015-06-16,27.020177841186523,27.11043149750482,26.856531371953093,27.000838852954665,32526000
2015-06-17,27.105966567993164,27.19324455114942,26.86842978599647,27.04745019603633,24440000
2015-06-18,27.581043243408203,27.634103919778923,27.17539551704082,27.17539551704082,41192000
2015-06-19,27.647493362426758,27.666834242783356,27.386650642382726,27.597903980808226,59290000
2015-06-22,27.754610061645508,28.048680755230453,27.716425818599344,27.741222403085306,34752000
2015-06-23,27.93858528137207,28.013466866219193,27.629142580126036,27.7600605005214,31396000
2015-06-24,27.69956398010254,27.9013965932914,27.612285983657653,27.893462745900152,28924000
2015-06-25,27.6688175201416,27.926190844434693,27.644518457639897,27.785354651037295,26684000
2015-06-26,27.426321029663086,27.77047670128077,27.3663177660201,27.75609589450206,43676000
2015-06-29,26.840662002563477,27.319206906545624,26.790575100916495,27.113407381290678,37756000
2015-06-30,26.780658721923828,27.071256201953922,26.75586213974336,27.031087554866648,34510000
2015-07-01,26.94232177734375,27.066792746207007,26.766772650629544,26.96017387821555,30760000
2015-07-02,27.142667770385742,27.175396309323087,26.955711595908024,27.013732347179474,28124000
2015-07-06,27.057371139526367,27.204158658790305,26.88281326414677,26.89025148214723,25614000
2015-07-07,27.27606201171875,27.324164504746484,26.771235541120674,27.147128488937113,33578000
2015-07-08,26.862977981567383,27.189281572539045,26.838183289862506,27.05638111697833,27662000
2015-07-09,27.00926971435547,27.219036172154,27.007782827381977,27.207631030216106,29766000
2015-07-10,27.57756996154785,27.73526698407512,27.373754855095147,27.458552805381935,43436000
2015-07-13,28.3521671295166,28.40770783677404,27.70600699529478,27.746175638956373,41792000
2015-07-14,28.96956443786621,29.243798578075026,28.47316746343335,28.489532676979604,74832000
2015-07-15,28.958656311035156,29.193217446799963,28.772693297581093,28.947746798720402,41466000
2015-07-16,29.842355728149414,29.97724059377571,29.155035587373664,29.233388479248838,112642000
2015-07-17,34.694252014160156,34.861869196010716,33.62211572223263,33.72129448676394,257162000
2015-07-20,34.3580322265625,34.604000420067635,33.80907201914201,34.166617275261125,102436000
2015-07-21,34.48250198364258,34.990797837634226,33.92709111290519,33.96329094268302,75604000
2015-07-22,34.4701042175293,35.37413141840576,34.297530758000796,34.41654602374495,83100000
2015-07-23,33.459957122802734,34.51821211087915,33.30424258998901,34.30893937590027,76232000
2015-07-24,32.47013854980469,33.61170467769606,32.391291912749935,33.56112403034553,82622000
2015-07-27,32.64370346069336,33.08009533437121,32.31045538646763,32.31144664446251,58382000
2015-07-28,32.7126350402832,32.93281539367433,32.402696650191075,32.81677388534284,34364000
2015-07-29,32.8004035949707,32.89462606711345,32.37442373787852,32.841563499983586,36756000
2015-07-30,32.95561981201172,33.12868889395075,32.31739352151908,32.60253905969893,39606000
2015-07-31,32.60552215576172,32.97744826400235,32.59064571678058,32.96257182502121,34922000
2015-08-03,32.96355438232422,33.06025499360522,32.61344739589636,32.61344739589636,31348000
2015-08-04,32.792964935302734,33.12621298609857,32.75478258804701,32.94471063325484,26188000
2015-08-05,33.388545989990234,33.71683019917647,33.00620417058776,33.01463364676089,36448000
2015-08-06,33.232826232910156,33.46094038318707,32.76568652955006,33.4232536691256,40660000
2015-08-07,32.94718933105469,33.16587896835945,32.6734508334547,33.11529833514387,27544000
2015-08-10,32.88521194458008,33.30573618412609,32.74090443353847,33.08109136278461,34458000
2015-08-11,34.23207092285156,34.911457160933935,33.93552211583512,34.69226808978544,109880000
2015-08-12,34.29009246826172,34.514733450831635,33.746584251822455,34.43985186216597,58498000
2015-08-13,34.044124603271484,34.41704187957468,33.82939998119783,34.17752067623679,36354000
2015-08-14,34.18595504760742,34.3292712869736,33.86510903263989,33.921641008579954,27598000
2015-08-17,34.4210090637207,34.4522488198693,33.87303642453199,34.11999583386264,24680000
2015-08-18,34.15422058105469,34.50283696440737,33.98511649425122,34.270262093636326,27710000
2015-08-19,34.41754150390625,34.72301544404769,34.05850936341007,34.22265336753486,50194000
2015-08-20,33.69550704956055,34.52267021396411,33.48722937149362,34.17256697658716,57798000
2015-08-21,31.937532424926758,33.36870441124978,31.891412452332084,33.276960094970185,91880000
2015-08-24,30.652158737182617,31.126736692089594,29.411412213241473,29.783835746200477,129788000
2015-08-25,30.372472763061523,32.08481790465654,30.332799744475725,32.05853821868506,71430000
2015-08-26,32.71659469604492,32.852472693024545,31.260132316463697,31.89141413544895,87740000
2015-08-27,33.12422561645508,33.42276071308658,32.28813741784781,33.32407380131135,58974000
2015-08-28,32.71411895751953,33.07662047453683,32.41955266056175,33.015128431118065,38836000
2015-08-31,32.12548065185547,32.948183093947854,32.05258536168723,32.44880854942581,38936000
2015-09-01,31.219970703125,31.95787150792019,30.996814683852396,31.430728430104867,51458000
2015-09-02,31.98117446899414,31.98861268699744,31.27352412503273,31.6385075698752,37630000
2015-09-03,31.591400146484375,32.295579238753994,31.430727439330145,32.130939607871,34572000
2015-09-04,31.190217971801758,31.464947802527526,31.068227015553564,31.22691533034315,40478000
2015-09-08,31.930099487304688,31.98762271776162,31.385599963648396,31.787278885718347,39092000
2015-09-09,31.90679359436035,32.59857438096081,31.782318832244048,32.32682213966818,40978000
2015-09-10,32.28715133666992,32.47658377716628,31.82199403715793,31.931092957730602,27850000
2015-09-11,32.496421813964844,32.496917443014155,32.10515483867079,32.24401042446281,34892000
2015-09-14,32.3560791015625,32.527165687999634,32.20879405681656,32.512784880501904,29942000
2015-09-15,32.98091506958008,33.168364974643964,32.39922069065663,32.56633845746613,35546000
2015-09-16,33.00322723388672,33.129680714647485,32.83858762437274,33.00471412069936,26252000
2015-09-17,33.308204650878906,33.81997367496066,32.97743855348306,33.100918257466,47752000
2015-09-18,32.775115966796875,33.2174591575203,32.7309785034644,32.98041608447303,72544000
2015-09-21,33.07562255859375,33.17579634225605,32.630305691704756,33.002727280056845,39094000
2015-09-22,32.392276763916016,32.67097535684172,31.987124685911564,32.604027613716674,54362000
2015-09-23,32.39674377441406,32.74337761240707,32.26979086689646,32.377402893376065,29160000
2015-09-24,32.47707748413086,32.56931744550371,31.845301850421077,32.18251495613069,38692000
2015-09-25,31.74512481689453,32.65907216084477,31.720825756527923,32.65907216084477,48480000
2015-09-28,30.956642150878906,31.879020878776494,30.638769952852407,31.690575939784342,47646000
2015-09-29,30.87531852722168,31.473870001600062,30.648195590254996,31.01863286965858,42130000
2015-09-30,31.6568603515625,31.703474071835064,31.199638796077018,31.332539258884072,52954000
2015-10-01,31.83686637878418,31.92811507582418,31.297326960503806,31.635531300710397,42506000
2015-10-02,32.58021926879883,32.58071489770734,31.415347563585488,31.638999162693374,48788000
2015-10-05,33.30870056152344,33.375648301219435,32.524679913967475,32.808834194265174,37960000
2015-10-06,33.306724548339844,33.66178788565895,32.882231529697485,33.19316118315001,42774000
2015-10-07,33.22539520263672,33.65881331694059,32.635766930041534,33.5923611947688,44354000
2015-10-08,33.076622009277344,33.31912079139769,32.45624962760866,33.198119214835195,39308000
2015-10-09,33.28688049316406,33.428210402054624,32.84651987863882,33.100917498068654,32124000
2015-10-12,33.544254302978516,33.62111840780781,33.08852159244433,33.18522220552426,26684000
2015-10-13,33.878501892089844,34.14083344065151,33.379622856916804,33.43665425087701,42446000
2015-10-14,33.74162292480469,34.219174639298046,33.66674133892225,33.906262531274976,31292000
2015-10-15,34.3669548034668,34.423486767909054,33.93899247192577,33.98163925971811,47156000
2015-10-16,34.48101043701172,34.52564352449448,34.17256277318878,34.48497925186036,36316000
2015-10-19,34.71061706542969,34.724997871932324,34.32678838358476,34.415555150794674,30172000
2015-10-20,33.72129440307617,34.61391841535207,33.40788284910291,34.60846271312809,52434000
2015-10-21,33.314659118652344,33.96428879880367,33.26010965720461,33.880482090485685,31952000
2015-10-22,33.7778205871582,34.12048932603984,33.30968963575762,33.49515699560477,88632000
2015-10-23,35.67167663574219,37.316582332827984,35.602746367746974,37.19558075035788,126726000
2015-10-26,36.2563362121582,36.446268017419825,35.70588545724271,35.70588545724271,48776000
2015-10-27,36.34064865112305,36.496363188422904,35.91020807215459,36.03071024707017,38778000
2015-10-28,36.54396438598633,36.56627903959063,36.06541759705097,36.34957189663582,39604000
2015-10-29,36.93721008300781,37.033415060053635,36.456680826691425,36.5295798945583,36520000
2015-10-30,36.56727600097656,37.0096192440627,36.52462920296716,36.97242814892143,39984000
2015-11-02,37.08053207397461,37.102351099818335,36.27270600477491,36.4254467525358,39914000
2015-11-03,37.134090423583984,37.27690724184374,36.754226743735636,36.965977609592414,36306000
2015-11-04,37.4559211730957,37.68353969402846,37.15292544075802,37.18763838131115,41840000
2015-11-05,37.72173309326172,38.00340548666917,37.56304479393347,37.62949313098857,45486000
2015-11-06,37.767852783203125,37.83826993515519,37.44204292717733,37.65825823986574,33544000
2015-11-09,37.42914962768555,37.85215574227227,37.14847227321365,37.61511265746209,35538000
2015-11-10,37.60221481323242,37.718256306786806,37.11375545340267,37.36517553658122,29798000
2015-11-11,37.948856353759766,38.1387844155206,37.676109063474144,37.806531377119946,41866000
2015-11-12,37.51642608642578,37.97612762255128,37.48320002892764,37.69742902616258,35452000
2015-11-13,36.70018005371094,37.45692235833321,36.670423394331124,37.39295216166519,48188000
2015-11-16,37.21342468261719,37.277394859691256,36.41551892829763,36.70711140033899,50704000
2015-11-17,36.993255615234375,37.438080783297195,36.89754624330496,37.3150966806788,38864000
2015-11-18,37.68899917602539,37.74305299961462,37.06317114205296,37.17127878923141,36266000
2015-11-19,37.685523986816406,37.84867290701723,37.55113289191233,37.67758635788961,28078000
2015-11-20,38.53153610229492,38.64658634351289,37.891826645041604,38.149693700541384,55478000
2015-11-23,38.51665496826172,38.8241151515043,38.35846232466683,38.55484109549322,34648000
2015-11-24,38.16605758666992,38.48145165914476,37.594778970833715,38.3311928411181,47880000
2015-11-25,38.14771270751953,38.33318010532594,38.012330322506855,38.26821487230879,23612000
2015-11-27,38.2821044921875,38.38277394187904,38.035640648183595,38.14275705902495,14434000
2015-11-30,37.82984161376953,38.43384690963323,37.7440486099861,38.27714112273493,33586000
2015-12-01,38.86825180053711,38.928256955024736,37.98356546484031,38.032659215447595,40398000
2015-12-02,38.573692321777344,39.327460787154926,38.503271386842805,38.940658299433046,46876000
2015-12-03,38.09514617919922,38.902472857762696,37.810004381712915,38.7080803524573,41950000
2015-12-04,38.64112854003906,38.800312452228674,37.961746100906474,38.17002376326418,49800000
2015-12-07,38.33268737792969,38.72990189078796,38.021753934962575,38.68328627745189,36626000
2015-12-08,38.439300537109375,38.61336089691655,37.81347246475396,37.91165997198597,31082000
2015-12-09,37.81495666503906,38.48640904040247,37.29227621033942,38.23895399053182,46550000
2015-12-10,37.69049072265625,37.98952149071182,37.440557494702865,37.86653739280307,32458000
2015-12-11,37.21342468261719,37.56154911502291,37.12564918533079,37.1430075466045,43184000
2015-12-14,37.8144645690918,37.8943062387702,36.51123649666551,37.25508860262819,53864000
2015-12-15,37.69297409057617,38.41996351713431,37.589330870654685,38.074816536753296,49386000
2015-12-16,38.511199951171875,38.75468995750433,37.54221134881579,38.01430735997485,53120000
2015-12-17,38.17597961425781,38.75915713790937,38.14969614301863,38.737833740197544,36510000
2015-12-18,37.532291412353516,38.38970675959236,37.51939749333616,38.04703799805444,67794000
2015-12-21,37.72817611694336,38.003401521184635,37.39840126080366,37.83975316548937,34848000
2015-12-22,38.042083740234375,38.20126766971199,37.74801683624028,37.90025817621865,36338000
2015-12-23,38.11051940917969,38.27863223215675,37.571971187686074,38.218627070064294,30594000
2015-12-24,37.978111267089844,38.14473340506595,37.906207231389665,38.11101171760498,10412000
2015-12-28,38.791385650634766,38.82014726226013,38.071834597363406,38.18440289921678,31156000
2015-12-29,39.372589111328125,39.60715025993219,38.9877691434778,39.02694275079181,38430000
2015-12-30,39.19108581542969,39.49656351997176,39.03735759691674,39.37258817383492,28566000
2015-12-31,38.58162307739258,39.09339213243624,38.54740576237022,39.06809992202885,32752000
2016-01-04,37.66073226928711,37.79760152625233,37.07060845171725,37.79760152625233,67382000
2016-01-05,37.76437759399414,38.14473310359051,37.472788854840516,37.891826124773026,45216000
2016-01-06,37.655277252197266,37.97265381949493,37.09342319132927,37.21095157135138,48206000
2016-01-07,36.74629211425781,37.45592687980514,36.46263721631695,37.01854376219676,63132000
2016-01-08,36.24592590332031,37.19855118037878,36.14723899592248,37.08350095161553,47506000
2016-01-11,36.3530387878418,36.45271695387139,35.68307711304533,36.29749808043595,50896000
2016-01-12,36.96151351928711,37.110285453731414,36.519665943780325,36.73389495664945,46816000
2016-01-13,35.68357467651367,37.34137408020718,35.54521852942674,37.15987173001436,51728000
2016-01-14,36.26973342895508,36.691248873480134,34.96104962981701,35.9250820981259,55558000
2016-01-15,35.23329544067383,35.91119095575997,34.78797474408008,35.20849886076103,76676000
2016-01-19,35.659271240234375,35.97020461123329,35.201556040131216,35.71233380217857,48724000
2016-01-20,35.63349151611328,36.049551236863124,34.107105591540744,35.00567715077589,82440000
2016-01-21,36.035667419433594,36.581158209960165,35.264044951901475,35.71333074848642,51938000
2016-01-22,36.967464447021484,37.12119645318262,36.72150004733301,36.79588223031551,47146000
2016-01-25,36.38031768798828,37.31459724254527,36.32477697420802,36.88713048466049,45340000
2016-01-26,36.38874816894531,36.66992493193549,36.0505438036441,36.45916910451323,30940000
2016-01-27,35.58489227294922,36.49288453769845,35.380084007391744,36.49288453769845,42428000
2016-01-28,37.108299255371094,37.250124802931474,36.230551739420775,36.606942199152336,62104000
2016-01-29,37.755455017089844,37.94191367537337,36.904982129138716,37.141033955305296,75808000
2016-02-01,38.222591400146484,38.56079573905824,37.75693853330035,38.2468885694867,111522000
2016-02-02,38.72543716430664,40.18537097839742,38.71006131553536,39.696907806285125,135846000
2016-02-03,37.161861419677734,39.247123962189306,36.51123674531437,38.99173504007707,131114000
2016-02-04,36.20228576660156,36.95655357313469,35.83383293677509,36.92431877439441,104922000
2016-02-05,34.899559020996094,36.038147532189555,34.72004294416008,35.97765052349355,109556000
2016-02-08,34.91938781738281,34.93724180868752,33.820964417183745,34.10214113381509,89410000
2016-02-09,34.7636833190918,35.752512478189,34.14281522756152,34.36349122891852,84300000
2016-02-10,35.05278396606445,35.864574950078676,34.98038430968948,35.29776085518859,60314000
2016-02-11,35.02849578857422,35.32405338722975,34.27621413255875,34.53160307794266,65004000
2016-02-12,35.05477523803711,35.50653916965729,34.791448691291016,35.31859363034466,46538000
2016-02-16,35.58787155151367,35.84772493985097,35.2179279809767,35.637956568764324,43444000
2016-02-17,36.298500061035156,36.38726685000631,35.536797624908374,36.05203620740171,49154000
2016-02-18,35.581417083740234,36.498338185105204,35.48422084399777,36.397176913862154,47276000
2016-02-19,35.809539794921875,35.904753541639096,35.36372335088322,35.50158389697247,34918000
2016-02-22,36.1536865234375,36.4413102081515,35.87598298422507,36.176496804607964,37516000
2016-02-23,35.57050704956055,36.245428835425884,35.49017354088412,36.00739829970938,41332000
2016-02-24,35.74953079223633,35.765402270604724,34.813272472455864,35.23924857483918,37092000
2016-02-25,36.15715789794922,36.17649499219727,35.369168469771076,35.850193349970084,36146000
2016-02-26,35.94590759277344,36.50627479219468,35.80110448008465,36.3793256728897,42474000
2016-02-29,35.567039489746094,36.230554277133685,35.54819423813538,35.75448939760654,45068000
2016-03-01,36.80431365966797,36.81224750656304,35.63745551829939,35.769364708569626,60112000
2016-03-02,36.67091751098633,36.851424842259085,36.36197037920954,36.83903033340874,36292000
2016-03-03,36.27964401245117,36.746288106206386,36.182447774695305,36.6709108915388,40534000
2016-03-04,36.21171188354492,36.44875116757251,35.983593920971344,36.43883480475191,48516000
2016-03-07,35.34785461425781,36.06244953924057,34.967994680104574,35.96029320531888,61690000
2016-03-08,35.38405227661133,35.81647912998505,34.91146055622317,35.129158978228716,52530000
2016-03-09,35.973182678222656,36.01434258412561,35.34090765342415,35.46537862909297,39544000
2016-03-10,36.30841827392578,36.52512545437334,35.868057539496284,36.091211681001894,44616000
2016-03-11,36.93820571899414,36.939692605908576,36.53305362708699,36.694223845072095,35380000
2016-03-14,37.204505920410156,37.40385848574644,36.87820045363228,36.94316568297675,32824000
2016-03-15,37.22087478637695,37.341876374771225,36.83754166354164,36.99523871831813,29832000
2016-03-16,37.55759048461914,37.63891904501995,37.019042261615226,37.14549576339584,29306000
2016-03-17,37.61312484741211,37.9533116855653,37.5575841391422,37.57196494514587,44564000
2016-03-18,37.46088790893555,37.79462782651566,37.282858730922236,37.76933939753168,56222000
2016-03-21,37.79561996459961,37.85413444883395,37.255581140686395,37.386499070206696,28774000
2016-03-22,37.69097900390625,37.9364515228525,37.58337077678476,37.611141130032486,22096000
2016-03-23,37.5675048828125,37.955798040479515,37.49163202902848,37.854632974291675,24678000
2016-03-24,37.432621002197266,37.56750397041105,37.217400737777155,37.252113683651366,31116000
2016-03-28,37.355262756347656,37.604204718627905,37.29377070928025,37.49857520641017,21676000
2016-03-29,37.980587005615234,38.044560973656424,37.107803352439426,37.375091123461125,40062000
2016-03-30,38.102088928222656,38.54691406892856,38.06440220666845,38.09564196772387,40396000
2016-03-31,37.832313537597656,38.13877868796318,37.60171744799952,38.10208322990788,32554000
2016-04-01,38.16804122924805,38.18638706729147,37.45046887721825,37.54766890303258,31674000
2016-04-04,37.94240188598633,38.30540276806037,37.77726665747118,38.160100262707786,26924000
2016-04-05,37.617591857910156,37.83082960126046,37.470306818416816,37.59577283294784,24478000
2016-04-06,38.08869934082031,38.10605770627769,37.505022410602244,37.581390895074165,25312000
2016-04-07,37.694454193115234,38.15266504605509,37.56452752396481,37.952321232202195,25498000
2016-04-08,37.6622200012207,38.0420798690037,37.47873891888084,37.979596569868875,23434000
2016-04-11,37.56650924682617,38.04654289699704,37.55659288467436,37.95876739073146,31774000
2016-04-12,37.902732849121094,37.93248572041304,37.270457850177024,37.610648487904214,27388000
2016-04-13,38.27912139892578,38.46954506244542,37.91612049696891,38.19977536822236,35426000
2016-04-14,38.451698303222656,38.66096723532075,38.3440862798703,38.45021141628466,26992000
2016-04-15,38.68030548095703,38.72642545688462,38.428881618750985,38.457151385783874,31712000
2016-04-18,39.0611572265625,39.10430342950914,38.56178646360881,38.68972683530677,33540000
2016-04-19,38.494346618652344,39.22332229040227,38.19779778990652,39.20100763516768,43952000
2016-04-20,38.42839050292969,38.66345107068384,38.24738754743505,38.638654486784844,34262000
2016-04-21,38.68030548095703,38.76361654493779,38.26126823289834,38.54690940948412,77628000
2016-04-22,36.58611297607422,37.38699257212472,36.21914704781553,36.89059560857762,140798000
2016-04-25,36.80630111694336,36.93870595395627,36.45371591946629,36.46611421215378,49442000
2016-04-26,35.9712028503418,36.973913319769586,35.720770209922655,36.91589445735679,55864000
2016-04-27,35.77729797363281,36.059462158369726,35.16336887926456,35.968712883974796,66262000
2016-04-28,34.964019775390625,36.1641039461714,34.87178360521308,35.86805077268634,62590000
2016-04-29,35.10387420654297,35.313638802807205,34.90055278809086,34.91741552649877,58278000
2016-05-02,35.42769241333008,35.4772817960254,35.02849163997751,35.304212693865104,33476000
2016-05-03,35.13164138793945,35.37611891358849,35.07659629956365,35.332976488490594,38620000
2016-05-04,35.276939392089844,35.459429235809154,34.913938437251986,35.04882519572694,34172000
2016-05-05,35.442569732666016,35.5834040370402,35.181725108746676,35.456950540503065,29668000
2016-05-06,35.9617805480957,36.00194920151554,35.30570389252196,35.31810218556678,39952000
2016-05-09,36.157657623291016,36.41354215536826,35.87846339621092,36.03715168342154,38074000
2016-05-10,36.665958404541016,36.69670253493839,36.28064281605223,36.44676932621939,32634000
2016-05-11,36.22807312011719,36.73637275837127,36.0966595656053,36.72248758116569,29834000
2016-05-12,36.10508728027344,36.467096911273465,35.916646139305676,36.299975380588464,27094000
2016-05-13,35.944419860839844,36.26477020884887,35.87895900339875,36.03318662984244,25244000
2016-05-16,36.21568298339844,36.33370701621801,35.70490508544128,35.91913412247743,22538000
2016-05-17,35.71432113647461,36.49090365851421,35.60572163675657,36.25336873687271,33404000
2016-05-18,35.79316711425781,35.98111262986324,35.45793657214052,35.63051002417591,32536000
2016-05-19,35.472320556640625,35.72969576269237,35.224369867887525,35.62059685429264,30598000
2016-05-20,35.78969955444336,36.08674401536685,35.45744651708119,35.52935434039879,34798000
2016-05-23,35.56852722167969,35.878465597231845,35.55315515600746,35.703909605619906,24816000
2016-05-24,36.35106658935547,36.40908545787076,35.687547902308204,35.697468050547336,37884000
2016-05-25,36.60247802734375,36.69124479417943,36.32973455046976,36.44874981704337,32216000
2016-05-26,36.544464111328125,36.75125491478101,36.349575971169294,36.49834412863441,27202000
2016-05-27,37.073585510253906,37.088957574151834,36.54842314219683,36.573219722749876,34802000
2016-05-31,37.13557815551758,37.365179237167304,36.972921040165026,37.131113711060095,42484000
2016-06-01,37.116241455078125,37.2605489632805,36.911928779865896,37.116737084137284,20788000
2016-06-02,36.908451080322266,37.058709886887954,36.547928313668756,36.999200362313566,33916000
2016-06-03,36.49140167236328,36.770595931210124,36.39470104545775,36.770595931210124,24608000
2016-06-06,36.203773498535156,36.622315129272636,36.116001771606534,36.622315129272636,29992000
2016-06-07,36.25485610961914,36.53355094153868,36.24047530192825,36.36296376522541,24314000
2016-06-08,36.842002868652344,36.88564092123862,36.4869395496768,36.67190753588196,32314000
2016-06-09,36.82167053222656,36.8915920551613,36.523139188296824,36.551405174869274,19180000
2016-06-10,36.358985900878906,36.678840560288826,36.2260854783491,36.49585513780316,29050000
2016-06-13,36.29403305053711,36.64711384493055,36.19187672755759,36.19187672755759,23354000
2016-06-14,36.36196517944336,36.498338808144105,36.02723403637107,36.16658143874802,26584000
2016-06-15,36.30939865112305,36.555363005433556,36.26575682394039,36.44477722591714,23234000
2016-06-16,35.9156608581543,36.22014353461452,35.483729643717986,36.099637586057966,45002000
2016-06-17,34.92385482788086,35.77382821617117,34.768635946528406,35.77382821617117,82262000
2016-06-20,35.017086029052734,35.5000935219661,34.98138182339865,35.22437245687685,45654000
2016-06-21,35.15346145629883,35.47579814839239,34.94419250183941,35.211480320498914,30318000
2016-06-22,35.23230743408203,35.41777484125465,35.00468885938305,35.40984099345797,29058000
2016-06-23,35.450504302978516,35.45099993198801,34.72549743121206,35.23627528462499,42500000
2016-06-24,33.979164123535156,34.96105061399816,33.96478331508947,34.22562795004853,95436000
2016-06-27,33.7778205871582,33.88642385033955,33.35729649381757,33.84476832246543,58146000
2016-06-28,34.27967834472656,34.35307305008712,33.961806136866464,34.28513404683131,38246000
2016-06-29,34.47456741333008,34.688300791810555,34.35009643657887,34.42845121722623,43124000
2016-06-30,34.88814926147461,34.900051924044455,34.46018687222227,34.59656051250518,42250000
2016-07-01,35.221397399902344,35.334461344259886,34.89806947790894,34.96600848369225,30984000
2016-07-05,34.955589294433594,35.11576446110713,34.669951904071915,34.96154062514924,28440000
2016-07-06,35.15791702270508,35.357765191656206,34.66350259556553,34.705158124325365,28902000
2016-07-07,35.07311248779297,35.217419940180655,34.74631524309058,35.214446166975875,21174000
2016-07-08,35.594810485839844,35.600761817162095,35.11527241139529,35.236769615941654,29946000
2016-07-11,36.06194305419922,36.14773225364934,35.648857181495266,35.67613190426642,28822000
2016-07-12,36.32526779174805,36.47850036333278,36.07682149960083,36.296010551777066,26468000
2016-07-13,36.17501449584961,36.47454087970051,36.15220421179245,36.47454087970051,20436000
2016-07-14,36.48842239379883,36.5052813447941,36.23005594305465,36.39618244198898,21408000
2016-07-15,36.47999572753906,36.74629226191535,36.43089819075422,36.74629226191535,32342000
2016-07-18,37.35129165649414,37.44749664493927,36.52363289185408,36.59305878213125,38698000
2016-07-19,37.3617057800293,37.519399021382256,37.11772013347532,37.18615476278416,30436000
2016-07-20,37.543701171875,37.72024345265381,37.39344235996958,37.39344235996958,22502000
2016-07-21,37.411293029785156,37.59676039889288,37.2679768195528,37.539729022096616,19062000
2016-07-22,37.65280532836914,37.6612348053828,37.3245173030213,37.5556090696255,20920000
2016-07-25,37.565521240234375,37.67958022370046,37.394434656748906,37.5734550873279,21466000
2016-07-26,37.571964263916016,37.65180592231987,37.3289736696409,37.56551730443537,23792000
2016-07-27,37.786197662353516,37.90918175235793,37.48667506795926,37.63742951484033,32172000
2016-07-28,37.978111267089844,38.133330155205364,37.643376320784256,38.12688319509839,73464000
2016-07-29,39.2426643371582,39.8674974028494,39.17621221505224,39.558554056526994,101810000
2016-08-01,39.71872329711914,40.04353807350582,38.9302381893422,39.01107110759106,60594000
2016-08-02,39.67805862426758,39.78715752467337,39.400850712843244,39.53970248302262,39928000
2016-08-03,39.61855697631836,39.64930489349958,39.32597694291635,39.49706354497551,29206000
2016-08-04,39.53573989868164,39.68202990935872,39.370604635245485,39.58483365491569,21520000
2016-08-05,40.015769958496094,40.03015076539793,39.56350663425749,39.67756561496506,36146000
2016-08-08,39.93146896362305,40.048997351017164,39.7559179342937,39.96965131250218,24426000
2016-08-09,40.04304885864258,40.3331507386035,39.87344914852079,39.894772546612266,32154000
2016-08-10,40.09313201904297,40.21165166732481,39.993953251882786,40.02172360936183,18370000
2016-08-11,40.07875061035156,40.36042299631303,39.969651698054754,40.1913189255675,25646000
2016-08-12,40.0217170715332,40.02865965976885,39.8526130258764,39.92452083623422,17946000
2016-08-15,39.967674255371094,40.23546149679263,39.87196488046836,40.029661937641976,18596000
2016-08-16,39.73112487792969,39.88336621033289,39.523339048868735,39.84567570725377,21158000
2016-08-17,39.940887451171875,39.951303226097735,39.48862413730073,39.67210900347558,21322000
2016-08-18,39.80848693847656,40.06883593864311,39.75294622200664,39.93791799504578,17292000
2016-08-19,39.654754638671875,39.73310942271386,39.51739351895057,39.66169722818018,22416000
2016-08-22,39.52085494995117,39.63739206106753,39.39092829152487,39.5982146769493,17056000
2016-08-23,39.50300598144531,39.72169942636103,39.47325310960791,39.695911586274086,18350000
2016-08-24,39.354736328125,39.59574444443538,39.21389823877548,39.51639840253241,25672000
2016-08-25,39.24066925048828,39.41026892087024,39.038838567725755,39.27538219080895,24054000
2016-08-26,39.33588790893555,39.64235686348644,39.14695112076273,39.29968807735964,24978000
2016-08-29,39.46482467651367,39.598716386747114,39.19207739937307,39.32745977997956,15474000
2016-08-30,39.27142333984375,39.57293223089355,39.1499261378877,39.31903020597937,23348000
2016-08-31,39.16877365112305,39.25406724185126,39.037360078538164,39.156375359035735,21428000
2016-09-01,39.245635986328125,39.31952632306583,38.99421588662354,39.27439760127334,26070000
2016-09-02,39.51688766479492,39.528294696923204,39.337867253778704,39.437545419102655,26998000
2016-09-06,40.06982421875,40.21214540241337,39.44548305044499,39.59226867828846,39790000
2016-09-07,40.06833267211914,40.197759920590386,39.856581839226074,40.06535511520292,22906000
2016-09-08,39.81294250488281,40.08965857723117,39.72219322322258,39.930970295705485,23554000
2016-09-09,39.100826263427734,39.758889026778114,39.079502870315196,39.611108378272846,37752000
2016-09-12,39.61359405517578,39.680538014267306,38.85387054339459,38.904454963709604,37274000
2016-09-13,39.112735748291016,39.463338398702945,38.8950335522001,39.37506725400617,36180000
2016-09-14,39.19902038574219,39.490117288444864,39.053721640598,39.053721640598,25842000
2016-09-15,39.73310852050781,39.85311505544717,39.10975858250415,39.17670633103821,31144000
2016-09-16,39.57144546508789,39.62351678061481,39.35572955096431,39.62351678061481,42612000
2016-09-19,39.443504333496094,39.869979863443554,39.35275503822702,39.727159253624826,22990000
2016-09-20,39.661197662353516,39.8084826978531,39.58582044325571,39.67210906625243,20984000
2016-09-21,39.92155075073242,39.96519258740044,39.4752387210365,39.73459646229607,26970000
2016-09-22,40.463077545166016,40.61730140587368,40.05445601024439,40.16801559072523,35186000
2016-09-23,40.413978576660156,40.51513985173427,40.303392784561225,40.422903681301484,28234000
2016-09-26,39.803524017333984,40.171980650024054,39.694425108236764,40.15908672984777,29454000
2016-09-27,40.2042121887207,40.34108145584214,39.76286025686579,39.76286025686579,27346000
2016-09-28,40.170982360839844,40.18040687743677,39.809967758800916,39.87443357104302,29406000
2016-09-29,39.80303192138672,40.36191228220349,39.71476077164047,40.03065049371682,27000000
2016-09-30,39.873443603515625,40.07329178970308,39.7464944906586,39.85063332153985,33204000
2016-10-03,39.69095993041992,39.84766193825694,39.48516038152102,39.798568180622745,29784000
2016-10-04,39.81046676635742,39.99444726895475,39.655747290474906,39.920061304868916,25174000
2016-10-05,39.73310852050781,40.093627537747835,39.707320679083224,39.96965218742491,24276000
2016-10-06,39.82484817504883,40.01676252758669,39.697403424625215,39.87443755737931,21998000
2016-10-07,39.70732116699219,39.966678904553675,39.51441554978678,39.966183275553064,23262000
2016-10-10,40.37479782104492,40.53398172157864,39.783187150736495,39.86699383849432,29922000
2016-10-11,40.146690368652344,40.65697258095822,40.037591454310316,40.374804560718644,34432000
2016-10-12,40.25578308105469,40.391161661702405,40.096103549551785,40.26520381398781,18158000
2016-10-13,39.87444305419922,39.997427160726076,39.60368203827617,39.97312998690846,27380000
2016-10-14,39.90021896362305,40.17247056869305,39.78715503880597,40.041552653071136,22238000
2016-10-17,40.01130676269531,40.34108164064635,39.86204298695418,39.96915559860903,21128000
2016-10-18,40.73780059814453,41.10079771896165,40.33314416254673,40.37678220965238,45786000
2016-10-19,41.003108978271484,41.1498983905107,40.80673396788785,40.80673396788785,30002000
2016-10-20,40.744747161865234,41.083942776470344,40.69118896392038,41.038814054720824,27878000
2016-10-21,40.8652458190918,40.876652851654306,40.580104055872475,40.6639107485067,32316000
2016-10-24,41.4444580078125,41.55355690969719,41.11220501274694,41.16427631898356,28952000
2016-10-25,41.08790969848633,41.58132914051226,40.92673948309203,41.58132914051226,37814000
2016-10-26,40.76804733276367,41.04625027544677,40.48290558524893,41.016989252236314,35898000
2016-10-27,40.532501220703125,40.99021648753633,40.39662320804764,40.81318235131715,59470000
2016-10-28,40.642093658447266,41.60612605093556,40.515140757668846,41.156840283677674,87098000
2016-10-31,40.16305160522461,40.794335361866395,40.06883291599354,40.78441521557222,44854000
2016-11-01,39.94386672973633,40.364394714683094,39.585825836102025,40.21115832740182,47118000
2016-11-02,39.09785461425781,40.00733748424458,38.92825493452232,40.00733748424458,47014000
2016-11-03,38.788909912109375,39.17620800207094,38.6123676331153,38.90346073678692,43504000
2016-11-04,38.73485565185547,39.10083034211921,38.233994217349625,38.248870652847216,39412000
2016-11-07,39.77278137207031,39.92006263479361,39.32002239578502,39.42168309064155,39852000
2016-11-08,40.26619338989258,40.4675284429429,39.653259343675956,39.77277401042042,35382000
2016-11-09,39.94931411743164,40.25280548782601,39.27736993715862,39.76285549063467,61970000
2016-11-10,38.69469451904297,40.1709918574643,38.096636725300066,40.168018083158245,118192000
2016-11-11,38.27119064331055,38.54591664906911,37.963234795669976,38.52211510799207,71852000
2016-11-14,37.3522834777832,38.27267784194953,36.87473171458264,38.27168658399166,73766000
2016-11-15,38.44029235839844,38.69221187384428,37.94736851564315,37.95976302390478,58878000
2016-11-16,38.67931365966797,38.85386963164312,38.0024093829705,38.20523133813976,35968000
2016-11-17,38.985774993896484,39.1216529782296,38.672862910245144,38.80427645114358,30674000
2016-11-18,38.4804573059082,39.240177027686165,38.44971317756701,39.035868182676,36126000
2016-11-21,38.91834259033203,39.005123063165335,38.49682338384016,38.58608578500666,32616000
2016-11-22,38.928260803222656,39.363165796299874,38.865777497779675,39.126126495505844,27884000
2016-11-23,38.63071823120117,39.15240745114739,38.31581979576557,39.15240745114739,26260000
2016-11-25,38.69171142578125,38.82411623564059,38.59054637232288,38.8097354297692,12270000
2016-11-28,38.967437744140625,39.659218540476544,38.58608717198016,38.598485463809816,51508000
2016-11-29,39.1484375,39.49556694230976,38.94511612419917,39.09587056298145,31240000
2016-11-30,38.47599411010742,39.25108970462667,38.340615518427555,39.13157880657783,45582000
2016-12-01,37.903228759765625,38.61088098354522,37.35922489616226,38.608402838728196,57342000
2016-12-02,37.9096794128418,38.209205806714394,37.638918418784954,37.78273028415342,34376000
2016-12-05,38.592044830322266,38.680315991170836,38.034155657372686,38.184414504104545,33770000
2016-12-06,38.490875244140625,38.94214736062982,38.34904967521885,38.689732201472125,34682000
2016-12-07,39.249114990234375,39.27539468071332,38.35946461045026,38.67783628826663,40588000
2016-12-08,39.43259048461914,39.6225223235874,39.07256709997459,39.32250031409867,32250000
2016-12-09,40.1407356262207,40.165532207710385,39.57540837578578,39.63739604608283,38090000
2016-12-12,40.06386947631836,40.23495604295762,39.89675172454873,39.91113253038233,32572000
2016-12-13,40.43282699584961,40.87715653989558,40.26422231945155,40.286536976605205,42564000
2016-12-14,40.55928039550781,40.87517010235621,40.305873992751984,40.46158851570313,35994000
2016-12-15,40.44819641113281,40.81268422036397,40.2671896872104,40.53299436488209,35394000
2016-12-16,40.16008377075195,40.624246046800025,40.07478639040175,40.58011236120299,51978000
2016-12-19,40.291988372802734,40.47646450909607,39.89526574314572,40.13230881964824,25272000
2016-12-20,40.42588424682617,40.489858227213944,40.21760654735566,40.335134948016005,25438000
2016-12-21,40.27710723876953,40.4516632080779,39.92501774314116,40.4516632080779,29192000
2016-12-22,40.15214538574219,40.22107564952607,39.97113865211529,40.123383770654364,22632000
2016-12-23,40.05891418457031,40.216115593068096,39.92551810127754,40.06932996020436,15310000
2016-12-27,40.16453552246094,40.46554875699755,39.95973105278439,40.10254785470101,19520000
2016-12-28,39.898738861083984,40.33314821026562,39.79311313528553,40.33314821026562,24296000
2016-12-29,39.81493377685547,39.95725497065917,39.579876990598294,39.78765904771357,21148000
2016-12-30,39.297706604003906,39.83526352357039,39.15736415123438,39.83129470831845,34718000
2017-01-03,40.06932830810547,40.23941984674428,39.51788622033972,39.702854194904596,39180000
2017-01-04,40.05742263793945,40.33810373386275,39.87592407978732,40.16255272289262,30306000
2017-01-05,40.31777572631836,40.35347993020166,39.96568619388392,40.04403719083414,26810000
2017-01-06,40.922279357910156,41.108242374195086,40.24239748074538,40.41546657695587,40342000
2017-01-09,41.01996994018555,41.18113636918223,40.744248904466446,40.979801294318186,28178000
2017-01-10,40.96194839477539,41.130556829441424,40.81962721252851,41.01451533275923,23948000
2017-01-11,41.152870178222656,41.154852694030204,40.73681048196341,40.99219937898795,26508000
2017-01-12,41.13650894165039,41.178660105260526,40.713998480740365,41.07947755844788,26990000
2017-01-13,41.20642852783203,41.390405238780495,41.13601138212753,41.20940230155456,25804000
2017-01-17,41.03385925292969,41.168742227228606,40.82260401083469,41.15981712172326,28818000
2017-01-18,41.11122131347656,41.15039870759237,40.86624436813626,41.1499030785601,20554000
2017-01-19,40.880619049072266,41.308585195718834,40.86029069494082,41.110223893139775,21410000
2017-01-20,41.069068908691406,41.122131480968704,40.89203098037969,41.114689478853236,26124000
2017-01-23,41.87540054321289,41.93044562655304,41.09534864255038,41.23965612545367,49148000
2017-01-24,42.12830352783203,42.22698664307595,41.76877206767027,42.001846278132504,33768000
2017-01-25,42.570648193359375,42.58750714277809,42.13871706646581,42.32765761292474,33108000
2017-01-26,42.49775314331055,42.69710569891243,42.17740280667008,42.600405086499904,69866000
2017-01-27,41.905155181884766,42.994649861401655,41.749940071620735,42.59793101150635,75050000
2017-01-30,40.85384750366211,41.51835357765872,40.71499193064889,41.509924101168345,70338000
2017-01-31,40.673336029052734,40.81615663281486,40.336618550613004,40.639118710966834,40404000
2017-02-01,40.42786407470703,40.86227339981706,40.279587780187946,40.86227339981706,45020000
2017-02-02,40.57762908935547,40.8900494152213,40.269676991604925,40.415967007104925,33784000
2017-02-03,40.67036056518555,40.967900639756444,40.63167880428613,40.81913249418466,30562000
2017-02-06,40.74425506591797,40.782437418314714,40.380758465752464,40.70954211672651,27018000
2017-02-07,41.12162780761719,41.25502766801395,40.82706529787356,40.93665983419373,33332000
2017-02-08,41.15386199951172,41.37057292412029,40.91731834970197,41.18609679896117,26044000
2017-02-09,41.16279220581055,41.25800594565628,40.986253688964744,41.245607653298556,23884000
2017-02-10,41.40032958984375,41.514384795626334,41.18510931581262,41.30610711108008,28302000
2017-02-13,41.60414123535156,41.742001749220194,41.46975012406314,41.54165415463763,25914000
2017-02-14,41.657203674316406,41.75489555205995,41.44892599840214,41.64430975388923,27266000
2017-02-15,41.52281951904297,41.74349550332452,41.46827005924954,41.596706077532765,27144000
2017-02-16,41.76333236694336,41.78911642656534,41.51984231190419,41.58133436194617,20102000
2017-02-17,41.980533599853516,41.999874481419,41.64480737399382,41.72068022980646,29224000
2017-02-21,42.115413665771484,42.260712393785354,41.980526928682885,42.05193911208206,25206000
2017-02-22,42.21906661987305,42.33956879560209,41.988470478318575,42.052444459147544,24488000
2017-02-23,42.20120620727539,42.28154350116454,41.77969079569566,42.205175022443974,27734000
2017-02-24,42.04301452636719,42.07028925393276,41.80250205149641,42.03508067927258,26924000
2017-02-27,42.13525390625,42.18484328748124,41.80498340612028,41.901188394748345,20206000
2017-02-28,41.90019607543945,42.0936011066323,41.72712696714536,42.02020639624849,27662000
2017-03-01,42.48635482788086,42.548342504149474,42.10302173633667,42.22005449939924,36374000
2017-03-02,42.14417266845703,42.47345186108523,42.088136335590775,42.46452297407123,25018000
2017-03-03,42.105995178222656,42.19228380868571,41.889288019207335,42.099052588802756,20100000
2017-03-06,42.01622772216797,42.09904314763507,41.71372762952799,41.99589558746743,20958000
2017-03-07,42.20864486694336,42.31675251786228,41.92945441813467,42.015739260538844,20774000
2017-03-08,42.33212661743164,42.495279359597134,42.21360696895922,42.306338775894645,20576000
2017-03-09,42.54039764404297,42.682722595801046,42.284017506052265,42.33460192321972,26954000
2017-03-10,42.71744155883789,42.857284602286036,42.529000390475204,42.781411749266475,26732000
2017-03-13,42.87464141845703,43.00109490777939,42.68818277278567,42.688678401756775,23332000
2017-03-14,42.94060134887695,43.02341679481871,42.65396887665128,42.83348494769357,21234000
2017-03-15,43.06358337402344,43.13747371728028,42.71198943654988,43.04126871736553,26658000
2017-03-16,43.14341735839844,43.277808470275495,43.02043327904606,43.16970082604321,22090000
2017-03-17,43.26095199584961,43.36261269511663,43.06259067088234,43.32591344752117,37366000
2017-03-20,43.03977584838867,43.16027800433553,42.8791050459838,43.11763121306919,30844000
2017-03-21,42.1585578918457,43.31549584737953,42.03706069746766,43.14639178983519,50760000
2017-03-22,42.14169692993164,42.416922320998054,42.00284137865625,42.12582545401545,27334000
2017-03-23,41.63835525512695,41.73952031148687,41.30858418506288,41.72464387625716,65754000
2017-03-24,41.414710998535156,41.85408044189922,41.11518838833277,41.75489788822843,42114000
2017-03-27,41.581825256347656,41.72415022251334,40.87715058137142,41.06509611327758,38692000
2017-03-28,41.68695831298828,41.923501963226926,41.27238171373044,41.64034270679851,30384000
2017-03-29,42.145164489746094,42.23045806243041,41.72414476084658,41.79208375502206,29146000
2017-03-30,42.125831604003906,42.250798213311526,41.99144426029799,42.2498069553146,18988000
2017-03-31,42.04251480102539,42.129794677416676,41.91556569302621,41.99441231073804,28820000
2017-04-03,42.48635482788086,42.59793188847887,42.0291313971322,42.08963218639071,39388000
2017-04-04,42.27906036376953,42.300383757142995,42.02813214895253,42.05243309920764,26970000
2017-04-05,42.09756088256836,42.67677329553745,42.02863062525979,42.385184573282025,37104000
2017-04-06,41.90863037109375,42.32965019548455,41.854080911819246,42.126824424764145,30672000
2017-04-07,41.759857177734375,41.947307093025614,41.521826620248596,41.9036690402863,22232000
2017-04-10,41.74001693725586,41.98995391873593,41.69489200154322,41.732083090505675,20924000
2017-04-11,41.649757385253906,41.885309743327895,41.387921562435224,41.74001102732742,19486000
2017-04-12,41.72812271118164,41.84019540294904,41.536208347198745,41.57935077189065,22716000
2017-04-13,41.664642333984375,41.8406889941235,41.54910024475379,41.707289127586236,21474000
2017-04-17,42.4060173034668,42.43130951621457,41.70679450281725,41.72415286812567,20982000
2017-04-18,42.34947967529297,42.5180843152921,42.213601678682956,42.27757186208447,18724000
2017-04-19,42.47444534301758,42.65743078498596,42.32666468834405,42.518083388870224,21606000
2017-04-20,42.651485443115234,42.842404741161864,42.52354128905787,42.634622708554694,23776000
2017-04-21,42.595455169677734,42.76852808213621,42.53495815644764,42.678270624499106,23458000
2017-04-24,43.58625411987305,43.637334165964894,42.950509770195445,43.06605562662423,33930000
2017-04-25,44.07769775390625,44.24679802898391,43.603615418776904,43.75139229861264,40760000
2017-04-26,44.09257507324219,44.28349815976881,43.89470939781327,44.20415212464137,26466000
2017-04-27,44.20663070678711,44.30283569444593,43.995379263853415,44.135222301207726,46846000
2017-04-28,45.84707260131836,46.411404787294295,45.78260300545737,46.069235434003666,76918000
2017-05-01,46.25867462158203,46.40744655938138,45.66260317922378,45.82872969915744,46556000
2017-05-02,46.470420837402344,46.763004610173645,46.16841633099598,46.28098842279427,35026000
2017-05-03,47.03376388549805,47.120544351210995,46.37719174269999,46.41884727426469,36496000
2017-05-04,47.34469985961914,47.563888950498146,46.98021201764203,47.1250151397329,38752000
2017-05-05,47.124515533447266,47.52917199142288,47.01640788415368,47.44387462481954,32310000
2017-05-08,47.54157257080078,47.6556277731692,46.98169720087836,46.98417912925206,37534000
2017-05-09,47.44337844848633,47.71563008444086,47.328827623964095,47.67248766438514,33758000
2017-05-10,47.350650787353516,47.44338259547366,47.10270008245912,47.41908542404373,22920000
2017-05-11,47.40271759033203,47.506860214208146,47.0417029434433,47.17460339933577,20622000
2017-05-12,47.36552429199219,47.506358588677905,47.212787333116125,47.49991541203768,24298000
2017-05-15,47.56785202026367,47.740425493350756,47.250475431059215,47.37296389248894,26754000
2017-05-16,47.83513641357422,47.89910659410891,47.623884994108,47.78257326487724,22030000
2017-05-17,46.72233963012695,47.65562407825411,46.61770138666748,47.59165389275269,48982000
2017-05-18,47.13542938232422,47.31791922016584,46.67771033389201,46.77341969716023,36010000
2017-05-19,47.341224670410156,47.584714706053184,47.20981110392905,47.250475381367266,27206000
2017-05-22,47.80836486816406,47.84555974302487,47.43594319112979,47.457762216999214,27748000
2017-05-23,48.12971115112305,48.326086170949246,47.829689135532774,48.10045390643447,30908000
2017-05-24,48.47981643676758,48.505104865122426,48.18326761826349,48.36327930777506,22660000
2017-05-25,49.18647766113281,49.38087395727008,48.490232387653094,48.548750663131486,39082000
2017-05-26,49.25639724731445,49.41111671969681,48.96331784181177,49.19341453452653,32728000
2017-05-30,49.400203704833984,49.47211152006887,49.16167754406984,49.218209511619015,30324000
2017-05-31,48.949928283691406,49.57030062685248,48.681645460182665,49.4021916056007,34482000
2017-06-01,49.00944137573242,49.24995386101215,48.66230812047207,49.14184620402956,26128000
2017-06-02,49.39773178100586,49.415585775682665,48.94894160330658,49.02431883067383,34710000
2017-06-05,49.78254699707031,49.95710297789331,49.36450099180219,49.48550256057955,27578000
2017-06-06,49.425498962402344,50.01710970920637,49.33227152977824,49.75428258005045,31042000
2017-06-07,49.66452407836914,49.78403497945871,49.38532984527418,49.54500939385229,27482000
2017-06-08,49.80238342285156,49.86784049676584,49.42252354896753,49.79990149461113,33758000
2017-06-09,48.10839080810547,49.86289109422075,47.2777543862518,49.86239546518964,72958000
2017-06-12,47.696292877197266,48.003257481100995,46.45604373663614,47.543060281458054,84042000
2017-06-13,48.12723159790039,48.4946931975367,47.70620801702307,48.20360007931239,40108000
2017-06-14,47.99978256225586,48.583459462990916,47.582232172063065,48.375181788588144,30110000
2017-06-15,47.615455627441406,47.64025220879291,46.63307742517369,47.01244166260358,48552000
2017-06-16,47.53810119628906,47.604057688648595,47.04616859684755,47.50289261957261,51184000
2017-06-19,48.361297607421875,48.56362395480943,48.01317310151894,48.08507713936887,29376000
2017-06-20,48.052345275878906,48.63750901209517,48.013167889343364,48.36575301788225,25946000
2017-06-21,48.528419494628906,48.57602636571498,48.075164852960604,48.14161697755378,23232000
2017-06-22,48.430728912353516,48.62313891801151,48.26658489600398,48.44312342192045,20190000
2017-06-23,48.90034103393555,48.92662450391331,48.32360671509279,48.37518239707593,31280000
2017-06-26,48.206077575683594,49.29210282004451,48.118797690918115,49.09423713824361,30358000
2017-06-27,47.01591110229492,47.96457140280664,46.966321722979984,47.685876593994784,48872000
2017-06-28,47.6566162109375,47.76720200383688,46.42430101204504,47.14336026379813,54912000
2017-06-29,46.50661849975586,47.19294728876861,46.09898829283087,47.177575224923494,64134000
2017-06-30,46.102962493896484,46.86268228834561,46.09948930751734,46.812597276050326,45754000
2017-07-03,45.596153259277344,46.329097795202735,45.39035370820411,46.278513366526404,33896000
2017-07-05,46.23090362548828,46.43075183234447,45.55499052104194,45.831207211775904,41882000
2017-07-06,46.004276275634766,46.4233135702803,45.61549126716773,45.87088018933143,40298000
2017-07-07,46.6548957824707,46.84581886255221,46.10841001006058,46.167919534397264,33266000
2017-07-10,47.16021728515625,47.2658467841332,46.71142717202017,46.71142717202017,29030000
2017-07-11,47.285682678222656,47.35312605280559,46.868631706403306,47.136418905416306,29224000
2017-07-12,47.986392974853516,48.08408485181056,47.45974745807776,47.64917988080973,32042000
2017-07-13,48.04541015625,48.53387335782947,47.84457068641401,48.14211078185353,30492000
2017-07-14,48.445098876953125,48.47633863354186,48.10986832923066,48.30079140501328,21592000
2017-07-17,48.397987365722656,48.7644576679254,48.14210285013473,48.41584135754705,33210000
2017-07-18,48.94298553466797,49.136386766190476,48.20359792415932,48.26905499811704,28266000
2017-07-19,49.23160171508789,49.37194038363207,48.945960521392344,49.09473244937052,28242000
2017-07-20,49.202842712402344,49.524679972083455,48.82744346970465,49.44136889869042,28368000
2017-07-21,49.284664154052734,49.34764308459168,48.80512609631996,49.04464731069936,29266000
2017-07-24,49.5063362121582,49.897107537177526,49.107631039352995,49.29756289090254,79690000
2017-07-25,48.05433654785156,48.43617898692198,47.79497879664308,48.13715199644024,118672000
2017-07-26,47.86985397338867,48.298311967463555,47.617938258242155,48.24029311170584,44432000
2017-07-27,47.23509979248047,48.07862999676689,46.46893310540947,48.06176726220952,74358000
2017-07-28,47.52371597290039,47.69529817946804,46.87805142208544,47.010955652473044,36276000
2017-07-31,46.88747787475586,47.665547275688176,46.70051981236371,47.606533375916996,45670000
2017-08-01,46.940040588378906,47.333290023203226,46.86069833421592,47.002028261461085,28052000
2017-08-02,46.99359893798828,47.06600238669588,46.24379552740567,47.02979877062842,40788000
2017-08-03,46.62960433959961,47.11062926480969,46.586957548998946,47.06599995839331,22478000
2017-08-04,46.90185546875,46.98863593588124,46.604811041169754,46.81060677422712,25092000
2017-08-07,46.899871826171875,47.059059529941955,46.78829477158166,46.98764733959947,28916000
2017-08-08,46.82251739501953,47.23411649795452,46.73771942926825,46.82747746877583,30102000
2017-08-09,46.61870193481445,46.80119177938233,46.31322421079705,46.537869005155024,28018000
2017-08-10,45.80095291137695,46.431241583942295,45.71119488897528,46.3667757711071,54148000
2017-08-11,46.123291015625,46.28544870248275,45.683425993885166,45.8069057051772,32334000
2017-08-14,46.561668395996094,46.666302863552595,46.341488056325936,46.568610985234095,23012000
2017-08-15,46.51951599121094,46.76697105224863,46.44810758478902,46.66580599029485,22130000
2017-08-16,46.826480865478516,47.1056713162166,46.616712522265445,46.676717679241115,26906000
2017-08-17,46.00278854370117,46.8036682426671,46.001797285718034,46.76102144882758,33914000
2017-08-18,45.929386138916016,46.16940295057617,45.794007561781704,45.96905915215816,26748000
2017-08-21,45.66606903076172,46.03204373184686,45.55350071986463,45.90906342916445,26024000
2017-08-22,46.63457107543945,46.71193082100349,45.92890128018236,45.968078673702955,35502000
2017-08-23,46.742679595947266,46.88400953914702,46.378687363437045,46.46596347452611,22690000
2017-08-24,46.46050262451172,46.92763857425652,46.15552057307429,46.798706948541536,25892000
2017-08-25,46.14362716674805,46.650931821234515,46.12379065657195,46.57555459593632,23746000
2017-08-28,46.02609634399414,46.35934061711738,45.92592254041235,46.2120593607125,20988000
2017-08-29,46.403968811035156,46.524970378782186,45.58870835761556,45.620447528143664,23172000
2017-08-30,46.79473876953125,46.905324559167866,46.31966518345918,46.400002473723774,22406000
2017-08-31,47.370479583740234,47.467675820487095,46.92466325984651,46.927141404458006,33866000
2017-09-01,47.20931625366211,47.523719073801274,47.12451829448306,47.481072279714525,20858000
2017-09-05,46.6881217956543,47.179558703783755,46.39652928844489,46.9549139384626,29148000
2017-09-06,46.714900970458984,46.837881267362846,46.25172626171987,46.806641510047506,27830000
2017-09-07,47.10517883300781,47.135431119717744,46.492244652362224,46.825492734615516,22332000
2017-09-08,46.68465042114258,47.14534321883074,46.61522453183376,47.09575383838547,19998000
2017-09-11,46.77787780761719,47.24352685685665,46.6643144657636,46.97177465285487,26748000
2017-09-12,46.94450378417969,47.0159121893701,46.49075357527375,46.957893333081294,25696000
2017-09-13,47.132450103759766,47.25196478794652,46.84978646862486,46.887476971137396,21908000
2017-09-14,46.62118148803711,47.01294407265014,46.5334059661676,46.91227462929221,28548000
2017-09-15,46.381160736083984,46.70151488008592,46.18081690762232,46.619195067805805,39886000
2017-09-18,46.10643005371094,46.459015208510344,45.890714164084756,46.36727466389733,29474000
2017-09-19,46.459014892578125,46.51257308874732,45.95319715307209,46.287932095702274,24854000
2017-09-20,46.98863983154297,47.11063266470182,46.49075591911363,46.50216295273148,40080000
2017-09-21,46.9891357421875,47.24948473358056,46.58398741638677,47.0179011408994,27414000
2017-09-22,46.77639389038086,47.11063322132889,46.65638735519029,46.75209671931639,21496000
2017-09-25,46.33108139038086,46.602338030832925,45.846583191555105,46.58746159267379,37468000
2017-09-26,46.48727798461914,46.81705283360065,46.372727164860606,46.45058252599253,33454000
2017-09-27,47.6015739440918,47.87580811223857,46.71143184626798,46.75060923698249,46692000
2017-09-28,47.84505844116211,47.91299365566856,47.385852560660275,47.42056550302476,28018000
2017-09-29,48.286903381347656,48.39054657397706,47.90406599448248,47.90406599448248,40622000
2017-10-02,47.97697067260742,48.4862615915967,47.70323214774161,48.38261838684529,30782000
2017-10-03,48.20558547973633,48.22343947455166,47.74092760322641,47.981436311939255,21666000
2017-10-04,47.942752838134766,48.32063019262575,47.88473019920414,48.1897122625973,21156000
2017-10-05,48.855709075927734,48.92116993789947,48.115825784612824,48.2407923937289,35618000
2017-10-06,49.27474594116211,49.30549385589076,48.52444688054083,48.59833721826085,31060000
2017-10-09,49.20879364013672,49.612950711892005,49.16862499077445,49.342189725585996,25910000
2017-10-10,48.985137939453125,49.46467599871771,48.65338055030203,49.3570639761873,23268000
2017-10-11,49.870323181152344,49.965536911405124,48.99207999630579,49.04662945044171,36300000
2017-10-12,49.870323181152344,50.16240754852281,49.64468714662896,49.780565152998605,30614000
2017-10-13,49.98041915893555,50.322092947041845,49.94025050711816,50.04191120923111,26552000
2017-10-16,50.053802490234375,50.18521604777467,49.665513148471184,50.067687667759934,21420000
2017-10-17,50.1356315612793,50.31217385472003,49.890162785863865,49.959093051266045,20260000
2017-10-18,50.2219123840332,50.39894649552401,49.85395141747589,50.13810569477793,25596000
2017-10-19,49.68138122558594,49.953137230765876,49.456244609722525,49.825688703861445,34284000
2017-10-20,49.8415641784668,50.01909394476749,49.70270860757402,49.93975168768478,32120000
2017-10-23,48.87306594848633,49.87726701857971,48.752064375047425,49.84701473350631,32786000
2017-10-24,49.01935577392578,49.05754190601021,48.45353286580902,48.920672638766945,28902000
2017-10-25,49.16664505004883,49.313926321997364,48.48527621247619,48.90926981662191,30574000
2017-10-26,49.164649963378906,49.91296641964943,49.11753873057671,49.51426131724332,47396000
2017-10-27,51.25983810424805,52.74506415043374,50.92163374493934,51.126937649734316,103682000
2017-10-30,51.233062744140625,51.56531577185104,50.697488327772334,51.03618831577811,46804000
2017-10-31,51.228599548339844,51.6233358892376,50.894360213096626,51.22661703233216,30326000
2017-11-01,51.70267868041992,51.96352328927829,51.27620319307173,51.39125343255267,43262000
2017-11-02,51.72102737426758,51.84748465391126,51.01139258492195,51.57325048084959,26694000
2017-11-03,52.069149017333984,52.1023750755153,51.45720614231456,51.71011690424196,27770000
2017-11-06,51.70664596557617,52.19808670378432,51.672924276958234,52.025017599763366,18294000
2017-11-07,52.18815994262695,52.23874436085637,51.7225108881764,52.052281947392004,26104000
2017-11-08,52.480743408203125,52.69893742223279,51.923350036891385,52.072118166898846,24276000
2017-11-09,51.95657730102539,52.11327928093476,51.36794037649405,51.9704624781529,35892000
2017-11-10,51.779537200927734,51.90252127409666,51.63423847620062,51.76565202439017,19442000
2017-11-13,51.63325119018555,52.00715972762755,51.53704620485674,51.61341468168787,18814000
2017-11-14,51.65507507324219,51.68780550451338,51.04461904670121,51.46068256847816,21012000
2017-11-15,51.395713806152344,51.55539335267362,51.115528318717686,51.32579228739249,18106000
2017-11-16,51.9937744140625,52.15692715593197,51.47456709842512,51.51175819024565,23768000
2017-11-17,51.369930267333984,52.119238094285166,51.26281764986963,52.059732345725266,26712000
2017-11-20,51.30893325805664,51.509277080214154,51.21074197113325,51.37538159051283,17526000
2017-11-21,52.08452224731445,52.08898669157897,51.531097629318225,51.57572693825396,22206000
2017-11-22,52.16485595703125,52.33891630339723,51.93326860187306,52.127165456433545,14538000
2017-11-24,52.392974853515625,52.5690215149846,52.16486066383673,52.28734912669069,16492000
2017-11-27,53.1611213684082,53.21220141941328,52.30618788455397,52.49463282792565,35430000
2017-11-28,52.72869873046875,53.55734875155658,52.29478502530567,53.25931305287393,36424000
2017-11-29,51.44382095336914,52.50455405965603,51.060487854508445,52.3761142602095,55866000
2017-11-30,51.383811950683594,51.7790476831608,51.08131558808607,51.5707700105157,45092000
2017-12-01,50.83336639404297,51.436876033513535,50.42821428668972,51.09817604514459,37762000
2017-12-04,50.17877197265625,51.14429506199588,50.04735840756122,50.96874403359691,38778000
2017-12-05,50.562103271484375,51.409102902921646,49.705187277347164,50.13513216130668,38998000
2017-12-06,51.212730407714844,51.55291728137784,50.349363627875285,50.40936878626148,28710000
2017-12-07,51.800376892089844,52.01609280700507,51.34365284794747,51.37886142631496,30866000
2017-12-08,52.03889846801758,52.3880104210967,51.86433870805091,52.159400621447254,31170000
2017-12-11,52.16733932495117,52.36718753032225,51.778058690010525,52.12469253060521,23254000
2017-12-12,52.008644104003906,52.68951718619762,51.81524288477108,52.06964051341882,33882000
2017-12-13,52.13857650756836,52.34139848224902,51.900046545329204,52.17279382474139,27680000
2017-12-14,52.440086364746094,52.916646885561256,52.24817200766171,52.34189885572581,30962000
2017-12-15,53.16062545776367,53.3217956733948,52.57000977004066,52.752995226952784,63760000
2017-12-18,53.80976104736328,53.87918693385484,53.079794197885974,53.3812992834663,30292000
2017-12-19,53.54643249511719,53.80380767775444,53.17401086689754,53.70710706927508,26350000
2017-12-20,53.23799133300781,53.61834685390678,52.99202315248138,53.602974788480715,28728000
2017-12-21,53.10359573364258,53.434361844055864,53.01185519437691,53.32873612749289,25640000
2017-12-22,53.004913330078125,53.146738878655704,52.94441254719107,53.06144529792869,17788000
2017-12-26,52.85565185546875,53.00491942232456,52.49810660236824,52.99400801729041,18376000
2017-12-27,52.57546615600586,52.97566198635795,52.48521249229151,52.89284654116644,22324000
2017-12-28,52.36471176147461,52.80556809957497,52.2372632182235,52.67712829828397,19884000
2017-12-29,52.23824691772461,52.46884301517318,52.20353397421298,52.34189390273837,23606000
2018-01-02,53.22063064575195,53.357995537474515,52.21940716939454,52.21940716939454,31766000
2018-01-03,54.128631591796875,54.35575453121397,53.23154686819996,53.25633966895291,31318000
2018-01-04,54.33888244628906,54.751472716786864,54.264500273399186,54.404838927468575,26052000
2018-01-05,55.05943298339844,55.22258571487363,54.63841320373191,54.720237383951606,30250000
2018-01-08,55.25382995605469,55.4993025166289,55.04505664237201,55.09464602680576,24644000
2018-01-09,55.18341064453125,55.463596141591765,54.95579208730221,55.463596141591765,26808000
2018-01-10,55.05199432373047,55.182912254345965,54.74652041343671,54.89627981139507,20734000
2018-01-11,55.1467170715332,55.28556886064353,54.870500380318546,55.159610992440236,22424000
2018-01-12,56.069091796875,56.10132281445176,54.94637108166763,55.05001429043601,38586000
2018-01-16,56.07156753540039,56.97311661601301,55.87122371564505,56.54812802368967,36462000
2018-01-17,56.488128662109375,56.49903628307341,55.71402429869447,56.352250653332995,27830000
2018-01-18,56.332908630371094,56.5620140670971,55.762125662718006,56.50052202410961,27498000
2018-01-19,56.70632553100586,56.72021070996429,56.16083473617007,56.43506891231279,30552000
2018-01-22,57.73086166381836,57.86574842810329,56.62301728246273,56.722199839562734,29550000
2018-01-23,58.32643127441406,58.44247277294646,57.884088088915895,58.05120585591647,39138000
2018-01-24,58.08443069458008,58.86597325427586,57.89152509119523,58.763321307092504,37128000
2018-01-25,58.62248229980469,58.76431163354587,58.11170450023698,58.551569524647675,29984000
2018-01-26,58.891258239746094,58.891258239746094,57.9227652477068,58.88977135293771,42170000
2018-01-29,58.83770751953125,59.408986114209235,58.71769720777798,58.913084740245644,31494000
2018-01-30,58.38593673706055,58.90960843920733,58.24410740796787,58.40329510027652,37338000
2018-01-31,58.62644958496094,58.82977095493848,58.124596903147186,58.70529620480337,36022000
2018-02-01,58.595218658447266,58.8858199697339,57.98873138741707,58.31751505277034,73514000
2018-02-02,55.501277923583984,56.10131810025755,55.10306844525168,55.90890813522095,117842000
2018-02-05,52.68406677246094,55.29250913268484,52.403885060973224,54.579401181234864,83550000
2018-02-06,53.777034759521484,53.92332476135925,51.07833873275728,51.275213158237804,76630000
2018-02-07,52.33793258666992,53.881177582348684,52.29875519358381,53.803817837642576,51942000
2018-02-08,49.972476959228516,52.760431392321244,49.823209411400484,52.55909632128308,66792000
2018-02-09,51.884674072265625,52.154939421196886,49.44136696056784,50.873530413868025,98360000
2018-02-12,52.2957763671875,52.84176275541114,51.84599496738983,52.400410831553884,56240000
2018-02-13,52.27495193481445,52.6260502237265,51.9169110564332,52.06964802475591,31586000
2018-02-14,53.195343017578125,53.332707921134535,52.05973210888085,52.283877489834836,41304000
2018-02-15,54.12069320678711,54.256571212523454,52.9240821910196,53.728435037863214,37396000
2018-02-16,54.32599639892578,54.96124517382604,54.13011323977028,54.22086252426643,39948000
2018-02-20,54.727176666259766,55.35696970461913,54.053246168762826,54.190115423156875,33754000
2018-02-21,55.231014251708984,56.3443141726212,54.921571529083906,55.00042193417786,41486000
2018-02-22,55.04009246826172,55.811714885519635,54.80454007218007,55.49979401074562,28010000
2018-02-23,55.942142486572266,55.9872712108776,54.967698009947114,55.47450705289825,25292000
2018-02-26,56.716243743896484,56.741036543518234,56.00412704241539,56.12909364877986,30912000
2018-02-27,55.417476654052734,56.74351877326241,55.381772449677165,56.71624404513445,42964000
2018-02-28,54.74353790283203,55.920312285011505,54.6979173420563,55.640126827323016,49292000
2018-03-01,53.13136672973633,55.108029569544456,52.92705409936514,55.02224036000283,55338000
2018-03-02,53.762657165527344,53.899030812436955,52.07510469721638,52.465376601770885,50162000
2018-03-05,54.2892951965332,54.60766301593922,53.174012787298004,53.46461403558384,28648000
2018-03-06,54.59378433227539,54.82834927042334,54.27640773300641,54.653293863423634,23382000
2018-03-07,55.294986724853516,55.35251373694703,54.04878630713491,54.19309379120403,30748000
2018-03-08,56.00611114501953,56.108263680275236,55.40210212118872,55.40210212118872,33862000
2018-03-09,57.56621170043945,57.574145546899096,56.249594231403485,56.50795689570287,42662000
2018-03-12,57.818634033203125,58.42512124352599,57.48489032731857,57.7749921970881,44306000
2018-03-13,56.52829360961914,58.41718483569654,56.26348396423701,58.11121150101052,43140000
2018-03-14,56.97361373901367,57.512657541407506,56.64929456873817,56.82038115055427,41870000
2018-03-15,57.058902740478516,57.648530918307635,56.317532656728815,57.007330847302676,33382000
2018-03-16,56.25604248046875,57.366364833295336,56.10429678609737,57.29396517219304,58656000
2018-03-19,54.55262756347656,55.50971364000211,53.99969477458665,55.42987575383927,63656000
2018-03-20,54.34087371826172,54.82437680342682,53.6773551646342,54.46980535202091,54598000
2018-03-21,54.25161361694336,54.980589276264126,53.91489614445986,54.18070083702967,44898000
2018-03-22,52.22585678100586,53.75174331979084,52.05179263650617,53.55784644884805,69312000
2018-03-23,50.90675735473633,52.90176997836697,50.823446283165815,52.13758574321913,49880000
2018-03-26,52.272464752197266,52.5293443201654,50.11479896430372,52.09939566186596,65984000
2018-03-27,49.934295654296875,52.79068877546152,49.4721159433285,52.75894960278236,60816000
2018-03-28,49.84701156616211,50.82939354831861,48.79669436686432,49.68485388033702,77698000
2018-03-29,51.431915283203125,51.97294539534583,49.790482890945164,50.146045610588935,69338000
2018-04-02,50.216461181640625,51.55043709116375,49.304995725569974,50.959817615214966,65068000
2018-04-03,50.516475677490234,50.82988720002528,49.45376022890019,50.39101345606064,51322000
2018-04-04,51.06346130371094,51.2137201179156,49.41706887438984,49.50236245886498,50724000
2018-04-05,51.20875930786133,51.90649138891989,50.78030130890484,51.89062369515919,35836000
2018-04-06,50.08356475830078,51.37538582535566,49.90007987275958,50.73567254614326,40134000
2018-04-09,50.586402893066406,51.80135970518827,50.542265432473954,50.58392096488634,33220000
2018-04-10,51.40018081665039,51.63375070876464,50.3543241899875,51.09073807094484,36620000
2018-04-11,50.83287048339844,51.36894056626015,50.542272971069025,51.177026197797105,34060000
2018-04-12,51.439353942871094,51.804337399767896,50.881964286050106,51.15074275127111,32896000
2018-04-13,51.37736129760742,52.21741830032065,51.0852769479233,51.91541758840648,25410000
2018-04-16,51.876251220703125,52.140565272174115,51.27224210172203,51.84897648949323,29776000
2018-04-17,53.525611877441406,53.80530174936191,52.42124076423234,52.625057782700104,54584000
2018-04-18,53.328731536865234,53.656520061968465,53.087227841784674,53.508247568388335,31126000
2018-04-19,54.025970458984375,54.425666811474024,53.01284440100022,53.01284440100022,39884000
2018-04-20,53.42444610595703,54.28880029452689,53.165584023727696,53.76909739769455,42434000
2018-04-23,53.25038528442383,53.954072501464275,52.89680886618381,53.70512676619585,69590000
2018-04-24,50.712860107421875,52.78820622986512,50.227870118170934,52.52587472547553,128220000
2018-04-25,50.73021697998047,51.378855318134626,50.433664383643524,51.06544376987916,57860000
2018-04-26,51.73788833618164,52.16981953466603,50.604256219813294,51.23752250402827,50926000
2018-04-27,51.149749755859375,52.15395087733861,50.95833480625479,51.84847693764193,40746000
2018-04-30,50.51152420043945,51.49291119658889,50.4976390221724,51.297031813913144,34492000
2018-05-01,51.610931396484375,51.659529516826396,50.11628476049857,50.39845274921856,35326000
2018-05-02,50.8819580078125,51.77110873590693,50.738641795958564,51.27619866007237,34698000
2018-05-03,50.89435958862305,51.11206178747579,49.98140719485577,50.8482433914451,39282000
2018-05-04,52.11923599243164,52.16287782750015,50.485241799708824,50.562601539773475,36892000
2018-05-07,52.53877258300781,52.813502399515386,52.083039803551785,52.262555879427666,34400000
2018-05-08,52.49562454223633,52.82490378360529,52.1509732359064,52.79465149922729,26030000
2018-05-09,54.00117874145508,54.25161135803758,52.670180384918446,52.76886730132735,47160000
2018-05-10,54.82040786743164,55.01579540037232,54.24565986859183,54.30120058047087,36414000
2018-05-11,54.71677017211914,54.99596442996426,54.41129622602034,54.56948890169885,30504000
2018-05-14,54.87644958496094,55.44921508455651,54.78718718350271,54.8253695323145,39338000
2018-05-15,53.79885482788086,54.50551583478358,53.496850300827376,54.39542566367748,35738000
2018-05-16,53.760169982910156,54.27045594367207,53.63818093955972,53.80976314670501,25628000
2018-05-17,53.61983871459961,54.10284623185004,53.37982184307083,53.629758862097965,25738000
2018-05-18,53.04359436035156,53.24642011587584,52.79762996645522,52.863087042623874,35482000
2018-05-21,53.75620651245117,54.21689932279822,53.45817080919839,53.50776019100628,25180000
2018-05-22,53.32476806640625,54.14251043510209,53.17351800083077,54.0433316768412,22226000
2018-05-23,53.8529052734375,53.954070332903406,52.91069191788155,53.06144635744468,23740000
2018-05-24,53.827613830566406,53.910429269372564,53.1755060953026,53.89952164864626,20604000
2018-05-25,53.75967788696289,54.03192954305403,53.686286961229406,53.88216635075408,22224000
2018-05-29,52.965736389160156,53.62379922191984,52.71828133706166,53.35898580610255,36076000
2018-05-30,53.431884765625,53.5072619843756,52.890359056796385,53.23401909347628,28686000
2018-05-31,54.54914855957031,55.04504991011186,53.45816710174972,53.656524615224704,79368000
2018-06-01,56.284812927246094,56.44151871914858,55.14473374129431,55.187384321755374,63202000
2018-06-04,57.179412841796875,57.418438425591134,56.38398509535584,56.45837105864911,44754000
2018-06-05,57.07924270629883,57.579112930998754,56.90270419573107,57.25975381574138,32964000
2018-06-06,56.87740707397461,57.26222701862071,56.35026594935218,57.16602203245919,34934000
2018-06-07,56.25604248046875,56.823847870270626,55.84444344559635,56.75987768476072,36108000
2018-06-08,56.17124938964844,56.472258876258145,55.70113204704333,56.096863422878286,27284000
2018-06-11,56.577392578125,56.91659200285427,56.1062877309521,56.1826562185618,24796000
2018-06-12,56.93890380859375,56.96667416633421,56.583341076973774,56.583341076973774,26092000
2018-06-13,56.74251937866211,57.30834603666052,56.700368217230384,57.141720123312105,34302000
2018-06-14,57.53001403808594,57.821602769454735,57.05840984235322,57.138251505751114,35422000
2018-06-15,57.48836135864258,57.71845805977032,57.21164904913898,57.520592376234816,44438000
2018-06-18,58.69390106201172,58.7211757914238,57.07825263296036,57.16205933724765,33038000
2018-06-19,58.45139694213867,58.65570578294328,57.604397358801926,58.02591274301484,47282000
2018-06-20,58.718196868896484,59.58205930091618,58.61703558465915,58.68001451866374,51686000
2018-06-21,57.99269104003906,59.028627478081944,57.69713348494236,58.7896056767175,44966000
2018-06-22,57.98525619506836,58.26841547546482,57.50720499767632,58.09435511024316,34220000
2018-06-25,56.497047424316406,57.3256973663748,55.535988891199544,57.27660361898003,57682000
2018-06-26,56.166778564453125,56.87343570992126,55.98726251998206,56.73805712487524,34688000
2018-06-27,55.38920974731445,56.84071407841611,55.377307084911294,56.33439691500152,34538000
2018-06-28,55.87717056274414,56.23521138228854,54.850159335644705,55.163567068263,29726000
2018-06-29,55.996681213378906,56.60019454988772,55.88907298645991,56.15140445505855,31562000
2018-07-02,56.637393951416016,56.68103578672124,54.87645062613455,55.31036435023385,23216000
2018-07-03,55.35647964477539,57.02419550778411,55.264739098157946,56.999898337280264,16448000
2018-07-05,56.59672546386719,56.73805916810667,55.695672023074046,55.76906672616169,28594000
2018-07-06,57.28057861328125,57.336119326097574,56.39588845660684,56.62053323618329,21820000
2018-07-09,57.88557052612305,57.91780532418949,57.38719103728526,57.524555921486936,21584000
2018-07-10,57.87863540649414,58.19402948902671,57.65151247076187,58.019969123860406,21334000
2018-07-11,58.09286880493164,58.538185792117275,57.294962855903464,57.30735736449312,33252000
2018-07-12,59.570648193359375,59.60684802511169,58.17418898558907,58.261468868395724,44148000
2018-07-13,59.727352142333984,60.02588345893193,59.27459320277427,59.647014850950164,32612000
2018-07-16,59.33509826660156,59.94009857353567,59.18087063251283,59.69710416604418,26784000
2018-07-17,60.15680694580078,60.43847933719523,58.6155445322406,58.65224377865796,40162000
2018-07-18,60.14836883544922,60.57880931643546,59.7342916759033,59.93116229582172,38948000
2018-07-19,59.46353530883789,60.325411378483885,59.3955963063549,59.8379394825147,38338000
2018-07-20,59.40303039550781,60.04224794575058,59.33905642919161,59.47047376433817,37938000
2018-07-23,60.05366134643555,60.256982745158574,59.111943518550284,59.29295026134349,65446000
2018-07-24,62.39183044433594,63.227423020220215,61.69707215887038,63.02906172072626,107600000
2018-07-25,63.274044036865234,63.38809924001521,61.94056369068938,62.117601610181076,51104000
2018-07-26,63.74812316894531,63.842345640743225,62.63234507695743,62.83963148817105,54686000
2018-07-27,62.130985260009766,64.04268285456948,61.714426156660316,63.927636404358765,48362000
2018-07-30,60.99785614013672,62.13099268163809,60.70676301036518,61.7422038865088,43896000
2018-07-31,60.85801315307617,61.551780257659935,60.311035469464436,61.080671646133155,39382000
2018-08-01,61.14414978027344,61.784354899209696,60.744948993606215,61.44764120126705,36994000
2018-08-02,61.54780578613281,61.71046288718155,60.40376172708883,60.425580751599156,34704000
2018-08-03,61.40052795410156,61.815100793177606,60.967109863223676,61.74864867459752,21264000
2018-08-06,61.37622833251953,61.61376704258052,61.02215627306079,61.57161587717549,22114000
2018-08-07,62.27728271484375,62.78508678959442,62.07693887742796,62.08735086996037,42506000
2018-08-08,62.549530029296875,63.06476850332,62.09280225778998,62.32091643734452,34344000
2018-08-09,62.70474624633789,63.076672285932354,62.48853472509049,62.61895703178096,27326000
2018-08-10,62.11214065551758,62.54308056962345,61.84683539663848,62.44290677016618,26602000
2018-08-13,61.92022705078125,62.77962496101555,61.840389171065105,62.04717994879449,27500000
2018-08-14,62.39133834838867,62.5128317663453,61.468961469423846,62.11164848408736,28080000
2018-08-15,61.105960845947266,62.085860958793766,60.809412028021946,61.70401855503376,37052000
2018-08-16,60.7013053894043,61.675257970750934,60.48162067754189,61.59045622905311,32176000
2018-08-17,60.294166564941406,60.844617378706886,59.70652466244601,60.60113114205357,33092000
2018-08-20,60.5966682434082,60.79304703382085,59.93960043624194,60.5326980557905,22218000
2018-08-21,60.371524810791016,61.132735197726866,60.25350080424783,60.64972776796793,23082000
2018-08-22,60.586753845214844,60.823793135762685,60.163747749963264,60.21333713228483,22296000
2018-08-23,60.55748748779297,61.25224575840759,60.46772946516041,60.4940129326713,24666000
2018-08-24,61.330604553222656,61.36283557012292,60.57038537845587,60.7975083008106,24454000
2018-08-27,62.298606872558594,62.37795291545617,61.5254975004561,61.69707972396591,28580000
2018-08-28,61.78236389160156,62.312978176407235,61.63904767729082,62.28024774953284,27330000
2018-08-29,62.714168548583984,62.83913893962649,62.12652660202709,62.23562551505126,36926000
2018-08-30,62.20785140991211,62.95418160769552,61.84931493225059,62.65217709910716,30104000
2018-08-31,61.08513641357422,62.11413033569713,60.7851143929751,62.09727138257301,42308000
2018-09-04,60.06903076171875,60.89024638459833,59.83347835374634,60.62493731993848,41458000
2018-09-05,59.46353530883789,60.24556971398544,58.28527013841559,59.96538422822053,53988000
2018-09-06,58.7142333984375,59.4580855302462,57.703585303195204,59.43725776135782,46854000
2018-09-07,58.396854400634766,58.940362668965435,57.98426407187492,58.11964267239288,32658000
2018-09-10,58.27138900756836,58.84663645485562,58.05071303312725,58.724643619292685,27670000
2018-09-11,59.01176834106445,59.05887957731326,57.81962176153576,58.0750106684798,29254000
2018-09-12,58.09981155395508,59.04648565950591,57.83003803658529,58.615545695752786,35716000
2018-09-13,58.62248229980469,58.90614096728705,57.98177782832389,58.501484515976244,40068000
2018-09-14,58.41618347167969,58.91307984572256,58.1950119010108,58.91307984572256,24176000
2018-09-17,57.51613235473633,58.60661828158501,57.44819334906225,58.40577882192011,34096000
2018-09-18,57.87714767456055,58.582321797238215,57.59547528537028,57.65647170249509,32314000
2018-09-19,58.232215881347656,58.33139465004601,57.456128963458156,57.968893110208704,25962000
2018-09-20,59.090126037597656,59.21063199294111,58.33040619065797,58.5495952904309,29244000
2018-09-21,58.12559127807617,59.338565624059825,58.12261750425086,59.25624581376571,91222000
2018-09-24,58.49454116821289,58.773731604603434,57.10304207996326,57.49530023539939,31150000
2018-09-25,59.205169677734375,59.352450934388095,58.223283283094446,58.72712229225433,33152000
2018-09-26,59.213600158691406,59.86719858045819,58.784150889168416,59.195254319561855,37650000
2018-09-27,59.873146057128906,60.34425083124083,59.411462016465464,59.50816262940116,36274000
2018-09-28,59.8592643737793,59.927203377959636,59.40055408003131,59.71098807412837,35612000
2018-10-01,59.93116760253906,60.70824572698339,59.66635796192312,60.15283860556352,33164000
2018-10-02,59.88703155517578,60.72411480282126,59.49130399681429,59.83892906292464,40180000
2018-10-03,60.07994079589844,60.21135436103565,59.61478353847458,60.103246708296815,26246000
2018-10-04,58.371063232421875,59.80074471048589,57.715482313943795,59.75760228989109,46576000
2018-10-05,57.9128532409668,58.615545451768625,57.242891461684266,58.31800536091535,31852000
2018-10-08,57.322235107421875,58.31106033375174,56.3046444828215,57.52456145272138,46190000
2018-10-09,56.78913879394531,57.60142551523333,56.739549411488625,57.09362146132531,33690000
2018-10-10,54.160362243652344,56.38497567691351,54.1281274459752,56.35422776603063,58980000
2018-10-11,54.089942932128906,55.34556779109662,53.35352912030459,53.50973925718462,67696000
2018-10-12,55.56773376464844,55.83006526222908,54.30268810088236,55.5231006729808,49370000
2018-10-15,54.67015838623047,55.63022206287671,54.460885654082006,55.44178088322421,30074000
2018-10-16,56.1895866394043,56.35273935567772,55.131831292956726,55.217620496896615,38378000
2018-10-17,55.9173469543457,56.87988872075528,55.24341638076275,56.532759256237064,35652000
2018-10-18,54.44550704956055,56.15339147492875,53.87175031932943,56.0368543512586,46152000
2018-10-19,54.8060302734375,55.58806851316027,54.40187320171599,54.73313497653647,41286000
2018-10-22,55.11299514770508,55.62476424922726,54.54915473377439,55.16952712111262,27116000
2018-10-23,55.28854751586914,55.44178390984865,53.50826311721544,54.117228527056106,37686000
2018-10-24,52.422725677490234,55.3733411581951,52.32056935760662,55.29300386341311,49286000
2018-10-25,54.727176666259766,55.43284254925697,53.33666888235805,53.572221262646615,72956000
2018-10-26,53.743309020996094,55.39217950296379,51.68432639569695,51.98682652307984,106438000
2018-10-29,51.312400817871094,54.98703168333378,49.94718520148178,54.37756697945334,81290000
2018-10-30,52.04533767700195,52.114267930250904,50.2829077444751,50.582430295600844,59768000
2018-10-31,54.08201599121094,54.94587843763183,52.97218913611362,52.97218913611362,70916000
2018-11-01,53.85389709472656,54.54419095847466,53.449240636057006,54.122675548098016,40132000
2018-11-02,53.135337829589844,54.4499728681632,52.94540599746691,54.0036608708647,43438000
2018-11-05,52.353797912597656,53.2275767002685,51.276205887840575,53.186912421965125,45358000
2018-11-06,53.040122985839844,53.54842264477756,52.248664069488854,52.31858558730312,28660000
2018-11-07,54.95777130126953,55.04157799583169,53.58660433801506,53.73041618700617,43388000
2018-11-08,54.28285598754883,54.956786593916036,53.77356501619863,54.91116602403288,33694000
2018-11-09,53.40957260131836,53.97142669030988,52.77680195086009,53.75670205685472,34860000
2018-11-12,52.03791046142578,53.264773886277624,51.59110657655754,53.216671387507866,34002000
2018-11-13,51.968971252441406,52.89630811987001,51.59357584507259,52.30817061399031,25750000
2018-11-14,52.29677200317383,52.85267858421716,51.628792730384205,52.565550481816324,34666000
2018-11-15,53.113521575927734,53.50131532395517,51.63771624229382,52.14205090644146,41584000
2018-11-16,52.97565460205078,53.18244537170169,52.31263172050399,52.8249001697272,35366000
2018-11-19,50.94989776611328,52.96226867525788,50.724265514564266,52.7336550830274,45684000
2018-11-20,51.10015869140625,51.44233186700774,49.699734383253194,49.95165011439261,54458000
2018-11-21,51.743839263916016,52.303215207880605,51.546964840550686,51.83706669619646,29698000
2018-11-23,51.082801818847656,51.72251504812093,51.00444704055386,51.25140647070109,14178000
2018-11-26,52.36421203613281,52.41677519212862,51.56233731257599,51.77210565786005,31558000
2018-11-27,52.182708740234375,52.900776751961324,51.846490692518564,52.136096916276294,33048000
2018-11-28,54.14202117919922,54.19508375066261,51.720037329094545,52.439592282131,46042000
2018-11-29,54.280372619628906,54.556589291132255,53.656527087727646,53.73239993732191,31004000
2018-11-30,55.0276985168457,55.0276985168457,53.715049685217814,54.33244830687817,59668000
2018-12-03,55.360450744628906,56.28481018843585,55.13084587897713,56.14397588258745,57532000
2018-12-04,52.68804168701172,55.25532443842343,52.604234978354384,55.193336757747986,45630000
2018-12-06,53.46213912963867,53.528591251073834,51.6967313013768,51.821697913253566,47436000
2018-12-07,51.900047302246094,53.80678879072729,51.54250205987958,53.172035604031464,42682000
2018-12-10,52.22734451293945,52.54571236714273,51.22661659854662,51.71954044563596,33652000
2018-12-11,52.647369384765625,53.081283083389565,52.07460390793039,52.90970087647782,33852000
2018-12-12,53.246421813964844,54.13904206804826,53.15914192619585,53.41254832972403,28960000
2018-12-13,53.23699188232422,53.97489636278755,52.81299834519464,53.34262138246807,24986000
2018-12-14,52.154441833496094,53.14674020302357,52.03840033776918,52.56653650781619,36358000
2018-12-17,50.86212158203125,52.6835654583477,50.414818366454924,51.9213638360146,49932000
2018-12-18,51.74284362792969,52.55017019559987,51.10163977241483,51.27619952675167,43640000
2018-12-19,51.34859848022461,53.344602111324576,50.55367021371119,51.93524909395202,58264000
2018-12-20,50.75946807861328,51.94268941318779,49.97991190097447,50.87947459368778,53674000
2018-12-21,49.15622329711914,51.458196608978,48.65734815338162,51.17900616560844,104656000
2018-12-24,48.829925537109375,50.19117248549868,48.482296651220004,48.81256717172268,36360000
2018-12-26,51.9630241394043,51.99277700934326,49.225646602209785,49.49046000831835,46318000
2018-12-27,52.21345520019531,52.235274224650134,49.93726596635877,50.8893994630254,45996000
2018-12-28,51.905006408691406,52.775311987505624,51.672923407636674,52.54075084153076,34398000
2018-12-31,51.81970977783203,52.713820629058745,51.22859468884806,52.457932318095075,33110000
2019-01-02,52.30173110961914,52.60472690168377,50.843779752140335,50.93899348883383,31868000
2019-01-03,50.85319519042969,52.8759780134997,50.699466979891106,52.1028687333839,41960000
2019-01-04,53.461639404296875,53.55734876361941,51.41802873823579,51.700692372040024,46022000
2019-01-07,53.355018615722656,53.69123663835179,52.6964601806528,53.605447431420956,47446000
2019-01-08,53.823646545410156,54.21937410077029,52.979620715422925,53.854886302804,35414000
2019-01-09,53.63917541503906,54.13458118632317,53.27815698611534,53.95357823458152,26998000
2019-01-10,53.49932861328125,53.54792673522367,52.797627727154754,53.30642301238766,26598000
2019-01-11,52.78721237182617,53.228564287913436,52.38850724708884,53.05648645219858,30864000
2019-01-14,52.144527435302734,52.48868312031389,51.997741804598526,52.23527672360006,28490000
2019-01-15,53.88017654418945,53.96745642029301,52.28982059636427,52.46685849321779,37518000
2019-01-16,54.028953552246094,54.6661886897786,53.95457136636317,54.05325450748139,38280000
2019-01-17,54.50551223754883,54.58386323084634,53.71900961368092,53.95357453146832,24896000
2019-01-18,54.91115951538086,55.44177382173564,54.51344565423578,54.97512970149426,44892000
2019-01-22,53.489410400390625,54.498075902626475,53.10558170056644,54.35079086117299,39632000
2019-01-23,53.77604675292969,54.19954471873332,52.94094970105131,53.897540179274316,25194000
2019-01-24,53.755706787109375,53.954068082652434,53.06243540230298,53.681816457292754,29114000
2019-01-25,54.624027252197266,54.71576778648769,54.14250673340492,54.26300887861896,23260000
2019-01-28,53.55040740966797,54.22036915695017,53.29005842382145,54.05672457402515,29334000
2019-01-29,53.06441879272461,53.7919075035448,52.8640749781177,53.608918268991935,19704000
2019-01-30,54.4494743347168,54.52534718103893,53.39072388882378,53.42642809001765,29452000
2019-01-31,55.833038330078125,55.92130947092157,54.80950019306475,55.15613401300113,40232000
2019-02-01,55.47251510620117,56.25504886866578,55.25580797748585,55.654509292670554,33116000
2019-02-04,56.603172302246094,56.648796650028686,55.41747272312424,55.49185868396291,78408000
2019-02-05,57.12138748168945,57.16602057091122,55.719476412753856,56.01850335517409,82296000
2019-02-06,55.68427276611328,57.22702204444144,55.45962798014585,56.99246089522924,48256000
2019-02-07,54.84223175048828,55.14373685655709,54.23128012441886,55.13530738050181,38298000
2019-02-08,54.66716766357422,54.80205439272972,54.263506300759815,54.2952416840246,21766000
2019-02-11,54.65428161621094,55.21514822312965,54.54915152300957,54.73511453956528,18498000
2019-02-12,55.916847229003906,56.178683086895354,55.0951360411319,55.0951360411319,35036000
2019-02-13,55.96891403198242,56.674088088339815,55.83849173367112,56.18760746750366,28042000
2019-02-14,55.9971809387207,56.340840976368156,55.39664511522368,55.78890327451835,21106000
2019-02-15,55.522605895996094,56.49804534986026,55.37829841032092,56.49804534986026,27826000
2019-02-19,55.86378479003906,56.01899988835893,55.37433038810258,55.37433038810258,21980000
2019-02-20,55.57020950317383,56.08297359732325,55.13183515305827,55.981312910608274,24090000
2019-02-21,54.75792694091797,55.498805261978845,54.44897982598099,55.48045563907056,33272000
2019-02-22,55.370365142822266,55.40458246006071,54.57394989558548,55.03017826981313,29436000
2019-02-25,55.408546447753906,55.80873844416602,55.24886690902951,55.63666061499263,26208000
2019-02-26,55.64063262939453,55.86031734873191,54.88140844418567,55.261763980299094,35026000
2019-02-27,55.68427276611328,55.82510706806781,54.97364672917715,55.24391208286884,22092000
2019-02-28,55.86577224731445,56.23472452755319,55.46211080344531,55.49136804808821,27422000
2019-03-01,56.95526885986328,57.02866357187226,56.08645011269494,56.08645011269494,34086000
2019-03-04,57.198265075683594,57.7983053615612,56.445979658411865,57.25479705265405,35490000
2019-03-05,57.98029327392578,58.34230294891412,57.17842234025884,57.32619922743179,40094000
2019-03-06,57.76953887939453,58.255520128917794,57.67581203241563,58.10774323810325,23602000
2019-03-07,57.07080841064453,57.70209215281522,56.61755383444335,57.549355197546085,30086000
2019-03-08,57.027164459228516,57.19973790534264,56.04676507546614,56.23024992443895,23694000
2019-03-11,58.47966384887695,58.51189486390087,57.106510619417605,57.12783401426146,30032000
2019-03-12,59.371788024902344,59.791320897490806,58.63041793238064,58.63041793238064,42220000
2019-03-13,59.461551666259766,59.861248068720826,59.404524065314185,59.80223795182649,25888000
2019-03-14,59.137725830078125,59.74123922576075,59.07326001338981,59.459566851406144,27302000
2019-03-15,59.02714538574219,59.5934639595921,58.86399263821987,59.408991597657796,51886000
2019-03-18,58.94036102294922,59.257737607989256,58.58975837909338,58.99689299412043,24442000
2019-03-19,59.630157470703125,59.677268706394294,58.985484173693706,59.0975568546802,29788000
2019-03-20,60.81882858276367,60.99537085692639,59.48783028814234,59.57758831206408,41508000
2019-03-21,61.299861907958984,61.31523397427195,60.330373720799074,60.49997342953918,28150000
2019-03-22,59.88753128051758,61.17588288459507,59.805707096855926,60.9388435932107,34422000
2019-03-25,59.37823486328125,59.976292522278534,59.012260184414735,59.486342506890146,27576000
2019-03-26,59.004329681396484,59.88752915106915,58.60364203693624,59.765536323392006,30752000
2019-03-27,58.41767883300781,59.10747706719448,57.73432377537689,59.10747706719448,29428000
2019-03-28,58.133033752441406,58.37999320140557,57.694659354164436,58.29321272401961,22402000
2019-03-29,58.36214065551758,58.71323893335575,57.84094704933484,58.52528961118453,30890000
2019-04-01,59.45758056640625,59.51807756408811,58.83175255655322,58.89026703848866,27706000
2019-04-02,59.78289794921875,59.79628749892426,59.07375879410385,59.51064629415848,18288000
2019-04-03,60.04423522949219,60.52972083098244,59.76008470919259,60.13795828936731,22180000
2019-04-04,60.472694396972656,60.527243852136195,59.956460872264365,60.06803792748894,21022000
2019-04-05,60.07596969604492,60.51930791115467,60.00555254911908,60.465254086840815,20012000
2019-04-08,59.91877365112305,60.199946617238616,59.74124010883788,60.059112319693156,21750000
2019-04-09,59.641563415527344,59.862735013703436,59.42783003559365,59.601894179377005,19668000
2019-04-10,59.82802200317383,59.95150172266338,59.540897699099844,59.76058241007699,15510000
2019-04-11,59.983741760253906,60.139951923667695,59.73331289650362,59.94952444001766,16998000
2019-04-12,60.635353088378906,60.65122078299202,60.16722204644514,60.282764136523824,24312000
2019-04-15,60.823787689208984,60.961152573829864,60.230194474599585,60.70278612642647,23796000
2019-04-16,61.0905876159668,61.29241832671857,60.74990134124958,60.99586951444709,22622000
2019-04-17,61.49871826171875,61.74468645403449,61.139686120298784,61.34300373376792,30366000
2019-04-18,61.56467056274414,61.78633778477125,61.46251424224108,61.739722177019004,24750000
2019-04-22,62.17413330078125,62.20289491593463,61.1629896255075,61.3266379946004,19084000
2019-04-23,63.00872802734375,63.199155475503254,62.08535996551398,62.31694731609197,31868000
2019-04-24,62.486053466796875,63.1778380265798,62.47415458773735,63.008733957122125,23396000
2019-04-25,62.84756088256836,63.118321833279076,62.38438997015368,62.994346498508044,31344000
2019-04-26,63.34743118286133,63.42132151606078,62.73152328568411,63.14708736238461,27228000
2019-04-29,64.27873992919922,64.3169298473822,63.06427858710066,63.50067047663686,72368000
2019-04-30,59.45659255981445,59.55676257846437,58.66513363960765,59.04350662741325,133178000
2019-05-01,58.18510055541992,59.470973972298495,58.10377200341703,59.38418971821205,74340000
2019-05-02,57.847389221191406,58.48561553382337,57.44174152090412,58.149393720291656,45098000
2019-05-03,58.989952087402344,59.08169263592699,58.19651060217276,58.38792554656024,41588000
2019-05-06,59.18384552001953,59.281537394226156,58.077983794922574,58.119639328597295,31774000
2019-05-07,58.459835052490234,59.24881211607045,57.772514903678946,58.80448638491328,36604000
2019-05-08,58.05914306640625,58.72811354197233,57.902932921424046,58.38197156478098,25520000
2019-05-09,57.9197883605957,58.22228848592108,57.25875177209827,57.65349184858847,29556000
2019-05-10,57.9034309387207,58.33188896062332,56.84864920756702,57.962940468651176,31650000
2019-05-13,56.36365509033203,57.12635243643955,55.81370365034524,56.79261252207175,45626000
2019-05-14,55.78196334838867,56.774261749590714,55.716006859862674,56.64780825816616,40392000
2019-05-15,58.06013488769531,58.43206092531707,55.61038084252998,55.66740844227234,59302000
2019-05-16,58.73951721191406,59.21855964212482,57.94359761215228,58.11170663709032,35308000
2019-05-17,57.959964752197266,58.828287857261444,57.842931988016005,58.30957615771675,25362000
2019-05-20,56.763851165771484,57.1774327504438,56.44052324213396,57.1774327504438,30602000
2019-05-21,57.24884033203125,57.42538261961597,56.69690259812097,57.25082284796915,20562000
2019-05-22,57.318756103515625,57.71200550411785,57.078243650212926,57.09064194043587,18826000
2019-05-23,56.797569274902344,57.03113916733557,56.19356400273092,56.83377289198655,25214000
2019-05-24,56.463829040527344,57.24487222807381,56.36960656432307,57.127839468018124,18554000
2019-05-28,56.51094055175781,57.35050201510359,56.46680308738616,56.606154286403545,20948000
2019-05-29,55.5379753112793,56.284801081497335,55.1417483619413,56.17074211063316,36230000
2019-05-30,55.610877990722656,55.878169570146916,55.33763507998775,55.548394687102004,18088000
2019-05-31,54.87148666381836,55.2136560321265,54.71527652351709,54.828839872947505,31582000
2019-06-03,51.51125717163086,52.91267260283932,50.930557870428586,52.909203200231886,96890000
2019-06-04,52.292301177978516,52.488184333554216,51.376866936082195,51.79639981884811,60512000
2019-06-05,51.80384063720703,52.4073540441348,51.226614483210554,52.317596014695845,46988000
2019-06-06,51.95856857299805,52.06965000873795,51.35109007958164,51.881704456905,29020000
2019-06-07,52.980613708496094,53.23154195089518,52.126671488166366,52.28189037260562,43828000
2019-06-10,53.69422149658203,54.29327049002996,53.32328669748126,53.40858028707478,28510000
2019-06-11,53.608924865722656,54.748012749647344,53.53602956704234,54.3998882301336,33508000
2019-06-12,53.512718200683594,53.68231410693232,53.04160963310708,53.55486936276625,23670000
2019-06-13,54.103336334228516,54.380048643008536,53.68479846818787,53.79091982164258,20814000
2019-06-14,53.86975860595703,54.28929145231956,53.63073683512908,54.0403495364506,24582000
2019-06-17,54.24614715576172,54.61261742870051,53.95406283434416,54.00861227989795,19770000
2019-06-18,54.80900573730469,55.480454366679965,54.588329772186036,55.11943973209184,34526000
2019-06-19,54.772804260253906,55.01678993060054,54.3522800809747,54.90818664522496,26714000
2019-06-20,55.2037353515625,55.6758351382385,54.896275168007115,55.6252507211569,24018000
2019-06-21,55.8072509765625,55.866756716615136,55.03116416034196,55.038106748909904,50774000
2019-06-24,55.3773078918457,55.71799417825217,55.2091988625177,55.54095626027802,24236000
2019-06-25,53.93324279785156,55.32771569465771,53.78546213142027,55.29697156523066,31644000
2019-06-26,53.573219299316406,54.307155041568436,53.24443945323548,54.1028423919935,34698000
2019-06-27,53.390235900878906,53.97688661837834,53.35155413705044,53.89208865547855,24078000
2019-06-28,53.69620132446289,53.69620132446289,53.24988932159318,53.41998464668975,33672000
2019-07-01,54.54914855957031,54.975128394766415,54.317561206298834,54.60072045371423,29196000
2019-07-02,55.173988342285156,55.18836914929686,54.5327882241278,54.78867275994016,20630000
2019-07-03,55.689231872558594,55.937182567074046,55.28556665878392,55.46656960642054,20154000
2019-07-05,56.16926193237305,56.267449439103345,55.41698037071205,55.509712175195695,29794000
2019-07-08,55.38176727294922,55.89849638868421,55.13232971119803,55.832044276038815,29888000
2019-07-09,55.753700256347656,55.93073818027176,54.90372299665193,55.060924410090834,29472000
2019-07-10,56.5778923034668,56.648805088762046,56.06959257601491,56.15191239581184,30710000
2019-07-11,56.73508071899414,57.1893265411279,56.509448478196965,56.838228291488626,26004000
2019-07-12,56.797569274902344,56.90468567231984,56.46135121284725,56.67805836922192,21878000
2019-07-15,57.05394744873047,57.06237692419117,56.53275388901765,56.79756351489089,21164000
2019-07-16,57.20023727416992,57.45413927913533,56.86649360846176,56.86649360846176,25352000
2019-07-17,56.86699295043945,57.44719661941484,56.86104161971904,57.07427935063654,19538000
2019-07-18,56.891788482666016,56.93790846039602,56.17868433807798,56.63193513480286,25450000
2019-07-19,56.11371612548828,57.1070057029644,56.0988396904767,56.99493302801193,23184000
2019-07-22,56.49357604980469,56.53374469444115,55.79931719223764,56.30810867401834,28914000
2019-07-23,56.93196105957031,56.97212970906677,56.178192587258984,56.703846866852054,20648000
2019-07-24,56.51936721801758,56.80351773742075,55.9629650578798,56.166782066704464,27192000
2019-07-25,56.331424713134766,56.71078898283292,55.724937510612726,56.48068849261149,54762000
2019-07-26,61.75063705444336,62.899637505813864,60.89669476444316,60.89669476444316,121216000
2019-07-29,61.58301544189453,61.937586892558215,61.0057855147217,61.615745870948935,41382000
2019-07-30,60.896690368652344,61.33853791873472,60.76378613660804,60.847097204406246,28616000
2019-07-31,60.41070556640625,61.23935558655443,59.91381293169934,60.74147169390751,39960000
2019-08-01,60.09233856201172,61.30828669649501,59.85529549111367,60.38244041742566,35426000
2019-08-02,59.32566833496094,59.9792628819517,59.01225682549291,59.656930052083304,34910000
2019-08-05,57.26421356201172,58.36164587535304,56.66913339378549,58.16774521908615,47840000
2019-08-06,58.07401657104492,58.58578561785265,57.600429870284124,57.7982955394837,36014000
2019-08-07,58.31353759765625,58.50991259599976,57.07031103119351,57.415457948557986,30686000
2019-08-08,59.815128326416016,59.81958898703626,58.21882095613926,58.835224475708635,30116000
2019-08-09,58.95771408081055,59.72933649805951,58.75885714546131,59.5076692799245,20418000
2019-08-12,58.24361038208008,58.7945567964756,57.95698174055042,58.51635763016774,22064000
2019-08-13,59.34600830078125,59.77744389378323,58.16874185281559,58.23618144876817,28434000
2019-08-14,57.735321044921875,58.65472037886696,57.57762400887697,58.32147609646405,35430000
2019-08-15,57.98674392700195,58.338833478015275,57.673336139235964,57.94261024465843,28506000
2019-08-16,58.4771842956543,58.706789142255424,58.169232238556425,58.55553907300545,24916000
2019-08-19,59.52997970581055,59.973813522953364,59.03209585106052,59.10300862264613,24450000
2019-08-20,58.6914176940918,59.40899011785179,58.667616151780344,59.2775765475695,20206000
2019-08-21,59.09062194824219,59.535942739720916,58.909123354248685,59.30088594309729,14152000
2019-08-22,59.08763885498047,59.44766221200768,58.462306455222475,59.20070279076517,17352000
2019-08-23,57.20619583129883,59.29344468909219,57.028662278630634,58.77274669404673,36254000
2019-08-26,58.07897186279297,58.11269354773847,57.26916714544354,57.49728131019381,21166000
2019-08-27,58.061126708984375,58.764314514394854,57.75069271231088,58.66513575010437,23460000
2019-08-28,58.206424713134766,58.44197711290288,57.53695860411005,57.76606404377272,16810000
2019-08-29,59.2225341796875,59.4680029662167,58.77820465196283,58.83473662804667,19636000
2019-08-30,59.03854751586914,59.52552378949316,58.80001756048857,59.52552378949316,18064000
2019-09-03,57.99814987182617,58.96664298757155,57.70854363220149,58.60810648275048,25908000
2019-09-04,58.62893295288086,58.758364003989946,58.09633609536328,58.48908990958668,21312000
2019-09-05,60.112674713134766,60.20243274849439,59.145664680442096,59.19376717840037,26394000
2019-09-06,59.82157897949219,60.150358819891544,59.66982949021051,59.96142202276999,18972000
2019-09-09,59.76950454711914,60.52724177884461,59.16946434430124,59.859262573889204,31854000
2019-09-10,59.790828704833984,60.00406644767936,59.31029939412183,59.31426820929978,27922000
2019-09-11,60.49996566772461,60.622454120354114,59.62122688756313,59.70106854982847,23522000
2019-09-12,61.24233627319336,61.6117803963693,60.626920181517946,60.67204890408515,31644000
2019-09-13,61.49325942993164,61.543843853790506,60.85106803599327,61.1005056186852,23676000
2019-09-16,61.07670593261719,61.44317628509797,60.7573430356787,61.01769203079815,28218000
2019-09-17,60.98991775512695,61.24381977351142,60.66609421799294,61.0767020090676,20806000
2019-09-18,61.12728500366211,61.305314179116046,60.32491842507922,61.00777409952357,17440000
2019-09-19,61.42979049682617,61.706998461766986,61.11043136375961,61.11092699278972,16554000
2019-09-20,60.987937927246094,61.63062495673353,60.677503925418364,61.1763790958977,37692000
2019-09-23,61.228450775146484,61.47590584591397,60.68742065329418,60.82577681081877,20798000
2019-09-24,60.41714859008789,61.84435184221623,60.035801848501244,61.49176671272495,35804000
2019-09-25,61.78633499145508,61.88948256524728,59.96439160709541,60.30210031254571,26798000
2019-09-26,61.6053352355957,61.7233630416262,61.08612790525921,61.59789701702102,23166000
2019-09-27,60.7950325012207,61.739228430196306,60.261936228243556,61.63211203323862,34122000
2019-09-30,60.556495666503906,60.8674252630036,60.17366204015003,60.52971657030249,24470000
2019-10-01,59.80570602416992,61.1376994390325,59.78339136996081,60.62344843370685,24504000
2019-10-02,58.41321563720703,59.446673938157964,58.1508841384443,59.33460125465061,33030000
2019-10-03,58.984004974365234,59.061860349759144,57.680281187008006,58.682000424357064,28368000
2019-10-04,60.05167007446289,60.12605603347726,59.06036300568549,59.22500261671592,24282000
2019-10-07,59.91728591918945,60.44591775673963,59.72438030235349,59.85529824338502,17040000
2019-10-08,59.018707275390625,59.848844132939014,58.986472477126554,59.44716525241089,20086000
2019-10-09,59.6271858215332,59.92770347506061,59.41493931712385,59.57412703300156,15948000
2019-10-10,59.977787017822266,60.282765324995786,59.402047721765705,59.438743185067274,12842000
2019-10-11,60.28722381591797,60.933879613135076,60.184571871183685,60.6998141106682,22330000
2019-10-14,60.38938522338867,60.791559777175,60.09730084134501,60.19697523733652,13296000
2019-10-15,61.60285568237305,61.845350682590826,60.545595793212456,60.57435740883413,27584000
2019-10-16,61.64053726196289,62.19544870511377,61.418866278631654,61.58152336884119,22986000
2019-10-17,62.12652587890625,62.66953850932055,61.98122713403828,62.05709998659484,20958000
2019-10-18,61.71046447753906,62.389846945762145,61.49871362002821,62.22025103490627,31624000
2019-10-21,61.704017639160156,62.161732887897436,61.4912755232847,61.92320671511835,18094000
2019-10-22,61.5512809753418,61.92469389924961,61.48433322932572,61.71393429825658,22862000
2019-10-23,62.36604690551758,62.38637904416191,61.50218828619417,61.50218828619417,21282000
2019-10-24,62.4394416809082,62.62738721875629,62.10421109911762,62.4394416809082,20224000
2019-10-25,62.69681167602539,62.880296548809305,61.945521387384986,62.086851313418414,27104000
2019-10-28,63.920684814453125,64.4294800447021,63.09402120180826,63.22741726239808,65428000
2019-10-29,62.51630783081055,63.51505323612081,62.26587519841063,63.27701889560473,52654000
2019-10-30,62.51828384399414,62.881284756738424,62.01990434289386,62.243058439881544,29204000
2019-10-31,62.42406463623047,62.80690207723711,61.96188494144521,62.4835741641349,31904000
2019-11-01,63.0910530090332,63.128247882999425,62.469193761287805,62.77119828011663,28812000
2019-11-04,63.951934814453125,64.09525103448014,63.28246873248054,63.28246873248054,30632000
2019-11-05,64.04269409179688,64.33031783464558,63.94054154310155,64.03079142816,25148000
2019-11-06,64.02136993408203,64.11955744935278,63.587955592244974,63.97574936306113,24626000
2019-11-07,64.81133270263672,65.59039331831046,64.15723868532784,64.1835183702277,45140000
2019-11-08,64.91349792480469,65.31567630818235,64.54256308883937,64.54256308883937,30392000
2019-11-11,64.38188934326172,64.71017734604172,64.26237843589956,64.6655404685864,17234000
2019-11-12,64.32881927490234,64.93084578823698,64.1815380183125,64.39626264933645,28852000
2019-11-13,64.27774047851562,64.59214327190867,64.0778922913603,64.12896855743497,20538000
2019-11-14,64.9209213256836,65.2467349264143,64.16665731618855,64.21922425111995,28948000
2019-11-15,66.13042449951172,66.13042449951172,65.05679393779715,65.21350347174067,39286000
2019-11-18,65.45104217529297,66.14927365407613,65.26855235059708,66.07091887799594,27984000
2019-11-19,65.0915298461914,65.78777136657258,65.05086556402681,65.78777136657258,21864000
2019-11-20,64.55941772460938,65.12226305261011,63.93210279744531,65.03052251032652,28892000
2019-11-21,64.47412872314453,65.01862446800423,64.00847203948294,64.42999125851563,25546000
2019-11-22,64.15328216552734,64.80935878570455,63.93954877129495,64.6159575316089,27776000
2019-11-25,64.74687957763672,64.98342706933691,64.24949498583105,64.28172979324741,23590000
2019-11-26,65.11186218261719,65.16194720019347,64.66753641859252,64.95862578876051,21910000
2019-11-27,65.0687026977539,65.34194936654697,64.93679729689542,65.23185920608975,18808000
2019-11-29,64.67000579833984,64.96060330050324,64.62735900315724,64.79448056426496,12802000
2019-12-02,63.91474533081055,64.73695217046216,63.4942173937447,64.59412779237636,26538000
2019-12-03,64.20633697509766,64.32982047875444,63.32908879632184,63.40892668143017,25270000
2019-12-04,65.40641021728516,65.67072799346127,64.61842074496396,64.76967458905614,35506000
2019-12-05,65.80413818359375,65.85472261326721,65.17732256641182,65.80612069976046,24408000
2019-12-06,66.42052459716797,66.57326153784028,66.01587196519705,66.09124539427988,32968000
2019-12-09,66.59906005859375,67.32109691536094,66.25589562423183,66.3942555651881,30842000
2019-12-10,66.59410858154297,66.84751500197275,66.15324845233398,66.44781856612988,17606000
2019-12-11,66.66155242919922,66.94123854037991,66.50534226526831,66.86239190658026,20480000
2019-12-12,66.87181091308594,67.17381167318545,66.36153246208066,66.60997502068224,29114000
2019-12-13,66.79146575927734,67.01362860346082,66.53310308380729,66.84254202624732,33170000
2019-12-16,67.47730255126953,67.61763743195066,66.9769367408565,67.19463514036022,28128000
2019-12-17,67.18917846679688,67.65730947093114,66.98486583558378,67.56209574408568,32948000
2019-12-18,67.04139709472656,67.4143143680724,66.96949684654093,67.29381221564596,23330000
2019-12-19,67.26604461669922,67.32010222500082,66.88469785220087,67.04139984132713,28922000
2019-12-20,67.0071792602539,67.64094112513031,66.98288209174912,67.59631181966746,50090000
2019-12-23,66.97794342041016,67.53434191535786,66.84752108889123,67.37962240894294,19936000
2019-12-24,66.67044830322266,67.04634683798014,66.65756195330837,66.95708067829791,13468000
2019-12-26,67.56507873535156,67.60128613780807,66.72403033918864,66.7756060246941,23662000
2019-12-27,67.17679595947266,67.79220832437919,67.09546739562148,67.64095444804676,23212000
2019-12-30,66.43640899658203,67.29382453157257,66.34367718193478,67.2844037964248,19994000
2019-12-31,66.42052459716797,66.48350351999262,66.06050126795084,66.24199981929917,19514000
2020-01-02,67.8730239868164,67.8730239868164,66.77262179859589,66.86783552352698,27278000
2020-01-03,67.5179672241211,68.12445823826381,66.81378810886194,66.84751358265558,23408000
2020-01-06,69.31758880615234,69.34287723228258,66.99627473144326,67.02751070483214,46768000
2020-01-07,69.18370056152344,69.59976407326137,69.00765768436452,69.44900962487809,34330000
2020-01-08,69.6761245727539,70.01383328257931,69.06071230813146,69.16931180182212,35314000
2020-01-09,70.4075927734375,70.84844534169663,69.93251531775391,70.51371035496315,33200000
2020-01-10,70.8623275756836,71.15888019723822,70.39816911178163,70.887623572567,26258000
2020-01-13,71.41128540039062,71.48318564833806,70.68429232295442,71.17423856104631,30730000
2020-01-14,70.94316101074219,71.54022369151787,70.80331039967703,71.40980138157744,26076000
2020-01-15,71.37012481689453,71.44847959482189,70.99621627063644,71.06365964443332,21550000
2020-01-16,71.91362762451172,71.94040671901234,71.40978868488912,71.6800539909866,26080000
2020-01-17,73.36959838867188,73.42067465653932,72.23051437982828,72.52755882003636,52424000
2020-01-21,73.5049819946289,73.88335497384024,72.90791179429193,73.34380799940449,48930000
2020-01-22,73.58531951904297,74.41397338110437,73.52532192544703,73.8759245867756,28458000
2020-01-23,73.62598419189453,74.06287927041319,73.40927702930324,73.7678173234847,26650000
2020-01-24,72.70757293701172,74.097581382054,72.559292859008,74.02914675123824,29786000
2020-01-27,70.99969482421875,71.2402073113937,70.3932038265922,70.99027408970458,34132000
2020-01-28,71.93050384521484,72.14373782775851,70.93175461327948,71.49609068205544,29724000
2020-01-29,72.23796081542969,72.60691311591184,71.6770979293156,72.32523692514812,21566000
2020-01-30,72.116455078125,72.16604067283447,71.16184346943253,71.31557167668379,27110000
2020-01-31,71.0517578125,72.88113570169328,70.76809913606537,72.79137767304688,43822000
2020-02-03,73.52233123779297,73.70581988228172,72.23348411673724,72.4834173068673,71636000
2020-02-04,71.67809295654297,72.7656014660211,70.51867661680065,72.12837384210876,95880000
2020-02-05,71.70982360839844,72.6287273771318,70.89803624268711,72.58062487826129,36376000
2020-02-06,73.19355773925781,73.4707694622342,71.92950709001718,72.00388927199774,37822000
2020-02-07,73.3492660522461,73.65374870960305,72.66988358975605,72.76807109346798,28360000
2020-02-10,74.81466674804688,74.82557815384178,73.15538394851609,73.25605339560026,38302000
2020-02-11,74.88410186767578,75.86698356490896,74.65549199773045,75.04328582881837,34852000
2020-02-12,75.30907440185547,75.39188605793423,74.81515553865327,75.17170572454793,31042000
2020-02-13,75.04922485351562,75.67207538277923,74.58356816841906,74.88111203769492,22914000
2020-02-14,75.31402587890625,75.37948673334321,74.66042372612603,75.1057482210196,23198000
2020-02-18,75.3492431640625,75.90068528400265,74.93119712969819,75.09633617170891,25642000
2020-02-19,75.61851501464844,75.90961191518042,75.42561318763357,75.73406088600595,22746000
2020-02-20,75.22774505615234,75.72761146175247,74.59645752229817,75.32791507548832,25962000
2020-02-21,73.56498718261719,74.92822421575049,73.31852714783577,74.61233071932669,42520000
2020-02-24,70.41104888916016,71.23028195609393,69.76290996883232,70.56924154888083,49560000
2020-02-25,68.747802734375,71.25358934741597,68.45522273304678,70.96349127440813,51580000
2020-02-26,68.95359802246094,70.10409286099708,68.26330414608108,69.17725154343258,49776000
2020-02-27,65.20854949951172,67.90873614395468,65.17334092529835,67.39994084412521,62290000
2020-02-28,66.41358184814453,66.57226632635177,62.89069714307615,63.19319723297606,80198000
2020-03-02,68.747802734375,68.80482655090657,65.71685370908082,67.01562107182778,55430000
2020-03-03,66.33771514892578,69.83233041381229,65.91718724409012,69.31114065170213,56602000
2020-03-04,68.51374053955078,68.57225502928063,66.30201692418471,67.39101599549596,47598000
2020-03-05,65.19913482666016,67.12670796663788,64.5485139115482,66.72601271363625,54380000
2020-03-06,64.25592803955078,64.6035493381855,62.34521781036266,62.9769971984103,64640000
2020-03-09,60.29119873046875,62.12305866079698,59.41097297068797,59.75413741242582,69252000
2020-03-10,63.23585510253906,63.26957678968302,60.22771640855486,62.20537437076088,54872000
2020-03-11,60.0486946105957,62.331330808488026,59.06879454018304,61.901881557171805,54732000
2020-03-12,55.121917724609375,58.95027701384307,54.96918076424431,55.67088167650658,94326000
2020-03-13,60.215824127197266,60.22227108794998,55.15861851087593,58.267922606953604,79400000
2020-03-16,53.2102165222168,56.80401064985068,52.91664149959942,54.03390642715951,96520000
2020-03-17,55.44474792480469,55.83849297321683,52.02501404698684,54.08498798539528,83194000
2020-03-18,54.11226272583008,54.79660524805218,51.424970078900834,52.56257095894629,93044000
2020-03-19,55.12786865234375,57.15808978102262,52.34487034827302,53.96497931020589,74064000
2020-03-20,52.972679138183594,56.45737823212612,52.66968337475193,56.08148339433845,82878000
2020-03-23,52.274452209472656,52.90821410094761,50.030002120502026,52.385533632275504,83672000
2020-03-24,56.037353515625,56.20199314271335,53.87621437902263,54.7465237525493,72468000
2020-03-25,54.629486083984375,56.838723734721434,53.70661363639943,55.76807440928379,90324000
2020-03-26,57.66936111450195,58.093854072789966,54.153917901971255,55.279116700352446,76562000
2020-03-27,55.057945251464844,57.08072809299469,54.747511270415124,55.91139183073007,62794000
2020-03-30,56.84566879272461,57.078247414984624,54.474269571410154,56.16777321835151,58736000
2020-03-31,57.62126159667969,58.1890670209297,56.37010109392205,56.96568065824295,65228000
2020-04-01,54.65329360961914,56.008097373392076,54.22632246793909,55.73931890160938,51970000
2020-04-02,55.3936767578125,55.678322926721385,54.20847268836694,54.54915520216464,56410000
2020-04-03,54.187137603759766,55.4809447712396,53.31336271403317,55.27861844766066,51374000
2020-04-06,58.674556732177734,59.049456548881885,55.78890642035224,56.18562904604569,63320000
2020-04-07,58.643310546875,60.5386486628773,58.37998779819019,60.35169060850497,61620000
2020-04-08,59.85529708862305,60.24705964616023,58.71224421750471,59.66189584651864,40334000
2020-04-09,59.83396530151367,60.59864505745454,59.132264469330266,60.40970828618216,54028000
2020-04-13,60.0244026184082,60.228219641111785,58.63191212805063,59.58255503814354,38702000
2020-04-14,62.7429313659668,63.26461680088407,60.923466061815894,61.49028400054519,63358000
2020-04-15,62.34968185424805,63.23288132977035,61.194230736716015,61.81460308752658,42236000
2020-04-16,62.35612487792969,63.14609692046677,61.40250825663297,62.837645447215486,57896000
2020-04-17,63.425785064697266,63.971275807142504,62.78111177962652,63.55967676795776,51050000
2020-04-20,62.54059982299805,63.3176779307609,62.307029946262375,62.97401789004605,35292000
2020-04-21,60.11117935180664,61.98766835322001,59.75611229250409,61.62615811769642,49648000
2020-04-22,62.404720306396484,63.469418241174125,61.352912506914855,61.546809349822276,46296000
2020-04-23,63.037498474121094,63.87954189042878,62.509861669657276,62.76822436937924,34202000
2020-04-24,63.30677032470703,63.361815406709226,61.69013080899274,62.23562155598527,37402000
2020-04-27,63.02212142944336,64.1745987676371,62.73449772386327,64.07045614945028,44186000
2020-04-28,61.12430953979492,63.71142467884531,61.0147150018543,63.63406872473429,80700000
2020-04-29,66.55889129638672,67.45002460634528,65.7927245869815,66.6987343327068,108358000
2020-04-30,66.78303527832031,66.94668363522894,65.53336173174351,66.02232428665536,55842000
2020-05-01,65.32608032226562,67.01760531854285,64.94622420976376,65.66180653739475,48872000
2020-05-04,65.60277557373047,65.6806384896869,64.26929936116116,64.87033448403963,30806000
2020-05-05,66.89807891845703,67.98856850629761,66.20431948237466,66.32680414700387,39666000
2020-05-06,66.7200698852539,67.87353868086379,66.70519344677658,67.34341989813494,31732000
2020-05-07,67.90277862548828,68.23603045485314,67.07264174294407,67.50754669271235,30652000
2020-05-08,68.64962005615234,69.25957668434151,68.03817275749519,68.52465344306268,33326000
2020-05-11,69.60421752929688,70.19632388908829,68.2112352957633,68.27520548318408,32718000
2020-05-12,68.19536590576172,70.13681640125114,68.16213984874989,69.833824423372,33918000
2020-05-13,66.86385345458984,68.6986942402572,65.8561832058867,68.24394907481845,40368000
2020-05-14,67.28687286376953,67.3121612901518,65.62262654118136,66.1294392946917,36660000
2020-05-15,68.09024047851562,68.16561392304912,66.40119733074029,66.86040707156998,41544000
2020-05-18,68.69126892089844,69.06715998167876,67.15496289864852,67.52094138012248,47094000
2020-05-19,68.15669250488281,69.05377345364818,68.12495711426654,68.70615212677366,31586000
2020-05-20,69.88043975830078,70.02276472704372,68.80235214483642,68.88863698818672,38262000
2020-05-21,69.76093292236328,70.24244974483369,69.14799496101227,69.9711931242331,30894000
2020-05-22,70.082763671875,70.26921852029433,69.22534831600099,69.61958897415187,28544000
2020-05-26,70.48593139648438,71.6632053320512,70.38824330390248,71.5069951861751,44590000
2020-05-27,70.43187713623047,70.68330099818472,69.15840585469878,70.41799195891424,31684000
2020-05-28,70.33071899414062,71.63096943029363,69.38057178014799,69.426192345688,35170000
2020-05-29,71.08845520019531,71.24763911516013,70.2186452926417,70.4393174660561,37044000
2020-06-01,71.15540313720703,71.48815557585249,70.53106194988158,70.70066543276502,25162000
2020-06-02,71.52435302734375,71.55857034348811,70.49783354301282,71.16184772780194,23442000
2020-06-03,71.37261199951172,71.85661074693132,70.99423898126727,71.5436985914345,27732000
2020-06-04,70.13533020019531,71.47526126931832,69.72423054944969,71.25011707361648,26982000
2020-06-05,71.41078186035156,71.72221085779697,69.80405884772759,70.201772677835,42642000
2020-06-08,71.8084945678711,71.85609764370997,70.64014967536586,70.72941584698744,33878000
2020-06-09,72.00884246826172,72.78840250945899,71.52682627591334,71.66965065277674,33624000
2020-06-10,72.63468170166016,73.03486997129616,72.12192132758686,72.47648902737328,31762000
2020-06-11,69.52042388916016,71.98505464439063,69.34735477136469,71.46088343383067,47144000
2020-06-12,70.06690216064453,71.1375515555571,68.7220148203328,70.70859413359544,36676000
2020-06-15,70.4546890258789,70.66594045276953,68.79143400610754,68.90499734928308,30468000
2020-06-16,71.73065185546875,72.26126242222357,70.86381565770579,71.85611030985311,30648000
2020-06-17,72.03164672851562,72.51068908187077,71.16828389233198,72.05148701806034,30610000
2020-06-18,71.11820983886719,72.05298121424725,70.72743476994945,71.8982617395041,34862000
2020-06-19,70.64810943603516,71.63296600472255,70.36841573973392,71.4098118560436,52784000
2020-06-22,71.93841552734375,71.9528001156062,70.37782012080314,70.66643504216344,29442000
2020-06-23,72.59896087646484,73.15536677281354,71.65774262823108,72.00487204800746,37752000
2020-06-24,71.04779815673828,73.18463264160842,70.91390265538281,72.56426402456245,31592000
2020-06-25,71.46434783935547,71.52484484122479,70.39518156341698,70.97439400933185,23958000
2020-06-26,67.56854248046875,71.26201482286062,67.19463394651147,71.04431642722474,97640000
2020-06-29,69.28585052490234,69.32701421353897,67.02850648187311,67.45944641414235,45074000
2020-06-30,70.32129669189453,70.61635863988086,68.77805172682511,69.27147878140379,40286000
2020-07-01,71.50897979736328,71.83032898693156,70.12938326370785,70.3768421161721,42182000
2020-07-02,72.89402770996094,73.81591270905315,71.9587569455247,71.99694685942596,57218000
2020-07-06,74.36784362792969,74.88110333771328,73.24363612265843,73.79756010607282,44712000
2020-07-07,73.88533782958984,75.44246780197778,73.87442642573149,74.19329366469888,42364000
2020-07-08,74.56373596191406,74.93913520411024,74.0033649498385,74.42488417311117,31766000
2020-07-09,75.31055450439453,75.83026118715777,74.16651424532147,74.87763207288506,41836000
2020-07-10,76.3197250366211,76.43527091513984,74.42092109962981,75.04228097916123,35918000
2020-07-13,74.99170684814453,78.17191999043621,74.71053006647314,76.86174923666793,42954000
2020-07-14,75.4196548461914,75.51585983280482,73.68747324161508,74.0276638809234,38108000
2020-07-15,75.2222900390625,76.18681428524529,74.2775985185989,75.53718469026553,31026000
2020-07-16,75.12508392333984,75.17417766907114,73.80350268613957,74.45957915498776,26484000
2020-07-17,75.2208023071289,75.54710778770762,74.29098718634621,75.22377608107477,34264000
2020-07-20,77.55104064941406,77.8074208084694,74.51910048084655,75.12905704307107,30166000
2020-07-21,77.15829467773438,78.7020391330596,76.99464629411698,78.60186910012267,27486000
2020-07-22,77.60112762451172,77.70675334704666,76.52898757148118,77.14787303751817,24482000
2020-07-23,75.2158432006836,77.87387489576915,74.81118295355448,77.65468582028785,33910000
2020-07-24,74.79234313964844,75.15038400386956,73.76979622867519,74.34504365729109,29902000
2020-07-27,75.84464263916016,76.24781222334954,74.9966555026243,75.0427754818971,27124000
2020-07-28,74.56620788574219,75.67503953138889,74.41098901045284,75.62495452502512,30910000
2020-07-29,75.55107879638672,76.03805134396887,74.53447933720477,74.6331662656274,22676000
2020-07-30,76.28797912597656,76.41294572195511,74.14568165173718,74.28453342504669,36042000
2020-07-31,73.78764343261719,74.63414743431856,72.10405616294213,74.2389154953102,91468000
2020-08-03,73.53026580810547,74.27262713004906,72.98278880477989,73.93889104491423,45482000
2020-08-04,73.06114196777344,74.04352386940299,72.6014404781927,73.72614732908357,37212000
2020-08-05,73.34828186035156,73.88931200767865,72.95800616932094,73.2357173222867,29134000
2020-08-06,74.63066864013672,74.6961294926301,72.99171836772238,73.20247794748174,33306000
2020-08-07,74.30438232421875,75.38147873345969,73.70433828894927,74.83350979435441,27718000
2020-08-10,74.22750854492188,74.73976942853685,73.26892434364396,73.92897345317232,20546000
2020-08-11,73.4201889038086,74.90293686647448,73.30365176800044,74.08766876140056,31098000
2020-08-12,74.74424743652344,74.96393594922627,73.64136312889204,73.74649701775965,22512000
2020-08-13,75.21087646484375,76.21855444545622,74.79233862250962,74.79233862250962,22388000
2020-08-14,74.61481475830078,75.36660452613891,74.33562050081562,75.06013175554337,21942000
2020-08-17,75.19054412841797,75.56446023024378,74.63315451205264,75.1771583632833,19990000
2020-08-18,77.15135192871094,77.23019855885632,75.45983443901895,75.68050663430974,28378000
2020-08-19,76.5974349975586,77.79999755631107,76.36882514998881,76.98820256502184,30472000
2020-08-20,78.16645812988281,78.36085063108287,76.0940857567351,76.36732488551415,26382000
2020-08-21,78.13274383544922,78.94155742131991,77.47517655139052,77.94578197707564,34838000
2020-08-24,78.6078109741211,79.77962926395986,78.10645386630996,78.9708081393401,25638000
2020-08-25,79.63432312011719,79.78457814472273,78.24728090400605,78.35737106631586,25150000
2020-08-26,81.53263092041016,81.96208775118443,79.39282281884792,79.65664120321837,52188000
2020-08-27,80.75853729248047,81.72405283891463,80.27701291660559,81.65561820356022,31350000
2020-08-28,81.29955291748047,81.39476664406783,80.61422293122781,80.80564164230469,22418000
2020-08-31,80.80862426757812,81.55098571536558,80.60034658249602,81.50486573387329,26422000
2020-09-01,82.07563781738281,82.280941701102,80.80861351008971,80.93903580626339,22652000
2020-09-02,85.16560363769531,85.5975348157348,82.32904722784718,82.71684094466416,49522000
2020-09-03,80.80762481689453,84.30323151911709,79.7265559132381,84.27942619556264,63726000
2020-09-04,78.41242980957031,81.07938305548198,76.26814951914791,79.7905357444449,55850000
2020-09-08,75.55553436279297,77.13993533300419,75.20344105449351,75.62496025313807,54032000
2020-09-09,76.72734832763672,77.29713244236171,75.63338552792708,76.81015997905173,39242000
2020-09-10,75.6770248413086,78.0380120006391,75.37700663755594,76.87363960393168,33024000
2020-09-11,75.166748046875,76.30434137046228,74.03906730255125,75.78116905727127,30706000
2020-09-14,74.82308197021484,77.21183946322891,74.63860963235427,75.95472771220844,42660000
2020-09-15,76.1268081665039,76.91380642864527,75.48115117831345,75.76827546976736,23042000
2020-09-16,74.98474884033203,77.08141822427109,74.95995225886935,76.49179380537119,22128000
2020-09-17,73.74251556396484,74.31875423371972,72.52359367520403,73.68151914994446,40008000
2020-09-18,71.95974731445312,74.14717354274497,70.99423184511045,73.80500039329375,63056000
2020-09-21,70.92086029052734,71.41278918687733,69.55911369310633,70.99425122999449,56908000
2020-09-22,72.39266967773438,72.59847297958909,70.88909790425686,71.92156489906783,33950000
2020-09-23,69.891845703125,72.05844057241953,69.55910082477837,72.00934681768462,37726000
2020-09-24,70.55982208251953,71.31012111863477,69.53281074002145,69.55909799295081,34552000
2020-09-25,71.36318969726562,71.70436404875389,69.8070508636011,70.66843135233466,30326000
2020-09-28,72.33514404296875,73.04577000235808,71.72122247765688,72.9961844081179,30784000
2020-09-29,72.70014190673828,72.99668695835517,72.1040628957375,72.59550743432801,31816000
2020-09-30,72.6792984008789,73.70085393963538,72.19133469589396,72.44820668393999,40924000
2020-10-01,73.78516387939453,74.14073037908443,73.23471303836575,73.57490368942042,32884000
2020-10-02,72.18339538574219,73.34529333602387,71.7742783075214,72.38324355843328,31222000
2020-10-05,73.53375244140625,73.6264842512072,72.40607158601448,72.53302071478075,21602000
2020-10-06,71.95629119873047,73.61755643574848,71.65825547079119,73.17025692104377,26096000
2020-10-07,72.35894775390625,72.84641961122173,71.07406570647528,72.36737722907078,36108000
2020-10-08,73.56350708007812,73.79161750074745,72.67187424954838,72.67187424954838,26076000
2020-10-09,74.90342712402344,74.97285301834012,73.74053771907792,74.03113521720735,32966000
2020-10-12,77.58822631835938,78.76995701320932,75.83818706732326,76.26962637160483,55344000
2020-10-13,77.71121978759766,78.60830825072733,77.29268191848519,78.2041474056117,39072000
2020-10-14,77.53118896484375,78.54332368699805,76.66137918522789,78.08462104375914,33174000
2020-10-15,77.13597106933594,77.92594312364784,76.42485320690311,76.59196719094011,31210000
2020-10-16,77.74246978759766,78.23886306630772,77.24458583838096,77.45137286175847,34194000
2020-10-19,75.87042999267578,78.5473107543964,75.52181743296583,78.15058813294185,29734000
2020-10-20,76.91827392578125,78.04694597778177,75.40180813556019,75.53123918577117,41670000
2020-10-21,78.64947509765625,80.09503208966102,77.71470357048726,77.84909092890811,60322000
2020-10-22,79.67449188232422,80.00971867518831,78.22745200812956,78.6003693037984,30512000
2020-10-23,80.97970581054688,81.0362377810544,79.93483669697007,80.09055499720758,30548000
2020-10-26,78.5651626586914,80.81109596389342,77.7464289699495,80.08807542144447,35826000
2020-10-27,79.28868865966797,79.4434081514448,78.20316272181296,78.79526915461666,25902000
2020-10-28,74.92078399658203,77.05365336346415,74.80573753596516,76.86521597799047,45174000
2020-10-29,77.20589447021484,78.78583097305014,75.20592187839175,75.22922779001276,55406000
2020-10-30,80.14311218261719,83.37689063114517,79.42207419697557,82.68857929063469,99878000
2020-11-02,80.55025482177734,82.23235142341763,80.05038085259652,80.51157306203328,44228000
2020-11-03,81.60850524902344,82.27003752125272,79.94475820536469,80.86961702118651,31432000
2020-11-04,86.57693481445312,87.77602383653395,84.45199585367426,84.57993621429006,71342000
2020-11-05,87.40261840820312,88.85660464736164,86.33791656920567,87.79685909810694,39758000
2020-11-06,87.2652587890625,87.70016376285554,86.12220215146095,86.8491952834686,28622000
2020-11-09,87.34905242919922,90.09981569190971,87.1571418807164,89.0628918684201,53440000
2020-11-10,86.17378234863281,87.24790499621608,85.10263347510187,85.77954163133082,43022000
2020-11-11,86.64537048339844,87.42244095604703,86.4385759389556,86.70338555062531,31838000
2020-11-12,86.42667388916016,87.52559292434917,86.18616144298254,86.38600961715265,26474000
2020-11-13,87.88661193847656,88.12811565464587,86.08748643492731,86.68355780156224,29744000
2020-11-16,87.97439575195312,88.98157439814365,87.34459885703573,87.48395005570929,25468000
2020-11-17,87.36096954345703,88.12862699809808,87.25336129641464,87.66842600178109,21314000
2020-11-18,86.31856536865234,87.52658328875724,86.21591343184126,87.11201051019275,20108000
2020-11-19,87.20772552490234,87.4517111808944,85.79192921661566,85.95111313440208,20106000
2020-11-20,86.10733032226562,87.69322208223674,86.03889568471133,87.37782799467588,27694000
2020-11-23,85.66993713378906,86.58388452691703,84.80806483367506,86.29775148895854,22530000
2020-11-24,87.47206115722656,87.60000155893837,85.33125381680163,85.66698008502672,27984000
2020-11-25,87.48345947265625,87.79339787805034,86.70142494635061,87.66595689602771,19600000
2020-11-27,88.6185531616211,89.11396262234416,87.50376648047946,87.50376648047946,14790000
2020-11-30,87.00093841552734,88.28730367623308,86.67562420794934,88.05472883709749,32418000
2020-12-01,89.03215789794922,90.33935486908295,87.42890770924123,87.60892319923718,37350000
2020-12-02,90.5005111694336,90.88583053694929,88.52682579597574,89.03214790983743,29424000
2020-12-03,90.34529876708984,91.4357808641382,90.10527814356266,90.28082916707561,24728000
2020-12-04,90.44052124023438,90.72516363204076,89.93618277474572,90.26497019974981,20544000
2020-12-07,90.10678100585938,90.71475514356123,89.41301386066174,90.03338250764901,22288000
2020-12-08,89.82411193847656,90.0542124428041,88.82983471238774,89.68476829721273,19936000
2020-12-09,88.16432189941406,90.66912483380474,87.3778230247118,89.77600140990651,31728000
2020-12-10,87.65800476074219,88.02199315546525,85.96598802674157,87.40757214922617,28688000
2020-12-11,88.0125732421875,88.13704799737961,86.91861796512762,87.27864133152798,18628000
2020-12-14,86.89481353759766,88.75642621466821,86.7395946512999,87.81025159464944,33050000
2020-12-15,87.33220672607422,87.4770060641718,86.36966493036442,87.27170215315259,21352000
2020-12-16,87.13928985595703,87.7304049543823,86.73612785383081,87.7304049543823,24676000
2020-12-17,86.31212615966797,87.61139288477847,85.84796774736196,87.4735323654879,34880000
2020-12-18,85.60348510742188,86.7014130032397,85.04708672490963,86.59281350662172,85256000
2020-12-21,86.01705932617188,86.13806088707005,84.00568362055076,84.7559825869956,33974000
2020-12-22,85.30593872070312,85.92035967123091,84.5898570912219,85.7577025849054,20370000
2020-12-23,85.70315551757812,86.49064556694626,85.3545354259629,85.48992157545021,22974000
2020-12-24,85.99722290039062,86.40633997321149,85.51074231650904,85.74133461268124,9312000
2020-12-28,87.97090911865234,88.61756486730043,86.37708759430448,86.5303163813266,27650000
2020-12-29,87.16757202148438,88.6904849203258,87.0361584425288,88.62899665277278,19726000
2020-12-30,86.10088348388672,87.66346933235681,85.69176632843582,87.52660005705403,21026000
2020-12-31,86.91365814208984,87.15466244553635,86.09293444461045,86.15145649430762,21070000
2021-01-04,85.59902954101562,87.402120207572,84.65731177627322,87.27864427300177,37324000
2021-01-05,86.28932189941406,86.62553994719731,85.14130899599806,85.547452346587,20360000
2021-01-06,85.43785095214844,86.48371128165162,84.10983019384653,84.31612534175449,46588000
2021-01-07,87.9897689819336,88.16233866820387,85.63026481011545,85.63026481011545,41936000
2021-01-08,89.15464782714844,89.23052068427735,87.33914739180136,88.12961892067057,35484000
2021-01-11,87.09466552734375,88.4876553992653,86.8888697766191,88.1226681566943,34796000
2021-01-12,86.15939331054688,87.67040339276643,85.11552300350571,86.55264274953645,29528000
2021-01-13,86.64636993408203,87.09962451285838,85.65803281300867,85.65803281300867,23432000
2021-01-14,85.8365707397461,87.65306251889939,85.59605823573504,86.7267129273927,29212000
2021-01-15,85.67291259765625,86.6647153768153,84.88393935871447,85.74233848952319,31444000
2021-01-19,88.49211120605469,89.45267036457545,85.93127591068698,86.43560673566675,41660000
2021-01-20,93.2329330444336,94.20737744445935,90.2297543947526,90.56993747642771,64152000
2021-01-21,93.43524932861328,95.81210413081008,93.20019257350067,93.90636166357693,58634000
2021-01-22,93.8523178100586,94.4389685259167,93.05589873468317,93.79776835100945,32744000
2021-01-25,93.9375991821289,95.30331799676104,92.19599688493652,94.8530372036717,50586000
2021-01-26,94.6155014038086,95.00230386878823,93.03754741432294,93.5265024141675,31462000
2021-01-27,90.20149993896484,93.25278160125363,89.12737718111522,92.9770605069991,82512000
2021-01-28,91.90043640136719,93.6256714666654,90.7995348638594,90.7995348638594,55278000
2021-01-29,90.61902618408203,91.61975778123126,89.33960734800256,90.94929666786128,44530000
2021-02-01,93.87760925292969,94.99189672698161,91.47347570612914,91.47347570612914,40252000
2021-02-02,95.16943359375,96.66953234686342,94.53715474973095,94.87238913054661,66332000
2021-02-03,102.10014343261719,104.4675776467,99.85222011919001,102.43388711910048,97882000
2021-02-04,101.83980560302734,102.61687621970769,100.92089428767255,102.18643566787544,48596000
2021-02-05,103.58536529541016,103.9379504485251,101.6597824251192,102.13386099437315,29866000
2021-02-08,103.37162780761719,104.88313720480986,102.32181002045341,104.13928516789632,28828000
2021-02-09,102.91887664794922,104.06539887651223,102.65158507922345,102.88961562155747,21892000
2021-02-10,103.46883392333984,104.08375438993346,101.77086950936979,103.30320303558659,25102000
2021-02-11,103.58139038085938,103.84173555256167,102.5950434217079,103.69297120693396,20480000
2021-02-12,103.89282989501953,104.1144933325463,102.82861990262512,103.13608390402558,18990000
2021-02-16,104.669921875,106.37780657667602,103.73018651579002,103.73018651579002,31004000
2021-02-17,105.0626449584961,105.25208113885203,103.56155523808584,103.84074186921876,20294000
2021-02-18,104.42740631103516,105.22978044150346,103.8085208383096,104.38724144669854,22546000
2021-02-19,103.5843734741211,105.06067434938426,103.31758131898079,104.52559936877174,37938000
2021-02-22,101.87104034423828,103.16386022134958,101.5606101179122,101.83831369636844,29466000
2021-02-23,102.1616439819336,102.77557323229442,98.69578961173092,99.87405494181063,34658000
2021-02-24,103.33642578125,103.56007930549984,100.54549736259403,100.66996455548863,22608000
2021-02-25,99.97123718261719,103.29625677290161,99.50211491084727,101.95385140255122,41548000
2021-02-26,100.26679229736328,101.98310623375514,99.23036023728218,100.66549742752122,40042000
2021-03-01,102.63471984863281,102.96052588335621,100.88716247321571,101.56059734973552,26060000
2021-03-02,102.37784576416016,103.87844380430377,101.99055145272833,102.39569597381312,25564000
2021-03-03,99.74609375,102.94862088260737,98.88272328965242,101.75647818822056,33892000
2021-03-04,100.86286163330078,102.87919359108754,99.44953981946315,99.91767079492536,49216000
2021-03-05,103.99398803710938,104.44674319929116,100.55788705118852,102.21271269276662,53100000
2021-03-08,99.55220794677734,104.82066100973701,99.43765332889343,103.34883204318703,36868000
2021-03-09,101.1817398071289,102.35008494397798,100.94569176049765,101.64739650665258,33920000
2021-03-10,100.97493743896484,102.22510279057674,100.13884547232114,102.22510279057674,27100000
2021-03-11,104.16606903076172,104.69817024362116,101.97964153853603,102.06741705146506,27702000
2021-03-12,101.6597900390625,103.02897463234642,100.78799753105496,102.96946888396107,33818000
2021-03-15,101.87995910644531,101.90723004915033,100.5583853117007,101.41083684371416,26168000
2021-03-16,103.34040069580078,104.81768533806229,102.12047992122729,102.45273295151992,31900000
2021-03-17,103.25757598876953,104.0896954073164,101.36819296395524,102.57571159931345,26382000
2021-03-18,100.23853302001953,102.58960018110442,100.13141662467372,101.56952763068206,31700000
2021-03-19,100.51722717285156,101.0170935919781,99.32557619974676,100.65459585242806,46072000
2021-03-22,100.70219421386719,101.57745981871109,99.87453168948488,100.55044851754279,33536000
2021-03-23,101.2298355102539,102.35949880770968,100.56880265494154,101.1614008768052,28510000
2021-03-24,100.7934341430664,102.53255438518828,100.61837498384067,101.74704687448738,25218000
2021-03-25,100.78997802734375,101.44357268903416,98.98638031979517,100.62087395330168,35616000
2021-03-26,100.40664672851562,101.1336323017579,99.37119832005897,100.75674996559889,27978000
2021-03-29,101.45101165771484,101.62061514543679,99.45054707058068,100.2792009272737,26492000
2021-03-30,101.48472595214844,102.28808372412591,100.97295690505184,101.80755821783723,27312000
2021-03-31,102.2806625366211,103.45793660271161,101.51102253861231,101.87799232569182,42570000
2021-04-01,105.6160888671875,105.91214206933007,103.71431119831864,103.7549754771254,39880000
2021-04-05,110.03852844238281,110.53592048261828,106.38125583923181,106.47746082606572,48510000
2021-04-06,109.55750274658203,110.48682596318324,109.18706739203486,109.63982255502079,35240000
2021-04-07,111.03380584716797,111.30506244729017,109.74793242768109,109.74793242768109,24134000
2021-04-08,111.5991439819336,112.65839021229614,111.23118294546491,112.27207955187752,28664000
2021-04-09,112.60284423828125,112.76649260885407,110.94603596033518,111.35168748380296,26146000
2021-04-12,111.3110122680664,111.91947814319695,110.4778940603642,111.78211703998792,25024000
2021-04-13,111.79749298095703,112.24579128521644,111.23315696050524,111.6269058095295,25682000
2021-04-14,111.17662048339844,112.44216174007808,110.88453990540746,112.44216174007808,21002000
2021-04-15,113.32585906982422,113.8589591031954,111.63583238423234,112.1704155210859,29174000
2021-04-16,113.20189666748047,113.77168844347308,112.61524593773012,113.52373772680629,26282000
2021-04-19,113.54951477050781,114.26014079100582,112.57854354901255,112.57854354901255,30290000
2021-04-20,113.01641845703125,114.00772178331093,111.93089265988128,113.9328401922627,22288000
2021-04-21,112.98368835449219,113.06550874851278,111.32092512104474,112.67126807997798,23204000
2021-04-22,111.7027816772461,113.50587995571698,111.09778136352259,112.83740129654701,24146000
2021-04-23,114.0538558959961,114.36082051609826,112.1357110382655,112.42085284760091,29066000
2021-04-26,114.54975128173828,115.27377066190553,113.92441882355446,114.28146844023216,32038000
2021-04-27,113.61001586914062,114.97225396912138,113.37098650498807,114.93158969348886,44386000
2021-04-28,116.98512268066406,120.57247005777245,116.69650771409113,118.6444052488308,81106000
2021-04-29,118.65729522705078,119.22262247919515,117.71954253961522,118.48224361950828,41234000
2021-04-30,116.71039581298828,118.1162720240264,116.36624012534263,117.43044257709242,44856000
2021-05-03,116.19365692138672,118.10138954221922,115.81776586416933,117.2762089404866,28242000
2021-05-04,114.39602661132812,115.29658074496845,111.90908129254251,114.72927091275335,44818000
2021-05-05,114.78975677490234,115.7929627021669,114.46791577667229,115.47707681798022,26636000
2021-05-06,115.90950012207031,115.90950012207031,113.71216140342943,114.3712116819427,25190000
2021-05-07,116.63250732421875,117.59059199507344,116.34637434147012,117.22561240312609,28898000
2021-05-10,113.648193359375,115.59460767080654,113.290644369783,115.45277455769148,30914000
2021-05-11,112.57259368896484,113.07940650319262,110.78040678264628,111.23416080961009,34186000
2021-05-12,109.1106948852539,111.47763718701425,108.78191506462665,110.39706768816423,46376000
2021-05-13,110.53840637207031,111.05414048585153,109.43154957142508,110.39359947423983,33204000
2021-05-14,112.98517608642578,113.29957888960938,111.577809256897,112.00131096781348,31996000
2021-05-17,113.50785827636719,113.55050506879931,111.85105006420112,112.25074645700623,21598000
2021-05-18,112.19619750976562,114.43817329757108,112.18231233154226,114.17385549892235,22204000
2021-05-19,112.64398956298828,112.8170586512996,110.35987410043673,110.50814660767092,23684000
2021-05-20,114.4019775390625,114.65240260155116,113.24007940429303,113.61101419771367,32352000
2021-05-21,113.7662124633789,114.99407073122583,113.52669126628258,114.92067224724799,40632000
2021-05-24,117.08429718017578,117.30794312536561,114.65041093317832,114.79570966912145,31832000
2021-05-25,117.17505645751953,118.22289182744397,116.7847807808758,117.62781165530731,22440000
2021-05-26,118.03990173339844,118.47034224534134,117.35307349417839,117.35604726795344,21572000
2021-05-27,117.1656265258789,118.47331515824983,116.84725869661128,118.47331515824983,35224000
2021-05-28,116.87651824951172,117.82963927117555,116.67816071964592,117.74781887099097,21482000
2021-06-01,118.0830307006836,118.30767545540135,116.74905491589836,117.74879520281785,23354000
2021-06-02,117.55789184570312,118.70094093106418,116.65385700275765,118.478278661861,21158000
2021-06-03,116.41681671142578,116.88494774617168,115.52121891925472,116.3250761646754,18696000
2021-06-04,118.69745635986328,118.96822109902912,117.15222909034824,117.49241971560096,24458000
2021-06-07,119.1303939819336,119.23999231025896,118.07412912075807,118.49266700644799,24120000
2021-06-08,118.93897247314453,119.98433347180782,118.75747389251524,119.61191557625074,24240000
2021-06-09,119.41007232666016,119.65504166013505,118.86259530140607,119.58314141281689,17942000
2021-06-10,120.75843811035156,120.80158431684347,119.20378994220064,119.35950068179913,25904000
2021-06-11,120.51395416259766,121.08522897452744,119.95655696176605,120.99993539094038,21958000
2021-06-14,121.44178771972656,121.44227956527116,119.90895486343989,120.61610768688743,22098000
2021-06-15,120.42418670654297,121.76906634678457,120.06366395354094,121.44623409294725,21562000
2021-06-16,119.78250122070312,120.88687610628577,118.49068020896921,120.5754470648677,26472000
2021-06-17,120.74554443359375,121.51815815207105,119.51223788888802,119.70812106140869,25842000
2021-06-18,119.12641143798828,120.6061778242269,119.03119771508092,120.37211233184087,46116000
2021-06-21,120.81397247314453,120.99993548875224,118.91566055698493,119.51273077628596,27414000
2021-06-22,121.32772064208984,121.39665468442757,120.07160770069062,120.75198140176597,22390000
2021-06-23,121.1258773803711,122.08643646151631,120.83577935170511,121.09265132674616,19148000
2021-06-24,121.49584197998047,122.04678467759501,121.29748444838773,121.69419951157322,21362000
2021-06-25,121.50426483154297,121.62774832820787,120.5685022175003,120.99993398696205,34594000
2021-06-28,121.53154754638672,121.77850698140655,120.4103137257864,121.67287369057478,28526000
2021-06-29,121.27020263671875,122.0125716067318,120.69347211365788,121.66494274006068,23108000
2021-06-30,121.08870697021484,121.25483726670456,120.35973131531956,120.99448449461066,24474000
2021-07-01,121.44078826904297,121.58211440160566,120.53527041512392,120.72718096682148,18110000
2021-07-02,124.23072814941406,124.37602688380984,122.0507477211,122.14050574564968,25982000
2021-07-06,125.15559387207031,125.39164190205774,123.56126516970392,124.61852879829608,26404000
2021-07-07,125.437255859375,126.24061363873932,125.11888803471057,126.11961963968089,24060000
2021-07-08,124.01897430419922,124.56595191385976,123.00535637400418,123.00932140551045,23790000
2021-07-09,124.4896011352539,124.70382636334314,123.53052498165191,124.00014669515204,18632000
2021-07-12,125.93465423583984,126.02788545144588,124.581337423186,125.14369092382793,17668000
2021-07-13,126.29765319824219,127.00777981268853,125.63612092477611,125.99713556323269,19240000
2021-07-14,127.1858139038086,128.2663910341705,126.865955385297,126.90910159126689,23742000
2021-07-15,125.96391296386719,127.64501842152565,125.49280814322165,127.59444156322091,24218000
2021-07-16,125.92919921875,126.7638005858177,125.11939443436253,126.61651932695658,20424000
2021-07-19,123.55680847167969,125.17047048995204,122.49259846899817,125.05591587763702,27968000
2021-07-20,125.1749267578125,126.00159043894895,123.33116437738677,124.49851053248894,26312000
2021-07-21,126.50345611572266,126.55006794062126,124.99045595333612,125.09955486427575,20746000
2021-07-22,127.3687973022461,127.42980128632463,126.45386617760096,126.7960393554764,14302000
2021-07-23,131.92465209960938,132.30550704776215,128.73650906326645,129.36133455179797,41506000
2021-07-26,132.93629455566406,133.13663460885186,131.2169991619108,132.2355886482273,30572000
2021-07-27,130.8187713623047,133.29729444563313,129.0375036233096,133.1500131960715,54710000
2021-07-28,134.9783935546875,137.16333785236336,134.1685888131194,135.19460884795575,95130000
2021-07-29,134.66448974609375,135.54074659888502,134.43191491467985,135.03393383670254,31716000
2021-07-30,133.6221160888672,134.1953809902093,133.15448447715994,133.92808941978942,25576000
2021-08-02,133.7490692138672,134.22711280471987,132.6972613245468,134.00941440487134,21634000
2021-08-03,134.51820373535156,134.61935743991575,132.2266425296642,134.02725111270541,20762000
2021-08-04,134.01783752441406,134.53754419070725,133.38456751331833,134.24000035779645,19676000
2021-08-05,135.1345977783203,135.2323009960872,133.74061681615711,134.56827929751879,17870000
2021-08-06,134.62582397460938,135.35381597219683,134.1016679203012,134.92684860507694,20488000
2021-08-09,135.7906951904297,136.0594850166339,134.23009186471586,134.82816095664558,17760000
2021-08-10,135.68557739257812,136.64316290986423,135.2466997947702,136.21618040832792,19414000
2021-08-11,135.16189575195312,136.55387918721985,135.15444996704406,136.05699411421284,15352000
2021-08-12,136.0693817138672,136.1745155860973,134.31538491071916,134.86086429616063,16506000
2021-08-13,136.59849548339844,136.72645098219778,135.90969991008646,136.12491636761754,15948000
2021-08-16,137.17575073242188,137.22832524277518,134.1899301812805,136.39768127335614,22384000
2021-08-17,135.54124450683594,137.1320999211298,134.96649653381414,136.62082272063034,21716000
2021-08-18,134.3386993408203,135.98063113741676,134.21224206544025,135.38107897385382,19258000
2021-08-19,134.5677947998047,135.234782779033,133.1495240793781,133.33350458588953,21782000
2021-08-20,136.30296325683594,136.42643919078785,134.1413247592316,134.8851768373789,31194000
2021-08-23,138.8935546875,139.71971902868404,136.47950099945666,136.83853312618544,28454000
2021-08-24,140.10354614257812,140.9153334065435,139.1881081082897,139.45886528917006,19268000
2021-08-25,140.9143524169922,141.02395074867366,140.21712723901703,140.46407912749783,15848000
2021-08-26,140.28106689453125,141.2500479016059,140.19824011481427,140.58802387845228,20610000
2021-08-27,142.82354736328125,143.3278781659032,140.33709435382934,140.49132196701825,28780000
2021-08-30,143.40525817871094,144.77395084299167,142.98125704674328,143.2163138187646,24434000
2021-08-31,143.51136779785156,143.98148131585134,143.0982932268432,143.9571917138558,22448000
2021-09-01,144.02513122558594,145.05511631686906,143.69585198821633,143.8113978553602,21936000
2021-09-02,142.11244201660156,144.32663982177834,142.01127317307444,144.02563035315396,32342000
2021-09-03,142.5612335205078,142.9733244158988,141.23320515681903,141.90763889729274,19850000
2021-09-07,143.09779357910156,143.37996157191282,142.44171705325797,142.65545041675884,20124000
2021-09-08,142.5131378173828,143.2163256757529,141.8278077374024,142.91879692732815,18344000
2021-09-09,142.36436462402344,143.12755759724692,142.0038493948319,142.66140907531098,15314000
2021-09-10,139.72120666503906,143.53220739667623,139.58433740573318,143.030343356749,36840000
2021-09-13,141.16578674316406,141.77821775342676,140.09215589506022,140.7859154673757,22094000
2021-09-14,141.37603759765625,142.18784010424207,140.58805555163053,141.8233446832824,19674000
2021-09-15,143.24557495117188,143.2663989340108,140.18883824930154,141.60116132377672,27408000
2021-09-16,142.4327850341797,143.1171313122396,141.23419535655154,142.77049372933465,26190000
2021-09-17,139.6458282470703,142.27409944382737,139.31853152816512,141.8580435231661,53384000
2021-09-20,137.58236694335938,137.86056989011584,135.2045285382964,137.028942390243,46518000
2021-09-21,137.89332580566406,138.86380522550456,137.1445098358899,138.60394429145055,25332000
2021-09-22,139.13357543945312,139.73212885375122,137.41577814102456,138.16211224583924,25056000
2021-09-23,140.0584259033203,140.534986416547,139.25060362210317,139.83179860304818,20952000
2021-09-24,141.04922485351562,141.16378703061662,139.0914071880992,139.3864691123975,22984000
2021-09-27,139.91558837890625,140.77498621502428,138.91932129401908,139.6502793563309,21882000
2021-09-28,134.71656799316406,137.95628643744843,134.25041949465725,137.51840770698303,45772000
2021-09-29,133.25218200683594,136.02675103167505,132.76769140885952,135.85714754159193,30848000
2021-09-30,132.5802459716797,134.4314470241195,132.46123446054617,133.16095676837548,37996000
2021-10-01,135.42373657226562,135.78823199119176,132.9739823084811,133.3454089668454,35360000
2021-10-04,132.5638427734375,134.84597552340657,129.97573673510337,134.84597552340657,51202000
2021-10-05,134.90797424316406,136.09963269834668,132.9422266108893,132.9422266108893,32404000
2021-10-06,136.43734741210938,136.62082849904496,133.44706273306846,133.64542025587158,24364000
2021-10-07,138.08375549316406,138.89405973958108,137.51445558203253,137.75347740127893,25110000
2021-10-08,138.63966369628906,139.180678709359,138.0763113266695,138.43286154368056,26526000
2021-10-11,137.77529907226562,139.55856466782143,137.72074204736637,138.15020647249565,17954000
2021-10-12,135.3304901123047,138.36342140161824,134.64712752694697,138.33663473843401,36332000
2021-10-13,136.45420837402344,136.86878120226152,135.39991852664056,136.27617541967604,19654000
2021-10-14,139.9939422607422,140.17890644011712,137.68700521186503,138.33068721492134,31894000
2021-10-15,140.2091827392578,140.55631979319722,139.60121618297967,140.45366783413928,30274000
2021-10-18,141.60760498046875,141.62546275603327,139.9131139513097,139.92006032333015,20396000
2021-10-19,142.06285095214844,142.4848695628123,141.43107913400408,142.21211472454237,20164000
2021-10-20,140.60687255859375,142.3693139266215,140.2175881873202,142.163011218959,23288000
2021-10-21,140.72293090820312,140.99072189641535,139.3482906803263,140.6068856243596,26292000
2021-10-22,136.43881225585938,139.43057963798353,134.94069634303045,138.00932782246812,50588000
2021-10-25,136.32029724121094,136.86875790085557,134.31387042474105,136.42244976052888,34412000
2021-10-26,138.1665496826172,138.9346913152146,137.17078194335667,138.1219203768164,49236000
2021-10-27,145.0189208984375,147.4314763034353,138.26226450047915,138.26226450047915,85782000
2021-10-28,144.65345764160156,145.95173330507313,143.44147439811337,145.92842739017055,36206000
2021-10-29,146.83242797851562,147.02682046055673,143.46377046547764,143.8887552596137,43320000
2021-11-01,142.32069396972656,146.83241520559218,142.05141992285428,146.83241520559218,46924000
2021-11-02,144.2403564453125,145.4072108702752,143.15234864828975,143.3943518013393,33482000
2021-11-03,145.3962860107422,145.46670314849044,143.40573442140956,144.7044940054235,27494000
2021-11-04,147.0521240234375,148.5061103237096,145.10868328164617,145.918488091667,38412000
2021-11-05,147.6318359375,149.0952354055238,146.9822063116092,147.94672303683166,38354000
2021-11-08,147.80935668945312,149.38037183168208,147.21376959274264,148.59683920952253,23052000
2021-11-09,147.69778442382812,148.60627612949312,146.03799485146035,148.00970530712945,19530000
2021-11-10,144.6975555419922,146.8562275981602,143.35268347985377,146.2908928159798,29970000
2021-11-11,144.5716094970703,146.32612090055292,144.40696987833476,145.28869002419106,16518000
2021-11-12,147.45924377441406,147.62984607624279,144.21902587009922,145.41365059304397,22360000
2021-11-15,147.23509216308594,148.32359927216987,146.36528227383033,147.67991725355816,23508000
2021-11-16,146.66383361816406,147.5430567260628,146.10494573454355,146.93509022325514,18904000
2021-11-17,146.83340454101562,147.34170037420662,146.033028153426,146.8140636628539,19594000
2021-11-18,148.61024475097656,149.3461667867612,146.67226728662533,147.0263355590037,35608000
2021-11-19,147.70571899414062,149.7290051929881,147.67844804906963,148.7461161421964,33682000
2021-11-22,145.1027374267578,148.60131822577375,144.94950861350554,148.10839815896483,30594000
2021-11-23,144.58702087402344,145.45782982976866,142.9336930417429,144.95498196176936,27218000
2021-11-24,144.9221954345703,145.05063520690538,143.18952217259164,144.280995397565,18040000
2021-11-26,141.0175018310547,143.37253416299765,140.67979308519273,143.16524773270095,30470000
2021-11-29,144.33755493164062,145.0982659592094,142.7139652055701,142.81959849591408,32596000
2021-11-30,140.7343292236328,144.80319311094968,140.44075042064517,143.81981989380787,42068000
2021-12-01,139.895263671875,144.75410739029755,139.75691130496085,142.8195956469263,34020000
2021-12-02,141.7940673828125,142.68520065080236,139.06511173639353,140.09213056944827,29194000
2021-12-03,140.8374786376953,143.2163161657655,139.15091751675573,142.50321577437006,41230000
2021-12-06,141.9815216064453,142.67329857712156,139.00114949695094,141.86795825434288,30618000
2021-12-07,146.0623016357422,146.32166315012472,144.0370329543183,144.40301145252772,32240000
2021-12-08,146.97178649902344,147.1766061373384,145.20589435210303,146.3866264476649,24270000
2021-12-09,146.42828369140625,147.8778055616714,145.9090763713213,146.38117245241173,23270000
2021-12-10,146.78829956054688,147.75629704872722,145.5014348041652,147.4810753999608,24458000
2021-12-13,144.63111877441406,146.7570414903442,144.32464606078113,146.57007966602828,27070000
2021-12-14,142.7273712158203,143.29567231486587,140.05743659724035,142.78787579064948,38446000
2021-12-15,145.24058532714844,145.51828889506476,140.51662819810505,142.2334415962049,36370000
2021-12-16,143.26095581054688,146.46645697869997,142.42981251292935,145.96410864255435,33650000
2021-12-17,140.56326293945312,142.65546811563613,140.1417437075494,141.33190408361676,50416000
2021-12-20,140.44619750976562,140.61233535579893,138.17894105107746,138.85237592178575,27192000
2021-12-21,142.2964324951172,142.68968194664052,139.35077693447047,140.88905801007334,28756000
2021-12-22,145.2147979736328,145.2991078691126,141.89474965551238,141.89474965551238,26322000
2021-12-23,145.71218872070312,147.028306818594,145.25148836497797,145.29909901208103,26384000
2021-12-27,146.69407653808594,147.1279902675561,145.96311835123439,146.04891135250273,15976000
2021-12-28,145.48455810546875,147.08334356217858,144.8572507717245,147.0208564815043,18200000
2021-12-29,145.4528350830078,146.208597395199,144.45360165448406,145.44242309096177,17788000
2021-12-30,145.00204467773438,146.0925342403559,144.79773962624193,145.49149904628018,15688000
2021-12-31,143.6645965576172,145.49595668614006,143.6645965576172,144.85277414670412,18136000
2022-01-03,143.80294799804688,144.6553994298771,142.5349249798288,143.8659193516871,28646000
2022-01-04,143.21583557128906,145.2842353697018,142.53843558316575,144.2041576289817,28400000
2022-01-05,136.64561462402344,143.3149946024937,136.55933735130031,143.23614798069272,54618000
2022-01-06,136.6183624267578,138.7928950463076,135.43911342349688,135.87550910453731,37348000
2022-01-07,135.89382934570312,137.31359818480337,134.65357655381717,137.01307300645394,29760000
2022-01-10,137.53277587890625,137.68155536055949,132.07291243739996,133.97072480010584,44408000
2022-01-11,138.5905303955078,139.06660657340043,135.57199131832226,136.87571483847339,28730000
2022-01-12,140.27114868164062,141.4390018146242,139.54118939726052,139.9929457226333,26108000
2022-01-13,137.4509735107422,141.67902912526233,137.27442366179454,140.37975480829834,31436000
2022-01-14,138.33712768554688,139.5882918033961,135.87547885508806,135.95530916112932,29662000
2022-01-18,134.88319396972656,136.00740156008052,134.32828625328975,135.05874499682633,34872000
2022-01-19,134.0089111328125,136.82860852545411,133.90874111772067,135.40437523941512,28648000
2022-01-20,132.21475219726562,136.49786462490957,131.87456152295866,135.1331368955776,29908000
2022-01-21,129.28297424316406,133.75996411235568,129.02014712662628,131.506600309101,55652000
2022-01-24,129.73179626464844,130.1275277070375,123.47946950732766,124.94535114611656,76622000
2022-01-25,125.89448547363281,128.33829204225916,125.46355309123715,127.68469738972522,46960000
2022-01-26,128.17364501953125,131.9097642410679,126.09978210305361,130.04418655853962,49130000
2022-01-27,127.947509765625,131.56510157140477,127.87559438564548,130.2276601350221,31950000
2022-01-28,132.2578887939453,132.26335206297418,127.43177919070502,128.59615164447928,34362000
2022-01-31,134.19439697265625,134.3625173657848,131.1257647038749,133.06225920242,39986000
2022-02-01,136.51571655273438,136.66349724406885,133.26706867317114,136.4666227931144,68644000
2022-02-02,146.7868194580078,150.3042417927189,144.32963459516995,150.01017866907893,123200000
2022-02-03,141.9170379638672,148.44806509169965,141.49601822201203,144.5111067615448,71518000
2022-02-04,142.118408203125,143.6874410729593,139.36317994593287,142.26867081780298,57998000
2022-02-07,138.0599365234375,143.06754453763955,137.76139385139092,143.06754453763955,54974000
2022-02-08,138.25631713867188,138.8523885484705,135.8908729676065,137.8868730262489,54284000
2022-02-09,140.4313201904297,141.3561864794341,139.03783863725855,139.80797789700927,40144000
2022-02-10,137.48370361328125,140.3247247602678,136.82614390542432,138.55833324032872,39330000
2022-02-11,133.18174743652344,138.01578678020195,132.30647428852177,137.46386044180338,39958000
2022-02-14,134.41506958007812,135.1827270188193,132.16417235989616,132.16417235989616,34302000
2022-02-15,135.4886932373047,136.9763973849014,134.7081419187358,136.4427979327925,26680000
2022-02-16,136.60890197753906,136.95404126375107,133.81795915442552,135.52634262646473,25022000
2022-02-17,131.45252990722656,135.98952448924578,131.39252475863216,135.1261616337196,38950000
2022-02-18,129.3340606689453,132.97100892915242,129.12925617493363,132.37293985364457,45620000
2022-02-22,128.7493896484375,131.09697591573786,127.17241181915688,128.77367925061782,44990000
2022-02-23,126.54214477539062,130.96855853759203,126.48213961082902,130.56936150586293,32786000
2022-02-24,131.60328674316406,131.9097594685947,123.9292178705829,123.9292178705829,54456000
2022-02-25,133.3572998046875,134.16264009522365,130.67149031409218,132.45723763350745,36406000
2022-02-28,133.9499053955078,134.6387009971114,131.5055996259116,131.95935360321266,38864000
2022-03-01,132.96255493164062,135.13857036774974,132.12647806196426,133.77285909543676,26496000
2022-03-02,133.4683837890625,134.15371378545083,131.9806796935572,133.5244239122076,23520000
2022-03-03,132.8018798828125,135.32105186734134,131.9350362852021,134.8950682854782,24604000
2022-03-04,130.8252410888672,132.75430495921202,129.26910212432648,131.83788309122372,30430000
2022-03-07,125.34255981445312,130.6551505710918,125.25974058288864,130.41018119670454,45112000
2022-03-08,126.0625991821289,130.1741178832379,124.64432087127925,125.21510386863837,40428000
2022-03-09,132.32630920410156,132.63922887603567,128.83565901257037,130.17409924594682,37026000
2022-03-10,131.34396362304688,132.17955633727135,129.83940035172492,130.19000303239358,27102000
2022-03-11,128.80589294433594,132.69872101628528,128.56885370657136,132.39423085068333,31526000
2022-03-14,124.91854858398438,129.34000556632407,124.2480949884942,129.18231231398767,38812000
2022-03-15,128.138916015625,128.79004377353704,124.68992141435149,125.93513042039176,30920000
2022-03-16,132.18797302246094,132.240032982956,127.67923236827228,129.66135482928354,35576000
2022-03-17,132.7418975830078,132.98141880336502,131.10144887364655,132.05755123913005,28264000
2022-03-18,135.0096435546875,135.1271719338952,131.17433810969047,132.33078043484574,44566000
2022-03-21,134.98585510253906,135.92658166615294,132.99332054198618,135.04734336733472,26832000
2022-03-22,138.72146606445312,139.89378371835335,134.9858461376951,134.9858461376951,35496000
2022-03-23,137.1420135498047,138.44425402347676,136.70513365586095,137.56551524552734,25154000
2022-03-24,140.4114990234375,140.458110844999,136.62132231474047,138.058933800913,26396000
2022-03-25,140.51168823242188,140.8707203771551,138.59205274099185,140.7526925700073,24126000
2022-03-28,140.29595947265625,140.83847267217368,138.66542339972597,139.74550107592432,35050000
2022-03-29,141.33734130859375,142.61479282683288,140.87417414180615,141.4781907391212,34318000
2022-03-30,140.77499389648438,141.55058130392723,140.43926771554987,141.29221863890226,19884000
2022-03-31,137.9275360107422,140.9431091731122,137.88488921822,140.88855215145054,37524000
2022-04-01,139.0016326904297,139.31950107652258,137.17373813332352,138.3564676186564,25942000
2022-04-04,141.79953002929688,142.53396895874045,139.16034726925992,139.20795791982718,25942000
2022-04-05,139.4385528564453,141.8183741448747,139.23176584389168,141.69787954637118,21418000
2022-04-06,135.42868041992188,138.21812553888182,134.40612601563646,137.6126258686909,32468000
2022-04-07,134.77459716796875,136.04013849416,133.1272020827794,134.89509176328988,26234000
2022-04-08,132.19491577148438,134.5578779659387,131.87554910979466,134.47208496943966,25142000
2022-04-11,127.76752471923828,131.0097256720132,127.61379647771936,130.74293347180281,36884000
2022-04-12,126.6676025390625,130.52125805208976,125.74969005200958,130.52125805208976,32710000
2022-04-13,128.82920837402344,129.2656039537595,126.69385742711057,126.9507369724858,27928000
2022-04-14,125.69117736816406,129.40994617629295,125.56322941407538,129.40994617629295,31598000
2022-04-18,126.62989807128906,127.16149984822547,125.14764969712186,125.95894510688915,20808000
2022-04-19,128.9432830810547,129.26461711503015,125.95844660693362,126.64477542409657,26490000
2022-04-20,126.99041748046875,130.3218916355038,126.45485065417712,129.81904388797793,31696000
2022-04-21,123.7913589477539,129.03204110665789,123.50571776803207,128.1905009821093,36446000
2022-04-22,118.65482330322266,124.37405657587937,117.95015236959706,123.97535142196246,56884000
2022-04-25,122.06513214111328,122.26696285548644,117.53954013860086,118.1247001432462,46128000
2022-04-26,117.67740631103516,121.50576580824183,117.53954577935023,121.29203242122978,73054000
2022-04-27,113.35758972167969,116.28092257156352,111.81236253154168,113.53115064455416,91820000
2022-04-28,117.55094146728516,118.66870208583143,113.17956960106591,115.46071897101857,48884000
2022-04-29,113.17411804199219,116.9533836790152,112.88153803374084,115.77760037683389,42676000
2022-05-02,115.6273422241211,115.78850866046761,111.67699010622513,112.47539163673035,35534000
2022-05-03,116.37220001220703,117.47111931005959,115.08335264004303,115.47610271052352,24968000
2022-05-04,121.25879669189453,121.84742986414153,114.1723618582886,116.07216443085974,49916000
2022-05-05,115.55047607421875,120.04681450711568,114.06277194925556,119.21866011890872,45840000
2022-05-06,114.79769134521484,116.60773584446028,113.08088562376314,114.24030172909401,39710000
2022-05-09,111.5887222290039,114.13368999515002,111.08240885566522,112.3216628968711,40802000
2022-05-10,113.457275390625,115.29707287210782,111.97502692676184,114.56065900721823,39900000
2022-05-11,112.6712646484375,115.41062467447975,112.30826753178046,112.30826753178046,37534000
2022-05-12,111.91899108886719,113.35809330514908,108.92424196384515,110.46451302431396,53836000
2022-05-13,115.09920501708984,116.90875017939355,112.67375572924637,113.594142514748,35038000
2022-05-16,113.50686645507812,115.21772470104247,112.95592377559407,114.0131798264507,25990000
2022-05-17,115.51824188232422,115.94174359590812,113.92838521355479,115.88272969753332,23054000
2022-05-18,110.98223114013672,114.45404021864253,110.64104923458649,114.05731760057398,35126000
2022-05-19,109.47915649414062,112.08362994881233,109.0983015778271,110.51807047133238,34144000
2022-05-20,108.01525115966797,111.26390609492667,104.92926089526213,111.03330620451212,48962000
2022-05-23,110.57410430908203,111.22819834582448,107.84962051186193,108.68918571926903,37184000
2022-05-24,105.1013412475586,105.58583938493665,101.04932840845038,104.90496623527923,76780000
2022-05-25,104.93769073486328,105.62699334651613,103.0051614939558,104.12490462445021,40258000
2022-05-26,106.90888977050781,107.75885930885569,104.36243164073485,104.81072988604699,37948000
2022-05-27,111.39582061767578,111.39731128813119,108.24386982480868,108.58555116701476,37914000
2022-05-31,112.82946014404297,114.78628645360023,111.15975811404779,111.8222815933293,50012000
2022-06-01,112.9583969116211,116.14159098002285,112.3216612422036,113.91350798260179,36606000
2022-06-02,116.65831756591797,116.93304735382672,112.02065295107872,113.06551449385536,37992000
2022-06-03,113.6020736694336,115.36798068092384,112.5879563145143,115.11110111753601,26136000
2022-06-06,115.86289978027344,118.36868641474054,115.21177950019366,115.74784575456003,33542000
2022-06-07,116.18919372558594,116.72625878645412,114.10889140185589,114.53387621473067,31590000
2022-06-08,116.23333740234375,117.59855692060148,115.64420478456094,115.80437996795135,26108000
2022-06-09,113.89415740966797,117.32926690453378,113.83514351672737,115.37392377581374,25798000
2022-06-10,110.25028991699219,112.35043272359222,109.46130906646859,111.52326952209093,41452000
2022-06-13,105.52037811279297,107.89970745137141,105.24912150780392,105.91114561990199,47252000
2022-06-14,105.8407211303711,107.03981023394988,104.93272890444857,105.66170449580932,33706000
2022-06-15,108.8647232055664,110.51012037839979,106.78689548550756,107.65521463203524,39698000
2022-06-16,105.16433715820312,107.75789971411382,104.27617744844123,106.3421031433364,51684000
2022-06-17,106.26522064208984,107.80846549966309,104.18491071395393,105.16431896946578,51376000
2022-06-21,110.62964630126953,111.56739902352787,107.70977872020165,108.03657603615589,47416000
2022-06-22,110.5736083984375,112.41736323198378,109.47766306713153,109.65024031138255,30774000
2022-06-23,111.32191467285156,111.8183154317785,109.59469700214912,111.31150268168844,28362000
2022-06-24,117.0079345703125,117.11108593640661,112.02660588324883,112.0687608319365,41164000
2022-06-27,114.88397979736328,117.60746457783736,114.23533394157802,117.30348135340884,36420000
2022-06-28,111.08934783935547,116.34788803372125,110.9311551773519,114.85323751449626,35792000
2022-06-29,110.78585815429688,112.23289804690751,109.96365128893204,110.63758563635704,24716000
2022-06-30,108.06980895996094,109.97903242980904,105.87495184497295,109.09831103463256,43170000
2022-07-01,107.84614562988281,108.35444147045118,105.85559392220435,107.04823602503195,35476000
2022-07-05,112.33454895019531,112.44761288334064,104.86478520912014,106.22256636530622,39342000
2022-07-06,113.63282775878906,114.64198891272858,110.5622056578975,112.37324154606672,37432000
2022-07-07,117.8093032836914,118.21247285733529,113.8921848578157,114.13666235926765,40936000
2022-07-08,118.37512969970703,118.70390952621402,115.94322591003493,116.28887225514453,38238000
2022-07-11,114.72827911376953,117.03075205965408,114.38511466684228,117.03075205965408,31196000
2022-07-12,113.08585357666016,116.01514205426072,112.75806498456316,115.26236105063236,29960000
2022-07-13,110.44070434570312,113.25990236152596,110.28994990879096,110.78535185551783,43722000
2022-07-14,109.4627914428711,110.18234634307093,107.48464162453597,109.30708070983803,37004000
2022-07-15,110.86123657226562,112.2130703596854,109.99093473931617,111.08241574521796,46770000
2022-07-18,108.1362533569336,112.74813768915693,107.48166747224792,111.71666191412223,43164600
2022-07-19,112.87705993652344,113.08533759009629,108.66189857090403,109.94132492872627,36530900
2022-07-20,112.96633911132812,114.45404329391755,111.55798096785527,112.24231974638516,35600400
2022-07-21,113.40271759033203,113.6110028170901,110.19919909252089,113.34321184946066,32676200
2022-07-22,107.01551055908203,111.41910930762468,105.62698529534984,110.09009735008293,48901200
2022-07-25,106.62872314453125,108.96937840173452,105.42864264206895,107.52134719462656,34690900
2022-07-26,104.15911865234375,106.32124889141323,103.2169090921242,105.72616877091382,47991000
2022-07-27,112.13321685791016,112.97625525163264,107.12461749425067,108.36437093577844,59858500
2022-07-28,113.2837142944336,113.40272578477607,110.54633651373639,111.44888067205848,32816600
2022-07-29,115.36650085449219,115.7533033393372,112.13322162287426,112.15306191622032,37223400
2022-08-01,113.91846466064453,115.76321838407448,113.4027229923445,114.35486029276694,26034300
2022-08-02,114.18624114990234,115.39624164424568,112.78780328963215,113.06550683255934,20236000
2022-08-03,117.11207580566406,117.64765022278551,114.53339005300344,114.76150045832908,28499000
2022-08-04,117.2211685180664,117.80632850385459,115.93182192650802,116.51698947915064,21602900
2022-08-05,116.5070571899414,117.1418102734219,115.04910610021622,115.27722403655466,19159500
2022-08-08,116.3384780883789,119.1651147158916,115.9219151378597,117.41953956981935,19138300
2022-08-09,115.67395782470703,116.35830417801051,114.76150106487229,116.17977937135981,19086500
2022-08-10,118.71879577636719,119.92879644019511,117.4393767839381,117.80633898841191,30930400
2022-08-11,117.86583709716797,120.49411594083621,117.58813353334271,120.28583826796728,24293700
2022-08-12,120.68255615234375,120.68255615234375,118.48075288719056,119.2741980957184,19096300
2022-08-15,121.07929229736328,121.29749013245304,119.62134091458636,120.13707506100795,19494800
2022-08-16,120.702392578125,121.42641192061868,119.65108407641937,120.5238677790755,19041200
2022-08-17,118.57003021240234,120.2957650012785,118.40141798211481,119.13535751738875,22847000
2022-08-18,119.1849365234375,119.82960983443398,117.74682554009155,118.45100459562921,17987700
2022-08-19,116.24919891357422,118.17329866159419,115.8028907047583,118.08403247971835,21809500
2022-08-22,113.30355072021484,114.6821560186315,112.91674823026226,114.25568050831775,21456600
2022-08-23,112.92666625976562,114.06724098148526,112.50019075744802,112.54978392368335,15870400
2022-08-24,112.758056640625,113.83911800192885,111.94477869138811,112.5696116974473,17734600
2022-08-25,115.69379425048828,115.76322014148404,113.17461431501371,113.3035459506188,16956800
2022-08-26,109.43550872802734,114.17633209597903,109.28674437319086,113.77960949375512,37245700
2022-08-29,108.5230712890625,110.04052851238878,107.90815833505638,109.08839863827926,21191200
2022-08-30,108.04698944091797,109.5941992441479,106.9163349590416,109.2669025344326,27513300
2022-08-31,107.33290100097656,109.94133965972561,107.24363481356808,109.74298212503663,28627000
2022-09-01,108.8404312133789,109.54461025492617,106.47994340226887,107.39240011242691,28360900
2022-09-02,106.9659194946289,109.83222868726963,106.38075953474187,109.6834567691589,24160700
2022-09-06,105.9344482421875,107.14444879573196,104.91289263064388,106.42043703294185,25068300
2022-09-07,108.55281066894531,109.07847249571734,106.02371813346193,106.18240264265648,23167000
2022-09-08,107.49158477783203,108.70158540495544,106.28159171756349,107.15437545780347,24238300
2022-09-09,109.74297332763672,110.08018262294702,108.12633003878351,108.17592320190764,23197700
2022-09-12,109.95124816894531,110.70502034132073,109.02887135324441,110.08017979616115,22966800
2022-09-13,103.46485900878906,107.41223714705868,103.23674105474096,106.91633578916247,38172900
2022-09-14,104.13929748535156,104.41700106794902,102.8102853209623,103.71282196440401,26395100
2022-09-15,102.0664291381836,104.40707676995653,101.51101442821535,103.17724342441045,34188300
2022-09-16,101.95732879638672,102.28461796293107,100.11257502049808,101.23330943767259,42797200
2022-09-19,102.22511291503906,102.48298375828159,100.71757600878111,100.91593353936474,23036800
2022-09-20,100.3109359741211,101.5308567644108,99.69601550554796,101.24323304040989,26517100
2022-09-21,98.46617126464844,102.03665948648352,98.45625111888704,100.83657912239514,31487300
2022-09-22,99.31912231445312,100.41010377703378,97.98019017551985,98.00994304598551,34298600
2022-09-23,97.93061065673828,98.84307502364526,96.67102437480322,98.81331458217939,31625400
2022-09-26,97.36526489257812,99.06124652577749,96.99830275276098,97.29583900935431,27072700
2022-09-27,96.70076751708984,99.18027437650241,96.07593451258548,98.61494711523052,30072800
2022-09-28,99.22987365722656,99.8745394269292,96.31397098941996,96.84954541208984,32466300
2022-09-29,96.62142181396484,97.83142237621783,95.17339071110857,97.83142237621783,31047200
2022-09-30,94.86593627929688,98.08929527552542,94.77667009540615,96.25446166796625,32941500
2022-10-03,97.83142852783203,98.47610186740503,95.72880384753613,95.96684196996166,27982000
2022-10-04,100.80682373046875,101.00518123961032,99.5571502356858,99.61666354191142,28850800
2022-10-05,100.59854888916016,101.09445024273644,97.99011049341637,99.01166607108686,22176900
2022-10-06,100.58863830566406,102.08626265455283,99.76544016442644,99.85470635132027,22324000
2022-10-07,97.87109375,99.70592728808386,97.49421143647145,99.03150112865876,27502800
2022-10-10,97.05782318115234,98.2876565416277,96.21479230959145,98.18847777441846,18225100
2022-10-11,96.38339233398438,98.43642374055914,95.52052121037734,96.6313430235072,26507100
2022-10-12,96.76026916503906,97.94051680156004,95.9469912522471,96.50240591070916,21876400
2022-10-13,98.24797058105469,98.96206971787448,93.60633375857984,94.37002605589976,34574500
2022-10-14,95.76847076416016,99.86462094928686,95.58003338781863,99.1703544867437,25410700
2022-10-17,99.1505355834961,100.10266544468307,98.0198809004081,98.04963377624901,28419200
2022-10-18,99.94395446777344,102.62182629033514,99.15051685012314,102.28460943852185,24060700
2022-10-19,98.81330871582031,100.1919139812081,98.10912964670428,99.19019861679422,23811100
2022-10-20,99.1505355834961,101.48127084891942,98.57528809438662,99.18028845933702,25323200
2022-10-21,100.30101013183594,100.47953493084219,96.9189666638649,97.04789829825931,32458700
2022-10-24,101.67961120605469,101.90772916035505,99.1604389639881,100.96551960605208,27176400
2022-10-25,103.62355041503906,103.9607597041695,101.87797552764937,102.05650031802847,40611400
2022-10-26,94.15184020996094,97.50413095357072,93.91380965641918,95.63954441159298,88114100
2022-10-27,91.46405029296875,94.64773619425107,91.04749495639449,93.74519206481907,60710900
2022-10-28,95.50068664550781,95.75855747636481,91.37478361921333,91.51363539732378,43697300
2022-10-31,93.73527526855469,95.242812042702,93.20962104840368,94.637811790529,31675000
2022-11-01,89.72840118408203,95.24282237108928,89.62922241672638,94.66757492682962,47161400
2022-11-02,86.257080078125,90.43256844263183,86.16781390238052,90.19453791873643,57038300
2022-11-03,82.74610137939453,85.81076815755338,82.6568351996716,85.61241063994241,61288000
2022-11-04,85.87030029296875,85.92980604792754,83.02382313336389,84.69997252202505,51124900
2022-11-07,87.76461791992188,88.1712606549143,86.13806211366017,86.56453757303696,34078900
2022-11-08,88.17127227783203,89.5796304672484,86.87200543719126,88.17127227783203,30429000
2022-11-09,86.60420989990234,88.70683431006073,86.56453688459513,87.72494420662868,31769100
2022-11-10,93.16996002197266,93.61626826753488,90.8590576182188,91.49381082236977,51620100
2022-11-11,95.61971282958984,96.13544696291301,93.1501183771832,93.9138107806014,33090500
2022-11-14,94.91551971435547,95.99658864167773,93.73527959271193,94.31051943427285,30179500
2022-11-15,97.63306427001953,99.31912590340235,95.91724219824151,97.4545394739204,41640800
2022-11-16,98.0396957397461,98.82322078363063,96.83961537638496,97.09748619804606,29105200
2022-11-17,97.55372619628906,98.46618297666177,95.99659606811966,96.17512087878868,26052600
2022-11-18,96.63134765625,98.08929899123865,95.5800391036644,97.96035978371822,28342300
2022-11-21,94.81633758544922,97.59338820085925,94.5783070537111,96.49248658714596,21647400
2022-11-22,96.25446319580078,96.42306785300386,93.27905484436155,95.16347408012261,23438500
2022-11-23,97.65291595458984,97.95045986147422,96.29414321120647,96.29414321120647,18868100
2022-11-25,96.66109466552734,97.83142220785665,96.60158892219253,97.43469959629758,9701400
2022-11-28,95.26266479492188,96.78012191327572,94.8262691285725,96.24454747735288,26237500
2022-11-29,94.40971374511719,95.33209067906634,93.33856487339783,94.94528818097686,20061700
2022-11-30,100.16215515136719,100.21174831439473,93.64601154608545,94.04273414974281,43647500
2022-12-01,100.16215515136719,101.4118287044889,99.42822325305634,100.191908022442,28687100
2022-12-02,99.6166763305664,99.94396550598155,98.08929910016103,98.23807103454332,21480700
2022-12-05,98.66454315185547,100.5489623663918,98.1884744915712,98.58519711399899,24405100
2022-12-06,96.1850357055664,98.9620789139917,95.62962101039767,98.48601782310948,24910700
2022-12-07,94.16175079345703,96.08584288669229,93.94355298868143,95.6197019736811,31045400
2022-12-08,92.94184112548828,94.79651511839255,92.68397027420339,94.59815001476763,32213300
2022-12-09,92.06905364990234,93.48733192437892,91.98970761165849,93.0013431152763,28225400
2022-12-12,92.54511260986328,92.79306329851202,90.85905095379364,91.9500324704772,29420000
2022-12-13,94.84609985351562,98.71413232006631,94.25101968178204,96.958644678424,40593700
2022-12-14,94.29069519042969,96.07594331959717,92.83274381275208,94.41962683487034,28733600
2022-12-15,90.11520385742188,92.8724144565508,89.2721729828965,92.36659290509361,40107000
2022-12-16,89.52012634277344,90.5813550775437,88.7861867939752,90.01602776214001,58011800
2022-12-19,87.71503448486328,89.81765139665094,87.4869165311304,89.5201151224369,29493000
2022-12-20,88.290283203125,88.44897528550977,86.72324050727767,87.38774657684024,23453800
2022-12-21,88.84568786621094,89.48044099017838,87.59601434290138,88.349786515183,24745600
2022-12-22,87.04061889648438,87.8142238968935,85.61242039304902,87.43734154375588,27658300
2022-12-23,88.49856567382812,88.81594226177606,86.35626803003854,86.39594104938888,23003000
2022-12-27,86.67365264892578,88.21095013206028,86.29677028045884,88.07209833489586,20097300
2022-12-28,85.31486511230469,87.31831080815121,85.23552664693922,86.2670023652313,19523200
2022-12-29,87.7249526977539,88.12167532237186,85.9000392181079,85.9099593646084,23333500
2022-12-30,87.50675201416016,87.57617789768041,85.86035596660308,86.2669986892601,23986300
2023-01-03,88.38947296142578,90.30365276991351,87.7943851962897,88.85561394606133,28131200
2023-01-04,87.35797882080078,89.90691131674406,86.55461353258538,89.60936749638965,34854800
2023-01-05,85.49340057373047,86.85217316940673,85.19586426604603,86.75299440017858,27194400
2023-01-06,86.62403869628906,86.97117567277324,84.16437239360367,86.07855178597063,41381500
2023-01-09,87.29846954345703,89.31183536259933,87.13978504764104,87.63568639320383,29003900
2023-01-10,87.6951904296875,87.94314109765213,85.12642514166373,85.2751970558133,30467800
2023-01-11,90.76979064941406,90.84913669096524,88.28037102229985,88.44897568545483,26862000
2023-01-12,90.38298034667969,91.11691981733598,89.01429529901861,90.73011735676101,30258100
2023-01-13,91.3648681640625,91.4342940509324,89.3911753274604,90.1052744877532,26329200
2023-01-17,90.54167175292969,91.49380146174484,89.3118384915669,91.30535652243567,32602400
2023-01-18,90.37307739257812,92.03930646438202,89.89700870055337,91.38471295870488,29116700
2023-01-19,92.2872543334961,92.84266148471706,89.88708578674498,89.97635197425116,37000400
2023-01-20,97.21650695800781,97.49421809768434,94.24109856316726,94.32044460307483,63191100
2023-01-23,98.97200775146484,99.21995846507203,96.70077830680043,97.14708656455124,40005100
2023-01-24,96.89911651611328,98.79346322217292,96.40321518784893,97.29583909209552,33078500
2023-01-25,94.439453125,95.37175007274746,92.99142210911067,94.786582552293,42330000
2023-01-26,96.7206039428711,96.77019710869844,94.59814659536165,95.70896843494373,30114000
2023-01-27,98.5554428100586,99.49765240364174,96.5123239826297,96.5123239826297,33879800
2023-01-30,96.1453628540039,97.48429507886306,95.60978845068932,96.68093725731849,27226200
2023-01-31,98.02978515625,98.0694581762873,96.02634682892345,96.07593999568378,29870700
2023-02-01,99.60675048828125,100.36052269702401,96.78011416406397,97.90084854753133,35531100
2023-02-02,106.8568344116211,106.9659333278878,104.74429711518005,104.93274207361436,69883800
2023-02-03,103.92108917236328,106.92625024321528,101.73912618609937,102.08625562934304,65309300
2023-02-06,102.0564956665039,103.5045266483121,101.04485271151285,101.56059433437012,31999600
2023-02-07,106.75764465332031,107.29321903254016,102.27469966826962,102.37387842734272,49010200
2023-02-08,98.5554428100586,102.29453587919534,97.23634332555855,101.2134745048074,94743500
2023-02-09,94.2311782836914,99.21002459482034,92.8624856911135,99.18027172399981,119455000
2023-02-10,93.7947769165039,95.95690701020914,93.47740036911846,94.66756053010047,54980700
2023-02-13,93.83446502685547,94.4196250562035,93.07077262109874,93.96339666886732,50076100
2023-02-14,93.90387725830078,94.07248189644318,91.50371660885547,93.65592659037824,54726100
2023-02-15,96.1453628540039,96.32388765510876,93.37823222030585,93.7154415296958,50169000
2023-02-16,94.72708892822266,96.8792992195654,93.96339652364621,94.58823713954602,42462600
2023-02-17,93.57659149169922,94.77667195660865,92.44593691924389,94.07249288547277,34284100
2023-02-21,91.03758239746094,92.3368416794246,90.96815650224582,92.23766291009657,33629300
2023-02-22,90.89872741699219,91.35495579337403,89.86725160509873,90.94831301648848,30884000
2023-02-23,90.14495086669922,91.18634677544837,89.02421648917793,91.1665064831145,41206400
2023-02-24,88.39937591552734,89.15314812025682,87.85388894602733,88.70683991186095,36585100
2023-02-27,89.1333236694336,89.42094740013515,88.6076618097586,89.1333236694336,27502300
2023-02-28,89.3217544555664,90.48216943962086,88.58782252932733,88.59774267568118,30142000
2023-03-01,89.61930084228516,90.28380689652273,88.93495449477956,89.24241850559551,31111200
2023-03-02,91.24584197998047,91.5235455057447,88.85559400906735,88.92502745736198,32204400
2023-03-03,92.88232421875,92.96167025066717,91.69215644055474,91.72191687766424,35160100
2023-03-06,94.35018920898438,95.1833074213031,93.22945486919875,93.2492875940104,32639300
2023-03-07,93.09061431884766,94.8857750214838,92.76331756858707,94.20143621358584,27835500
2023-03-08,93.47740173339844,95.17338339263445,93.22945106567059,93.34847011024735,34103300
2023-03-09,91.563232421875,94.74691844025844,91.14667706997915,93.27905456209555,28813500
2023-03-10,89.88707733154297,92.02937482791765,89.65896694454361,91.41445442058324,35941000
2023-03-13,90.3631591796875,91.81119044726069,88.68700992489863,89.35151602505144,37335600
2023-03-14,93.19970703125,93.58650950422467,91.6822500116025,91.80126150060728,36050200
2023-03-15,95.32215881347656,96.13543673086967,91.88060220810499,92.45584959444147,50622100
2023-03-16,99.49765014648438,100.36052125064333,94.71716126290511,95.41142015117943,65492000
2023-03-17,100.7869873046875,101.99698017297794,99.27944304990501,99.43813510487313,61028500
2023-03-20,100.3902816772461,100.9159359560501,99.05134939660562,99.29930009920032,32960400
2023-03-21,104.05994415283203,104.23846895297474,100.39027695383191,100.4200298260466,42110300
2023-03-22,102.52264404296875,105.71624226306058,102.48297102840904,103.41526038657393,43427400
2023-03-23,104.73438262939453,105.42864918560569,103.60372795138356,104.19880816609637,40797800
2023-03-24,104.57569122314453,104.62527682377592,102.98880066584036,104.12937541633211,30393300
2023-03-27,101.6201171875,103.90126672624382,101.0944628976051,103.7624149352095,31120900
2023-03-28,100.20182037353516,101.61017831844849,98.92239404886756,101.60026574009753,32057900
2023-03-29,100.55888366699219,101.64986521604924,99.82495172553267,101.44158753942646,28779600
2023-03-30,100.06297302246094,100.33076398682465,98.96207142864132,100.08281331374553,33086200
2023-03-31,102.87970733642578,103.03839184898722,100.21175539436457,100.46962623998861,36863400
2023-04-03,103.50453186035156,103.67313650572234,101.09445096214598,101.5506793026603,25035400
2023-04-04,103.861572265625,104.71452312982774,103.18714617687989,103.47476984660906,24420100
2023-04-05,103.61363983154297,105.2302756731111,102.8102819841236,104.91289907946413,28290500
2023-04-06,107.53126525878906,108.27511741066256,103.4747951559961,104.39717212699348,48711500
2023-04-10,105.5674819946289,106.70804904814693,104.2583027310059,106.10305636159114,27067400
2023-04-11,104.48641967773438,105.85511233488984,103.82191364187591,105.67658753468932,26311800
2023-04-12,103.78224182128906,105.87494628290851,103.48469796190201,105.70634162712136,24370300
2023-04-13,106.54936981201172,106.6088755556612,104.97239950361016,104.97239950361016,24843600
2023-04-14,107.9775619506836,108.04698783654497,105.96419612699583,106.01378928840569,26578000
2023-04-17,105.1013412475586,105.2897861961485,103.66322268410477,103.80208203407157,37571200
2023-04-18,103.64339447021484,105.6666731267469,103.21691895584503,105.61707995911007,26596400
2023-04-19,103.32599639892578,104.11944151509891,102.22509489449094,102.73091634522265,20905700
2023-04-20,104.42691040039062,105.37904011363008,103.01855233915232,103.05822535639409,27820800
2023-04-21,104.54592895507812,105.13108893118996,103.92108839505883,104.6054346972307,25800100
2023-04-24,105.1013412475586,105.75592714410803,103.84174748622819,104.62527258627793,23542800
2023-04-25,102.99871063232422,105.8154342829649,102.98879048643646,104.96248334111876,46664100
2023-04-26,102.85987091064453,105.4782297846258,101.78872203487352,104.05995143064801,53347600
2023-04-27,106.70806121826172,107.48167377000753,102.69126435820809,103.59380098496241,50089200
2023-04-28,106.46011352539062,106.47003367253913,104.22855712885315,106.16257721263207,36139800
2023-05-01,106.32125091552734,107.1047759897289,105.9443685976354,105.96420132305943,26681700
2023-05-02,104.4566650390625,106.3212514798493,102.85986201062076,106.26174573640694,30997200
2023-05-03,104.54592895507812,106.60887287386203,104.09961318837087,104.66494043938329,21795400
2023-05-04,103.83184051513672,104.73437715411653,103.11774126807067,104.62527823765616,23419500
2023-05-05,104.70460510253906,105.0120615016026,103.25657414647502,103.96075311756313,26639300
2023-05-08,106.88658142089844,107.07502636899285,104.29798314719713,104.3178158732233,26511400
2023-05-09,106.47002410888672,109.2470748463162,106.31133960304034,107.50149988087897,36360100
2023-05-10,110.83396911621094,112.01421693579962,107.04528251039365,107.08495553264132,63153400
2023-05-11,115.61445617675781,116.95338849067711,113.47216598785796,114.4540486758181,78900000
2023-05-12,116.5467300415039,117.06246408354477,115.15820483575041,115.72353203640354,41102300
2023-05-15,115.55494689941406,117.50879963545604,115.05904549704219,115.15822426414559,36266800
2023-05-16,118.53035736083984,119.76019074124378,115.47560285342378,115.5351086013426,45035600
2023-05-17,119.84944152832031,120.67263963270652,117.91542917883902,118.62952837460274,33323600
2023-05-18,121.82312774658203,122.2991888062752,119.83952234186759,119.95853382336384,35234200
2023-05-19,121.75370788574219,124.93739380984856,121.1487076020142,122.53723296740392,41353400
2023-05-22,124.02493286132812,125.39361788753433,121.73386343823515,121.93222852186562,35253000
2023-05-23,121.55533599853516,123.60836727655007,121.20820656831121,123.14222636559451,34046300
2023-05-24,119.90896606445312,120.91068906155631,118.87749019255021,120.12716390212464,34182600
2023-05-25,122.46781921386719,124.29273282527676,120.96027464484123,123.49928751875201,42317000
2023-05-26,123.58854675292969,124.2332200823341,121.44624908602053,122.16034830832359,35635900
2023-05-30,122.65625,124.62994301273424,120.99994114625623,124.61010271936992,35076700
2023-05-31,121.8628158569336,123.04305607346541,121.49584608754014,121.74379679384124,37325800
2023-06-01,122.70584106445312,123.40009998321423,121.6148595206051,121.8132170497212,30772700
2023-06-02,123.6480484008789,125.11591981661117,122.74551182311099,122.97362222070807,26980100
2023-06-05,124.9770736694336,126.38543183753264,122.82485583017811,122.99346805796284,32305500
2023-06-06,126.26639556884766,127.2383579485679,124.3323833879781,124.97705663721925,26638300
2023-06-07,121.49584197998047,127.9822255786917,121.11895964321234,125.92920166945693,52539000
2023-06-08,121.13878631591797,122.21985523958173,120.24616233464845,121.22805249747213,29389200
2023-06-09,121.22805786132812,122.74551491320051,120.9106812724846,121.2478905876319,23778300
2023-06-12,122.62649536132812,123.03313813403905,120.66273009040363,121.78346450999771,28306400
2023-06-13,122.81494140625,124.13404093411759,122.17026807883049,123.95551612909149,22278300
2023-06-14,122.65625,123.03313990537379,120.45444658155986,122.09092270879414,30592300
2023-06-15,124.06459045410156,124.43156016043682,121.39664645820905,122.13057830402579,35246300
2023-06-16,122.51739501953125,125.07624798326509,122.26944432692575,124.89772318191494,45535600
2023-06-20,122.0909194946289,123.54887077747642,121.1387897432877,121.92231483974503,26097500
2023-06-21,119.56182098388672,121.65452532950529,119.11550521954592,121.39665450345422,30306300
2023-06-22,122.14051055908203,122.22976917477193,117.85592296831348,119.01633037340913,26952200
2023-06-23,121.33714294433594,121.78345871511222,120.06763665447824,120.38501322694266,34913600
2023-06-26,117.36993408203125,120.99993578775403,117.30050819204033,119.77010249354858,33969900
2023-06-27,117.36002349853516,118.10387557545451,115.14829999374557,116.1202700370029,39535900
2023-06-28,119.19486236572266,119.4031400484243,115.89215718247867,116.1301877388727,27091400
2023-06-29,118.12370300292969,119.0758327106557,117.33026536325183,118.26255477904468,24090900
2023-06-30,118.71879577636719,120.08748852515521,118.7088831961985,119.18494431736862,29532200
2023-07-03,118.91716003417969,119.20478376097655,117.84601116890617,118.26256653867198,14467900
2023-07-05,120.75199127197266,121.60494228794853,118.25265153768966,118.26256411758469,27584800
2023-07-06,119.12543487548828,119.31387982882194,117.42945299604987,118.81797842897954,24745200
2023-07-07,118.5005874633789,120.05771736735291,118.42124143298246,119.1155002818165,21709500
2023-07-10,115.49542999267578,117.34018375745839,115.18797355416356,117.33027117785484,35315200
2023-07-11,116.17977142333984,116.74509867791642,114.40444362500358,115.33674061449469,23078800
2023-07-12,117.9551010131836,119.34362637246984,117.4393669141167,117.82616938013048,30404400
2023-07-13,123.51911926269531,123.80674297722868,119.4626419533475,119.938710617678,44297900
2023-07-14,124.39190673828125,125.74075916657561,122.47772701039696,123.77699383825481,33283100
2023-07-17,123.62821960449219,126.05813341949313,123.18190380773267,124.90764611490182,25716200
2023-07-18,122.7455062866211,123.65796296956178,121.95206108684837,123.57861693621366,26193600
2023-07-19,121.0296859741211,124.1538660880998,120.80157558357863,123.57861868845079,37224000
2023-07-20,118.2228775024414,123.07279204631881,117.25091510465651,120.42468068272518,37906800
2023-07-21,119.03616333007812,119.99821321316037,117.75674443491287,119.6312510365837,72937900
2023-07-24,120.53379821777344,121.99174960669664,119.98831119460458,120.66273743006377,29686100
2023-07-25,121.20821380615234,122.14051081744289,120.02796610605938,120.36518297759501,52509600
2023-07-26,128.21034240722656,129.90631659089652,127.26813284588675,129.00378761340536,61682100
2023-07-27,128.33926391601562,132.14779780312753,127.73426366088836,130.59066029279523,44952100
2023-07-28,131.49319458007812,132.64368926365583,129.49967674072056,129.70794681826914,36591200
2023-07-31,131.63206481933594,132.43542264148525,130.6997677943249,131.64197739889866,28055500
2023-08-01,130.47164916992188,131.54279790983335,129.60877052366334,129.70795684787504,23166800
2023-08-02,127.32764434814453,129.0236186085389,126.51435881324909,128.3888654416219,26273300
2023-08-03,127.3970718383789,128.32936892986376,126.3755161233375,126.92101071236698,20089500
2023-08-04,127.05984497070312,130.43196810964983,126.8614874567136,128.22025231793552,26147200
2023-08-07,130.45181274414062,130.53115877911966,127.962393323222,128.10124510100812,22746300
2023-08-08,130.32286071777344,130.4319596134173,128.47810720379093,129.5492558700105,23535200
2023-08-09,128.59713745117188,130.95761750800182,127.94254405878128,130.58074278541653,24912900
2023-08-10,128.62692260742188,130.96757809471208,128.38888445942726,130.24356620341507,20857800
2023-08-11,128.49798583984375,128.86494808301353,127.11938036551393,127.60536925181015,19591100
2023-08-14,130.25343322753906,130.29309867147586,127.90286598134887,128.32933382192084,24695600
2023-08-15,128.71615600585938,130.3427118640274,128.22025464503122,130.0253428626258,19770700
2023-08-16,127.64501190185547,129.21206207522133,126.8218213636926,127.64501190185547,25216100
2023-08-17,128.85499572753906,130.90803443349202,128.23015522856085,128.7359842548602,33446300
2023-08-18,126.4151840209961,128.19051194159474,125.34403518060337,127.45657242122108,30504800
2023-08-21,127.31771850585938,127.67476811335399,125.5225578886843,126.13747833867052,25248700
2023-08-22,128.02191162109375,129.21207199508038,127.2681469154346,127.4565767415667,22054900
2023-08-23,131.28492736816406,132.31641072027463,128.80542045173755,129.11287688798097,27819700
2023-08-24,128.71615600585938,133.14951538235977,128.50788590918833,132.85197153912117,28500700
2023-08-25,128.81533813476562,129.68811421046675,126.20689221900474,128.47811371877063,26762900
2023-08-28,129.93605041503906,131.4535071500769,129.07318701417225,130.23359421545373,20543300
2023-08-29,133.4669189453125,135.45052467736468,131.1560164514264,131.1560164514264,43075600
2023-08-30,134.7661590576172,135.16287409396253,132.9709985475354,133.67517000710467,28315800
2023-08-31,135.0537872314453,136.8687881952977,134.67689731971456,134.89509514927343,30053800
2023-09-01,134.54795837402344,136.3332062668677,133.74460060567057,136.3332062668677,21543700
2023-09-05,134.6570587158203,135.30172442643027,133.4768110647792,134.3297620041587,19403100
2023-09-06,133.35780334472656,135.41082715108524,132.57427070368973,134.9050132008134,18684500
2023-09-07,134.15122985839844,134.46861399155742,131.8601680068501,132.49492113945962,18844300
2023-09-08,135.26206970214844,135.53977327338907,133.7446126401159,133.80411838628038,23558300
2023-09-11,135.79763793945312,136.35304508761172,134.676895929534,135.42074803161276,20763400
2023-09-12,134.2305908203125,135.74804793318728,134.08182644991697,135.14304760406196,18405500
2023-09-13,135.58937072753906,135.77780055178212,133.05034278578884,133.98263986174015,20749500
2023-09-14,136.9679412841797,137.56301374731885,135.1231878944064,136.47203999804393,24751000
2023-09-15,136.27369689941406,137.3845263119322,135.36124015129133,136.84894433199983,38919600
2023-09-18,137.07705688476562,138.0192664165555,135.4901665221767,135.4901665221767,21861300
2023-09-19,136.908447265625,137.2754245802509,135.5000891528616,136.29353439301667,20353700
2023-09-20,132.64370727539062,136.9481276445737,132.52468065263594,136.9481276445737,29927500
2023-09-21,129.37074279785156,131.14606291971518,129.00378065244968,130.3625454686309,31503900
2023-09-22,129.1822967529297,130.94770428096794,128.53763107597587,129.68811066252235,26397300
2023-09-25,130.03524780273438,130.0947535411447,127.90287812992364,128.76574160428865,20094600
2023-09-26,127.51609802246094,129.29141844193066,126.17715813897233,128.70625840016731,25718700
2023-09-27,129.46994018554688,129.8269898246319,127.5161024517244,127.5161024517244,22746500
2023-09-28,131.2254180908203,132.20730825142687,128.72607094890918,128.77566411264445,22513100
2023-09-29,129.78732299804688,132.95117654608515,129.29142156753832,132.187484105663,30859800
2023-10-02,133.0701904296875,133.31814114938217,130.09478179335153,130.1344623833808,22288000
2023-10-03,131.34445190429688,133.15945304283952,130.7592918203912,132.84208398165953,22989400
2023-10-04,134.1314239501953,134.45872070934675,131.44363154646038,131.70149484137792,26752300
2023-10-05,133.9628143310547,134.37936969993646,132.35608346969923,133.9628143310547,19832600
2023-10-06,136.4522247314453,137.02747214489506,132.91148163496393,132.91148163496393,27597600
2023-10-09,137.2853546142578,137.80109635598646,134.49839090670235,135.8174905702575,19278100
2023-10-10,136.92828369140625,138.57467986983306,136.20427192955205,137.36467931785276,27786600
2023-10-11,139.3979034423828,139.9533106562274,137.44405047915077,137.44405047915077,25884300
2023-10-12,137.83082580566406,140.0623819353228,137.12663921258442,139.89377728823808,24765500
2023-10-13,136.2340087890625,138.85236710628996,135.500069400509,138.23745432331978,23420500
2023-10-16,137.9597625732422,138.4854167971643,136.8588609633149,137.03737818636395,28501900
2023-10-17,138.57469177246094,138.75320901659043,136.05550412475992,137.49363032645,23515800
2023-10-18,136.82911682128906,139.56648701861894,136.25386939858822,138.30689326315832,23375000
2023-10-19,136.62083435058594,138.51518131196565,136.25387216099756,137.36468644323884,26066000
2023-10-20,134.48846435546875,136.73984579212933,133.97272266731449,136.2042789444492,26335700
2023-10-23,135.38108825683594,136.53158318839846,132.85198797694417,133.93304944521964,26317900
2023-10-24,137.67213439941406,138.21762892713875,136.2935292113691,136.70017196237376,44814300
2023-10-25,124.5803451538086,127.25820957616193,124.04477075596701,127.10944521580694,84366200
2023-10-26,121.27763366699219,123.31083224083282,120.27591081531207,122.25951622711595,57061100
2023-10-27,121.16854858398438,122.2992031923221,119.22461596672207,121.87272767746805,44566500
2023-10-30,123.43977355957031,124.37207059770444,121.74379170735196,122.20002007986204,28940100
2023-10-31,123.0628890991211,124.34231557609246,121.68428385885795,124.03485157297696,26292300
2023-11-01,125.4134521484375,125.45312516564948,122.7058349336953,123.0529643757322,30082400
2023-11-02,126.44493103027344,127.92271501549958,125.88952390924445,127.36730789447058,27124600
2023-11-03,128.041748046875,128.4682159884043,126.81190712180837,126.970599202535,26393100
2023-11-06,129.1822967529297,129.2715553604388,127.61524673059205,127.9921365850185,19052700
2023-11-07,129.89639282226562,130.82868972418774,128.81533157799734,129.6385295842965,29757300
2023-11-08,130.75929260253906,131.12626997179123,129.70798393466782,129.89642890979786,26425800
2023-11-09,129.17239379882812,131.46345569784398,129.0037891497348,130.8782957156304,23747800
2023-11-10,131.50315856933594,131.71144386202064,128.34923223520357,129.03357873925083,26913300
2023-11-13,131.0072021484375,131.5031034497492,130.17409159432344,130.69974576301732,18324800
2023-11-14,132.52467346191406,134.58762491778677,132.22714475544407,133.0900082716238,32395200
2023-11-15,133.51646423339844,133.92310694082042,132.47508358646422,133.76441488908887,23861500
2023-11-16,135.8075408935547,136.09517216084916,133.21895029015656,134.0818138246226,28013200
2023-11-17,134.20083618164062,134.94468829125762,132.55443988026462,134.88518254388185,37240600
2023-11-20,135.1331329345703,135.53977571897755,132.524686700092,132.59412016100978,27815500
2023-11-21,135.84722900390625,136.05549911438757,134.84551363674532,135.17279523893023,22635300
2023-11-22,137.35475158691406,138.2771207680308,136.34310866753836,136.34310866753836,17813900
2023-11-24,135.5695037841797,136.99770199138314,134.87524497059664,136.89851567499682,12514300
2023-11-27,135.2918243408203,137.28534253189412,134.88518155844346,134.914934431914,23436500
2023-11-28,136.07534790039062,136.1249410695989,134.30994003929231,134.96453355193609,18730000
2023-11-29,133.88345336914062,137.15639020757226,133.7346738823066,136.44230617886066,23967200
2023-11-30,131.44358825683594,134.4388361386706,130.20383509276428,133.94293487304193,38988300
2023-12-01,130.77911376953125,131.02706446186437,129.5988660526321,130.77911376953125,31442300
2023-12-04,128.21034240722656,128.96410702955671,126.85156995087304,128.81534267439568,36669900
2023-12-05,129.916259765625,131.05682698082634,127.1987145294908,127.89297349238338,27384800
2023-12-06,128.95419311523438,130.75926618523522,128.81534134061891,130.36255115310777,23576200
2023-12-07,135.8075408935547,137.42418419027493,133.59582503757497,133.9330343345262,56767100
2023-12-08,133.88345336914062,135.281883689647,132.93131610801126,133.09992075278979,32260100
2023-12-11,132.19735717773438,132.24695033270598,130.28318549222038,131.294828345558,31138000
2023-12-12,131.4337158203125,131.9097769432704,130.18403456369643,130.72952914922644,29032800
2023-12-13,131.48329162597656,132.4056608757626,130.49148892278734,132.28664939416652,30104800
2023-12-14,130.8584442138672,132.6238517222141,128.62688824878407,132.28664245291358,38722400
2023-12-15,131.51304626464844,132.41557523506742,130.10467308952005,130.54106870618423,50847100
2023-12-18,134.68679809570312,136.02572254525143,131.34441299342456,131.5427856233193,32258000
2023-12-19,135.52984619140625,136.34313174933595,134.96452646649996,135.71829114427823,25476800
2023-12-20,137.2059783935547,140.5384359860807,136.9382025676404,137.83081892143701,49107200
2023-12-21,139.26893615722656,139.5367271291243,138.03909533601887,138.34656689160218,27488300
2023-12-22,140.33016967773438,140.82607102846447,139.5565647812921,139.61607052198642,26532200
2023-12-26,140.3599090576172,141.51038857911627,140.03261238154792,140.4293273705191,16780300
2023-12-27,139.21934509277344,140.9153344287429,138.74328401733115,140.42934564037535,19628600
2023-12-28,139.08050537109375,139.98304957042203,138.60444425438513,139.62599994946305,16045700
2023-12-29,138.544921875,139.20942786934887,137.6423777840169,138.4854161342685,18733000
2024-01-02,137.03736877441406,138.30687494126533,135.36121989360225,137.4142586199099,23711200
2024-01-03,137.78125,138.48543668179107,135.95633638949388,136.12494105781897,24212100
2024-01-04,135.27197265625,138.01927043379123,135.2323072061994,137.28533097133266,27137700
2024-01-05,134.6173858642578,136.03567169625202,134.0421384410589,135.6290289280703,22513900
2024-01-08,137.70188903808594,137.87049368814525,135.1430361482217,135.17278901977872,21404000
2024-01-09,139.7946014404297,140.33018342656837,137.01755057751834,137.3646876105234,24759600
2024-01-10,141.1136932373047,141.82779242384171,139.75492832050645,139.84418693539638,21320200
2024-01-11,140.9153594970703,144.02962003416567,139.4871608829634,142.31380523452594,24008700
2024-01-12,141.48065185546875,142.02614637782855,140.6574689161085,141.50049214729324,18785500
2024-01-16,141.32199096679688,143.16674483949535,140.29050754673418,140.83600213102596,22670500
2024-01-17,140.3103485107422,140.67731071751322,137.76140795638582,140.19133701313217,20968600
2024-01-18,142.30384826660156,143.02787513950906,140.8260719176682,140.8855776587382,25746400
2024-01-19,145.18011474609375,145.24953308023393,143.19650892694762,143.55355857974237,34271900
2024-01-22,144.7932891845703,147.17360973542569,144.64450969157375,145.89419084442545,32200400
2024-01-23,145.8346710205078,145.9735228014156,144.30730143052193,144.6941039011729,21636100
2024-01-24,147.4810791015625,148.62166144639897,146.88600647851376,147.32238701526538,25233500
2024-01-25,150.6250762939453,151.7954113890045,148.31417410884393,148.83984348061125,29149100
2024-01-26,150.9424591064453,151.28958097989496,149.77212402167038,149.86139776851957,26115500
2024-01-29,152.2516326904297,152.51942366682596,150.18868118167268,150.81352174869434,27784300
2024-01-30,150.2184600830078,152.3607426484438,149.95066908718712,151.5474722147389,36331800
2024-01-31,138.95156860351562,142.81959319917652,138.72344307921892,142.44270331878081,71910000
2024-02-01,140.00286865234375,141.88728767351694,139.63589137319994,140.95499074150428,40466500
2024-02-02,141.21287536621094,141.45089833217304,135.38107056080497,138.11844060532798,62499600
2024-02-05,142.50221252441406,144.27754793012062,141.60959609870966,141.64927668377285,38505400
2024-02-06,142.91879272460938,144.16845883237673,142.0162485243668,143.4642721698212,29128200
2024-02-07,144.34698486328125,144.42633090992825,142.7501816170739,143.5733798256117,25208900
2024-02-08,144.71395874023438,145.13051412482938,143.91060084610757,144.63461269549572,22563800
2024-02-09,147.77862548828125,148.2150211661504,144.9817341712347,145.47763559904774,26829500
2024-02-12,146.32066345214844,148.11582406905052,146.161971374684,147.20336732419403,21564100
2024-02-13,143.9502410888672,145.46769798615009,142.51213022242555,143.73204328748068,27837700
2024-02-14,144.7436981201172,145.31894554055629,142.90885694916992,144.88254990203635,22704200
2024-02-15,141.5996856689453,142.34353774622787,139.30862369230854,141.9666478509511,37590700
2024-02-16,139.36813354492188,142.01624520205476,138.9912436385364,141.8178876690081,31468900
2024-02-20,139.9632110595703,140.915348438827,138.34658273143967,138.51518739713623,25144700
2024-02-21,141.38148498535156,141.5203367649503,139.5268035526364,140.29049590728383,23223300
2024-02-22,142.9088592529297,143.8114034168082,141.62944032274333,143.74196995787472,27191900
2024-02-23,142.77992248535156,143.4940065020115,142.25425313452644,142.4922912292185,19493800
2024-02-26,136.44232177734375,141.27239668798464,136.26378939947426,140.97485281400884,53641800
2024-02-27,137.74156188964844,138.10852404072233,135.9662266066363,136.8886109742461,33099200
2024-02-28,135.26206970214844,136.87869796321857,134.30001978259713,136.76959905068048,37328600
2024-02-29,137.3250274658203,137.72174254712453,135.28190090934368,136.15469224866533,42133000
2024-03-01,136.0158233642578,137.7316378191588,135.79762555684746,137.29524220433814,31151100
2024-03-04,132.2569122314453,134.54797432652032,130.8287137478375,134.54797432652032,55999400
2024-03-05,131.5824737548828,132.14780860687847,129.59886818360178,130.79895621305897,40194800
2024-03-06,130.32286071777344,132.48499834043164,129.7773813732614,132.02876246763716,35318600
2024-03-07,133.27845764160156,133.83386475709858,130.53115980204433,131.70147977631177,37738200
2024-03-08,134.30001831054688,136.95804250148979,132.90157275617153,133.10985799917378,39370400
2024-03-11,136.54148864746094,137.95977451047298,135.01411900561908,135.01411900561908,32437800
2024-03-12,137.3646697998047,138.23746099222168,135.90671866415707,135.90671866415707,27563400
2024-03-13,138.64410400390625,139.9334506450809,137.85067388660744,137.86058646627538,23347200
2024-03-14,141.92697143554688,142.41294506959082,139.30861293112127,140.03262465964323,42753400
2024-03-15,140.02272033691406,142.0063260544533,138.88215310281325,141.33190737467106,49475400
2024-03-18,146.46942138671875,150.9027808454485,145.96360743742733,147.39180580449582,69273700
2024-03-19,145.8247528076172,147.57032014783982,144.882543249734,146.9454947247472,24070400
2024-03-20,147.52073669433594,147.639748173652,145.53713132595888,146.78679725990156,21311500
2024-03-21,146.39010620117188,149.13738918978584,145.6958321016332,148.24477268139387,24755600
2024-03-22,149.53408813476562,150.33744585104463,147.75875293589795,147.89760470002383,29211800
2024-03-25,148.83984375,149.14730017654827,146.60828759558476,148.71090455162476,19229300
2024-03-26,149.43492126464844,151.011884033954,148.7505749332153,148.98861304571224,22149100
2024-03-27,149.63328552246094,150.39697792574609,147.6794327705728,149.94074197303146,22879200
2024-03-28,149.69277954101562,150.1886809085542,148.93901491049212,149.61344863987313,24485400
2024-04-01,154.21542358398438,154.4633742852125,149.3754210532241,149.45476709366227,31730800
2024-04-02,153.2930145263672,153.4318662914426,150.90276651769807,152.24170614312382,24586000
2024-04-03,153.65008544921875,153.80877752671594,151.47803493131784,152.34091364414047,24705000
2024-04-04,149.29605102539062,153.501299690698,149.216704997701,152.24170609339924,34724700
2024-04-05,151.2499237060547,152.1623804461379,148.37370170217739,148.80016963270904,23459200
2024-04-08,153.58065795898438,153.99721328727458,151.35901440772807,151.52761905486636,20702000
2024-04-09,155.31631469726562,157.26023958727896,153.91786920573918,154.81048561572567,31079500
2024-04-10,154.86009216308594,155.32624070054823,153.41205338281176,154.92952562487014,22838600
2024-04-11,158.10330200195312,158.37107788543062,155.17748650921038,155.62379478205062,27166400
2024-04-12,156.43704223632812,158.90663651169768,155.85188225072014,156.66516776322655,25353700
2024-04-15,153.59059143066406,157.93469279815042,153.3228004211546,157.5578028687453,27136500
2024-04-16,153.1343231201172,154.3740764327273,152.17227333883514,152.92605303847483,20779500
2024-04-17,154.19558715820312,155.792390319514,153.3128832450381,154.3443515291876,21763100
2024-04-18,154.73114013671875,155.6535245551475,153.3525349324206,154.0666341164594,19883000
2024-04-19,152.82687377929688,155.07827013643043,151.05155361246563,154.91957807299633,32615600
2024-04-22,154.9989471435547,156.34779961582007,152.79714362068458,153.04509433151492,26446200
2024-04-23,156.96267700195312,157.66686352012678,154.99891205418209,155.67334570448855,21151600
2024-04-24,157.82557678222656,158.2619724145378,155.8816367293061,156.19902087415394,22779100
2024-04-25,154.72122192382812,155.20721069723666,149.63326920623868,150.08950510920468,57109700
2024-04-26,170.54049682617188,173.2778823744627,168.25934724716632,172.9406579042473,64665300
2024-04-29,164.7880401611328,168.1601789863469,163.85575817924735,167.67419013378634,45610000
2024-04-30,161.44566345214844,166.72206177178046,161.26714620693434,164.25246727701446,33562900
2024-05-01,162.51678466796875,165.75005589531395,161.75309238141418,162.95318026028562,33493200
2024-05-02,165.25416564941406,165.36326455481128,162.54654844018515,163.43916484164697,24294500
2024-05-03,165.8690948486328,166.5831940285256,161.71343896761203,166.18646385430256,34662400
2024-05-06,166.7220458984375,166.76171134902742,164.66900697168114,166.08729275303767,21871300
2024-05-07,169.84620666503906,170.35202057689946,167.00965043305126,167.11874933173186,28039700
2024-05-08,167.99159240722656,168.7552698001532,167.35683910986376,167.61470243470376,19569100
2024-05-09,168.56678771972656,169.29079942824308,166.80136505178498,168.00145293610282,15346700
2024-05-10,167.26754760742188,168.4577231557963,164.82772102741802,166.65263467214967,29799900
2024-05-13,167.7535400390625,167.89239183817318,162.65567379498282,162.91353709798523,31327600
2024-05-14,168.9436798095703,169.8462239602229,167.41631020621995,168.37836010153808,25127100
2024-05-15,171.09588623046875,171.23473800953292,169.11228073886124,169.23130735927975,26948400
2024-05-16,172.752197265625,173.68449428030138,171.27442084056955,171.86949341563104,27867900
2024-05-17,174.61680603027344,174.82509128603235,172.2662381363207,172.7522118435742,24479300
2024-05-20,175.46974182128906,177.30458297385175,174.63663113812171,174.74573004665857,22554400
2024-05-21,176.39212036132812,176.6896490712989,174.36883433127562,175.44989566739218,16989400
2024-05-22,174.93417358398438,175.69785080388766,173.77376618454468,175.19203685040134,17880000
2024-05-23,172.1273651123047,176.7888348703636,171.53227742671908,175.61851492474267,21024900
2024-05-24,173.55555725097656,174.32916213437795,172.22653015180546,173.54562953855606,16579400
2024-05-28,174.95399475097656,175.8168734132129,172.94063642860604,173.01998246270298,20572200
2024-05-29,174.4580841064453,175.39038104034756,173.2877642166244,173.9919356394942,23388700
2024-05-30,170.69918823242188,173.78369568525272,170.381804057889,173.7638553909168,22931500
2024-05-31,171.08596801757812,171.6413751155462,168.05105413674661,170.4512148865134,37638900
2024-06-03,171.75047302246094,173.09932530985793,169.75695502874458,171.12563247401937,27459100
2024-06-04,172.36538696289062,172.42490783803038,170.48096786025872,171.85957302701576,26879600
2024-06-05,173.97213745117188,175.20196327061797,172.5042583714889,173.76385219874723,22068500
2024-06-06,175.28128051757812,175.6978358202856,174.30931814459407,174.45808249066545,23251000
2024-06-07,173.02992248535156,176.4119585188029,172.8712304058679,175.59868809544102,19661400
2024-06-10,173.77462768554688,175.81016010229428,171.5405100661831,173.7349167054555,23726700
2024-06-11,175.3732452392578,175.59169348463175,172.54337230776866,174.97607487552963,21540600
2024-06-12,176.53497314453125,179.1364888587314,174.86683954251944,176.99173266950717,27864700
2024-06-13,173.92355346679688,175.49240210344783,173.64553119205647,174.8668444097431,20913300
2024-06-14,175.5420379638672,175.8101362841722,172.92067425165644,172.99018739624864,18063600
2024-06-17,175.98887634277344,177.10096546528717,173.57602172386774,174.2214424940307,19618500
2024-06-18,173.8540496826172,176.13781719186318,172.87104771224654,175.88958192240335,21869900
2024-06-20,175.0554962158203,176.0384980804116,173.7547459679952,174.1320532342393,20160100
2024-06-21,178.3620147705078,179.57340412547137,175.36332840403423,175.75057482727152,57759000
2024-06-24,177.95486450195312,179.61307394202115,177.4087439914935,178.88823134690676,18298000
2024-06-25,182.73092651367188,182.98908571292054,178.15346801046124,178.35205317535076,23130200
2024-06-26,182.58200073242188,183.20754327614856,181.19187420519867,181.3408244497642,19839000
2024-06-27,184.1011962890625,184.7366779293804,182.72100889129027,182.8798679380617,18848900
2024-06-28,180.8642120361328,183.82318736943728,180.67556595744807,183.01890751714419,29156600
2024-07-01,181.6983184814453,182.58203555721028,180.0202454030524,181.73802946359046,16006100
2024-07-02,183.93240356445312,184.2600759255339,180.27837266146466,180.7649192250836,17372500
2024-07-03,184.50831604003906,184.77639921891327,182.7011560285435,183.54516199454144,10242100
2024-07-05,189.25457763671875,189.51273686548802,184.48845737897847,184.54803142014995,20967500
2024-07-08,187.6956329345703,188.82758504993222,186.45445670495957,188.55948674203475,21035900
2024-07-09,187.64599609375,190.00920064999954,187.38783687416534,188.96660951335545,15121400
2024-07-10,189.83045959472656,190.3964432565855,187.69564243220248,187.8147905079295,15952500
2024-07-11,184.2600860595703,189.51273777959946,183.77353946919203,188.50987272919218,25625800
2024-07-12,183.7635955810547,185.78918852634615,183.18768799095292,183.77351953652854,22898400
2024-07-15,185.21328735351562,186.91122316515236,183.61465170436622,183.61465170436622,16474000
2024-07-16,182.62171936035156,187.34811338839907,182.0755987428797,186.03743905754484,18290700
2024-07-17,179.74220275878906,182.2543425380115,178.63009842037727,181.6784348799773,20734100
2024-07-18,176.43568420410156,181.21172786784336,175.22429500298105,180.64574423979403,25315700
2024-07-19,176.4059295654297,179.0173545052584,175.87967196437603,177.61731898889505,18881900
2024-07-22,180.38758850097656,181.41031651236526,178.95775104592673,179.3152104096892,24100300
2024-07-23,180.50674438476562,182.31390434397233,180.258509125605,180.76491875098247,36352700
2024-07-24,171.41140747070312,174.9462749610045,170.60712769523397,172.37456144038464,49585200
2024-07-25,166.0991668701172,172.19582391606315,166.00980581766575,171.30218308939462,44852000
2024-07-26,165.82115173339844,166.90345381803442,162.90190268589552,165.97008682721892,41336900
2024-07-29,168.33331298828125,169.22695396837514,166.8041902743011,167.63825720919937,20293800
2024-07-30,169.0879364013672,170.02130347692145,167.25100442280618,169.0383014663059,18959700
2024-07-31,170.3291015625,173.01997848256258,168.80990296351985,172.01711347343624,25729100
2024-08-01,169.5546112060547,172.82139580223534,167.6878923021726,169.0482167160951,24531400
2024-08-02,165.48355102539062,167.32048278839775,163.50759297707282,165.26510279286998,29130100
2024-08-05,158.1258544921875,163.26928160754815,153.83634209310054,154.4023257364845,53630700
2024-08-06,157.17263793945312,159.43655755600886,155.3059189992834,158.2053051541738,49004600
2024-08-07,157.8180389404297,161.82951376084208,157.3513554761563,160.11173013870962,25138600
2024-08-08,160.88624572753906,162.53453159498838,159.0791007984094,159.37697100848436,25578800
2024-08-09,162.51466369628906,162.63381177677473,157.93720474099763,158.88049573069213,28602300
2024-08-12,161.14439392089844,163.73597062856854,160.69757348531624,163.1898651801224,15895300
2024-08-13,163.00119018554688,163.56715864917211,161.81958802944447,162.25648447214553,18551700
2024-08-14,159.23794555664062,162.06783350679044,156.5967339743886,161.25361460284537,40591100
2024-08-15,160.16139221191406,160.49898852805327,158.4833194361169,159.36703635252704,31524300
2024-08-16,161.8096923828125,163.89485965448893,159.99260830608642,160.3302046522989,24208600
2024-08-19,165.4934844970703,165.5133475605536,163.1004929084528,164.1132970310061,22416200
2024-08-20,165.99989318847656,167.4495939252533,165.64244892165763,165.72187088023108,18341500
2024-08-21,164.6792755126953,165.67221654044488,163.50759722139043,163.98420467240848,22902000
2024-08-22,162.6437225341797,166.4069618806491,162.15717603854122,166.07928956535088,22493300
2024-08-23,164.4508819580078,165.00692648837935,162.67352425192186,163.55724112720742,13955700
2024-08-26,164.98709106445312,166.36727853932712,163.29909428347517,165.20553931092914,14190400
2024-08-27,163.51751708984375,165.26510295168842,163.29908400819048,164.66933228950003,11821900
2024-08-28,161.70045471191406,164.4310425767687,160.38976526426643,163.87498286647468,16407400
2024-08-29,160.63800048828125,164.798425876507,159.11880190681103,163.15014011129165,19699800
2024-08-30,162.2267303466797,162.50475265729827,160.54865737475214,161.47208537407533,22123800
2024-09-03,156.2491912841797,160.707501683565,155.37539838425428,160.57841450941874,38945300
2024-09-04,155.3456268310547,157.87762958096508,154.8590954051368,155.554151121504,19353800
2024-09-05,156.1300506591797,158.32444181781332,154.87893528354047,155.19668368087028,18688700
2024-09-06,149.85467529296875,156.71590221863735,149.4872919188711,156.1896446256026,37912100
2024-09-09,147.85621643066406,152.51927694187998,146.3747655212842,151.63438731483413,39260500
2024-09-10,147.80648803710938,150.4015036061094,147.48831800096144,149.58620426686707,31118800
2024-09-11,150.29212951660156,150.63017379029483,146.67302891819028,149.0592434246133,29607700
2024-09-12,153.8018798828125,153.931138367879,151.7735836501272,152.91699025153633,29621500
2024-09-13,156.55596923828125,157.47068534964538,154.318887339598,154.53761027887018,29591200
2024-09-16,157.1525115966797,157.3414231577179,155.7009025392383,156.4068176480649,18379800
2024-09-17,158.4053192138672,159.6282532892845,157.47071351497493,158.10703853978887,20715600
2024-09-18,158.89247131347656,159.57851220454893,157.68942685128602,158.9421872798641,23677300
2024-09-19,161.20909118652344,162.8496118323656,160.41368126049775,162.77008449382728,26587700
2024-09-20,162.65077209472656,162.78996770160265,161.1295575441582,162.5612924555598,40896400
2024-09-23,160.92076110839844,164.53986181971814,160.74178667068307,163.40640761812853,24150900
2024-09-24,161.35824584960938,162.2829143760533,159.76744095244402,162.0940027861785,23332100
2024-09-25,160.56283569335938,161.87524922923666,160.37392412147798,160.5429462723237,18869200
2024-09-26,161.79571533203125,163.13797065652983,161.34830194759303,162.70049439754706,20319300
2024-09-27,163.00869750976562,164.7486500925775,161.69628402203105,161.87524329123835,21101300
2024-09-30,164.8977813720703,165.19604679069425,162.32264027889576,162.38230853380156,20413900
2024-10-01,166.03126525878906,168.18880481054381,163.63509815814953,166.72724331239,28338100
2024-10-02,164.90774536132812,166.5582184121097,163.7842281975384,165.46452779504156,17760200
2024-10-03,164.90774536132812,165.6832659184552,162.9788810936898,163.4660733087808,15073100
2024-10-04,166.10084533691406,167.26412612073125,164.5299148711692,167.09510397311843,19047400
2024-10-07,162.04428100585938,167.5127039344141,161.81560574950586,166.7570727731855,22463100
2024-10-08,163.4362335205078,163.78421492779364,161.93489332497202,162.99875730912473,23072700
2024-10-09,160.9307098388672,163.89359644421285,158.8228863013817,162.5115774919813,31181800
2024-10-10,161.14942932128906,162.13375075790051,159.47906705048007,159.94636978765286,14144100
2024-10-11,162.30276489257812,162.95896398012601,160.31424786941037,161.1991373378728,15344300
2024-10-14,164.01290893554688,165.27560646204375,162.46185274166893,162.70048027253844,19016100
2024-10-15,164.5100555419922,166.71729595706415,163.6848189785555,164.83814757105517,20247200
2024-10-16,164.21176147460938,164.84808640066018,162.7999160190336,163.58537367338423,16406000
2024-10-17,161.9945526123047,165.4148047545223,161.82553046438127,164.77847983302945,21453400
2024-10-18,162.48175048828125,163.76435267205474,162.14370618061358,162.25307524146882,19757700
2024-10-21,163.12803649902344,163.5555604691452,161.6863492090046,162.01445640921125,20946500
2024-10-22,164.19187927246094,164.8182671012252,162.0442768634266,162.0442768634266,16568100
2024-10-23,161.8454132080078,164.867967838788,161.00028733207427,163.81404098216163,18280500
2024-10-24,161.78578186035156,162.39228029287776,160.0855927556685,161.89515092756724,22412500
2024-10-25,164.32113647460938,164.63929136354844,162.48175184608664,162.7303165163636,19828900
2024-10-28,165.76278686523438,167.78113051042075,163.00868643055472,167.78113051042075,32138600
2024-10-29,168.70579528808594,169.40178845873763,166.13066910445878,166.76699401414237,42169000
2024-10-30,173.45834350585938,180.97493529169347,173.06063100562596,179.64261737988735,68890800
2024-10-31,170.12759399414062,175.80481742033143,170.01822493850247,172.13600066532192,44769000
2024-11-01,170.30654907226562,171.33064938867685,167.91039737420323,169.0935675366594,31796500
2024-11-04,168.2683563232422,169.74979215128636,167.0454071374049,168.95438211699454,21492700
2024-11-05,168.76544189453125,169.55089942789562,167.87060014901851,168.45720901821804,18242100
2024-11-06,175.49659729003906,175.92413641911588,172.50388407123629,172.8021647148181,33695500
2024-11-07,179.71224975585938,180.0403569286527,176.1726914135067,176.39142952870222,25352900
2024-11-08,177.32601928710938,179.86136646447602,177.05756522942787,179.612801825818,22006200
2024-11-11,179.31454467773438,179.513393363608,177.44533365392132,177.55470270682915,17450400
2024-11-12,180.5772705078125,181.44228594240687,178.3600777286625,178.78761688299022,25134900
2024-11-13,177.8529815673828,179.9210412566759,177.51492211643085,179.423911961303,23184000
2024-11-14,174.57192993164062,177.79333331489727,173.3191695348543,177.2564251654299,31007500
2024-11-15,171.4996795654297,173.1402002652983,170.236966835199,172.73255057874763,32504600
2024-11-18,174.29354858398438,174.4327441914951,171.90731866370794,172.424337422112,20135300
2024-11-19,177.09735107421875,177.8430450835762,172.56353392471485,172.72261895446178,23434900
2024-11-20,174.96961975097656,176.65985629395433,172.7822539205829,176.32181201959514,18997100
2024-11-21,166.6675567626953,173.1302369953593,162.76011297916298,172.90154661772263,59734400
2024-11-22,163.81405639648438,165.5043083073982,162.95899331574788,164.8978098993039,38604600
2024-11-25,166.6874542236328,167.6618386099698,164.65917328191838,165.13641317917185,33135300
2024-11-26,168.14901733398438,168.84501052303654,166.61786569467208,166.66758166120195,20486700
2024-11-27,168.25839233398438,168.5069570042289,167.0553478258637,168.0297170852908,19266500
2024-11-29,167.97999572753906,168.4572356311654,166.20027942100947,167.53258236969043,14257200
2024-12-02,170.5054168701172,171.09202581712017,167.60218350894124,167.80103219947992,23789100
2024-12-03,170.3562774658203,171.68858044714352,169.86910042539293,170.50542536954606,22248700
2024-12-04,173.36886596679688,173.90577410275552,170.0778724521122,170.1673520843779,31615100
2024-12-05,171.64881896972656,175.04918185581036,171.3406012044101,174.35320380974355,21356200
2024-12-06,173.7069549560547,174.07482584315568,170.87331141634223,171.04233358531255,21462400
2024-12-09,174.56295776367188,175.44886145410123,172.8508718378986,173.15945800345577,25389600
2024-12-10,184.31787109375,185.502397306232,180.21683563214248,182.00855531536865,54813000
2024-12-11,194.50079345703125,194.7098337526011,183.99935507018319,184.45722971599074,67894100
2024-12-12,191.07664489746094,194.28181312365592,190.82779534779633,194.10264873841155,34817500
2024-12-13,188.94647216796875,191.84306905787375,188.7672926142497,190.13098313311997,25143500
2024-12-16,195.75498962402344,198.08421748080238,191.733572884141,191.98242240358925,44934900
2024-12-17,194.52069091796875,200.4930793963414,194.082713332717,196.3422712265007,43504000
2024-12-18,187.53298950195312,196.09341894237798,186.87603832190538,194.32161160052223,34166100
2024-12-19,187.64248657226562,192.1416901461699,187.513095150107,190.748138909751,32265200
2024-12-20,190.52914428710938,192.00232914747002,184.3676279309519,184.925048408463,63462900
2024-12-23,193.73435974121094,194.20219811806004,189.2749647954396,191.73359960532437,25675000
2024-12-24,195.20751953125,195.20751953125,192.88824016493578,193.94335970742864,10403300
2024-12-26,194.69989013671875,195.84459196860374,193.48550314170072,194.25194880473947,12046600
2024-12-27,191.87295532226562,194.42118752257676,189.77266447158507,194.05287985313447,18891400
2024-12-30,190.35995483398438,191.66392402935992,188.2497003483825,188.92657901389887,14264700
2024-12-31,188.42886352539062,191.07662611886298,187.6424905201336,190.2006709297877,17466900
2025-01-02,188.55825805664062,191.11643850843902,186.63714698089748,189.7726449747486,20370800
2025-01-03,190.9073944091797,192.32087307336826,189.10572628313417,190.489329030918,18596200
2025-01-06,195.96400451660156,197.3077979271175,192.9579134138766,193.0873048290289,29563600
2025-01-07,194.59039306640625,200.0750314967655,193.70448930563006,196.20293323603758,26487200
2025-01-08,193.05746459960938,195.38669258245946,191.49469743094454,191.683825506133,24864800
2025-01-10,191.15626525878906,195.61566016820694,189.4342306110514,193.40587493046604,26665200
2025-01-13,190.1309814453125,190.3001972959748,186.49778453538255,189.19532001022134,21823700
2025-01-14,188.78720092773438,191.09651654383717,187.44340746260227,190.3599316953501,17174900
2025-01-15,194.6501007080078,195.4563707355863,190.97707930364396,192.20141470890871,21776000
2025-01-16,192.02224731445312,194.58041248274841,191.92270143099617,193.2465827004133,17815400
2025-01-17,195.0980224609375,196.32235783888785,192.85837679493184,195.6255822249555,27735100
2025-01-21,197.1385955810547,201.3590737795005,196.9594160260543,198.15390588987137,29971300
2025-01-22,197.45712280273438,199.5574134711185,196.62099201618707,198.14394994474472,26200600
2025-01-23,197.06890869140625,199.37823954000908,194.30170322912596,197.22817603032425,26951400
2025-01-24,199.28866577148438,199.9754777209976,197.08882922694013,197.18837511510904,23877500
2025-01-27,190.9272918701172,195.97396712425268,189.8522601854155,191.5245367578076,41728900
2025-01-28,194.40126037597656,194.58042475121238,189.80251062684363,191.8629920734772,24157900
2025-01-29,194.51075744628906,195.88439657430914,192.5398581602494,194.66006109436606,18218300
2025-01-30,199.94561767578125,200.47317747002577,196.76034669489817,197.08882990069444,24354700
2025-01-31,203.0811309814453,204.5344037474068,200.87134591508243,201.0704225036096,32001100
2025-02-03,200.30397033691406,202.81237798864086,199.17918072832174,199.76646200582942,27838300
2025-02-04,205.43028259277344,206.09719755510824,201.8767037764101,202.4540365472158,43856400
2025-02-05,190.44955444335938,191.863018176166,187.16473708667553,190.19075635884178,70373900
2025-02-06,190.71827697753906,191.21597601434,187.85152566522362,188.62793494754752,29297400
2025-02-07,184.487060546875,190.30018118607993,182.39673387279518,190.1707897750973,49315000
2025-02-10,185.61187744140625,187.33391183220394,185.00468401733505,186.48783259444508,23105600
2025-02-11,184.46717834472656,186.07971836409422,183.43195584227703,184.17850439769825,21239500
2025-02-12,182.76504516601562,184.25814231125668,180.9932377687485,182.37684051579572,22072600
2025-02-13,185.28341674804688,185.42277188580212,182.2972222059454,183.47179995722882,21402500
2025-02-14,184.37757873535156,185.54219264503521,183.47177804242145,184.208362887473,20448400
2025-02-18,182.92431640625,185.10424071494356,180.90365944170068,184.74589678490392,29916700
2025-02-19,184.4174041748047,184.6065322377559,182.74512752374517,183.22292953180167,19549400
2025-02-20,183.71067810058594,184.4572267048234,181.87914917011352,183.9495791218272,20441500
2025-02-21,178.83323669433594,184.48709094071828,178.255903940123,184.29796286054517,35199200
2025-02-24,178.42510986328125,182.27729565940143,178.06676593885823,181.15250613186586,29854200
2025-02-25,174.61273193359375,177.91746089820734,173.88609557732903,177.22067008112575,41913400
2025-02-26,171.93511962890625,175.26970953461128,170.79041782229913,174.26436286262216,35431300
2025-02-27,167.72457885742188,173.75668887755327,167.1671583548918,173.18931986196714,39991000
2025-02-28,169.4963836669922,169.82486685567105,166.00254187779413,167.90374066525882,48130600
2025-03-03,166.24142456054688,172.57215683074952,165.1663928329386,171.1387811939385,40770500
2025-03-04,170.13343811035156,172.49252670098738,165.03700479811678,165.4749823837437,45388000
2025-03-05,172.2238006591797,172.98029782260173,168.28201710781593,169.73530516145718,30954900
2025-03-06,171.556884765625,174.00555581661285,169.71539203178713,169.7452527625135,28302000
2025-03-07,173.05990600585938,174.16479845161754,169.48643064283362,170.47186499407138,27385800
2025-03-10,165.2968292236328,167.87789100205225,163.12436954047675,167.6785699397653,43604000
2025-03-11,163.47314453125,166.17378667553444,160.81237268027317,164.34014854098334,39587400
2025-03-12,166.5325469970703,167.06071434970798,162.96491596959018,166.00437964443265,28372400
2025-03-13,162.19760131835938,165.55596711984276,161.5498533800482,165.4662665449778,31756200
2025-03-14,164.91815185546875,165.91469633780176,161.88864811378173,162.70582188820455,31995900
2025-03-17,163.7222900390625,165.72535422603255,163.10443731189008,164.45973844695973,31184300
2025-03-18,160.11480712890625,163.68243835584954,156.17845929337233,163.11440067725707,42074800
2025-03-19,163.3236846923828,165.2968386316175,160.44367156873926,161.20103994792456,34275600
2025-03-20,162.23744201660156,164.3202162999389,160.40380384962694,161.01169658179438,28138500
2025-03-21,163.42333984375,163.67247597151626,160.33404577702316,160.65294731947398,36625800
2025-03-24,167.1005859375,167.7383890591239,164.56936942432435,166.492708348571,30879100
2025-03-25,169.97064208984375,170.04040750974747,167.73839194994267,168.39609981984145,24174400
2025-03-26,164.4896240234375,169.02390429945322,164.27038302856647,168.41601157841293,28901600
2025-03-27,161.67938232421875,164.84838647984,161.44020617422274,164.06112302928733,24508300
2025-03-28,153.7967071533203,161.26083057547865,153.09912907789933,159.935424629148,48669300
2025-03-31,154.10565185546875,155.00253588696825,150.13940872047658,152.58093987828155,54603500
2025-04-01,156.52725219726562,157.55369181763876,153.0891615011919,153.0891615011919,30672900
2025-04-02,156.49734497070312,157.86262130532444,154.1654344397735,154.61387643325034,25041700
2025-04-03,150.19918823242188,152.25206746912303,149.87032672274708,150.58783997911712,46883400
2025-04-04,145.09689331054688,150.54799324363788,144.8776522919314,147.49855413182192,62259500
2025-04-07,146.24290466308594,152.3218321659185,140.04439668677543,141.06087632952463,76794100
2025-04-08,144.19998168945312,151.7139355045659,142.5357542501846,150.69745588802078,52200200
2025-04-09,158.1615753173828,158.9986690004619,143.41271451247957,143.92094670447867,70406200
2025-04-10,152.29196166992188,157.1750244032135,149.41193301548267,155.9990938016626,48022000
2025-04-11,156.59701538085938,157.12518279409443,152.29195068350106,152.37166086891528,33636200
2025-04-14,158.52035522460938,161.1611923055906,157.0155631618818,159.44713439436606,30333000
2025-04-15,155.76986694335938,159.0983218935906,154.6736771269803,158.58012970667488,27551500
2025-04-16,152.8001708984375,155.35132240030543,150.98645259897873,152.57096991980188,28187400
2025-04-17,150.63766479492188,154.14549035907424,147.98685287180376,153.75683862644127,33046600
2025-04-21,147.1597442626953,148.43532017759705,145.59517709463205,148.3655699603778,26049100
2025-04-22,150.94659423828125,151.66410748339032,148.02671099242252,148.37550764431742,26971800
2025-04-23,154.8131866455078,156.98564625118482,153.2784996745797,155.0722827287534,31128800
2025-04-24,158.7296142578125,159.03854063446718,155.2516683139833,155.6104249592094,45894000
2025-04-25,161.4003448486328,165.52603823874784,160.48351057877483,164.49959867786362,56034000
2025-04-28,160.05502319335938,162.5862396977989,158.0519740918863,161.86872639451175,29745800
2025-04-29,159.6065673828125,160.18456500527563,156.97569056687874,159.76601814888411,26809000
2025-04-30,158.2512664794922,158.7196436016194,154.86300612354924,157.43409270690867,34981100
2025-05-01,160.7426300048828,161.39037784388623,158.36088927125815,159.8955611021286,30203200
2025-05-02,163.46319580078125,164.39995007912242,161.3106559960053,162.84534306658284,25715000
2025-05-05,163.64259338378906,164.81850869798296,162.15773647441492,162.4367677423953,21341800
2025-05-06,162.66595458984375,164.23053675483612,160.63301049910467,161.6096198520829,21277200
2025-05-07,150.85691833496094,164.42985019413678,147.32914212449143,163.5130310359637,127490100
2025-05-08,153.7468719482422,155.39116415932176,152.3716357822811,154.464385147347,57498700
2025-05-09,152.22218322753906,154.5142387821615,151.67408067225014,153.6372746936992,32435300
2025-05-12,157.91246032714844,158.5502482480448,155.7100901217978,156.94581087118723,44138800
2025-05-13,158.97872924804688,160.01514395464716,155.6203794367127,158.24128090704517,42382100
2025-05-14,164.79855346679688,166.4229258122212,159.0584628171564,159.40725946266062,48755900
2025-05-15,163.39344787597656,165.6356730691148,161.80893051621783,165.26694125278715,33146700
2025-05-16,165.61572265625,168.76480673115492,165.04768502743337,167.15039440077075,42846900
2025-05-19,165.96450805664062,166.06416858529283,163.65253281131433,163.94152401470697,30426100
2025-05-20,163.41336059570312,167.91774593119885,162.337090725838,165.8548915457752,46607700
2025-05-21,167.9775390625,172.54171471286378,162.9948165454298,163.1243721968136,73416000
2025-05-22,170.27955627441406,176.15917803179707,170.12012070875053,171.25618084668935,74864400
2025-05-23,167.88784790039062,169.3727046333075,167.30985028367255,168.47580548761593,35211400
2025-05-27,172.30255126953125,172.5716225630013,169.4125780788469,169.57202886061165,37995700
2025-05-28,171.764404296875,174.66435233443565,171.31596232961738,172.56164290870063,34784000
2025-05-29,171.26614379882812,173.81729536660228,170.04039828273065,173.39874848808273,29317300
2025-05-30,171.14657592773438,171.61495310854446,166.86143108525064,170.7579241400477,52639900
2025-06-02,168.44590759277344,169.2830012834345,166.81157529888503,167.2600172613062,38612300
2025-06-03,165.60577392578125,167.89782954141205,164.708889870391,166.91126012169556,45084900
2025-06-04,167.4693145751953,167.63872532387313,165.78515185366567,166.1638436483944,26900800
2025-06-05,167.62875366210938,170.339340657981,167.0108857444217,169.7513830642687,36379100
2025-06-06,173.079833984375,173.89700773798458,170.23969140570108,170.23969140570108,35731800
2025-06-09,175.69395446777344,176.07310468622353,173.97782168090652,174.14743750903665,28935900
2025-06-10,178.1983184814453,180.70266778284787,174.51661519040564,175.8037071645682,61766100
2025-06-11,176.9511260986328,179.96432281914957,176.3524694759701,179.3656814209572,31646800
2025-06-12,175.30484008789062,176.32255032681226,174.3569797237004,175.78375628436552,20941900
2025-06-13,174.2771453857422,176.7316192634362,172.00227458420645,172.05216517338764,27663100
2025-06-16,176.3724365234375,176.5420523549515,174.25719419482596,174.33701609632743,27389200
2025-06-17,175.55426025390625,176.96109261622635,174.18734645157147,175.30482253964252,24973000
2025-06-18,172.93020629882812,176.16290971424257,172.81046582918458,175.6141436330853,28707500
2025-06-20,166.26522827148438,173.94790803011588,165.08788938336605,173.55878574385125,75659900
2025-06-23,164.8184814453125,166.9636398925432,161.63565348702906,165.8960542954959,57671000
2025-06-24,166.39492797851562,167.84166379185558,165.756367987998,166.54458452923419,40524300
2025-06-25,170.29612731933594,171.97235685648238,167.17317715297744,167.25299905707695,35479000
2025-06-26,173.14968872070312,173.29936049404486,169.55779452756443,172.04218458564608,31796700
2025-06-27,178.1284637451172,178.27812028762878,171.34375470263782,173.14968136313868,108140200
2025-06-30,175.83364868164062,180.82240351749414,174.1873656755976,180.3734186271616,63378900
2025-07-01,175.4445343017578,175.6939720547657,173.13973189988045,175.344768335238,35904500
2025-07-02,178.23822021484375,178.4577266308603,174.67625741761273,175.14518633422566,29128900
2025-07-03,179.126220703125,179.265905222364,176.65180269468908,178.09853847776557,21689700
2025-07-07,176.3923797607422,178.89674433224096,175.28487562232132,178.65727862884938,34175600
2025-07-08,173.9678497314453,177.54977185383785,172.42133277200756,177.4500058972594,40442500
2025-07-09,176.2227783203125,179.03644347316074,172.3814460707259,174.85586430994886,43025600
2025-07-10,177.2205047607422,178.02868052999747,173.98780168372105,175.2349902719471,29252400
2025-07-11,179.7847442626953,181.0219456842772,176.08308157759498,176.39238193299045,34282900
2025-07-14,181.1516571044922,183.2569121837853,179.27588047712075,180.60289104600895,32536600
2025-07-15,181.59068298339844,183.8056914333515,181.19158867102598,182.39885886185957,33448300
2025-07-16,182.55848693847656,183.91542879782378,181.62059863833602,182.82788394956327,33104200
2025-07-17,183.16712951660156,183.64604573142148,180.07409534184728,181.73036564766983,31992600
2025-07-18,184.64378356933594,186.00072543502688,183.2968289565469,184.98301522964096,34014500
2025-07-21,189.67245483398438,189.86201471908177,185.73132654425748,185.83110772544197,45803100
2025-07-22,190.90966796875,191.21896833519165,187.03840453704987,191.0693117786785,44660200
2025-07-23,189.80215454101562,192.09698471753413,188.7545130229886,191.06930248089483,58681900
2025-07-24,191.73780822753906,197.50480780114538,190.57044138213487,196.58687870624138,74881700
2025-07-25,192.74551391601562,193.8929365997576,190.82983399147875,191.54821586623893,39785900
2025-07-28,192.14688110351562,193.61357622809174,190.41078895772904,193.2144667106556,38139500
2025-07-29,195.3097381591797,195.47935398479527,191.64799419278697,191.9971978721824,41389200
2025-07-30,196.08799743652344,197.155598285003,194.2521393007246,195.1600963397073,32445400
2025-07-31,191.46839904785156,195.54921195775628,190.66022322341527,195.26984291287636,51329200
2025-08-01,188.70465087890625,190.40082452841267,187.39759950913643,188.60486968944682,34832200
2025-08-04,194.60133361816406,194.830827292421,189.69240089649873,189.86201672672937,31547400
2025-08-05,194.232177734375,197.4150057356091,193.45393320281906,194.2720962985156,31602300
2025-08-06,195.64898681640625,196.18778087351924,193.23443126184418,194.0625664055758,21562900
2025-08-07,196.07801818847656,197.09571318148866,193.8929412029117,196.6167969951023,26321800
2025-08-08,200.9669952392578,202.15432130991044,196.72655368662487,196.7764442791972,39161800
2025-08-11,200.54794311523438,201.02685931355308,198.62229106869012,200.48808049350347,25832400
2025-08-12,202.88267517089844,204.04006993048975,200.1388600495838,200.91710457512625,30397900
2025-08-13,201.5057830810547,204.06999503609887,197.06577929471834,203.6709007567403,28342900
2025-08-14,202.48358154296875,203.98020797768137,200.77742070862897,201.0468177297292,25230400
2025-08-15,203.44142150878906,205.97571755828142,200.82731877734264,203.39154613868575,34931400
2025-08-18,203.0423126220703,204.80833601681928,202.0345896716843,203.74073522255918,18526600
2025-08-19,201.11666870117188,202.98245812812408,199.51028904350812,202.57337657986534,24240200
2025-08-20,198.87173461914062,200.8273180336849,196.15785070859312,200.278551944333,28955500
2025-08-21,199.3007354736328,202.02459107482636,198.98144788878304,199.3007354736328,19774600
2025-08-22,205.62648010253906,208.07096677186306,200.84725997228378,202.27403645691825,42827000
2025-08-25,208.02110290527344,210.04653613391585,204.81831562838462,205.96572314134983,29928900
2025-08-26,206.67413330078125,207.38254318133843,205.23736948208096,207.0432962842493,28464100
2025-08-27,207.01336669921875,208.4401585010209,205.18748059977113,205.2373711930947,23022900
2025-08-28,211.1640167236328,211.742714118765,206.43467159929352,206.78389053195886,32339300
2025-08-29,212.43116760253906,214.16724458693432,209.72725571237183,210.0365560843286,39728400
2025-09-02,210.87466430664062,211.20390871469678,205.73623790289355,207.97120545801465,47523000
2025-09-03,230.14122009277344,230.78975207064033,224.28441211377313,225.7012317514145,103336100
2025-09-04,231.77755737304688,231.847392025426,225.60147632632095,229.1335081222656,51684200
2025-09-05,234.47146606445312,235.22975128240526,231.37843212445287,231.677760445174,46588900
2025-09-08,233.72247314453125,237.8069358559837,233.3529799966882,235.15054099905157,32474700
2025-09-09,239.30491638183594,240.14377315813266,232.91358965088386,233.85231685973005,38061000
2025-09-10,238.84552001953125,241.33214736167037,237.5273187664355,238.5758820575914,35141100
2025-09-11,240.0438995361328,241.9213539288796,235.92949376965038,239.55457404217233,30599300
2025-09-12,240.4733123779297,241.75157459718335,237.67710805902945,240.04388783032,26771600
2025-09-15,251.26864624023438,252.06756394348793,244.32807821701437,244.32807821701437,58383800
2025-09-16,250.8192596435547,252.696698721273,249.13154999644232,251.73800966841424,34109700
2025-09-17,249.19146728515625,251.25866627901078,245.94587648389523,250.87917693990602,34108000
2025-09-18,251.68807983398438,253.64542748570952,249.46110945180462,251.338548569648,31239500
2025-09-19,254.3744354248047,255.65269769422878,251.4683796180924,252.90642848071656,55571400
2025-09-22,252.18739318847656,255.4329839373953,249.96042287972912,254.0848093772248,32290500
2025-09-23,251.31858825683594,254.01492224497756,250.1401811840686,252.69670571321294,26628000
2025-09-24,246.80470275878906,252.00764101873446,246.10565550148698,251.31857470864836,28201000
2025-09-25,245.45654296875,246.1556055061487,240.41340622781078,244.06842931794486,31020400
2025-09-26,246.2055206298828,249.08161830530747,245.63630185383965,246.73481561544992,18503200
2025-09-29,243.71890258789062,250.80926093832198,242.4406403715287,247.51375020937843,32505800
2025-09-30,242.77020263671875,242.9599320717839,238.92541967317948,242.48058753408858,34724300
2025-10-01,244.5677490234375,245.96585884887978,238.2862890899911,240.42338523813993,31658200
2025-10-02,245.35667419433594,246.47514981131818,241.97127402542458,244.81739828037135,25483300
2025-10-03,245.01715087890625,245.96585900937905,241.3321544964398,244.15831699237452,30249600
2025-10-06,250.09024047851562,250.97904766602093,244.24818617214953,244.44791178946252,28894700
2025-10-07,245.42657470703125,250.1002333278666,245.18691006468788,247.93317917084852,23181300
2025-10-08,244.2881317138672,245.67624536262252,243.48922922331397,244.62768203424937,21307100
2025-10-09,241.2023162841797,244.42792989328805,238.82554034163272,244.13833003954065,27892100
2025-10-10,236.2490692138672,243.75885638035138,235.5200485827795,241.10246136059908,33180300
2025-10-13,243.81875610351562,244.16828735447277,239.38479264234815,239.88411429337978,24995000
2025-10-14,245.1169891357422,246.78472157869837,240.1836889124138,240.9027132904423,22111600
2025-10-15,250.68942260742188,251.7679591837619,245.65626715592245,246.91455220927548,27007700
2025-10-16,251.1188507080078,256.6113736152233,249.76069521164578,251.42842769264908,27997200
2025-10-17,252.9563446044922,253.87509458891947,247.4737875390444,250.4197821526697,29671600
2025-10-20,256.2019348144531,256.98087539491434,253.88509020638818,254.3444728441902,22350200
2025-10-21,250.12020874023438,254.53421031738455,243.81875668908756,254.39440086428343,47312100
2025-10-22,251.34854125976562,256.01218852739623,248.95178813355238,254.02489806023604,35029400
2025-10-23,252.73666381835938,254.69399627404513,251.50833675008087,252.63679338694976,19901400
2025-10-24,259.5673828125,261.32497431611404,254.9736174865258,256.23188733462473,28655100
2025-10-27,268.9046630859375,269.7735083332291,263.92144290721717,264.4607188078389,35235200
2025-10-28,267.1071472167969,270.3627344019799,266.1384619149823,269.3241367489819,29738600
2025-10-29,274.197509765625,274.96645416764926,267.3068768000952,267.38675485794886,43580300
2025-10-30,281.09814453125,291.1944142933695,279.6800575475708,291.1944142933695,74876000
2025-10-31,280.8085021972656,285.6119738650845,276.6541425566326,282.82575062167336,39267900
2025-11-03,283.3350830078125,285.14262497278366,279.42038779718166,281.797163766903,29786000
2025-11-04,277.1634521484375,280.88837191256465,275.8851900258856,276.374515458966,30078400
2025-11-05,283.92425537109375,286.0314084420774,276.96371081227676,278.49163374098424,31010300
2025-11-06,284.3636779785156,287.9587999323025,280.7585903155872,284.9428776795432,37173600
2025-11-07,278.45172119140625,283.3950181298404,274.8166751233446,282.8257840870045,34479600
2025-11-10,289.7064208984375,290.40545290698407,282.47622284552773,284.03413439651047,29557300
2025-11-11,290.914794921875,291.52398321941854,286.9302176656824,287.35962699643375,19842100
2025-11-12,286.3210144042969,291.613842224268,283.30512258449664,291.2842728658537,24829900
2025-11-13,278.19207763671875,282.45627365196606,276.8638649512614,281.9569519907634,29494000
2025-11-14,276.0350036621094,278.1820807042813,270.3327588398133,271.04178706348836,31647200
2025-11-17,284.63330078125,293.55120856159544,283.1852862901624,285.392279437324,52670200
2025-11-18,283.8943176269531,288.4081743957296,277.8225797399186,287.52939388700526,49158700
2025-11-19,292.4127502441406,303.39782684502376,286.2411417953812,286.77042153983126,68198900
2025-11-20,289.05731201171875,306.0042898345543,288.2783714658303,304.1268355762142,62025200
2025-11-21,299.25347900390625,303.50770955644725,293.4513634023398,296.0178842040454,74137700
2025-11-24,318.14776611328125,319.0465694557707,309.17996886834777,310.70789188393536,85165100
2025-11-25,323.0011901855469,328.3838617048627,317.2190369667809,325.767421144808,88632100
2025-11-26,319.5159606933594,324.0597758686898,316.36024396458464,320.2449508538883,51373400
2025-11-28,319.7456359863281,326.40660086319315,316.36025071335513,322.9313108653273,26018600
2025-12-01,314.46282958984375,319.41609223758667,313.464186206563,317.2690150587685,41183000
2025-12-02,315.38153076171875,317.948051296999,313.4841146313127,316.3102616947243,35854700
2025-12-03,319.19635009765625,321.1436861691208,313.6738540884245,315.4614340573081,41838300
2025-12-04,317.1890869140625,321.92264650582644,314.27306548179905,321.7928484740126,31240900
2025-12-05,320.8341064453125,322.72155681925386,318.73697999805336,319.05652267664885,28851700
2025-12-08,313.49932861328125,320.21460294317257,311.0010871288888,319.82486263347363,33909400
2025-12-09,316.85693359375,317.7662971049956,311.6805848338384,312.15025542764414,30194000
2025-12-10,319.9847412109375,321.0839735202244,314.45863248382005,315.6078174223929,33428900
2025-12-11,312.210205078125,320.8940942947929,308.3829128168011,319.85481737290655,42353700
2025-12-12,309.07244873046875,314.6485102459599,305.34506149685063,313.47935032153816,35940200
2025-12-15,308.003173828125,311.2009348824072,304.66552711937686,311.1009991314403,29151900
2025-12-16,306.3543395996094,310.5513666605185,302.37712849550337,304.7354841263937,30585000
2025-12-17,296.5112609863281,307.87325739956634,295.9116769824828,307.7933270972379,43930400
2025-12-18,302.2472229003906,303.7461677101471,299.0195145942255,301.50775321966603,33518000
2025-12-19,306.9439392089844,307.03387224107576,300.7582909786616,301.5177661333593,59943200
2025-12-22,309.56207275390625,309.9118326328777,305.0852133945127,309.66200850448513,26429900
2025-12-23,314.1288757324219,314.7184570357758,309.1024153195162,309.41219480947996,25478700
2025-12-24,313.8690490722656,314.8583428959372,311.70059264113144,314.5485634057752,10097400
2025-12-26,313.2894592285156,314.86833429915043,312.0603135401851,314.25877806497726,10899000
2025-12-29,313.33941650390625,313.79908436732376,310.4014822754237,311.15095467052413,19621800
2025-12-30,313.6292419433594,316.72706748217655,312.24020504037514,312.28018544302313,17380900
