Date,Close,High,Low,Open,Volume
2015-01-02,94.66507720947266,95.82378591788782,94.20527016185112,95.41916048692802,31314600
2015-01-05,93.27645874023438,94.36160366232875,93.00976980845454,94.2512474441823,36521300
2015-01-06,92.02578735351562,93.57073940017726,91.61196379405769,93.41440667914641,66205500
2015-01-07,93.21207427978516,93.43277967214868,92.41200758533272,92.63271999379417,37577400
2015-01-08,94.9961166381836,95.18003660779847,93.9017738755129,94.00293196363022,40212600
2015-01-09,94.37079620361328,95.31799755120079,93.81902216151326,95.29041025231547,41410100
2015-01-12,93.38681030273438,94.6558751757069,93.14770868338647,94.55471706814042,34129800
2015-01-13,93.35918426513672,95.2903787416824,92.60510127520512,94.2971942136468,56162300
2015-01-14,92.84422302246094,93.32242620275812,92.0257671728998,92.42120144979657,51354200
2015-01-15,91.63954162597656,93.4235881147602,91.52918541401223,93.27645351490617,51005400
2015-01-16,92.71548461914062,92.835031915176,91.37284900051215,91.51998359439429,35362200
2015-01-20,93.45116424560547,93.69025880085628,92.2280761113648,93.27643536468621,30964100
2015-01-21,93.92939758300781,94.37081550374418,92.84425250296819,93.17531418949552,40128800
2015-01-22,95.66742706298828,95.76858514710993,93.46955053724827,94.29720440001783,40887200
2015-01-23,95.87894439697266,96.17322055579154,95.38235206344757,95.6582320157857,34783000
2015-01-26,95.76859283447266,95.94332172399865,95.28119858063425,95.76859283447266,19960900
2015-01-27,93.28563690185547,94.31559998662722,92.9729645253374,94.26042539739939,45253200
2015-01-28,92.80744934082031,94.88577908293179,92.78906014668591,94.78462097494638,43591700
2015-01-29,93.69949340820312,93.87422235719453,91.92463766224245,92.73389565949248,46539700
2015-01-30,92.97297668457031,94.33400853100001,92.8442312821362,93.61671071283907,42927600
2015-02-02,93.78225708007812,93.8650189884768,91.73151437341822,93.18450646038985,43624700
2015-02-03,94.68346405029297,94.74783675471562,93.50635916022259,94.1224989048534,30750400
2015-02-04,94.6006851196289,95.22602285690552,94.08569656086756,94.29721084651733,34073200
2015-02-05,95.41913604736328,95.48350873689866,94.60068027351474,94.8397748254479,23605500
2015-02-06,94.83978271484375,95.79618205042681,94.49953004875098,95.566278566376,34169300
2015-02-09,94.53632354736328,94.98693245020067,94.3064200436159,94.47195084695794,22604700
2015-02-10,96.00772094726562,96.13646637004057,94.91337783757922,95.06051947280734,23686500
2015-02-11,96.35713958740234,96.57784495034693,95.93411805171812,96.11803801815579,20303600
2015-02-12,97.47906494140625,97.51585033614592,96.83533807370354,96.9824726365656,22520300
2015-02-13,98.3159408569336,98.33433005073877,97.5710487100045,97.75497572854802,29030200
2015-02-17,98.40788269042969,98.47225538101107,98.06762303101554,98.31592270618445,17675300
2015-02-18,98.54584503173828,98.60101962962375,98.15960179824476,98.28834720404313,15149600
2015-02-19,99.03324890136719,99.09762161047097,98.45388750333403,98.48147480493579,19828100
2015-02-20,99.69538879394531,99.7505634063301,98.65622015336326,98.96889266111104,28336700
2015-02-23,99.79650115966797,99.82409547124558,99.41946309461105,99.64016847454918,17868000
2015-02-24,99.87007904052734,99.98963335088244,99.3642955499646,99.66776283786304,19745000
2015-02-25,99.62177276611328,100.10916699730487,99.40106038451563,99.7229308536546,19472300
2015-02-26,100.12757110595703,100.18275271762661,99.44705870154921,99.72294571160276,22255500
2015-02-27,99.68617248535156,100.15517765328997,99.52983976807175,100.09079792912878,27757600
2015-03-02,100.58738708496094,100.6241724906561,99.86089110870383,99.87928731960078,22988600
2015-03-03,100.1183853149414,100.38507423447818,99.48384936790222,100.28391612651257,20788900
2015-03-04,99.73217010498047,99.93448637776874,99.18960102441235,99.78735173507756,21007400
2015-03-05,99.9068603515625,100.21033464313251,99.49303687476538,99.98962925658057,15381000
2015-03-06,98.77574920654297,99.97124327069882,98.52744948219704,99.77812516070668,30990400
2015-03-09,99.0608139038086,99.30910657843134,98.57341964229532,98.978045001536,26237100
2015-03-10,97.22157287597656,98.3802882382256,97.22157287597656,98.35269393047254,34234500
2015-03-11,96.66063690185547,97.4882909804297,96.62385149657455,97.36873665924202,25459700
2015-03-12,97.29515838623047,97.40550756955346,96.5226790224814,96.58705171811903,21473200
2015-03-13,96.87214660644531,97.58945150300474,96.26520494455514,97.20320824605771,42021100
2015-03-16,98.12281036376953,98.15959576546518,97.12963258237863,97.2307906830172,25674100
2015-03-17,98.27918243408203,98.43551518068871,97.62625712522448,97.85616069944616,19603800
2015-03-18,99.24475860595703,99.69537459659605,97.50668840234727,98.01247899751381,40622200
2015-03-19,99.3918685913086,99.66774854220029,99.19875052085531,99.34588509144481,31314000
2015-03-20,100.0352554321289,100.5329899767336,100.01682394480345,100.21038620677726,31761400
2015-03-23,99.8416976928711,100.25647298271315,99.80482768431523,99.9799584668968,17268500
2015-03-24,99.48222351074219,100.29334259909419,99.46379202265388,99.83247804230065,22445300
2015-03-25,97.2055435180664,99.7310791135363,97.16867351267278,99.63890761616949,41581400
2015-03-26,96.87371826171875,97.42675426536607,96.08103074467166,96.40363449411308,47846300
2015-03-27,97.26085662841797,97.49128891547872,96.70782054591923,96.85530058511107,33878400
2015-03-30,98.37615203857422,98.45910428387336,97.85076672164098,97.85076672164098,30570200
2015-03-31,97.3345947265625,98.30241312600639,97.3069439778187,98.09963159223832,30488100
2015-04-01,96.82763671875,97.35302198078607,96.2008607015636,97.33458346226726,32970500
2015-04-02,96.89214324951172,97.20552769599642,96.57875177079369,96.91979399099763,19164200
2015-04-06,97.684814453125,97.9521095979754,96.17317285770554,96.32065283081268,24451100
2015-04-07,97.5189437866211,98.34849436949419,97.5189437866211,97.62954678047878,19379400
2015-04-08,98.2931900024414,98.43145077296147,97.54659168676196,97.55580391449102,25866900
2015-04-09,98.91075897216797,98.94762898432346,97.91529677291278,98.24711281784066,23114700
2015-04-10,99.3162841796875,99.32550343726773,98.65263827857312,98.87385123486689,17164300
2015-04-13,99.06744384765625,99.89699438746322,98.95683382730577,99.39004761671838,17783500
2015-04-14,98.78170776367188,99.25179158228451,98.21945243982258,98.9660578063803,23755700
2015-04-15,99.39925384521484,99.6112546133664,98.91995785042579,99.03978009106447,21128600
2015-04-16,99.26097869873047,99.43610239229919,98.9936764975402,99.1319372267397,16195300
2015-04-17,97.71250915527344,98.57892977430683,97.28851459016447,98.3116345091883,46514000
2015-04-20,99.17804718017578,99.35317795494684,98.1641466029305,98.20101660984203,28945900
2015-04-21,99.60205841064453,99.92466926715082,99.48223614226868,99.74953846301723,22759800
2015-04-22,100.14585876464844,100.31177026843645,99.21491049160274,99.86011798842593,21429200
2015-04-23,100.52377319335938,100.9754255146595,99.78639413418449,99.80482562196401,29473200
2015-04-24,101.8879165649414,102.02617731061521,101.41783284254393,101.58374433090576,32508100
2015-04-27,101.62982940673828,102.45938681439972,101.408609409873,102.26581755908425,31121300
2015-04-28,101.42704010009766,101.89712376687527,100.5698320170245,101.70355452649468,36849200
2015-04-29,100.79106140136719,101.45470738451846,100.23802542615245,100.8648014066582,34043900
2015-04-30,99.2057113647461,100.62517517805023,98.68032600150407,100.21961911156028,44080500
2015-05-01,100.51455688476562,100.57907763772687,99.5743893047765,99.59282782404237,32874300
2015-05-04,100.68046569824219,101.30724172402265,100.62515717416177,100.8371579466287,23507300
2015-05-05,99.03978729248047,100.46847018600101,98.9937050576076,100.28412718203991,47843300
2015-05-06,98.35768127441406,99.50062303912208,97.70325465783799,99.21488935600327,42687200
2015-05-07,98.94759368896484,99.22411516537584,98.25629703017063,98.330037028178,29335800
2015-05-08,100.18270111083984,100.39469478745455,99.82322745724763,99.97070040199277,33023300
2015-05-11,99.79561614990234,100.45005006213874,99.72188315931758,100.2472685155005,19679300
2015-05-12,99.34395599365234,99.85090978460653,98.44066546170525,99.2056952295526,33665000
2015-05-13,99.54673767089844,100.2933359531151,99.3992576470245,99.77716993402551,20738400
2015-05-14,101.0030517578125,101.0860039810475,99.9891514022854,100.35783732630745,23904200
2015-05-15,101.0030517578125,101.39939545514612,100.75418102364107,101.26113471752123,23937400
2015-05-18,101.44551086425781,101.64829240814352,100.76343324301679,100.83717326483622,17631100
2015-05-19,101.33489990234375,101.71280517806592,101.16898838240267,101.55611291818686,14212900
2015-05-20,101.39942169189453,102.00775924972274,100.86481711860895,101.40863391981544,21131900
2015-05-21,101.92478942871094,102.0630501782681,101.07680047870338,101.22427345459286,16771800
2015-05-22,101.82340240478516,102.19209540634242,101.74044313912357,101.80496388697853,13543800
2015-05-26,100.65281677246094,101.7404574119071,100.24726074286471,101.60220367013288,25488400
2015-05-27,102.2750473022461,102.38565731201847,100.73576158547604,100.95697457278673,30572700
2015-05-28,102.04463195800781,102.32115351212278,101.73124742676373,102.08150196737215,17302400
2015-05-29,101.43626403808594,102.11834142668576,101.19661256503022,101.9800806909908,30383000
2015-06-01,101.7773208618164,102.0538423920157,100.94776330345319,101.9801023796646,24570200
2015-06-02,101.45472717285156,101.95246175729613,100.90169108976939,101.39942567421394,19449600
2015-06-03,101.75887298583984,102.13677818186422,101.51000224229601,101.91556521267353,20507200
2015-06-04,100.9846420288086,101.83263817959428,100.6620382372117,101.18742356416527,31374600
2015-06-05,100.74498748779297,101.10446125296545,100.12742368279899,100.86480973210561,22641700
2015-06-08,99.72187805175781,100.7726487103052,99.51909651550564,100.69890869126164,24549200
2015-06-09,99.55596923828125,99.91544305062149,98.80936383152921,99.48222921722801,27554600
2015-06-10,100.92009735107422,101.21505032380288,99.78637471899329,99.89697768862055,30297900
2015-06-11,101.06758117675781,101.52844565359462,100.89245042524499,101.26114341316121,17593500
2015-06-12,100.23804473876953,100.74499858252639,100.099783960269,100.53299778452754,27201800
2015-06-15,99.74029541015625,99.89698765424873,98.91073789402802,99.49143167143491,31238800
2015-06-16,100.28411865234375,100.45003015469104,99.59282189793578,99.63890412888911,16456900
2015-06-17,100.56060791015625,100.8832115748446,99.9430513188625,100.45000495782452,23296700
2015-06-18,102.02618408203125,102.20130780808952,100.87402284533736,100.92932433438376,43032400
2015-06-19,101.5217514038086,102.15920937735979,101.44784180285042,102.07605931417996,27877600
2015-06-22,102.27005767822266,102.57492946888459,102.03909548197697,102.27005767822266,19120900
2015-06-23,102.35321807861328,102.44560155676713,101.92824844037949,102.38093241721867,18127900
2015-06-24,101.82662963867188,102.6673284952285,101.79891529866784,102.23312542115214,15815900
2015-06-25,101.62336730957031,102.32549436635401,101.45707424476383,102.22387043517189,18326700
2015-06-26,100.94896697998047,101.83586813341697,100.57019259323228,101.60490590663633,32311700
2015-06-29,98.56546020507812,100.3854440131187,98.51926493189988,99.83112892861627,50874900
2015-06-30,98.91650390625,99.51700711589723,98.61163207003416,99.30451876230221,34809900
2015-07-01,99.70177459716797,100.09902991806072,99.23985013326514,99.8957820261982,21293000
2015-07-02,99.7294921875,100.07131883935529,99.42462738817845,99.98817581637891,20499400
2015-07-06,99.49856567382812,100.07135477082682,98.88882880784564,99.10131019735063,24311000
2015-07-07,99.74798583984375,99.84036933774006,97.77094938154467,99.60940706879475,44230800
2015-07-08,98.01115417480469,99.15673221008925,97.82638716184124,99.03662730809424,39691500
2015-07-09,97.95569610595703,99.40613857283627,97.94645564355693,99.31375509405821,28381000
2015-07-10,99.45235443115234,99.82189547119727,98.89804639528951,99.25834697102081,26415800
2015-07-13,101.1983871459961,101.28153014551644,100.3022527818883,100.31149324241485,25780700
2015-07-14,101.86357116699219,102.1407215793232,101.28154190912375,101.33697763031556,21977200
2015-07-15,101.97442626953125,102.37168152870065,101.6880354018999,102.05757632528649,28631500
2015-07-16,103.4156723022461,103.43414618326626,102.61192103388538,102.81516896715425,29838900
2015-07-17,104.93999481201172,104.93999481201172,104.0715816253223,104.24710812615525,35926800
2015-07-20,105.3003158569336,105.67909029519858,104.83839134054637,105.16173709233567,26539000
2015-07-21,105.23562622070312,105.50353618545486,104.93075440761784,105.33724310999084,35468900
2015-07-22,104.04388427734375,104.55199703424182,103.62814796889005,103.62814796889005,35575000
2015-07-23,103.65582275390625,104.48728800508432,103.38791282979928,104.1454684923379,25698300
2015-07-24,102.6396255493164,104.39494011131225,102.48257290625376,104.21017312516899,30844700
2015-07-27,101.78968811035156,102.50104877405329,101.56796631299643,102.05760517934306,35994800
2015-07-28,102.66732025146484,102.87056812638501,101.42936617463457,102.24235062590785,33553500
2015-07-29,103.05537414550781,103.27709596503493,102.49182560755214,102.88908101876008,26714100
2015-07-30,103.54499053955078,103.72051704464462,102.19617193748338,102.81514903358955,25438100
2015-07-31,103.42488861083984,103.92376789677665,103.21240729641252,103.8683392144753,22081700
2015-08-03,103.10155487060547,103.72977252055792,102.4179085319072,103.44338156415913,25001800
2015-08-04,102.90750885009766,103.24009495476405,102.48253928266982,103.05532802924112,22132300
2015-08-05,103.70204162597656,104.39492831835503,103.36021498697633,103.48031985796968,28989900
2015-08-06,102.03910064697266,103.93299357141466,101.5771762310997,103.79441483697133,42125400
2015-08-07,101.9097671508789,102.14996983194509,101.0690683397586,101.7896693345496,30006800
2015-08-10,103.07380676269531,103.295528493459,102.54721324687735,102.55645370811114,21500800
2015-08-11,101.75271606445312,102.92600810052068,101.18916767832448,102.52875279633832,36123300
2015-08-12,102.10377502441406,102.30702290557637,99.97892683137084,101.05058786603448,41889000
2015-08-13,101.9375,102.69506298157356,101.71577820328098,102.20541706822286,22510500
2015-08-14,102.09455871582031,102.24237089608042,101.49405543406841,101.69730334928371,17924900
2015-08-17,102.94448852539062,102.97220286607666,101.58642944450992,101.84510602212374,21224900
2015-08-18,102.41790771484375,102.88907271065152,102.2793289456757,102.80592262978709,13984400
2015-08-19,101.74346160888672,102.64883649683223,101.15219896515333,102.10376206214904,42511400
2015-08-20,98.92576599121094,101.12452437116335,98.91652552640679,100.80117858711291,57747300
2015-08-21,94.60216522216797,98.36223141207547,94.60216522216797,97.5307656720102,97763400
2015-08-24,90.96219635009766,94.72226251735219,78.28698350665178,87.05431796795007,150829900
2015-08-25,90.62035369873047,94.91625336951074,90.54645112844878,94.2972761718954,75088300
2015-08-26,95.18416595458984,95.36893999258854,91.39638628072727,93.27179871385869,104103800
2015-08-27,97.59541320800781,97.66008235965752,95.41512888323356,96.5606997332036,69377700
2015-08-28,97.57694244384766,97.92800255709675,96.8655747045785,97.0780630944458,49919600
2015-08-31,96.3666763305664,97.56768271777413,96.12648069185104,97.0318486651179,39549400
2015-09-01,93.35494995117188,95.4243698635674,92.96692799076546,93.9646866631095,73155500
2015-09-02,95.98792266845703,96.00639654911245,93.95545042430749,95.04559264161782,43963600
2015-09-03,95.51676177978516,97.02263333675913,95.24884468405183,96.36670129482287,45131800
2015-09-04,94.38040924072266,95.01786020389049,93.85380858878936,94.20487569007823,49379600
2015-09-08,97.04110717773438,97.1612050194308,95.79391234267038,96.19116772478505,37343500
2015-09-09,95.95095825195312,98.21438549551861,95.70151507341951,98.18667115310568,47146700
2015-09-10,96.99488067626953,97.63233858494931,95.72921236859801,95.8400697103463,47686700
2015-09-11,97.5307388305664,97.5307388305664,96.27430362434265,96.55146114422467,29106100
2015-09-14,97.23509216308594,97.90950492974437,96.8655512107419,97.8910240055031,19718800
2015-09-15,98.38065338134766,98.68552516656202,97.10574461827859,97.4660450741113,30020200
2015-09-16,98.93498229980469,99.02737283505107,98.05732860223,98.39915525678018,31329100
2015-09-17,98.97195434570312,100.45011858625101,98.51927024745031,98.83338261551005,56139800
2015-09-18,97.56427764892578,98.72189842564667,97.39757997445571,97.45315057631673,48384000
2015-09-21,97.86988067626953,98.67558719358716,96.99009180705309,98.10140480664813,35772600
2015-09-22,96.40666198730469,96.70301263924661,95.50834708641786,96.36961727261733,47359700
2015-09-23,96.48070526123047,96.92523455926322,95.9806124505262,96.66592168050458,21775100
2015-09-24,96.12881469726562,96.48999174887773,94.7118811883775,95.54536940961898,38284300
2015-09-25,95.31385803222656,97.24940355271526,94.72115678804728,97.15679530810404,44700000
2015-09-28,92.60041046142578,94.97122290522712,92.32258568053882,94.90639641646443,44077500
2015-09-29,92.11883544921875,93.77654931036119,91.45204472679758,92.83192676507893,49315500
2015-09-30,94.23957061767578,94.3414417858125,93.07268718800812,93.4338642148366,41411400
2015-10-01,94.66559600830078,94.67485895269823,93.15605402155471,94.40629008962343,39339100
2015-10-02,96.32331848144531,96.32331848144531,93.05419830383035,93.35054896131949,59370900
2015-10-05,97.70315551757812,97.96246134012196,96.82336689601101,97.03636507929184,32853500
2015-10-06,97.24011993408203,97.79577634916585,96.48072118483805,97.47164402916317,33051500
2015-10-07,97.82355499267578,98.03656026220649,96.58258927405377,97.85134381826586,37389300
2015-10-08,98.21253204345703,98.37922968825842,96.50851088931444,97.45313323170741,50188900
2015-10-09,98.6570816040039,98.84230518574785,97.99029084084006,98.2588597352009,23916200
2015-10-12,98.89787292480469,99.0830894488522,98.49038809323118,98.84230938070193,16162000
2015-10-13,98.25885772705078,99.33313328253878,98.16624947085006,98.33294715823416,26999600
2015-10-14,98.10140991210938,98.74967468468463,97.69392516045858,98.25884463322679,30902600
2015-10-15,99.71281433105469,99.72207727495572,98.33293244315315,98.46258539554358,38393800
2015-10-16,100.12957763671875,100.18514117767894,99.44426099227654,99.92583523245523,27091100
2015-10-19,100.70374298095703,100.7685694607695,99.77764637474668,99.99991464743776,23776300
2015-10-20,100.18513488769531,100.74079145908244,99.84247658698754,100.5277931884031,23404700
2015-10-21,99.57389831542969,100.79634548332868,99.53686067098194,100.69448136276341,30195200
2015-10-22,101.60206604003906,101.68541841543131,100.17587630321613,100.46297107894836,42778700
2015-10-23,104.4451675415039,104.87117110567051,103.78763984036269,104.3340404777119,53170900
2015-10-26,104.50997161865234,104.7137139460129,103.97283404025714,104.37105575312884,25918000
2015-10-27,104.72301483154297,104.87118662704769,104.20439588338398,104.23218471900078,31390500
2015-10-28,105.59355163574219,105.59355163574219,104.03770876435557,104.88046022473726,42221900
2015-10-29,105.42681884765625,105.60277943809139,105.00081531894176,105.11194943904111,24913300
2015-10-30,104.95451354980469,105.64908589508443,104.92673178648234,105.47312530663588,27199200
2015-11-02,106.1399154663086,106.26956840500057,105.01007665865984,105.23233782990961,22176900
2015-11-03,106.51036834716797,106.89006426625517,105.76948826596727,105.9269229869167,20418400
2015-11-04,106.5196304321289,106.93637815167006,106.07510800995281,106.86228872612188,28633000
2015-11-05,106.23255920410156,106.87156823376502,105.67690255748698,106.61226226971539,25004100
2015-11-06,106.30665588378906,106.4270459279978,105.35277728009419,106.02882400877432,29924900
2015-11-09,105.1767807006836,106.0473136838971,104.52851596779418,105.90839779383346,33479800
2015-11-10,104.90821838378906,105.01008957179636,104.30625419980672,104.62113070789002,35452100
2015-11-11,104.77854919433594,105.70464562141372,104.60258861221355,105.19528976029893,22748800
2015-11-12,103.75988006591797,104.86193745247186,103.68579063064969,104.35258141694928,31196900
2015-11-13,101.72244262695312,103.43572691317505,101.66687909440314,103.32459278251906,52836000
2015-11-16,103.1856918334961,103.20421772406716,101.38906905373898,101.62059322697814,33980600
2015-11-17,103.25054168701172,103.99142203527566,102.99123568478693,103.3616758589189,30579500
2015-11-18,105.23234558105469,105.3342167640384,103.5653760755639,103.66724725854762,32966500
2015-11-19,105.30642700195312,105.78800111504349,105.10268465145761,105.2879081817059,26188100
2015-11-20,106.0195541381836,106.10289945035558,105.7046775836783,105.80654878670438,22727600
2015-11-23,105.71391296386719,106.44553001957524,105.26012767406787,106.05656413419194,20696200
2015-11-24,105.621337890625,105.87138090600054,104.50075459772239,105.02863653179054,26374400
2015-11-25,105.71391296386719,105.90839237378118,105.49165179047338,105.77873943383852,14159900
2015-11-27,105.86209106445312,106.07509637314762,105.50091398647373,105.94544342543992,8828000
2015-11-30,105.59355163574219,106.17699712848574,105.25090034945936,106.17699712848574,25041600
2015-12-01,106.64927673339844,106.64927673339844,105.8898708176031,106.01953082840288,28639400
2015-12-02,105.99177551269531,107.19570417413551,105.83434075305465,106.7326557759751,22395500
2015-12-03,104.19512176513672,106.46405541991713,103.57463172499934,106.27883894156777,42754300
2015-12-04,106.63077545166016,106.80673608890399,104.29701483319424,104.51001312143518,40037300
2015-12-07,106.14920806884766,106.76969117246757,105.63985204912551,106.70486468500815,25892100
2015-12-08,106.15845489501953,106.50111319411403,105.00083409943134,105.03787881275696,30792600
2015-12-09,104.54703521728516,106.27883824731741,103.90802635970935,105.6953929197723,48509200
2015-12-10,105.01934814453125,105.72318348722443,104.4729475165486,104.78782401152547,30154600
2015-12-11,102.60224151611328,104.0839946392345,102.53741503777536,103.80616283746842,56022200
2015-12-14,103.38014221191406,103.42644985975909,101.29642523887898,102.74114047809408,53098500
2015-12-15,104.00990295410156,104.90821775263993,103.88025000024614,104.3340424042962,48428000
2015-12-16,105.55648803710938,105.73244157729681,103.62094257059991,104.71373678387097,44944100
2015-12-17,104.01915740966797,106.01952921829402,104.00063858872387,106.01952921829402,45668800
2015-12-18,102.02384948730469,103.9281417656803,102.02384948730469,103.69591048145378,53746100
2015-12-21,103.1571273803711,103.17570276262498,102.22820235069511,102.98992059154399,26432800
2015-12-22,103.83524322509766,103.98387463817217,103.15713189256883,103.70519428222539,26540300
2015-12-23,104.60624694824219,104.68056265066879,104.18823352457962,104.37401569351066,25656900
2015-12-24,104.5876693725586,104.87564096115153,104.54122737172061,104.60625184260242,11468600
2015-12-28,104.53192901611328,104.55051148489129,103.58442863535875,104.33685561675604,19183600
2015-12-29,106.1761474609375,106.40837874839613,105.08929964940744,105.15432412641039,27725700
2015-12-30,105.2193374633789,106.12039589726118,105.20076208068892,106.08323804474549,19520100
2015-12-31,103.9095458984375,105.04283547600853,103.89096343056603,104.84776208616786,29886800
2016-01-04,101.71728515625,101.81017623668255,100.43537123715633,101.67083607246614,50807600
2016-01-05,101.54080963134766,102.34897709308493,101.06706289007724,102.21892813424951,38795200
2016-01-06,100.56543731689453,101.15065760184054,99.77585236786493,99.77585236786493,41891100
2016-01-07,97.41637420654297,99.66437116497548,97.3606338833399,98.41960789143243,61386300
2016-01-08,96.61748504638672,98.73543277679795,96.51530273596032,98.1223389142395,69344000
2016-01-11,96.91476440429688,97.5928758076222,95.4284855540599,97.30491127364597,50024100
2016-01-12,98.03874969482422,98.54037006750865,96.68251998518217,97.84367628663621,46734200
2016-01-13,94.6574478149414,98.67969429407977,94.5088164305496,98.43817183801033,69870700
2016-01-14,96.67321014404297,97.51853517063007,93.51486419453582,95.02901625597553,78445700
2016-01-15,93.67278289794922,94.6946059509348,92.43731817529898,93.46842537448661,91443900
2016-01-19,93.87718200683594,95.09407888427127,92.7810499457513,94.9454474448049,56563800
2016-01-20,93.58917236328125,94.59241283493621,90.33793560624419,92.40014976893481,86675000
2016-01-21,93.68209838867188,95.07548609029952,92.7253066341627,93.98864538394268,61660100
2016-01-22,96.3945541381836,96.43171199249711,95.2426890030087,95.56781136933193,42229800
2016-01-25,94.96401977539062,96.59892291207737,94.8804128278364,96.05086048364105,38881500
2016-01-26,95.818603515625,96.22732564667128,94.52739848960987,95.36343230537294,36143900
2016-01-27,93.43128204345703,95.66998770021782,93.03184399354394,95.26126550266034,54524700
2016-01-28,94.75035095214844,95.01974005531177,93.13402342030382,94.98258220448214,47641500
2016-01-29,96.72895050048828,96.7661083481794,94.694609721127,94.72247633511162,54245100
2016-02-01,96.98905944824219,97.35133961930512,95.89292770096239,96.26449201898124,32750300
2016-02-02,94.88970184326172,96.58034526780386,94.60173023857584,96.5431874127755,44928100
2016-02-03,94.43453979492188,95.52138058446666,92.78104697590247,95.52138058446666,61572900
2016-02-04,94.42523956298828,95.17766663989471,93.30124102184473,94.18371704816373,49321600
2016-02-05,91.14613342285156,94.1279821453412,90.77456196518186,94.09082429086062,70749900
2016-02-08,89.75276947021484,90.1522076524284,88.09927640135405,89.4462224051616,91673100
2016-02-09,89.47408294677734,90.83031300907193,88.41510869146326,88.55444890129668,73778400
2016-02-10,89.8177490234375,91.67559878567877,89.75272456524443,90.50515145106914,59421700
2016-02-11,89.68769073486328,90.40295970024283,88.42435246158483,88.67515903493947,76839200
2016-02-12,91.05323028564453,91.14612846035614,89.85492320778468,90.70024131800182,49186500
2016-02-16,93.1061782836914,93.1061782836914,91.82425693930169,92.40019312932729,40565900
2016-02-17,95.21480560302734,95.34485452663631,93.54273788929099,93.78426035619398,41766500
2016-02-18,94.12798309326172,95.5306549065648,94.00721829319964,95.51207952270549,38991500
2016-02-19,94.40664672851562,94.6946183024343,93.46843756604913,93.67279511616714,28257900
2016-02-22,95.93938446044922,96.03227555424816,95.19624862292154,95.28913971672048,23979100
2016-02-23,94.3602066040039,95.6421205988673,94.29518213514422,95.38202272342855,29869700
2016-02-24,95.26127624511719,95.38203396233251,92.67885839450155,93.25479453450411,40739100
2016-02-25,96.19944763183594,96.19944763183594,94.60169588156087,95.45631206256554,29389300
2016-02-26,96.0787124633789,96.95190422608091,95.8464812147569,96.9333217573954,30925000
2016-02-29,95.21480560302734,96.70108407794032,95.21480560302734,95.98581499809104,27553900
2016-03-01,98.27096557617188,98.27096557617188,95.82789565161032,96.12515133477801,37699800
2016-03-02,98.30813598632812,98.32671136827871,97.54641775791671,98.15022043477421,29209800
2016-03-03,98.12234497070312,98.23381852181289,97.41636707508046,98.20595190581928,25474600
2016-03-04,98.15949249267578,98.7911617082293,97.50924789745946,98.23380818559609,31655400
2016-03-07,97.55569458007812,98.22452167424501,96.8590008715101,97.65787689097223,25861200
2016-03-08,96.7475357055664,97.73219389227205,96.58032892979233,96.8868758665673,28898500
2016-03-09,97.36990356445312,97.38847894331839,96.57102761769583,97.10980573753386,31047400
2016-03-10,97.22127532958984,98.33598228179261,95.96722114944427,97.77862880569123,44236100
2016-03-11,98.92121887207031,98.92121887207031,97.96442727916282,98.27097422265798,31454000
2016-03-14,99.08840942382812,99.32064063017654,98.52176471336729,98.54963132418766,25374900
2016-03-15,99.05127716064453,99.16275071984839,98.419607832761,98.73544604027067,26524600
2016-03-16,99.93376159667969,100.19385948458972,98.78188939716965,98.80976310270508,31693100
2016-03-17,99.87803649902344,100.11026780393733,99.27424077595694,99.64580519410956,29623700
2016-03-18,100.03453826904297,100.28608887752239,99.50348066611251,100.1183861024834,37682300
2016-03-21,100.42583465576172,100.51900127736499,99.80161047204643,99.85750902337688,17288600
2016-03-22,100.73330688476562,100.96622702980315,99.83889438080058,99.85752486481375,18840300
2016-03-23,99.90409851074219,100.61217054004005,99.6804900832355,100.5376415056956,20912900
2016-03-24,99.93206787109375,99.96001715310979,99.25193787334716,99.41964067360254,19017300
2016-03-28,99.79230499267578,100.23019599161209,99.61528341229935,100.21155839991007,13892300
2016-03-29,101.3947982788086,101.46001563447214,99.43827050074368,99.60597328790116,29963900
2016-03-30,101.8885726928711,102.52211567145918,101.67428306575202,102.00037690373638,23807200
2016-03-31,101.73950958251953,102.19603815358607,101.58112560063518,101.81404572981508,21447200
2016-04-01,102.82025909423828,102.85752716669009,100.98484739789528,101.12460089255005,26389000
2016-04-04,102.4289779663086,102.89481831418789,102.18673899512667,102.8202821525689,17163000
2016-04-05,101.44137573242188,102.01902023240083,101.31094102406509,101.63702779495705,20107900
2016-04-06,103.10908508300781,103.14635315810267,101.54386146981672,101.54386146981672,25056000
2016-04-07,101.62771606445312,102.69915011821051,101.18982506880074,102.51280974338052,28567200
2016-04-08,101.55317687988281,102.50348788456363,101.19914084052296,102.26125606676081,22898000
2016-04-11,101.18049621582031,102.50348075889727,101.17117742096546,101.9910607724052,25772100
2016-04-12,102.02835083007812,102.22400291524491,100.64014153202542,101.2550541781147,28564100
2016-04-13,103.33269500732422,103.49107899761734,102.68051434610062,102.81094905671362,25356700
2016-04-14,103.3420181274414,103.72401061375112,102.4848736176881,103.35133692441856,17199700
2016-04-15,103.08113098144531,103.47243508939769,102.82026157614372,103.2581525528249,21353300
2016-04-18,103.6308364868164,103.66809745571614,102.71778636927736,102.78300372709023,17126100
2016-04-19,102.99726867675781,103.8264636448923,102.37303742102202,103.8264636448923,42481400
2016-04-20,103.08113098144531,103.55629003147789,102.64324000476414,102.9972831475233,18078300
2016-04-21,103.09046173095703,103.46313539952719,102.62462142228406,103.02524437206917,20216000
2016-04-22,101.53456115722656,102.22400285332414,100.73331522331884,101.74884372783019,39074000
2016-04-25,101.53456115722656,101.54387284592458,101.04076443801793,101.22710483436816,14351900
2016-04-26,101.04077911376953,101.91656133342106,100.73332985441472,101.74885850642737,19118300
2016-04-27,100.2302017211914,100.4631218736715,99.40100654701499,100.00659325693607,33059800
2016-04-28,99.01900482177734,100.92895273670155,98.82335276497643,100.34198945814056,29818200
2016-04-29,98.49726867675781,99.22397836692856,97.71465332015653,99.01900750905303,67502800
2016-05-02,99.4289321899414,99.5686856698365,98.33886784144278,98.74880237880251,24813800
2016-05-03,98.50657653808594,99.16806880079274,98.2457000427377,98.72085905978201,38569400
2016-05-04,97.87303924560547,98.27366214442972,97.63080032562479,97.91030021037965,27474500
2016-05-05,97.8450927734375,98.4413748926109,97.64944070183824,98.22708522857809,20788100
2016-05-06,98.3668212890625,98.3854517700322,97.26743809975359,97.36060472091722,30758500
2016-05-09,98.64633178710938,99.10286036389499,98.32956381937241,98.37614358089697,19289600
2016-05-10,99.99728393554688,100.04386370225002,98.82336434897721,99.00038594366286,21178900
2016-05-11,99.09355163574219,100.14634818084602,99.06560235435627,99.84821066579792,20966300
2016-05-12,98.65564727783203,99.44757427880417,97.95688690494636,99.32645837310757,29196300
2016-05-13,98.29229736328125,99.17739103655926,98.09664530207742,98.57180436966296,21059300
2016-05-16,99.52212524414062,99.88548012349484,98.34820565260284,98.4413794027217,18311900
2016-05-17,98.273681640625,99.7271012325321,98.01280507834467,99.43828249520685,29932700
2016-05-18,98.62770080566406,99.15875841983666,97.86372306057088,98.05005632204403,27524400
2016-05-19,98.11529541015625,98.48796912382039,97.39790437558469,98.24573014371472,27334600
2016-05-20,99.19603729248047,99.59666024560298,98.450689949131,98.5065956201856,29549600
2016-05-23,99.06558990478516,99.66186485994751,98.97242327582069,99.30782171846113,15729800
2016-05-24,101.0500717163086,101.17118762901092,99.58733353545162,99.61528281467844,29931300
2016-05-25,101.77677917480469,102.08423545586777,101.25504035226734,101.43206192769608,37951700
2016-05-26,102.07492065429688,102.2053553650349,101.63702965046551,101.87926858818983,21885900
2016-05-27,102.60596466064453,102.61528345536158,102.12149395772285,102.14012443899928,19870000
2016-05-31,102.80162811279297,102.96001920793523,102.27988928124239,102.74572955460069,24366100
2016-06-01,102.81095123291016,103.04387137938623,102.40101660866021,102.4848644494754,19571500
2016-06-02,103.0252456665039,103.03455735491988,102.04697816273591,102.60598511853516,15696600
2016-06-03,102.54075622558594,102.87616178297266,101.86994511081248,102.82958202165457,20269900
2016-06-06,102.91342163085938,103.18360981427749,102.55006682409376,102.7270883841644,12502400
2016-06-07,102.65258026123047,103.0718337348082,102.60599338276198,102.96934828870525,12184300
2016-06-08,102.82958221435547,103.04386475476848,102.4475897867765,102.82958221435547,14568700
2016-06-09,102.661865234375,102.77366233280992,102.21465551616333,102.41030754658178,17571600
2016-06-10,101.49728393554688,101.92585614630963,101.14324076845168,101.73020407888481,32965000
2016-06-13,100.64942932128906,101.4879430766494,100.51899463802825,100.91961748180279,25154700
2016-06-14,100.64942932128906,101.01278409725235,99.91340097537038,100.37924116077534,24588500
2016-06-15,100.36065673828125,101.03146805041705,100.1929539102473,100.89171450902869,24605700
2016-06-16,100.65878295898438,100.75194960668419,99.22399383829652,99.86685579129656,32079900
2016-06-17,99.4789047241211,100.59055973271228,99.24536423506179,100.45043401385867,29208800
2016-06-20,100.10482025146484,101.11370996530536,100.0300855683384,100.63729239633044,20562800
2016-06-21,100.42241668701172,100.6279334707987,100.04875045531635,100.23558713470932,22804100
2016-06-22,100.17951965332031,101.06697773008194,100.09544850374893,100.47845117472357,22724200
2016-06-23,101.60881805419922,101.62750528913092,100.53453723965835,100.95490737342722,18714200
2016-06-24,97.42375183105469,99.48824891095131,97.20889144396583,97.99359119780105,68012700
2016-06-27,95.49005126953125,96.77919240538563,95.0509939409681,96.77919240538563,48222600
2016-06-28,97.58258819580078,97.62929915933688,96.49896368726868,96.54566752371238,28260600
2016-06-29,99.3107681274414,99.51628492472061,98.30187850084783,98.34858232844427,31356700
2016-06-30,100.45978546142578,100.52517651837704,99.14261357943371,99.47891248006613,36300800
2016-07-01,100.96422576904297,101.33789197632088,100.37569917627597,100.41306650971278,19902800
2016-07-05,100.34766387939453,100.57186785414565,99.80584829771324,100.43174215169851,21167900
2016-07-06,101.16975402832031,101.21645785510246,99.55365052733063,99.87126933406743,24579300
2016-07-07,101.46868133544922,101.6928782250114,100.9922567089253,101.26316455039613,19161700
2016-07-08,103.0380630493164,103.09411048407746,101.84232980005815,102.01047923143119,29457900
2016-07-11,103.62657928466797,104.00958195548417,103.37435870896849,103.38369519641279,20218500
2016-07-12,104.14973449707031,104.42998598857241,104.00960875131926,104.26183651908944,21906100
2016-07-13,103.8974838256836,104.45797951958966,103.88814021144316,104.39258847408544,21107800
2016-07-14,104.60746765136719,104.80364082315903,104.3458962952207,104.58878041952566,20871000
2016-07-15,104.43931579589844,104.90639680191391,104.20577529289069,104.8503422347705,17999300
2016-07-18,105.13059997558594,105.31742953832753,104.48602586807276,104.50471310060149,20713900
2016-07-19,104.74758911132812,105.07455153365525,104.56075955036198,104.7662763436793,18936700
2016-07-20,105.97135162353516,106.16752481061496,105.18665174812463,105.31743387284452,24997900
2016-07-21,105.72845458984375,106.25158302494322,105.43886665285518,106.04606624627117,18885400
2016-07-22,106.16751098632812,106.28894947858632,105.47623311323702,105.80318838246319,20003400
2016-07-25,106.17684936523438,106.20487308305876,105.8218632672189,106.08342746969979,12968100
2016-07-26,106.29829406738281,106.68129677852907,105.76582201631285,106.13948823903169,21223800
2016-07-27,107.03629302978516,107.31653737803552,106.58789209465705,107.19509887316947,27646100
2016-07-28,107.40997314453125,107.53141166506374,106.86815735675492,107.2044563197132,16939700
2016-07-29,107.64348602294922,107.93307395051589,107.30718714644398,107.6528225110648,22385300
2016-08-01,108.2133560180664,108.48426393683039,107.58746899562512,107.71825114577426,13990100
2016-08-02,107.3912582397461,108.14792714789898,106.69998038381517,108.05451237716618,21278400
2016-08-03,107.7462387084961,107.75558232382555,107.2417975141492,107.30718856727493,15011300
2016-08-04,108.05452728271484,108.15728568282296,107.45666411504469,107.7088918706159,12835300
2016-08-05,109.09142303466797,109.33430711867143,108.48421638820408,108.60566199375057,23196600
2016-08-08,108.97000885009766,109.17552564952722,108.62436631223058,109.14749480016683,12358200
2016-08-09,109.22223663330078,109.56787919381263,108.98869609630155,109.05408716157767,13276500
2016-08-10,108.94198608398438,109.31564522030914,108.65239098811415,109.28762149779391,14688400
2016-08-11,109.40908813476562,109.64262870334701,109.09146925540679,109.31566620565903,12969800
2016-08-12,109.4837875366211,109.49313115254671,109.10078480875896,109.22222330742926,19379000
2016-08-15,109.95087432861328,110.20310208221804,109.58655168637628,109.62391902495072,11777800
2016-08-16,109.34367370605469,109.75470017254433,109.32498647338774,109.74536368330187,14161400
2016-08-17,109.53984832763672,109.5772156663712,108.76449208485101,109.37169886687705,15980300
2016-08-18,109.56786346435547,109.72666929621496,109.25024467354594,109.43708135257818,10036300
2016-08-19,109.53984832763672,109.78272533877424,109.07276728409224,109.37169886687705,18743000
2016-08-22,109.6239013671875,109.81073802996485,109.1755076307017,109.38101726912188,14500600
2016-08-23,109.8200912475586,110.24046845752963,109.77338742006694,110.05363176628994,11997900
2016-08-24,109.1101303100586,109.89482301119322,108.74580768066167,109.74536078925414,17728700
2016-08-25,108.9326400756836,109.26893899266491,108.69909955706272,108.82988167732313,24266300
2016-08-26,109.09142303466797,109.80138805793759,108.43751257053117,108.969984556211,23896000
2016-08-29,109.24092102050781,109.53050899817062,109.10079527654177,109.11947538309458,11184900
2016-08-30,108.88591766357422,109.38102237061837,108.51225857477202,109.06341071971845,19843300
2016-08-31,108.77381134033203,108.88590620433963,108.31606688866925,108.7177567812387,16169800
2016-09-01,109.0540771484375,109.18485926698158,108.27872805338073,108.81120014376474,20944700
2016-09-02,109.40908813476562,109.82011468904595,108.99805445339275,109.59591773879372,18088200
2016-09-06,110.09098815917969,110.09098815917969,109.35299933810931,109.59588344902761,18525200
2016-09-07,110.15637969970703,110.34321637319701,109.73600965676269,110.19374703440502,17546900
2016-09-08,109.51182556152344,109.85746097542584,109.22223046557541,109.82943725290306,20125300
2016-09-09,106.75604248046875,108.83922707661279,106.73736237459312,108.59634293768278,50813300
2016-09-12,108.67103576660156,108.82049793732274,106.14879481922782,106.15813843211302,39646000
2016-09-13,107.69956970214844,108.44689524701805,107.17644110803046,108.12928349404429,45863900
2016-09-14,108.2133560180664,108.8018828208302,107.78364222084883,107.81167307624592,28221800
2016-09-15,109.89482116699219,110.06297061828364,108.2320138859382,108.24135750186848,38521400
2016-09-16,109.84239196777344,109.95477485313778,109.29921873926764,109.77683707088121,27596500
2016-09-19,109.36475372314453,110.46045986238727,109.149362163266,110.12331841262849,16222900
2016-09-20,109.57079315185547,110.02031749830647,109.38349550872002,109.7580907949909,18078600
2016-09-21,110.64776611328125,110.80696981530598,109.39284911245022,110.03903809059923,31546800
2016-09-22,111.52808380126953,111.64983370395446,111.18158243503665,111.29395816681063,22614400
2016-09-23,110.81636047363281,111.44381553538904,110.65715673765554,111.44381553538904,22213400
2016-09-26,109.88920593261719,110.32000339374012,109.73000221369422,110.18889360816269,16403900
2016-09-27,110.97555541992188,111.03174328818163,109.71127836944395,109.81429422455192,20238400
2016-09-28,111.16284942626953,111.2284043187353,110.5915823012332,111.11602858590679,14794300
2016-09-29,110.35746002197266,111.18158686084031,109.87984885302632,110.9755551511234,27207500
2016-09-30,111.18155670166016,111.50933108504857,110.5353678137332,110.6477506644431,25543200
2016-10-03,111.0223617553711,111.16283139862631,110.59156436623424,111.0410886594897,19216400
2016-10-04,110.85380554199219,111.59364338803289,110.43237512225024,111.35015073295625,21239700
2016-10-05,111.24715423583984,111.60302268212638,111.13477134203696,111.18159933402526,14481300
2016-10-06,111.1909408569336,111.42506647327562,110.64776771223285,111.10665191967813,11987100
2016-10-07,110.94744110107422,111.45315325733885,110.40426799120334,111.29394241827579,19984200
2016-10-10,111.64981842041016,111.8933110475014,111.47188067619581,111.51870865465634,19687300
2016-10-11,110.05778503417969,111.57492185455948,109.57080681433752,111.5561949458897,27774400
2016-10-12,109.96411895751953,110.33872137670583,109.62697749474655,110.1607836199793,14267800
2016-10-13,109.57079315185547,109.87047366784043,108.57810278233283,109.21492477191929,22821000
2016-10-14,109.70191192626953,110.55413270579369,109.63635703130211,110.113975348892,21313300
2016-10-17,109.4022216796875,109.85174602311695,109.26174487580661,109.60825337271987,14182700
2016-10-18,110.37619018554688,110.89126944169037,110.320002319403,110.70396464629847,19276700
2016-10-19,110.36683654785156,110.52604028453673,110.17017184754373,110.29191462060624,13702900
2016-10-20,110.2357177734375,110.47921044468818,109.59889573359182,110.25445182619784,18132200
2016-10-21,110.64776611328125,110.71332099911183,109.9547562995085,110.31999168412838,15707800
2016-10-24,111.97760772705078,112.05252964457317,111.34078571800511,111.35951976985936,19143000
2016-10-25,111.62173461914062,112.0618919347996,111.45316388431266,112.04315788373704,20341800
2016-10-26,110.8631591796875,111.47188721062578,110.53538474608897,110.90062013566258,20463700
2016-10-27,110.35746002197266,111.43443941234439,110.19825629899054,111.34079058382243,19099800
2016-10-28,109.6644515991211,110.61032121335626,109.32731009592733,110.03905406321947,35369300
2016-10-31,109.56143188476562,110.06714412174809,109.50524401786117,110.06714412174809,18749400
2016-11-01,108.7373046875,109.7674559975296,107.79143517199742,109.74872909150592,23498700
2016-11-02,107.86636352539062,108.91524894900722,107.59477692967882,108.66238926043704,26960100
2016-11-03,106.8081283569336,108.04431154907184,106.68637844164282,107.68843597508102,36205200
2016-11-04,106.43350219726562,107.2669887852279,106.2461974250038,106.54587791567623,26997500
2016-11-07,108.96206665039062,109.07444952484515,107.97874329246554,108.1566739125012,26591200
2016-11-08,109.67384338378906,110.17018872416358,108.59686373574,108.84972349269076,20777900
2016-11-09,110.17952728271484,110.35745791001717,108.25969418249075,108.39080396890193,70234400
2016-11-10,108.400146484375,110.86314508069475,106.94856499096873,110.71330842079662,72825400
2016-11-11,108.44698333740234,108.68110894292786,107.54793472463143,107.9319041472676,41115200
2016-11-14,107.35128021240234,108.57810335978961,106.78938013506054,108.4750875120331,35906000
2016-11-15,108.84032440185547,109.21492684016746,108.0068377277086,108.16604144188335,31796600
2016-11-16,109.48653411865234,109.56144890451337,108.32526562594914,108.32526562594914,16538100
2016-11-17,110.28255462646484,110.30128153578305,109.2055751444881,109.43033378104772,20598600
2016-11-18,109.87046813964844,110.60093891404858,109.76745229762312,110.41364128033712,16428700
2016-11-21,111.01301574707031,111.11603160159056,110.10460710899945,110.14206806927477,20268500
2016-11-22,111.35014343261719,111.62173000221476,111.07855686301961,111.45315927435927,18850600
2016-11-23,110.90061950683594,111.10665119105728,110.41364137181463,110.98490844353864,22926000
2016-11-25,111.25648498535156,111.30330581712438,110.90060951015845,111.0317192710361,7162800
2016-11-28,111.00364685058594,111.51872611450922,110.89127111660083,111.11602972951852,13479000
2016-11-29,111.38760375976562,111.92140987080505,110.78824276298263,111.10665016660943,18553000
2016-11-30,110.03902435302734,111.56552058676544,110.00156340223707,111.52805963597518,30405300
2016-12-01,108.137939453125,110.01094436019929,107.96936872569044,110.00157733507884,39796600
2016-12-02,108.35334014892578,108.7841376014161,107.90382293451015,108.203503459103,32876800
2016-12-05,109.1961669921875,109.6269571937455,108.41886836668378,108.9152205885343,21419700
2016-12-06,109.45840454101562,109.64570931927933,108.99952033792628,109.50523252181823,27293300
2016-12-07,110.84447479248047,110.98495164503521,108.90591423308388,109.2336887924119,26622400
2016-12-08,111.04109954833984,111.3220531522935,110.67586415016825,110.89126286585899,18578400
2016-12-09,111.91204071044922,111.94950166515173,111.4437894940875,111.45315651899976,21863100
2016-12-12,111.4063491821289,111.64047483369146,110.94746490565171,111.41571620877681,23259300
2016-12-13,112.81110382080078,113.41983194778825,111.74349141436953,111.74349141436953,54477900
2016-12-14,112.57696533203125,113.3168031687914,112.24919088408615,112.95156776323155,28746000
2016-12-15,112.75491333007812,113.41982931196823,112.45523278690304,112.72681939555355,22762300
2016-12-16,112.3369369506836,113.25742672262224,112.11151366276933,113.03199626863086,26283900
2016-12-19,112.79717254638672,113.49223899524266,112.28997196576186,112.4496464880355,21138700
2016-12-20,113.22926330566406,113.43589716418951,113.02262228106063,113.1541198119759,11461800
2016-12-21,113.14471435546875,113.35135536047868,112.89111404591486,113.27621187391556,7079300
2016-12-22,112.8253402709961,113.18226100391828,112.38388134291492,113.15408399422387,16645000
2016-12-23,112.90048217773438,112.94744864027302,112.53416670137634,112.63748718610051,9007500
2016-12-27,113.48284912109375,114.14033669155594,113.09775130584505,113.14471060883402,16110600
2016-12-28,112.59990692138672,113.83035791916407,112.52477061952192,113.727037442265,17975200
2016-12-29,112.44026184082031,112.83475440159255,112.08334102384697,112.57175936107772,13267500
2016-12-30,111.28495788574219,112.66568180763693,110.96560165592908,112.6562942465227,41749000
2017-01-03,112.28057098388672,112.7032404995524,111.67004277653248,112.02696354162623,22307600
2017-01-04,112.89112854003906,113.09776957157969,112.39331541827933,112.40270298074701,19749100
2017-01-05,113.52980041503906,113.60493672299364,112.80655701812692,112.80655701812692,20644300
2017-01-06,114.52545166015625,114.8260184565897,113.36075621973636,113.65192828832191,24074300
2017-01-09,114.901123046875,115.10776399310325,114.54419517027156,114.61933863545916,18909200
2017-01-10,115.15475463867188,115.50228788523452,114.68511860248962,114.94811363617933,16176600
2017-01-11,115.4646987915039,115.4646987915039,114.60995789437727,115.20170379733453,20686000
2017-01-12,115.2862319946289,115.36137546713574,114.21546259267228,115.051414017602,19622500
2017-01-13,115.68075561523438,115.87800189688399,115.34261708495576,115.34261708495576,16930800
2017-01-17,115.33318328857422,115.55860651037256,114.99504487283923,115.38014257815824,14538500
2017-01-18,115.56804656982422,115.6807618079769,115.21112573145749,115.50229780575461,12499700
2017-01-19,115.51164245605469,116.14095280590725,115.26742979563625,115.73706566855454,12710700
2017-01-20,115.7652587890625,116.3100381973398,115.45529734993139,116.01885904266705,22091000
2017-01-23,115.85918426513672,116.02825348915877,115.12655334973303,115.69011504111465,17434200
2017-01-24,116.63878631591797,116.81725027233787,115.88736591990616,116.08461216149217,17640900
2017-01-25,117.8128890991211,117.84106611299188,117.26810961069664,117.37143010560737,15036200
2017-01-26,117.93500518798828,118.17921794588452,117.72836417485128,117.97257693274751,16052200
2017-01-27,118.16039276123047,118.27310078851463,117.77528789180964,118.18856976805151,15053000
2017-01-30,117.23992156982422,117.76591155547831,116.59182164744607,117.76591155547831,25006700
2017-01-31,117.0051040649414,117.03328107627681,116.32882712858725,116.82664010504902,19091100
2017-02-01,117.8128890991211,118.04770710281335,117.27750433734583,117.83167138634269,22861900
2017-02-02,117.70958709716797,118.0665079390672,117.27752276242326,117.6062665860249,15101400
2017-02-03,118.04769897460938,118.16980174833428,117.7189552252913,117.8316632730139,16957200
2017-02-06,118.1885757446289,118.20735802810105,117.7377221144685,117.85043731352744,11630100
2017-02-07,118.62066650390625,118.86487924021566,118.32009973847812,118.43280779671558,17541100
2017-02-08,118.81792449951172,118.98699376963239,118.2355731988566,118.46100366973593,12569100
2017-02-09,119.24996185302734,119.51295684350329,118.87425165260056,118.94000040021955,17542700
2017-02-10,119.64447784423828,119.81354710934208,119.30633931403067,119.51298032316615,13915700
2017-02-13,120.32073974609375,120.47101236218357,119.96381182705696,120.01077112382552,19120200
2017-02-14,120.72462463378906,120.73401219387331,119.98259892077903,120.3676967004486,16333500
2017-02-15,121.43846130371094,121.49482965841679,120.57433284953355,120.6400887639476,17891400
2017-02-16,121.40090942382812,121.7578373801835,121.09094793522799,121.51361748071773,15098300
2017-02-17,121.9269027709961,121.93630466409427,121.20365927798841,121.22244873203064,15563700
2017-02-21,122.52801513671875,122.6031586077479,122.09595809349064,122.16169967304637,18479600
2017-02-22,122.57498931884766,122.65952035452337,122.20867383210043,122.41531480740939,12110900
2017-02-23,122.11475372314453,122.76285372899649,121.62634257764645,122.76285372899649,17489000
2017-02-24,122.34957122802734,122.34957122802734,121.52302157560331,121.56058615119596,18624500
2017-02-27,122.49983978271484,122.50922734216354,121.91749578955553,122.12413675464146,12008700
2017-02-28,122.12415313720703,122.52803322995756,121.78601463372003,122.47167920140203,16598600
2017-03-01,123.45792388916016,123.68334001468723,122.66893878550647,122.90375680436682,25813800
2017-03-02,122.83793640136719,123.4484571970767,122.68764950846588,123.42968208457425,19951400
2017-03-03,123.06338500976562,123.10094957249402,122.42467278619023,122.7534236216973,13722700
2017-03-06,122.79100036621094,122.99764131209015,122.30258934154234,122.6595028853924,12026200
2017-03-07,122.58440399169922,123.11979600036717,122.36837540869644,122.54683941158575,15500900
2017-03-08,122.80046081542969,123.18555155079262,122.53746572838105,122.65956137669535,15776000
2017-03-09,122.89432525634766,123.06340164184891,122.23683782862282,122.77222966186727,20855300
2017-03-10,123.41095733642578,123.60821077828453,122.87557970650255,123.45792380659734,21922600
2017-03-13,123.61760711669922,123.64578413437192,123.29825802830499,123.36399962548946,10731600
2017-03-14,123.31697845458984,123.38273435476368,122.81916558697036,123.33576790208939,14019700
2017-03-15,124.07788848876953,124.36906063661066,123.17618068795124,123.57067337200948,22709100
2017-03-16,123.99332427978516,124.31268773649532,123.71155407115428,124.31268773649532,18457300
2017-03-17,123.94998931884766,124.27940962913168,123.88409663961396,124.14763863262577,21234500
2017-03-20,124.06291961669922,124.34529011350809,123.73349933872228,123.91232010347316,10105200
2017-03-21,122.18050384521484,124.646510543547,122.10520406699561,124.53356805720024,35841900
2017-03-22,123.00878143310547,123.1311453623761,122.05813434316629,122.21815534081105,29177900
2017-03-23,122.69815826416016,123.18759955153143,122.49108750265543,122.84875779288386,20311700
2017-03-24,122.9522933959961,123.57349131967213,122.48168063935455,123.09347147820394,22967600
2017-03-27,123.14994049072266,123.3664326954868,121.79457347811812,122.07694399940429,18472400
2017-03-28,123.90292358398438,124.27000095254604,122.87699124133272,123.1499403156124,23721900
2017-03-29,124.47706604003906,124.52413018503613,123.85585379478344,123.98762478359882,13710000
2017-03-30,124.68415832519531,124.81592933677155,124.31708090994988,124.4300233878829,16092400
2017-03-31,124.59943389892578,124.93827564691317,124.36412752843344,124.50530560594441,19841400
2017-04-03,124.52413177490234,125.00415159129547,123.82761976115081,124.70296691099806,23700300
2017-04-04,124.72181701660156,124.7406455526581,124.11943312047703,124.16649727963589,13400000
2017-04-05,124.2135238647461,125.6347691248475,123.97821750209589,124.90061442233572,32011200
2017-04-06,124.2794189453125,124.60885364225294,123.95940569580395,124.33590454401624,18832200
2017-04-07,124.2135238647461,124.59000830020217,123.77114675400686,124.24175947930726,16743100
2017-04-10,124.26060485839844,124.7782817988138,123.92176307575951,124.33590462809181,15619300
2017-04-11,123.7240982055664,124.33590344275659,122.82993678717106,124.14764683933659,33778400
2017-04-12,123.2252197265625,123.80877484123823,123.09344875350801,123.70523947941264,15955200
2017-04-13,122.7358169555664,123.78057798401265,122.71700278349596,123.05584458628834,23683000
2017-04-17,123.75231170654297,123.7711402359124,123.03698557206302,123.08404971450666,13325500
2017-04-18,123.56407928466797,123.92174956121438,123.25347315429255,123.33818000022376,12841100
2017-04-19,123.76180267333984,124.51477192756674,123.59237453776124,124.10064458252911,17764800
2017-04-20,124.79708862304688,125.07005206736152,124.07235531109248,124.26059754326295,21977900
2017-04-21,124.76884460449219,124.95708682398659,124.44883139515562,124.91003704058355,22454900
2017-04-24,126.27483367919922,126.39718324468464,125.93599187869476,126.15246975175049,22469900
2017-04-25,127.18788146972656,127.41376653137553,126.57607591649766,126.68903280929197,19384400
2017-04-26,127.00900268554688,127.54549388503632,126.93370290348494,127.23488766976773,25398500
2017-04-27,127.77137756347656,127.77137756347656,127.24429351564078,127.31959328846919,16136500
2017-04-28,127.99726104736328,128.32668135552635,127.79019028819273,128.2796172080855,22771900
2017-05-01,129.13612365722656,129.30555169961,128.36432628758655,128.42079751439434,24815500
2017-05-02,129.3526611328125,129.4091467476292,128.966769451015,129.29618987996247,18345100
2017-05-03,128.93856811523438,129.10798191883936,128.59030469342892,129.0609177416256,23827600
2017-05-04,128.9855499267578,129.35262733634198,128.5337656600303,128.91967160296727,14630100
2017-05-05,129.45616149902344,129.45616149902344,128.83496352390088,129.31498340512348,19330700
2017-05-08,129.73858642578125,129.73858642578125,129.25856634336907,129.52210847041522,13279900
2017-05-09,130.19033813476562,130.48211578685664,129.82324634566118,129.93620318921776,28426100
2017-05-10,130.26564025878906,130.31270441947822,129.80444882514524,130.26564025878906,20499400
2017-05-11,130.16209411621094,130.19975118644305,129.30558965494768,129.9079735209833,27232100
2017-05-12,130.45388793945312,130.48212356153377,130.10562466385102,130.21858151413807,19738600
2017-05-15,130.8680419921875,130.94334178714917,130.3880219565202,130.51038591857883,20481300
2017-05-16,131.4138946533203,131.4327231839444,130.8209323772895,131.20682390233787,21786000
2017-05-17,128.07252502441406,130.6138302945435,128.05369649830658,130.3691025410184,55642200
2017-05-18,129.1925811767578,129.6255511396131,127.88427856733395,128.02547098133303,41319900
2017-05-19,129.73858642578125,130.28449922093935,129.56917264209534,129.6538795339383,36730100
2017-05-22,130.83038330078125,130.89627599906473,129.98328584433943,130.03033564372404,19509700
2017-05-23,130.96209716796875,131.22563912213033,130.62325546090966,131.2162320387529,19687500
2017-05-24,131.5645294189453,131.63042211280106,130.99038115777034,131.3574586124911,15891900
2017-05-25,132.6845703125,133.02341209361023,131.78098744221853,132.06335798680416,23928600
2017-05-26,132.91989135742188,132.97636260017117,132.53398538268283,132.712820559365,13851600
2017-05-30,133.03282165527344,133.19282828239233,132.76927963861138,132.853986494975,20306400
2017-05-31,132.9857177734375,133.50339456649579,132.3080487630212,133.50339456649579,33229400
2017-06-01,133.5034637451172,133.5599349950842,132.6940089843363,133.2587502079382,20120700
2017-06-02,135.02821350097656,135.05644911638223,133.75755335987742,133.9740311986412,37222900
2017-06-05,135.0,135.23530643326666,134.81175772577967,135.0188285360115,15727500
2017-06-06,134.4634552001953,135.28231666571776,134.26579155577997,134.83993959856076,22393000
2017-06-07,134.99057006835938,135.1035125413852,134.21877256607874,134.83997052968328,18842400
2017-06-08,135.1317596435547,135.34823749956445,134.39759049863576,135.29176626425428,25417400
2017-06-09,131.7527313232422,135.44233327569492,129.99264436960252,135.2917481223811,109783700
2017-06-12,131.046875,131.28218146954922,129.39032262468166,130.64215476611957,104454000
2017-06-13,132.11045837402344,132.2987006680587,131.09393275187338,131.78102358798694,51193000
2017-06-14,131.5363006591797,132.6469401681399,130.4727109488973,132.6469401681399,60093800
2017-06-15,130.95269775390625,131.09387582263264,129.4090886340035,130.20912162672005,55145200
2017-06-16,130.38455200195312,130.97914417013013,129.9032243998174,130.88475943194393,48087400
2017-06-19,132.56472778320312,132.6874106701434,131.45104827906502,131.6492504827226,39626500
2017-06-20,131.52651977539062,132.6024393477919,131.47932741497837,132.4325641316116,40935100
2017-06-21,132.82899475097656,132.8950525549321,131.7436277331615,131.82856536728616,35743400
2017-06-22,132.79124450683594,133.28201931839732,132.45147954515375,133.03663911316258,24099100
2017-06-23,133.30087280273438,133.47074804945333,132.27213100472065,132.6402084403675,21654300
2017-06-26,132.67796325683594,134.29183564616065,132.3853907418758,134.06533532546305,34411100
2017-06-27,130.27127075195312,132.33817217566497,130.26183804082098,132.17772967990416,65957800
2017-06-28,132.14942932128906,132.26267946965226,129.99759009586649,130.75261028640372,57427200
2017-06-29,129.8560333251953,131.60205019142137,128.59135846699238,131.60205019142137,88769400
2017-06-30,129.90321350097656,130.87531573816105,129.4785110169493,130.2240985421449,68898300
2017-07-03,128.5347137451172,130.64879332809627,128.44977613353402,130.49779793008852,32797000
2017-07-05,129.79934692382812,130.14854437167375,128.506360134923,128.94049516720418,42116600
2017-07-06,128.62908935546875,129.35581144253007,128.16664162822875,128.80841169912821,48430500
2017-07-07,130.01646423339844,130.36567621606702,129.0538091056215,129.06324181825494,36970400
2017-07-10,130.8658905029297,131.17734284930208,129.77109093406105,130.10142310778323,24853500
2017-07-11,131.2340087890625,131.39445136876665,130.18640126185863,130.67717611813165,31517700
2017-07-12,132.79124450683594,132.94225435671513,132.0928491530556,132.3571091897982,36045800
2017-07-13,133.08380126953125,133.40470076264955,132.69685837671634,132.95167126686732,31073600
2017-07-14,134.13136291503906,134.30125251839522,133.2536455678024,133.67834797456482,34544800
2017-07-17,134.1974639892578,134.66935885417476,133.9426367298979,134.27296889577514,25343200
2017-07-18,135.09405517578125,135.1223677142947,133.67837064575653,134.1030731245464,25748500
2017-07-19,135.88685607910156,136.08505828044707,135.43384099171323,135.4904660775005,33752300
2017-07-20,136.066162109375,136.320989365902,135.45270455223815,136.2360517474224,36139400
2017-07-21,136.00955200195312,136.00955200195312,135.29227692068943,135.5659696329471,39697100
2017-07-24,136.6324462890625,136.72681662351235,135.83021924025064,135.99066176979528,26712700
2017-07-25,136.28326416015625,136.6041636906717,135.91518665261938,136.1794466887437,28120900
2017-07-26,136.72682189941406,136.8023268105407,136.40593682794278,136.62300444675108,18610600
2017-07-27,135.8679656982422,137.75554501696632,134.3012714074402,137.62341504069914,80665900
2017-07-28,135.75473022460938,135.98124497576643,134.83925290684886,135.0563349437833,38013200
2017-07-31,135.17901611328125,136.31156105247746,134.886443564107,136.14168579208862,33848600
2017-08-01,135.49046325683594,135.6792183392274,135.07519343492098,135.64147308318496,20149400
2017-08-02,135.85858154296875,136.39654881062563,134.59390626962332,136.36823625981148,41769700
2017-08-03,135.32998657226562,136.06614128861924,135.08460646717643,135.990636394495,27112800
2017-08-04,135.57537841796875,135.87739802062006,135.0185459768036,135.63201789428132,29472900
2017-08-07,136.43421936035156,136.43421936035156,135.63200685812245,135.82076189387718,17933900
2017-08-08,136.1983642578125,137.29316436858252,135.81140681159442,136.1700517033181,30810400
2017-08-09,136.01893615722656,136.08500833378824,134.76369441231725,135.07514667092644,36169500
2017-08-10,133.10267639160156,135.33945364369774,132.97054639361042,135.2450833028982,63331700
2017-08-11,134.11251831054688,134.40509080503955,132.97995918193487,133.28197878985475,45862500
2017-08-14,135.83966064453125,136.04729555512986,135.14126540078104,135.17901065675824,34161000
2017-08-15,135.93405151367188,136.18887880654617,135.56597404667136,136.1794316913088,25509200
2017-08-16,136.17002868652344,136.8118134158063,135.71701349009012,136.2738461691533,31913000
2017-08-17,133.3857879638672,135.8490794340964,133.3857879638672,135.64144456679077,70191000
2017-08-18,133.29144287109375,134.20692022155458,132.74404300372916,133.46133254080252,60751900
2017-08-21,133.1215362548828,133.57455126561155,132.30042944664552,133.2819787711599,37111500
2017-08-22,135.1507110595703,135.29228818549706,133.79165129678336,133.83884367209228,36294200
2017-08-23,134.66934204101562,134.97134722829185,134.37676956546827,134.4711398860167,25702300
2017-08-24,134.27296447753906,135.12236944600465,133.51792983829858,134.97135963793895,38160800
2017-08-25,133.98983764648438,135.13181522784336,133.81051528219925,134.79206472846857,26380400
2017-08-28,134.4051055908203,134.71655794534243,133.97095595694697,134.39565847635382,15362100
2017-08-29,134.93359375,135.16010842745584,133.13095224476402,133.2536494951883,24498300
2017-08-30,136.51919555664062,136.74571030422769,134.96194807011383,135.04688570005018,33642700
2017-08-31,137.98204040527344,137.99148751822656,136.83061590976448,136.90612080795535,38480700
2017-09-01,137.7932891845703,138.35012162295934,137.42521179635364,138.16136657278696,22293600
2017-09-05,136.5569610595703,137.68007332931896,135.52823353896167,137.387500768512,44794300
2017-09-06,136.9722137451172,137.283666096931,135.98123160772576,136.9061415487829,30722700
2017-09-07,137.2930908203125,137.6422884060747,136.7928834240792,137.22701862782336,22721100
2017-09-08,136.10394287109375,137.1798627419641,135.96236575058236,137.11379053884068,27890100
2017-09-11,137.67062377929688,137.90657124688386,137.13267104176566,137.17041630009973,27126300
2017-09-12,138.0009765625,138.1802989687674,137.34975915072576,138.057601658986,30256700
2017-09-13,138.18968200683594,138.20856183257507,137.53846482916703,137.76497953477414,28450900
2017-09-14,137.37806701660156,138.06702966885308,137.29312937476757,137.65177417507846,35296400
2017-09-15,137.8499298095703,138.35013722944188,137.12320766328773,137.34972238969874,46422400
2017-09-18,137.66925048828125,138.4448443782649,137.25307182080385,138.00975899507117,24858200
2017-09-19,137.90573120117188,138.10435276874665,137.4422568224821,137.91518456018667,20871200
2017-09-20,137.4801025390625,138.00977930923247,136.42073456611305,137.85843896558117,34236200
2017-09-21,136.6383514404297,137.3950246241727,136.1559556882853,137.38557126079147,28841800
2017-09-22,136.50588989257812,136.70451149035063,136.06133659693876,136.20320916677628,21702400
2017-09-25,135.0681915283203,136.04242170635177,134.40609545091235,135.9667515214177,54947700
2017-09-26,135.41815185546875,136.01404553418288,134.945224029851,135.758660467218,29628800
2017-09-27,136.6383514404297,137.1491072827178,135.7965402557921,136.13703452890695,33249400
2017-09-28,136.59103393554688,136.73290652667816,135.99514018756838,136.30727432067076,24149400
2017-09-29,137.57469177246094,137.6787364639798,136.50588477697903,136.86530008463532,43102400
2017-10-02,137.6976318359375,138.25568306205093,137.08281716203263,137.78275535871248,27351300
2017-10-03,137.99087524414062,138.151668966951,137.57469646387315,137.8773771886536,19715200
2017-10-04,138.12322998046875,138.41644277535303,137.59355339195457,137.72597253908313,26381100
2017-10-05,139.4758758544922,139.55153160327424,138.48272456854397,138.62459713827454,31562400
2017-10-06,139.66505432128906,139.66505432128906,139.0029582263662,139.0029582263662,23561100
2017-10-09,139.50425720214844,139.9960917563816,139.324542316612,139.84476581879326,13704800
2017-10-10,139.6083526611328,140.1191085554937,138.99353759588996,139.9772359272316,19223100
2017-10-11,140.02444458007812,140.05283352362844,139.36234860378397,139.5420634614802,12439100
2017-10-12,139.76905822753906,140.31765609823609,139.62717125621964,139.81635388464554,14513500
2017-10-13,140.3082275390625,140.46902127209773,139.7785506696259,140.3366020547386,18409900
2017-10-16,140.7906036376953,140.8284315091445,140.35550373667337,140.65818443870782,21809400
2017-10-17,140.97030639648438,140.98922754882662,140.52576756101976,140.74331029881913,13138200
2017-10-18,140.80003356933594,141.1310887280247,140.59194422946433,141.11216757914335,17218200
2017-10-19,140.27984619140625,140.29876734513954,139.29616268644787,139.9771798947312,27680300
2017-10-20,140.6582489013672,140.97036867354333,140.4879873202906,140.84741721052805,30173300
2017-10-23,139.74072265625,140.96087012696503,139.54208661409942,140.951416765953,29297100
2017-10-24,139.97720336914062,140.2704163544271,139.45697979881913,140.0150312503395,20289500
2017-10-25,139.447509765625,140.15690159578142,138.40707707429718,139.70289486561316,36179100
2017-10-26,139.0029296875,139.71232130768826,138.96508738549534,139.3623449608876,28230200
2017-10-27,143.0512237548828,143.3160622008858,141.12167001101787,141.3392127846747,60165100
2017-10-30,143.37274169921875,143.94971398374068,142.81469056098115,142.94710971975965,31733400
2017-10-31,143.91192626953125,144.12001565975874,143.42009174045842,143.8362705209134,26319300
2017-11-01,143.8646240234375,144.55509448147055,143.29710496341,144.48887767033668,29481600
2017-11-02,143.5902862548828,143.76054770846807,142.60660312425546,143.70378426886896,31017400
2017-11-03,144.97132873535156,144.99023546068165,143.618747378283,144.11059645654564,26199200
2017-11-06,145.46316528320312,145.51992875777995,144.81053686802662,144.85781811458486,28693900
2017-11-07,145.5482635498047,145.73743178224709,145.0374934463381,145.349627524543,21333100
2017-11-08,146.13465881347656,146.17248667900307,145.30230144581313,145.47256292220246,17373500
2017-11-09,145.36851501464844,145.4441851766247,143.8740617889846,144.93341519143686,40594500
2017-11-10,145.35906982421875,145.4725823011357,144.77264401848578,145.02802905078656,20150800
2017-11-13,145.53878784179688,145.7279704965615,144.8104894648719,144.8104894648719,12522400
2017-11-14,145.0091094970703,145.18882435761006,144.30918563931775,145.02803064886663,25173800
2017-11-15,144.3280792236328,144.7158834208088,143.5619386206224,144.3848282412471,24808000
2017-11-16,146.1725311279297,146.5035863905398,145.02805383198168,145.05642834790686,34790600
2017-11-17,145.6144256591797,146.3143638014841,145.47255313224292,146.21031913752813,28725800
2017-11-20,145.50096130371094,145.85092323953398,145.2928719276512,145.71850403955145,21143900
2017-11-21,147.0805206298828,147.14673743820435,146.12521183310628,146.1914142088192,20147800
2017-11-22,147.26026916503906,147.40214174017578,146.9292139129042,147.21297349578953,17299000
2017-11-24,147.7993927001953,147.8466883673063,147.3264648943079,147.4116028681522,8280600
2017-11-27,147.73316955566406,148.08313146441515,147.39266100596248,147.7520907063723,22653400
2017-11-28,148.11151123046875,148.20610255475748,147.26970040169405,148.06421556832439,25227300
2017-11-29,145.52932739257812,147.97908966677053,144.82938912883336,147.94126179722656,71986300
2017-11-30,146.74949645996094,147.03325603787806,145.80364082197832,146.14414942895652,56595500
2017-12-01,146.1251678466797,146.83455921174024,144.01590046309119,145.8508617699312,59015800
2017-12-04,144.4415740966797,147.20346993414208,144.2996871373188,147.04267625961867,51319100
2017-12-05,144.53619384765625,146.1819878092687,143.86464444499362,144.4132279995865,40604200
2017-12-06,145.18885803222656,145.4158686086041,143.8268234391882,143.99708497962467,28647800
2017-12-07,145.6807098388672,146.09688868717774,145.02806704789054,145.17940743502413,32666200
2017-12-08,146.32386779785156,147.10892972800696,146.09687167619546,146.74949995856878,28081700
2017-12-11,147.45889282226562,147.50618849217332,146.38061793838568,146.39008573193448,20821500
2017-12-12,147.26026916503906,147.69535468386624,146.9481350671264,147.39268837937064,20310300
2017-12-13,147.54400634765625,148.01693410312748,147.32644918866046,147.85614039818043,24418500
2017-12-14,147.43992614746094,148.17769211366743,147.27913248124733,147.79934134086523,24594700
2017-12-15,149.1140594482422,149.2748675253223,147.77094685973464,148.01687843695998,49816200
2017-12-18,150.36431884765625,150.48754184139165,149.82406122664864,150.09892660175905,26844500
2017-12-19,149.4733123779297,150.2315819300714,149.05626340111232,150.0799251270853,31415000
2017-12-20,149.31224060058594,150.0231158708088,148.72458833862925,149.99468201702345,38972600
2017-12-21,149.33120727539062,149.994687994815,149.16058968308437,149.5207711291126,18638700
2017-12-22,149.16055297851562,149.21742067435903,148.76246464482028,149.10368528267222,23330400
2017-12-26,148.3549041748047,148.5444679831475,147.81463213509653,148.32647032669283,21918700
2017-12-27,148.3738555908203,148.7719584038117,148.23168634531768,148.3643824620508,22388200
2017-12-28,148.553955078125,148.8762294916776,148.37386438129076,148.84778117809964,25393800
2017-12-29,147.6345672607422,148.71509706623644,147.5776995545784,148.68666321315453,33186000
2018-01-02,150.22215270996094,150.2600596903924,148.02317181231658,148.39282633839383,32573300
2018-01-03,151.6818389892578,151.81453514023718,150.33591675423952,150.36435061067826,29383600
2018-01-04,151.94717407226562,152.40213006675788,151.72917643406169,152.20309314663828,24776100
2018-01-05,153.47325134277344,153.57751364212655,152.3832482281881,152.66760126849624,26992300
2018-01-08,154.07032775878906,154.14615616912735,153.41632037456296,153.47318806661906,23159100
2018-01-09,154.07981872558594,154.5347747774991,153.61538954483012,154.37364481042138,24782400
2018-01-10,153.7196502685547,153.74809858305758,152.71494894070165,153.39739030731755,34004000
2018-01-11,154.77171325683594,154.7812008472504,153.74806588739162,153.98502424310917,20473500
2018-01-12,155.90914916992188,156.07027914132195,154.44000424354283,154.63904119412246,37762700
2018-01-16,155.46365356445312,157.73844816243434,154.99920994629912,156.94227149942006,41231800
2018-01-17,157.1413116455078,157.37827002359023,155.444696022066,156.20296572448808,33849900
2018-01-18,157.1697540283203,157.52992091472206,156.52521974359584,156.89487422094967,26432200
2018-01-19,157.66265869140625,157.9185778473004,156.90438881718333,157.63422483661745,38937600
2018-01-22,159.34979248046875,159.34979248046875,157.42569128125635,157.60578199317771,26081400
2018-01-23,160.66726684570312,160.8094505620659,159.76682782657687,159.8426562494118,37989700
2018-01-24,159.62460327148438,161.3591398780762,158.70520384947469,161.00843173611753,54287400
2018-01-25,159.56781005859375,160.78103604424942,159.05597175861098,160.72416833598345,28925000
2018-01-26,162.01316833496094,162.0321290539717,160.14594970194736,160.45872202027394,32038200
2018-01-29,161.2264862060547,161.99422903686965,160.8852655631601,161.6719691138002,37277800
2018-01-30,159.89952087402344,160.5819622036132,159.06543716447464,159.75735162318915,44987700
2018-01-31,160.56297302246094,161.12220572313333,159.55827192720372,160.7999313737118,42449200
2018-02-01,159.19810485839844,160.87575956983684,158.68626672120809,159.33080095641262,38037900
2018-02-02,156.02288818359375,158.9516905122908,155.89019205920337,158.57256286054488,68478100
2018-02-05,149.87142944335938,157.10340372718997,149.75769405065472,154.5632168715087,105372200
2018-02-06,153.84283447265625,154.0323982571813,147.0089638629766,147.681917467459,118537900
2018-02-07,151.8524169921875,155.0181775277299,151.84292940065149,153.34998125009454,91028300
2018-02-08,145.44505310058594,152.41163537022285,145.44505310058594,152.24101781321542,94184800
2018-02-09,147.956787109375,149.03731651619117,142.29822102918837,147.50181670234494,113836600
2018-02-12,150.5823211669922,151.60598320251285,148.2980531559696,149.4733575775431,63050600
2018-02-13,151.3595428466797,151.66284206389759,149.4923095846448,149.71979484465245,31785600
2018-02-14,154.1935577392578,154.43051613101065,149.75770358778533,150.4685787630438,52107400
2018-02-15,157.05604553222656,157.05604553222656,153.96611279154968,155.57742723346345,51633900
2018-02-16,156.35464477539062,158.0607337697845,156.08923804845594,156.54420861223508,62256300
2018-02-20,156.66741943359375,157.98490764362418,155.73854649557074,155.80490179396935,36785600
2018-02-21,156.2219696044922,158.97068176453118,156.12718044195472,157.4351956784345,41161800
2018-02-22,156.20298767089844,157.73847354851387,155.80489927532383,156.9043753123802,37074400
2018-02-23,159.3971405029297,159.3971405029297,156.81903250825042,157.46356673831517,50096900
2018-02-26,161.51083374023438,161.51083374023438,160.01326943433412,160.14596555496297,39266700
2018-02-27,159.51089477539062,161.8236108500838,159.43508082197027,161.55821862473786,42209900
2018-02-28,158.4872589111328,160.94214440661983,158.38299663906076,160.42083304625956,42936300
2018-03-01,155.89967346191406,159.30240723006153,154.4968837206584,158.57257127578663,76809900
2018-03-02,157.3309326171875,157.60579804673216,153.51116368285238,154.022987554789,57445100
2018-03-05,159.07492065429688,159.48248217509507,156.0039344711269,156.59160115936658,38540200
2018-03-06,159.74786376953125,160.28813584740146,158.7431624978349,159.85212604090307,29480900
2018-03-07,160.11753845214844,160.2502490531492,158.25031938695642,158.52518479367168,34609400
2018-03-08,160.9989471435547,161.11268249890696,160.13641546470186,160.78094955820058,25828400
2018-03-09,164.1268768310547,164.1268768310547,161.90894958104428,162.14590799141615,38310500
2018-03-12,164.99887084960938,165.37799849536106,164.24060109531337,164.61025561189868,37635000
2018-03-13,162.7525177001953,166.0699353792937,162.3354685922046,165.37800642158484,55638900
2018-03-14,162.72406005859375,163.7287757897065,162.01318488239065,163.60555279773772,40536400
2018-03-15,162.58184814453125,163.52968146407628,161.98470852512554,162.83776719038923,28810400
2018-03-16,162.0985107421875,163.21694747854787,162.02268231658442,162.85678053542495,31176700
2018-03-19,158.6399688720703,160.65263163158704,157.2538802354402,160.5387116976546,71395100
2018-03-20,159.16209411621094,159.5323483471703,158.1747543290714,158.70639994416626,34075700
2018-03-21,158.46908569335938,160.21592573974817,157.7760485691552,158.74441153484733,43863500
2018-03-22,154.55767822265625,157.37731264762854,154.35830383999016,156.27603826565937,66607300
2018-03-23,150.4848175048828,155.03231347806772,150.40886607365744,154.37724505922134,80110400
2018-03-26,156.07662963867188,156.26651548002832,151.1019334982586,153.53232161056064,57481500
2018-03-27,151.02598571777344,157.23486754614297,149.69685722735747,157.23486754614297,78889100
2018-03-28,149.2886505126953,151.69055896140753,148.13990476118795,150.16207044983997,89369700
2018-03-29,152.02285766601562,153.5228663224211,148.70005753108498,150.09563474665654,68692600
2018-04-02,147.63674926757812,151.65260093915782,146.08928365166156,150.94057235024408,85549400
2018-04-03,149.29812622070312,149.92471475875274,146.62090667325108,148.92787199117498,64090000
2018-04-04,151.652587890625,152.11777059081768,146.2411594914853,146.41205387097497,65768700
2018-04-05,152.5164794921875,153.3994022526568,151.40571691192355,153.16205944953407,43054900
2018-04-06,148.70004272460938,152.33613681998574,147.98801419516576,150.83612831294025,59870900
2018-04-09,149.74432373046875,152.7348518701893,149.48800392217566,149.98166654379946,41810400
2018-04-10,153.04815673828125,153.54181939414784,151.01650269469533,152.09878541910547,48296800
2018-04-11,152.16522216796875,153.79814187018226,151.99434229707123,152.0892707299291,41622100
2018-04-12,153.9975128173828,154.5291583857069,153.00067013364756,153.08611006721637,30467900
2018-04-13,153.2000274658203,154.99433847261096,152.53547051631546,154.7664986534979,44604900
2018-04-16,154.36776733398438,154.92789288131937,153.30446170888908,154.27282441676425,28180800
2018-04-17,157.6905975341797,158.03237182239752,155.61147182137603,155.9247661260972,35536100
2018-04-18,158.0133514404297,158.54499701681692,156.94055730405546,157.69056869565964,29573900
2018-04-19,156.56082153320312,157.58614425573325,156.01967294926106,157.21589003534092,34705700
2018-04-20,154.08299255371094,156.2760383326835,153.5418438621416,156.16211839183057,49197100
2018-04-23,153.69369506835938,155.44053450963952,152.86774680252395,154.8329375524006,33040600
2018-04-24,150.4373321533203,154.66203012517383,149.421498249371,154.42468737971856,70256800
2018-04-25,150.6177520751953,151.24434061457575,148.54812957914405,150.7032065023883,52089300
2018-04-26,153.7886962890625,154.301350531072,152.07032168561486,152.56399892751043,43005500
2018-04-27,153.88357543945312,156.08612359271658,153.010155667514,156.0481406321403,51043400
2018-04-30,152.7918243408203,155.20322114779478,152.41206711663665,154.2443613184627,35615300
2018-05-01,154.53866577148438,154.55765725446156,152.03232601000693,152.39309175528817,36513500
2018-05-02,153.62730407714844,155.28870421289528,153.4469211731801,154.80451547355722,38646800
2018-05-03,153.6082305908203,154.17784449867455,151.15885167416718,152.84873089409618,60337100
2018-05-04,156.52285766601562,156.88362343265845,152.8298035092902,152.9437379276425,41543200
2018-05-07,157.823486328125,158.33614044383222,157.13043486570265,157.2538577673338,32500200
2018-05-08,157.66209411621094,158.00385386737238,156.5133485029797,157.49119975437424,26040200
2018-05-09,159.38046264648438,159.49438256986068,157.3867770698584,157.94690267480092,29122700
2018-05-10,161.03233337402344,161.14626776518557,159.76966797836363,159.89309086618326,27067600
2018-05-11,160.88043212890625,161.2601747723961,160.17789230357144,160.84244917280532,24688800
2018-05-14,161.1557159423828,162.17154979450692,160.88989323993462,161.2506588302218,21821700
2018-05-15,159.37091064453125,159.96901903081098,158.52597100476817,159.8835791145574,49361600
2018-05-16,160.42474365234375,160.79499784627689,159.50385241605406,159.57980385150896,22941200
2018-05-17,159.8076629638672,161.02285699518038,159.02917159173393,159.86462292060756,27480200
2018-05-18,158.98175048828125,159.74123606451644,158.74440762414307,159.19059888136476,26217900
2018-05-21,159.87411499023438,160.91842917466076,159.19056652156544,160.21588922456885,22954600
2018-05-22,159.6652374267578,160.8709428764327,159.38043766296056,160.60512010605225,19477700
2018-05-23,161.0133514404297,161.03232843316243,158.43106077588712,158.45003776861986,26557800
2018-05-24,160.96591186523438,161.25072616142643,159.3424805173194,160.96591186523438,27696500
2018-05-25,161.12728881835938,161.70640585710885,160.64311469858742,160.94690596405545,27460500
2018-05-29,160.4153289794922,161.31722915041502,159.4564688273286,160.39633749032467,41220500
2018-05-30,161.56396484375,161.84877906747346,160.65257671133875,160.99435088255626,22665800
2018-05-31,161.4595947265625,162.53237451654763,161.04186900886603,161.56401166972924,35670900
2018-06-01,163.9944305419922,164.08935899584705,162.21909606842678,162.2665675384836,45543300
2018-06-04,165.4754180908203,165.51338656831763,164.30769546488318,164.41211239956485,20459600
2018-06-05,165.988037109375,166.26336283646722,165.25703180365434,165.8646287189142,24779300
2018-06-06,166.9564208984375,166.98490087572253,165.32350126490581,166.15895256194668,25036600
2018-06-07,165.59884643554688,167.0229035362946,164.76340945376361,166.98493505422815,39600300
2018-06-08,165.60833740234375,166.02606310604946,164.41212025332163,164.8203574587638,31780300
2018-06-11,166.05455017089844,166.4627729074983,165.45644157087239,165.4849215531348,22319700
2018-06-12,166.9279327392578,167.08932409804746,166.10198446596542,166.28235281784495,22511800
2018-06-13,166.91847229003906,168.17163489849122,166.54820356875595,167.18429510050638,37858600
2018-06-14,168.60833740234375,168.88364868698525,167.56402324765787,167.6874461440086,35916000
2018-06-15,168.01968383789062,168.3519694988337,167.1937356626212,167.97221238829124,49615700
2018-06-18,167.9226531982422,168.06535786147845,166.4384666315462,166.96174125884536,31633200
2018-06-19,167.44699096679688,167.48504071351172,165.26828366510878,165.80106722269556,38236000
2018-06-20,168.63621520996094,169.33073547293205,168.0653674897931,168.21759548413925,33038000
2018-06-21,167.1710968017578,169.23564042533826,166.8476086145721,169.06438026538538,43469400
2018-06-22,166.80001831054688,167.7989800706223,166.20062964069285,167.73238939467237,30073200
2018-06-25,163.04196166992188,165.53464792461108,161.55777500130765,165.28727380166822,77799700
2018-06-26,163.7079620361328,164.64984195016007,163.04196815610948,163.64135684122596,39008100
2018-06-27,161.48167419433594,165.14458261891465,161.3675104465816,164.40248922398766,52843500
2018-06-28,162.87069702148438,163.4225125548123,160.94885871813665,161.28185560597112,46407700
2018-06-29,163.30838012695312,164.51666645299272,163.07052928813306,163.65088591554454,36408500
2018-07-02,164.40245056152344,164.45002361765398,161.4245543583053,161.776568842606,31770000
2018-07-03,162.49966430664062,165.02087689972745,162.33792750984452,165.02087689972745,25512700
2018-07-05,164.5166778564453,164.64987375472649,162.71852597101744,163.55576562722146,31626200
2018-07-06,167.07595825195312,167.19964534436153,164.59279469921086,164.8972507675194,37005600
2018-07-09,168.5791473388672,168.6171970819828,167.27572950754654,167.94170889153293,27362100
2018-07-10,168.7028350830078,169.08339058473092,168.1224785066599,168.89311283386937,23902500
2018-07-11,167.84661865234375,168.46503969269108,167.2567530754196,167.38042566967576,30280600
2018-07-12,170.73886108398438,170.73886108398438,168.4745163393994,168.58868010223097,27930100
2018-07-13,170.88153076171875,171.1574313044313,170.253601160325,170.72930276430316,28049800
2018-07-16,170.47247314453125,171.20505790858908,170.18706370669804,170.9196339534905,21405300
2018-07-17,171.50946044921875,171.87098379668626,168.66475962978737,168.66475962978737,31034100
2018-07-18,171.18601989746094,171.6712449596522,170.66275960121806,171.52852572836923,23220800
2018-07-19,170.32977294921875,171.1384717572646,170.12998633742959,170.56762383190684,31094100
2018-07-20,170.2917022705078,171.41435133055936,170.1014099739274,170.84351799261015,35897300
2018-07-23,170.83399963378906,170.91011365118115,169.10245291922834,169.78746455849273,22184700
2018-07-24,171.53802490234375,173.20298074537237,170.83398120536273,172.59408318918383,36900300
2018-07-25,173.935546875,174.04018729457036,171.52848332787144,171.61412065237832,35026600
2018-07-26,171.30015563964844,172.12787180990094,171.07181363666854,171.57605619064552,40873500
2018-07-27,168.9882354736328,172.4989156819913,168.01781464061128,172.38475194099135,59456100
2018-07-30,166.60018920898438,169.09286056258296,165.80101412852264,168.9977289676281,60193000
2018-07-31,167.87509155273438,168.5220532770016,166.3243142101697,167.2566852803158,47285100
2018-08-01,168.51255798339844,169.01680060133836,167.54213701147435,168.26519833673873,37101900
2018-08-02,170.8054656982422,171.00526681675018,167.24721145484307,167.3233254753573,47178200
2018-08-03,171.3286895751953,171.33819838095798,170.37728637754358,171.12888851609375,28934400
2018-08-06,172.33717346191406,172.38474652492306,171.00521480122615,171.21452466465718,24808800
2018-08-07,172.9651641845703,173.28863789974216,172.45139815010612,172.82244494510104,29895700
2018-08-08,173.1744384765625,173.48840331805096,172.26108489066306,172.72727774934523,22680700
2018-08-09,173.06982421875,173.75483593990765,172.81294119399934,173.06982421875,18852900
2018-08-10,171.7473602294922,172.4133397618649,171.10039831428367,171.89957375313094,33818500
2018-08-13,171.5570831298828,173.1649428226533,171.48096910912352,172.0613258148062,26089200
2018-08-14,172.63211059570312,172.83191165860697,171.29062857734274,172.21349085800819,20913000
2018-08-15,170.52003479003906,171.80443524323215,169.46397638906777,171.26212831317946,58528000
2018-08-16,171.08139038085938,172.1945307731035,170.74839333719183,171.83299278480914,27711800
2018-08-17,171.1194305419922,171.54755920466053,169.60670249250703,170.63421999327008,36092600
2018-08-20,170.96719360351562,171.56658241041686,170.30121410543882,171.49997720197706,24939000
2018-08-21,171.59507751464844,172.62259468746194,171.37625884886032,171.4809137789782,26258700
2018-08-22,172.2610321044922,172.46083313049147,171.01469644481838,171.23351507919224,18042400
2018-08-23,172.0137481689453,173.20300249185385,171.72832422799434,171.95666628420804,25776200
2018-08-24,173.61209106445312,173.75481028702873,172.5465238854226,172.58457363441767,23136100
2018-08-27,175.3816680908203,175.3816680908203,174.21144618170746,174.48734673105915,29343600
2018-08-28,175.6385498046875,176.028628610762,175.26750312793058,175.84785967539767,20277000
2018-08-29,177.6650390625,177.76017067228722,175.87639639827557,175.94298707340056,29175600
2018-08-30,177.3511199951172,178.407178401714,176.76123998638465,177.32257905309547,29315500
2018-08-31,177.57943725585938,178.08367989208486,176.94199872548498,177.13227650037436,28653200
2018-09-04,176.81829833984375,177.34155850915607,175.86689509780481,177.03711702067955,29063500
2018-09-05,174.5349578857422,176.5329109134564,173.93558359123944,176.50436997168313,42623300
2018-09-06,172.9746856689453,174.82041097011356,171.80446330932702,174.61110101736662,46091400
2018-09-07,172.30868530273438,173.7928724127277,171.67124671150725,171.728328597697,46629500
2018-09-10,172.88897705078125,173.3932195456925,171.94708273073934,173.29807342628072,26132000
2018-09-11,174.22093200683594,174.50635584189388,171.74729264327203,172.194453264169,30116500
2018-09-12,173.7072296142578,174.08778515661785,172.21351935010475,173.9641125898457,36204000
2018-09-13,175.56243896484375,175.89543590622063,174.71569066073315,174.79180466211247,31133200
2018-09-14,175.04864501953125,175.96198377938032,174.3541103698714,175.68608329409992,31224100
2018-09-17,172.52745056152344,174.87741759636185,172.3657137616968,174.75373053644597,33071200
2018-09-18,173.95455932617188,174.80130760186506,172.58453638184565,172.67017370381168,31877300
2018-09-19,173.8214111328125,174.39225902193934,172.68923868031197,173.9831479807033,31843400
2018-09-20,175.74325561523438,175.98110649014487,174.60157431911716,175.02019418172205,33295800
2018-09-21,174.78231811523438,176.46629161445648,174.5634848894264,176.21893196641733,38605400
2018-09-24,175.26840209960938,175.33512716291796,172.7998365381725,173.51467313619855,34945600
2018-09-25,175.50668334960938,175.64011893465124,174.59168609261656,175.19215349699897,25277500
2018-09-26,175.63055419921875,177.26991362078127,175.2874321216037,175.65914649373795,36210600
2018-09-27,177.1175079345703,177.74656784259733,176.25016908047786,176.34548647626113,33113300
2018-09-28,177.0792999267578,177.546331698249,176.29775287826766,176.6218086168273,28076800
2018-10-01,177.44151306152344,178.7377507391238,176.99354760756967,178.10869101101144,27371300
2018-10-02,177.04115295410156,178.404100744337,176.63132038838347,177.28895767685776,25618600
2018-10-03,177.23178100585938,178.20396265043425,176.9553839774939,177.7845896059751,29128700
2018-10-04,173.8292236328125,176.631385756871,172.57110409001498,176.51700199809605,80557300
2018-10-05,171.70375061035156,174.39154328713207,170.0643907954475,173.81014225343483,83325600
2018-10-08,170.6553192138672,172.17076924439954,168.6347046297702,171.1032846256679,66864500
2018-10-09,171.2081298828125,172.53295975294034,170.36938364789276,170.77921630325477,49097900
2018-10-10,163.67848205566406,170.24544571675534,163.45926961462604,170.14060245480064,114471100
2018-10-11,161.6483917236328,165.27021892408655,159.9423068648765,163.00181396419813,143084500
2018-10-12,166.1470947265625,166.66177067822161,162.91601934075894,166.0041186808771,102078400
2018-10-15,164.13601684570312,165.88020530829272,163.516483081692,165.56569001026918,64885300
2018-10-16,168.91111755371094,169.32095020750754,165.55614717023394,165.86115108845334,71979700
2018-10-17,168.9778289794922,169.9023521144067,167.2431664513039,169.73079831702663,66987600
2018-10-18,165.06051635742188,168.39642022440344,164.3552202761704,168.33923562791134,82486200
2018-10-19,164.90802001953125,167.81502471204567,164.30755270210105,166.39487762137185,82923700
2018-10-22,165.75628662109375,167.0334576427571,164.49816743434326,165.89924809986746,52909300
2018-10-23,165.14630126953125,165.9659810547627,160.9049408577932,162.63960323751462,77567000
2018-10-24,157.58807373046875,165.23206219424262,157.30213624355142,164.95566516769952,102997400
2018-10-25,163.03990173339844,164.01208341656906,159.32275786154807,160.03759434024124,83481100
2018-10-26,158.84619140625,161.99147464687377,156.5301137810746,157.4546367390873,130970900
2018-10-29,155.57704162597656,161.896202151812,152.58425948705957,161.276682883682,111871900
2018-10-30,158.1409149169922,158.2552841179747,154.4142299888429,155.1195406628064,92584000
2018-10-31,161.8580780029297,163.22102616025916,160.63807680704107,160.71432779074587,73828600
2018-11-01,163.99307250976562,164.16464088524623,160.8668544156267,162.0963817191683,52706800
2018-11-02,161.438720703125,164.46009532983993,160.33310314601462,163.48791337145738,75966800
2018-11-05,161.03836059570312,161.70553836847523,159.24649925449975,161.648353779864,39573500
2018-11-06,162.25836181640625,163.1638184868629,160.809622417644,161.04790125425816,34410400
2018-11-07,167.3480224609375,167.3480224609375,163.81195753094693,164.20273837922238,51169600
2018-11-08,166.28050231933594,167.08111568420836,165.48941487188387,166.5664252758008,40296500
2018-11-09,163.47836303710938,165.12724866301002,162.18212546731218,164.72694192660921,50602700
2018-11-12,158.5316925048828,162.63961771461013,158.388716463189,162.33462833709405,62578400
2018-11-13,158.66514587402344,161.5340184276673,158.21718040458754,159.2751392408357,64128100
2018-11-14,157.45465087890625,160.79055456084657,156.54919421677104,160.23774591977588,75270700
2018-11-15,160.20912170410156,160.63802061193712,155.79620845926564,157.16868205566288,73254300
2018-11-16,159.64683532714844,160.4188565023855,158.00747561584046,158.64606121194257,65390700
2018-11-19,154.46189880371094,159.07497442888672,153.96627466129223,158.8843542336145,67280500
2018-11-20,151.6978302001953,153.81374726776085,149.76300736127317,150.94486099092913,102652800
2018-11-21,152.85113525390625,154.37612594282427,151.7645841146536,153.78519895897833,42965800
2018-11-23,151.74549865722656,153.299066761448,151.63111492769545,151.63111492769545,23503700
2018-11-26,155.25299072265625,155.32924171155102,153.22284995557663,153.8709760894876,42012600
2018-11-27,155.7771759033203,156.16795668917055,153.62312589387295,154.40468746557343,36608100
2018-11-28,160.79051208496094,160.79051208496094,155.8057242577794,156.90180078922728,70141000
2018-11-29,160.266357421875,161.32431615523433,158.99872666901135,160.11387000254345,44885700
2018-11-30,161.42916870117188,161.52448606918858,159.68496557886334,160.48559365739357,36722800
2018-12-03,164.25038146972656,165.1844305057429,161.5625890143859,164.9938103311214,50771700
2018-12-04,157.9502716064453,163.85005774971583,157.75965145159,163.39255192600038,70594700
2018-12-06,159.0654296875,159.08449606778777,154.18548345769705,154.76688443768427,71715500
2018-12-07,153.8137969970703,159.28467112002278,153.31817282318335,158.36968830726644,80432200
2018-12-10,155.424560546875,156.10126444668018,151.93615412488782,153.52785535665603,73960800
2018-12-11,155.9392547607422,157.9979880905708,154.62395048723099,157.95985531961605,59058300
2018-12-12,157.31170654296875,159.74215382769862,157.22592964363872,158.21716330380096,53780000
2018-12-13,157.359375,158.99873482485296,156.3395344333139,158.34108280235645,46378500
2018-12-14,153.52784729003906,156.12984854653067,153.1656587442561,155.55798796956586,56547400
2018-12-17,150.04893493652344,154.0901490505615,148.84801489223452,152.87016262809442,74834100
2018-12-18,150.99256896972656,152.45083464878695,149.67726481081343,151.21178148174886,63642100
2018-12-19,147.28492736816406,153.18471425222,146.15071767079144,150.76379289708794,81856500
2018-12-20,145.14993286132812,148.56208762086436,143.33901948113328,146.9227280259277,99002100
2018-12-21,140.65122985839844,146.86553105729587,139.8410760472385,145.87429755808162,141129400
2018-12-24,137.1633758544922,141.44554545590654,137.12514857827276,139.6294508430513,56163300
2018-12-26,145.7277069091797,145.80416144969186,137.727297849863,138.67358686988814,98982100
2018-12-27,146.29165649414062,146.41590606647816,140.5852772034891,143.72999172871658,85824300
2018-12-28,146.21519470214844,148.71949680792892,145.02039185244467,147.34308159147085,77856600
2018-12-31,147.44822692871094,148.13643454675594,145.96668304194344,147.64896022772237,53015300
2019-01-02,148.0408172607422,148.87239515395535,144.21744916690065,144.32259237288096,58576700
2019-01-03,143.204345703125,146.49243200422745,142.88891589410923,145.86158697119654,74820200
2019-01-04,149.3312530517578,150.06725577854743,145.03953003936843,145.6130267244663,74709300
2019-01-07,151.10911560058594,151.84511830357516,149.21655180646775,149.70402616078695,52059300
2019-01-08,152.47593688964844,153.03988023199992,150.2583762021067,152.49504323058054,49388700
2019-01-09,153.7185516357422,154.38763826758333,152.4281588146956,153.06857134695744,46491700
2019-01-10,154.15826416015625,154.24428647746154,151.69218896908632,152.55245589713277,38943400
2019-01-11,153.59425354003906,153.75674493007966,152.73398698777592,153.2501498361321,30176600
2019-01-14,152.2370147705078,152.89654832388396,151.58703439000786,152.29436297775848,30710200
2019-01-15,155.20968627929688,155.41997276420636,152.84875449553763,152.93477680709236,40874200
2019-01-16,155.18099975585938,156.5478472133815,155.12363696775026,155.46774077142646,33812200
2019-01-17,156.4044952392578,157.10225610148066,154.43546224572643,154.68397601699826,39329000
2019-01-18,157.95294189453125,158.68894455780847,156.586094390584,157.5036948415565,57183200
2019-01-22,154.7891082763672,156.89195847208921,153.66120674989125,156.8154893359725,56711700
2019-01-23,154.98980712890625,156.28975310625947,153.24062873507293,155.58243921159308,38106100
2019-01-24,155.993408203125,156.22281552889848,154.90374892943555,155.49636628977808,32417800
2019-01-25,157.8573455810547,158.3352667176428,156.71033777024235,157.24560710962174,36515900
2019-01-28,155.9074249267578,155.91697809834983,154.60747892549912,155.8214026274453,33491200
2019-01-29,154.4354248046875,156.0316794618194,153.88103460164268,155.9934376078197,30784200
2019-01-30,158.3639373779297,158.9374485633718,155.6971439111132,156.18461820924225,41346500
2019-01-31,160.7344207763672,161.52777151764076,159.11904519588197,159.33888480840545,37258400
2019-02-01,160.05575561523438,161.15498277358793,159.61607641988726,159.94105923122956,32143700
2019-02-04,162.0438995361328,162.0438995361328,159.94104996952095,160.08442044122484,26718800
2019-02-05,163.4777069091797,163.66887245160396,162.1968817314415,162.2637831080418,28156400
2019-02-06,162.990234375,163.80269158545858,162.25423171435247,163.51595056117682,27970000
2019-02-07,160.80136108398438,161.96748996584506,159.5778839923596,161.5660379124992,42036200
2019-02-08,161.1168212890625,161.14549539936667,159.2147039088856,159.3963017458119,29020700
2019-02-11,160.9637908935547,162.09169206527127,160.56233899395815,161.69979333531091,21434100
2019-02-12,163.3439178466797,163.58287846232437,161.85280593865664,162.13956159442995,29722100
2019-02-13,163.4585723876953,164.557799688976,163.27697461773968,164.07031082358392,26094100
2019-02-14,163.65928649902344,164.24235076687975,162.33066655554669,162.8754889715802,30326800
2019-02-15,164.34751892089844,164.94013644914094,163.58284220333036,164.90190917651043,32521700
2019-02-19,164.67251586914062,165.16955796581803,163.81226360392662,163.84093770710066,19487700
2019-02-20,164.64382934570312,165.4371801719951,163.75490304437318,164.78719985075782,32593000
2019-02-21,164.0416717529297,164.65341031944752,163.1718662337388,164.20416321442684,25207400
2019-02-22,165.2555389404297,165.37023532443712,164.3092500173897,164.39528689038818,27735400
2019-02-25,165.8577423095703,166.94740183207983,165.74303132799415,166.517275759904,32608800
2019-02-26,166.02978515625,166.55550127670475,165.17908619223934,165.45628859438563,21939700
2019-02-27,165.9246826171875,166.1254159433065,164.1754892338569,165.2651490120795,25162000
2019-02-28,165.54234313964844,166.13496074451905,165.07397512563955,165.4085257906455,25085500
2019-03-01,166.6893310546875,166.93784479156494,165.5327555032676,166.7371260846627,31431200
2019-03-04,166.718017578125,168.02751690404506,164.854127950174,167.78855632135912,38063500
2019-03-05,166.84226989746094,167.35841830200192,166.02024496801016,166.84226989746094,22319900
2019-03-06,165.89598083496094,167.03343546154585,165.6283461681169,167.0047613604551,27194600
2019-03-07,163.86001586914062,165.53273966323962,163.24827746498417,165.47539146675527,39407400
2019-03-08,163.6114959716797,163.69751826315465,161.86230312005478,162.02479453228307,39303200
2019-03-11,167.01431274414062,167.1290237322708,164.26149697393615,164.29017107471986,30518400
2019-03-12,167.93194580078125,168.36207194383215,167.052572583767,167.45402462294763,33953500
2019-03-13,169.19363403320312,170.07300716657576,168.5627892230632,168.80174978925126,42426100
2019-03-14,168.9069061279297,169.50907688365152,168.85911109398438,169.30835816007644,23751500
2019-03-15,170.47445678710938,170.98105197021258,169.45169866481052,169.56639505796775,38192000
2019-03-18,170.88047790527344,171.3975802858128,170.05695693128135,170.4016869811278,32935100
2019-03-19,171.45504760742188,172.36474751924308,170.72727598873237,171.57952332256033,36893300
2019-03-20,172.13487243652344,173.18821809792897,170.67935884635486,171.464568202691,50105000
2019-03-21,174.82568359375,175.07464955510582,171.59862359450347,171.6177793181573,42428500
2019-03-22,170.9857940673828,174.53842877078407,170.8038511979676,174.06920845553097,70794500
2019-03-25,170.6602325439453,171.2539285946164,169.4249438179206,170.36338451860976,46336500
2019-03-26,171.45504760742188,173.0254813892467,170.58364454374927,171.98172059159438,33248100
2019-03-27,170.35379028320312,172.0965961104156,169.10894567695212,171.71356924872885,37096700
2019-03-28,170.74644470214844,171.38802289109304,169.72183955642973,170.79432672463065,30368200
2019-03-29,172.03916931152344,172.20195648270058,171.01454965515268,172.06789559987584,35205500
2019-04-01,174.31822204589844,174.52889125626595,173.10210341787183,173.81070475134268,30969500
2019-04-02,174.9789581298828,175.15133049119558,174.06925813471705,174.5097522922567,22645200
2019-04-03,175.98434448242188,177.07598691701872,175.43853057089123,175.9651887592786,31633500
2019-04-04,175.9173583984375,176.6738415891732,174.90230941967985,176.03226353841288,28530800
2019-04-05,176.8270263671875,176.93236093039175,176.21417471169082,176.42484383809932,25674700
2019-04-08,177.27713012695312,177.42076155786106,175.84075737171685,176.5397880213675,22697500
2019-04-09,176.6547088623047,177.2579901487995,176.28125249722228,176.6738645919742,25631900
2019-04-10,177.60269165039062,177.660144218615,176.69299189324934,176.8845053245099,24563000
2019-04-11,177.1813507080078,177.89953702324155,176.85577641853763,177.89953702324155,20654100
2019-04-12,177.94747924804688,178.06238442167432,177.21013695700378,177.96663498083242,24989100
2019-04-15,177.9761199951172,178.1772185638478,176.78871352938364,177.95696427153908,21073000
2019-04-16,178.5889892578125,178.98160126643512,178.04316066852684,178.6272860972096,27195700
2019-04-17,179.21141052246094,179.95832308458964,178.68475227312868,179.78596539096174,29651600
2019-04-18,179.44126892089844,179.824295830443,178.38792300234095,179.50830666641573,28580900
2019-04-22,179.9487762451172,180.01581398694407,178.52197405425974,178.65604953791353,17936000
2019-04-23,182.23739624023438,182.4576359705207,180.1498748585222,180.40841143303865,33665600
2019-04-24,181.66287231445312,182.6204542336212,181.605405125609,182.39062931286628,24977100
2019-04-25,182.40017700195312,183.10879279344346,181.4138689177999,183.02261393829343,29517500
2019-04-26,182.56298828125,182.60129974073888,180.59037185225,182.11292360726955,26359500
2019-04-29,182.9173126220703,183.20459013635457,182.2661492822566,182.5629973561185,21716200
2019-04-30,181.5000457763672,181.79690840451607,180.22647485572378,181.4425932068992,31495300
2019-05-01,180.91592407226562,183.2045586217325,180.79144837300296,182.68745626266391,34797100
2019-05-02,180.13072204589844,181.7969197218886,178.9433152939991,180.85847899036224,44110100
2019-05-03,183.00347900390625,183.13753988655114,181.29898437676118,181.6245587186787,30386200
2019-05-06,181.88308715820312,182.1320531629397,178.83796947423522,179.11567637522847,38371800
2019-05-07,178.3400421142578,180.66695890632198,176.68341505745067,179.90089053360995,58818100
2019-05-08,177.8900146484375,179.23062362203729,177.11437555574463,177.75595375107753,37165300
2019-05-09,176.932373046875,177.54522474434032,174.36604651830731,175.90775362449088,55351700
2019-05-10,177.15267944335938,178.0049268843279,173.3510775317866,176.30043200239086,58526400
2019-05-13,171.00497436523438,173.57128679732043,170.50702769500126,172.64243120218214,67185800
2019-05-14,172.8818359375,173.92561135034435,171.2731053018989,171.9051128851168,43360600
2019-05-15,175.3236846923828,175.7641788410068,171.70402590503983,171.7423373674637,40944500
2019-05-16,177.08558654785156,178.17724377321917,175.18957876836598,175.40024792292414,39281200
2019-05-17,175.27578735351562,177.70805360092467,175.12258535183307,175.3332545421296,44702300
2019-05-20,172.3168487548828,173.49467032390714,171.7327232494816,172.83395112965204,38608300
2019-05-21,174.11712646484375,174.5959174363871,173.24572338986502,173.8011226702402,31613800
2019-05-22,173.34144592285156,174.34690964464642,173.08289476889578,173.14993250239954,24332600
2019-05-23,170.68898010253906,171.426322284536,169.6260635690518,171.3497139762664,45351300
2019-05-24,170.602783203125,172.22109884186284,170.3921140305355,171.60824705202228,25903300
2019-05-28,169.96119689941406,172.0391476270548,169.94204117241347,171.08156583856385,24763800
2019-05-29,168.5631561279297,169.49201182493314,167.66302672163422,168.90788622796748,42178800
2019-05-30,169.2717742919922,169.75056529216405,168.31419229164845,169.01322306066768,30354800
2019-05-31,166.57135009765625,167.85450619449003,166.4947418007729,167.27996588517303,45446200
2019-06-03,162.90383911132812,166.5713797884392,162.0899032084964,166.12131509623882,75842300
2019-06-04,167.49066162109375,167.54811419998646,164.10081335101603,164.73282094191742,47797800
2019-06-05,168.7355194091797,169.1185463390486,166.9831427125249,169.08982004988547,34412700
2019-06-06,170.07608032226562,170.48783342520377,168.27582211407534,169.02273464480606,29913200
2019-06-07,173.3606414794922,174.0596868704015,170.76560240260844,170.98584217471614,45888300
2019-06-10,175.38111877441406,177.0090196902493,174.48100406398615,174.51930091082852,41385300
2019-06-11,175.62049865722656,177.53566228320085,175.02680260886697,177.21008797355455,41260300
2019-06-12,174.60545349121094,175.50558267768102,174.27987920166925,175.14169693552384,27758100
2019-06-13,175.63966369628906,176.07057261267022,174.9885150424757,175.33324509788855,23715800
2019-06-14,174.89276123046875,175.34282590165338,174.22245680898334,174.73954461654623,22844100
2019-06-17,175.9460906982422,176.43445217137113,175.08425828434864,175.27577172803416,20379500
2019-06-18,178.50282287597656,179.75725266823966,177.5643822125338,178.02403198662188,48177300
2019-06-19,179.17312622070312,179.57530881218102,177.6984567186175,178.74221734494384,31672900
2019-06-20,180.8393096923828,181.7106979336642,179.22099428330188,181.67240109478232,40922000
2019-06-21,180.57119750976562,181.72029268681356,180.1881560430577,180.62865007688734,39980400
2019-06-24,180.5769805908203,181.11440972719873,180.48100482624744,180.9320645608177,19375200
2019-06-25,177.4770965576172,180.55773622706448,177.20838205830714,180.4521687706325,33921100
2019-06-26,178.30250549316406,179.78045044156374,178.0146074521683,178.65760415013793,22595700
2019-06-27,178.98382568359375,179.40609549739006,178.49438456878886,178.94544417499478,19709200
2019-06-28,179.2142333984375,179.60769894005648,178.57123669342621,179.41576202934152,21179200
2019-07-01,181.63262939453125,182.8898473986942,180.78810422338893,182.64992264614966,31025600
2019-07-02,182.3523712158203,182.3715692928855,181.05678656884174,181.57501749886475,18035800
2019-07-03,183.7248077392578,183.7248077392578,182.62114492972736,182.81309647493052,15792100
2019-07-05,183.3505096435547,183.68639553063215,181.75740567812076,182.46758825934742,21415600
2019-07-08,182.06448364257812,182.21802433631308,181.3159050328463,182.1604447456821,17598800
2019-07-09,182.97622680664062,183.20654520962464,181.04722231857636,181.2007776831294,19193500
2019-07-10,184.79962158203125,185.3082608378206,183.7535532743772,184.08945375371434,28374500
2019-07-11,184.66529846191406,185.5482198737703,184.07988142707129,185.0779766883669,23736100
2019-07-12,185.7305908203125,185.7401825408277,184.69411389459538,184.8668673708056,20211900
2019-07-15,186.32559204101562,186.3639882092032,185.6442138160849,186.1624449358372,15606100
2019-07-16,185.36582946777344,186.26794874170096,184.79961065331852,186.0952099754642,20190900
2019-07-17,184.45413208007812,185.69215190477942,184.43493400113294,185.36584313808572,16765100
2019-07-18,184.66529846191406,185.02038244172417,183.00502312461083,183.58083379642346,28877000
2019-07-19,183.3121337890625,186.01849248635477,183.12019688320458,185.9321230752958,29387900
2019-07-22,184.77084350585938,185.16432360230544,183.72477513185382,183.72477513185382,18954900
2019-07-23,185.98008728027344,185.9992853630804,184.54053859053016,185.77855866426344,23786700
2019-07-24,187.2852783203125,187.2948846836209,185.25072086205927,185.26991894482953,20422900
2019-07-25,185.50979614257812,186.68062994585404,185.15469759972052,186.6518401510065,23434700
2019-07-26,187.4196319580078,187.66916309761683,186.59429014113553,186.6902659092692,20431200
2019-07-29,186.776611328125,187.314040415425,185.5961856796736,187.2468691014347,20451700
2019-07-30,185.97042846679688,186.69979426800975,185.2122728736836,185.34663011716597,18705000
2019-07-31,183.39849853515625,186.594283558653,181.69023535833236,186.46953263709554,41627500
2019-08-01,182.4867706298828,187.1221188527464,181.60384925083912,183.7151842567128,63251600
2019-08-02,179.7996368408203,181.3735428193183,178.70558042459422,181.11441995541443,55214000
2019-08-05,173.4463653564453,176.1143269309662,171.97802731880765,176.03754926734464,75040000
2019-08-06,175.8744354248047,176.3926810911231,173.7727068922526,175.04909368986904,41897200
2019-08-07,176.82455444335938,177.07407093089796,172.64026589357272,173.9646553021642,49990600
2019-08-08,180.67298889160156,180.73058315169257,177.13171069810338,177.6211520800057,38418100
2019-08-09,178.9742889404297,180.4234292975778,177.57312182280518,179.80922246444626,33608900
2019-08-12,176.92050170898438,178.4080233194846,176.1047517696801,177.87059426745313,24642900
2019-08-13,180.7977294921875,182.03573500176125,176.60384872548445,176.76699583022844,40241900
2019-08-14,175.3946075439453,178.45605010846535,175.06831335460907,177.88983113687954,51000500
2019-08-15,175.19308471679688,176.19116540064493,173.8591034691607,175.624946410348,36685000
2019-08-16,178.0049591064453,178.45601878942122,176.68058449867115,176.78615197008773,32781400
2019-08-19,180.83609008789062,181.2199785050784,179.9435769751399,180.5769818806154,22494100
2019-08-20,179.43492126464844,181.03761682008724,179.38693338639752,180.38502853617683,19902900
2019-08-21,181.02801513671875,181.60382571249926,180.38501860631652,181.0088170577063,20418500
2019-08-22,180.44261169433594,181.8245806097128,179.02224661806267,181.36391454202402,24243700
2019-08-23,174.732421875,180.85529216498597,174.24296596275374,179.2142149072733,55372400
2019-08-26,177.37159729003906,177.41957053066508,175.70171555978598,176.7189942776766,27598900
2019-08-27,176.99725341796875,178.90705941788497,176.30628371228585,178.6095551148087,28012800
2019-08-28,177.6306915283203,177.9281958872516,175.538554653355,176.42147601154778,21792400
2019-08-29,180.34666442871094,180.8649101757767,179.15663219827016,179.83802504530934,25358900
2019-08-30,179.91476440429688,181.35431283790857,178.89748585422632,181.31591667912633,26319800
2019-09-03,178.16812133789062,179.63645970103966,177.57311261772037,178.71515682102412,27964200
2019-09-04,180.74014282226562,180.8936982009125,179.3677654218604,179.88601116383188,21592100
2019-09-05,184.05105590820312,184.57889323781566,182.66908713388784,182.73627308667636,33932600
2019-09-06,183.86871337890625,184.42534051222148,183.4656415879904,184.3581692023239,19487800
2019-09-09,183.48486328125,184.52134001007528,182.5539540334304,184.4445623289943,24407600
2019-09-10,182.95703125,183.05300701513156,181.29675594891376,182.49637979382928,23744700
2019-09-11,184.6748809814453,184.7708567438894,182.88024844573485,183.3025183703362,25063600
2019-09-12,185.44265747070312,186.86302271657064,185.19314097046254,185.80734782354025,28689900
2019-09-13,184.78042602539062,185.6057676931173,184.54050129225897,185.17390610224902,27669800
2019-09-16,183.95509338378906,184.3389817619421,183.40807258020686,183.590417729349,20319000
2019-09-17,184.83802795410156,184.83802795410156,183.5808099993446,183.97429009257746,20953400
2019-09-18,184.7612762451172,184.83805393096583,182.4483978819079,184.45416550172263,29781300
2019-09-19,185.06832885742188,186.21996458684836,184.71324495717477,185.08752693533447,26039400
2019-09-20,183.11061096191406,185.5194506909842,182.49640405741005,185.32751377904813,29086100
2019-09-23,183.19139099121094,183.73952975550915,182.44131717834563,183.05676273437305,22485900
2019-09-24,180.75840759277344,184.43184313184844,179.96986039280742,184.02795847090565,40820700
2019-09-25,182.7874298095703,183.26824690776255,179.06591016504177,180.5756682232113,34704900
2019-09-26,182.11428833007812,182.71049683479643,180.76799165463984,182.54702078264378,26826000
2019-09-27,179.85447692871094,182.54705612755356,178.6235860961045,182.4508868201971,40773500
2019-09-30,181.56617736816406,181.85467060480818,180.21026942729952,180.5853062329242,26307700
2019-10-01,180.0852813720703,183.27790000621144,179.78717705055394,182.2297220133388,32367600
2019-10-02,176.9888153076172,178.89284732239923,175.99833304359473,178.86399946409773,48544300
2019-10-03,178.9313201904297,179.06594841974984,174.84437398268187,176.9695777936199,39392500
2019-10-04,181.56617736816406,181.82582274848133,179.7102301353836,179.90255406868783,31887600
2019-10-07,181.01808166503906,182.4605333999197,180.70074052255998,181.04692952586643,21216000
2019-10-08,178.30625915527344,180.65264957676655,178.16201985615598,179.88333907692626,32379300
2019-10-09,180.0467987060547,180.86419378863164,179.27748827657803,179.8160158485749,20147400
2019-10-10,181.44113159179688,182.1623572329685,179.94098460589962,180.09484959762582,25177700
2019-10-11,183.7779541015625,185.23964252459825,183.40291726570072,183.50869763855286,40976700
2019-10-14,183.75869750976562,184.34529502814203,183.3355760639367,183.51828893130602,14975000
2019-10-15,186.09552001953125,186.52825262722814,184.2107098675774,184.32610131672894,23234200
2019-10-16,185.63388061523438,186.1050867092172,185.04728309961297,185.46079348277647,20457100
2019-10-17,186.1243133544922,187.03786296385672,185.4126987219836,186.7493697521168,19045200
2019-10-18,184.33570861816406,186.23974070564037,183.39331097312305,185.78777134382563,27700800
2019-10-21,185.97044372558594,186.09546087135067,184.76840093438344,185.31653949039128,15801200
2019-10-22,184.4895782470703,186.96097119554702,184.4318678534496,186.7013257810749,22392300
2019-10-23,184.84536743164062,184.88382635174818,183.81641156990037,184.11453056258443,14828400
2019-10-24,186.6436309814453,186.75903709587854,185.34543324943638,186.16281374587663,18998500
2019-10-25,188.13417053222656,188.23033985031984,185.64354073141527,185.6819996546259,21507100
2019-10-28,189.99014282226562,190.24016251986933,189.0092714844104,189.0092714844104,18818700
2019-10-29,188.518798828125,189.9612504090606,188.48995097037638,189.6727718315745,18569700
2019-10-30,189.4323272705078,189.74966831887073,187.7975373837824,188.88418873059726,21764300
2019-10-31,189.5189208984375,190.06704490978956,188.42265820235605,189.98050133010932,26801800
2019-11-01,191.24024963378906,191.24987536981712,190.04783223655625,190.3363108498364,22131900
2019-11-04,192.4230194091797,192.83651509370682,191.24019871614442,192.50956297012152,19015900
2019-11-05,192.52880859375,192.85576073233054,191.8941264376526,192.66343680806992,15048900
2019-11-06,192.09608459472656,192.32688213570498,191.16329804249827,192.30764533894597,19725500
2019-11-07,192.74037170410156,193.98088827116,192.18263667637697,193.0577128102473,17832400
2019-11-08,193.50967407226562,193.52891086760508,191.88450969040753,192.39418938996187,15258800
2019-11-11,193.2500457763672,193.3269636119335,192.26917462907554,192.52882001258305,10147600
2019-11-12,193.8077850341797,194.4520929765145,193.11542178528268,193.4135260931049,14778300
2019-11-13,193.85586547851562,194.03857835311732,193.0096372267365,193.1346397145884,15774600
2019-11-14,193.70201110839844,193.82702827649825,192.53844169572483,193.12503926956595,16945400
2019-11-15,195.12522888183594,195.12522888183594,194.2501381044089,194.87519456064211,18427900
2019-11-18,195.2790985107422,195.58681387891042,194.0289708953767,194.8175034484258,18365900
2019-11-19,195.5675506591797,196.0195199257707,194.81747712598056,196.0195199257707,16923300
2019-11-20,194.3943634033203,195.64449089923428,192.9230641320397,195.05789340279483,36629000
2019-11-21,193.96165466308594,194.3174693673635,193.35583497173752,194.1828264655345,17883600
2019-11-22,194.0867156982422,194.55792194101832,193.03853749170682,194.4425158095627,17189600
2019-11-25,196.38497924804688,196.4234381679387,194.89444298649383,194.92329084475682,17752800
2019-11-26,196.75997924804688,197.00999886398475,196.22146643010456,196.50995963210903,14780600
2019-11-27,198.1351776123047,198.14480334883447,197.02930374141707,197.2697123805995,16963100
2019-11-29,197.231201171875,197.9331901036559,197.13503187234338,197.63508581783285,9854600
2019-12-02,195.21177673339844,197.30813261273366,194.03858163039166,197.24082583711905,28007000
2019-12-03,193.68275451660156,193.75968701609668,191.58638425713835,192.5287963709229,31104100
2019-12-04,194.66363525390625,195.1252303086969,194.38476774750737,194.67326098840758,15300100
2019-12-05,195.0482940673828,195.3560094246461,194.0962707926415,195.3560094246461,14962300
2019-12-06,197.13504028320312,197.2792795652796,196.31764522243472,196.47151023890004,16555300
2019-12-09,196.24072265625,197.70239625730312,196.15416441571543,196.7792355275196,13984100
2019-12-10,196.07723999023438,197.01965222717087,195.63489640205063,196.33688537578837,21799800
2019-12-11,197.11578369140625,197.31773333940708,196.21184515217476,196.5195751542,18780800
2019-12-12,198.58709716796875,199.36603328898818,196.64460641591458,196.91386285032556,32612000
2019-12-13,199.2410125732422,199.9333904417517,198.0582064951113,198.48131326064498,32519400
2019-12-16,201.24122619628906,201.49124584694022,200.48152683641982,200.54884828469656,21296600
2019-12-17,201.3566436767578,201.66437375433787,201.02006573857682,201.5008829797624,15996100
2019-12-18,201.51048278808594,202.06823247690332,201.29892205531465,201.529719583804,15443300
2019-12-19,202.7702178955078,202.8375246692774,201.57778602928045,201.59702282466128,17865900
2019-12-20,203.587646484375,204.36656808176113,203.16452495656574,203.73188579004724,27672600
2019-12-23,204.12535095214844,204.45301193413383,203.95188856351638,204.3084599436071,23774700
2019-12-24,204.23138427734375,204.3952147872923,203.76880314894848,204.3084835829411,7089000
2019-12-26,206.0334930419922,206.05277154080093,204.53009364900058,204.55900404462074,17067500
2019-12-27,205.86004638671875,206.77557663002938,205.31071941762013,206.75629812974861,18134100
2019-12-30,204.51089477539062,205.8793745215036,203.49898649190698,205.75408629725408,21815500
2019-12-31,204.8963623046875,205.0409143185595,203.53751455353222,203.85554368924022,18170900
2020-01-02,208.31756591796875,208.31756591796875,206.21665021239065,206.62141055085482,30969400
2020-01-03,206.4093780517578,207.6525840959463,205.54203662503116,205.56131512712398,27518900
2020-01-06,207.73931884765625,207.7682292486953,204.53977858942946,204.79034030016408,21655300
2020-01-07,207.71035766601562,208.29822685206966,207.05503579575745,207.816367345638,22139300
2020-01-08,209.2716064453125,210.2256936926872,207.35381475816808,207.68147573820852,26397300
2020-01-09,211.04490661621094,211.4496669802487,209.81134701956532,210.9967177074752,23547000
2020-01-10,210.50518798828125,211.89294605629414,210.1293380702935,211.8736822590969,21898500
2020-01-13,212.93374633789062,212.9626567363947,211.0352184084569,211.372525997921,22756900
2020-01-14,212.09532165527344,213.18432904848552,211.76766065906043,212.82774294772395,24418100
2020-01-15,212.1820831298828,213.17471286340694,211.4882040358401,212.21099353336876,25742100
2020-01-16,214.2154998779297,214.2540568803451,212.7891995975038,213.24214879216402,18805000
2020-01-17,215.2755889892578,215.44905137821644,214.0612934457984,215.17921119193375,24325200
2020-01-21,215.1792449951172,215.71892545246268,214.5817437323689,214.6781068396437,21146300
2020-01-22,215.747802734375,216.98136207756176,215.4779625471271,216.26821931348687,20736400
2020-01-23,216.4416961669922,216.53807397110154,214.62026742875648,215.62254365281586,26496100
2020-01-24,214.6202392578125,217.68487362293035,213.62760976756906,217.45357574654093,37436500
2020-01-27,210.1871795654297,211.3243612503885,209.3005448926822,209.7727726308641,42264400
2020-01-28,213.41561889648438,213.90712511131423,211.11233054275615,211.67128945646775,26731900
2020-01-29,213.7625732421875,214.84193414072158,212.8181324559702,214.6010043183567,28924500
2020-01-30,214.52389526367188,214.62025835852046,211.71946892175637,212.38443750851857,39568100
2020-01-31,211.12197875976562,215.4490686908412,210.37026423164505,215.4201582903583,52015800
2020-02-03,214.31185913085938,214.80335058021038,212.008571059672,212.1531230432498,25408600
2020-02-04,219.2172393798828,219.59308933416148,216.49954378341388,217.24161179244257,30691200
2020-02-05,219.9400177001953,221.89636668390315,218.61972697759555,221.85782438255845,38534800
2020-02-06,221.83853149414062,221.89635229500297,219.70870552951698,220.48931575153568,22467100
2020-02-07,220.88450622558594,222.07952369819267,220.24844782701177,220.8459639159114,25884900
2020-02-10,223.55393981933594,223.5635717172881,220.09419148528795,220.15201228337645,21478900
2020-02-11,223.59249877929688,225.5295838907473,223.0046294462739,224.78751594787164,30198000
2020-02-12,225.77053833007812,225.87654804776622,224.35386969606031,224.9128286888529,24471300
2020-02-13,225.4813995361328,226.4065618035363,223.92981091801053,224.1996511381023,22773200
2020-02-14,226.12705993652344,226.33907932515902,225.07660959612997,225.83794125154884,23438500
2020-02-18,226.21376037597656,226.63779909559827,224.78746035058225,225.0283901044414,24394500
2020-02-19,228.38218688964844,228.85441462251333,227.2931941216943,227.5630343389917,22230500
2020-02-20,226.26199340820312,228.3532623150544,223.4672136002903,227.8810493166871,42604000
2020-02-21,221.91563415527344,225.5199347119965,221.00010381565832,225.134452896955,66017200
2020-02-24,213.35780334472656,216.11404097728206,212.26879589077487,213.63727545586343,84522600
2020-02-25,207.5562286376953,215.86349931150477,206.94909545569362,215.15034170917147,97743000
2020-02-26,208.6259307861328,212.2880667308365,207.10325266735435,208.84759679251124,79537700
2020-02-27,198.17918395996094,208.5680740956899,198.04426388177689,203.24834084623106,121822600
2020-02-28,198.33343505859375,199.6537257951151,190.98025208735027,191.4332013351709,148173700
2020-03-02,208.5680694580078,208.71263613475264,198.46829820158868,201.3016344856379,112933900
2020-03-03,201.87989807128906,211.64237847473407,200.0873797340312,209.23308042493528,131953500
2020-03-04,210.30279541015625,210.4088051055295,203.7013133091228,205.58057742757472,73086200
2020-03-05,203.9133758544922,208.5103213191757,202.47744341940464,204.97347303257533,78705500
2020-03-06,200.47286987304688,201.5618625574141,195.54826422758003,197.2444047068585,89828400
2020-03-09,186.547119140625,193.86174381153205,185.14008273987875,186.460373242942,116424000
2020-03-10,196.7047119140625,196.88782090131457,186.6531137567158,193.81355452844903,100599200
2020-03-11,188.1372833251953,193.4666498891897,185.7376169691897,192.11744874837703,89168800
2020-03-12,170.88673400878906,183.8583891212257,170.52051592482243,175.48366503820066,137820700
2020-03-13,185.3617706298828,187.42412938814778,171.66732731648293,180.28298039710057,134882000
2020-03-16,163.1576385498047,177.9796275795923,163.02271847064515,167.83166713190602,92054400
2020-03-17,175.53182983398438,177.7001982234097,163.62025889320026,169.10382397306617,121257100
2020-03-18,170.1928253173828,172.71776504502085,160.74837373270967,165.38386096925564,114156300
2020-03-19,171.21434020996094,176.8328243726953,165.40311516671628,169.31581239130233,120896500
2020-03-20,164.5068817138672,176.2353438405754,163.92865895647157,175.14635103014504,118983900
2020-03-23,164.6256561279297,168.2473045273458,159.284918397321,165.0699034124707,124639800
2020-03-24,177.37388610839844,177.53806576241072,171.85931537797967,173.7522370849659,94881800
2020-03-25,176.06040954589844,183.02362417647132,173.81980925619098,178.10784345878415,88754900
2020-03-26,185.33180236816406,186.12374317163557,177.32555199711015,177.57664763072293,79887600
2020-03-27,178.9577178955078,183.9893863558448,178.3396238407872,180.53191767157102,58845000
2020-03-30,185.46702575683594,185.90163536165923,179.9621230398358,180.6574807237227,49356900
2020-03-31,183.88314819335938,188.5671524982982,182.72422369893337,185.1579754527951,62659300
2020-04-01,176.07005310058594,181.2369439532486,174.66968535832518,178.44586089247176,53715400
2020-04-02,179.6434326171875,183.59345543515303,174.77594312185715,175.03670596126688,56465300
2020-04-03,177.09378051757812,180.66715220952585,175.08497102009434,179.19917320434047,47487600
2020-04-06,189.7550811767578,190.88503385566943,182.71460225845405,183.96044298550214,64763500
2020-04-07,189.67782592773438,195.7235748051807,189.2915225925647,195.4434923611342,69904500
2020-04-08,193.70509338378906,194.2845483290108,189.4556834361989,191.36790980752508,45940400
2020-04-09,193.9851531982422,196.26437792469775,192.21778695074894,195.42416018310405,68252600
2020-04-13,196.0808563232422,196.4575071371494,191.94734979340546,193.15456582984197,42853900
2020-04-14,204.608642578125,205.22673663075193,199.3548357625338,200.1371094360824,63959600
2020-04-15,202.26177978515625,204.579643225078,200.03084709241702,201.3442986207492,47036000
2020-04-16,205.95108032226562,207.03274130393234,202.51293099923157,204.44447688736537,64657400
2020-04-17,207.9212646484375,209.09950889848074,204.82114154163116,208.7711496121478,62863200
2020-04-20,205.45851135253906,208.49103736357077,205.29433174446208,206.05728577452842,38249100
2020-04-21,197.87718200683594,203.93258139334242,196.6603136233155,203.39175100066666,72932800
2020-04-22,203.74913024902344,205.08190169987205,201.1994901277433,201.94313946127022,40089100
2020-04-23,203.31455993652344,207.10038877224588,202.90893699732405,204.54108118010433,43278500
2020-04-24,206.52088928222656,206.9651513344646,202.3294381106388,203.7491255617453,34231900
2020-04-27,208.18203735351562,209.21542159577743,207.15832027318018,208.79047909378295,36451700
2020-04-28,204.26097106933594,209.88177649569798,203.98090340867836,209.88177649569798,46862800
2020-04-29,211.5043182373047,212.44111936458398,207.77643331726821,208.79049806434185,48716400
2020-04-30,211.4173583984375,212.50867180272314,209.91075496584622,212.42175577465648,43359500
2020-05-01,205.45851135253906,209.25399139363714,204.43477980299238,207.1582661801508,48795000
2020-05-04,207.85365295410156,208.07577660367727,203.8939780125708,204.22235201134313,32841000
2020-05-05,210.21014404296875,212.6052568351252,209.42787031053436,209.99767281483525,37783100
2020-05-06,211.5043182373047,213.4744889642097,210.6447807298197,211.89062159974767,36455200
2020-05-07,214.227783203125,215.1066254713922,212.8756921027044,214.227783203125,38624800
2020-05-08,217.16368103027344,217.29888863818735,214.86513695921292,215.89852096982384,31852300
2020-05-11,219.10488891601562,220.12860581258877,215.60879580058102,215.84058659729604,35714100
2020-05-12,214.5174560546875,220.2927881822134,214.48848404874036,219.70366616708196,41054100
2020-05-13,211.83262634277344,216.92225369989848,209.29265361270694,215.03899947448033,65521200
2020-05-14,214.23744201660156,214.2760664553529,208.59733082114263,210.50955737467632,51549300
2020-05-15,215.62811279296875,215.68605680731994,210.8571924577266,211.29178730188508,55747200
2020-05-18,219.6457061767578,220.85292220614207,217.75279969513662,218.5350733243338,42398100
2020-05-19,219.09523010253906,221.98289623923193,218.95037006914487,219.90647576259502,36237300
2020-05-20,223.47018432617188,223.82751557322564,221.6255546033614,221.64487418703376,37417000
2020-05-21,221.0364227294922,224.19450400757688,220.5245643088775,223.5184659743616,43642900
2020-05-22,221.79940795898438,222.0022120157208,219.71333495626004,220.63081626481636,28762400
2020-05-26,221.20062255859375,225.57558743283715,220.9591793291986,225.37276863607414,33055300
2020-05-27,222.4078369140625,222.52373968407574,216.27518777873954,220.86260910029554,55665600
2020-05-28,222.11810302734375,225.47898841837093,221.2102741907014,221.26821820384467,42784300
2020-05-29,225.372802734375,225.60459357481275,220.93024074674634,222.4948031307782,50691800
2020-06-01,226.04881286621094,226.42546372482894,224.05932295984263,224.50358499805844,25776000
2020-06-02,227.56509399414062,227.62303801560597,224.06898575496044,226.47376580145584,33383400
2020-06-03,228.58877563476562,229.3420772703099,227.29464356719205,228.17348565097768,37228700
2020-06-04,226.98562622070312,229.65115438627208,225.68182678063243,228.24113406363668,38716100
2020-06-05,231.48611450195312,232.0752365750301,227.56507878851727,228.13488127688794,47365600
2020-06-08,233.282470703125,233.40801117207488,229.7670575785261,231.34125754502816,32937300
2020-06-09,234.9725799560547,235.82245019731135,232.23944052661614,232.42293975923093,35046300
2020-06-10,237.79263305664062,239.3378757760598,236.14115471605476,236.6626803968826,58084400
2020-06-11,226.01019287109375,235.2526324617041,225.95224885117236,233.87158419849115,72919400
2020-06-12,227.80653381347656,232.17181704547895,223.80823429074138,230.90665680743496,72034800
2020-06-15,230.5782928466797,231.25433096740667,223.54746691806739,224.48426786269115,45307400
2020-06-16,234.53794860839844,236.02523235195468,230.916300326839,235.43611030869337,48890100
2020-06-17,235.28160095214844,237.09725881066373,234.42206361761154,236.03490267290994,34749300
2020-06-18,235.91897583007812,236.16041902744283,234.19024902101708,234.9628554633655,30578600
2020-06-19,235.88037109375,238.54589891002493,234.15162940385116,238.28513610887617,49422100
2020-06-22,238.709228515625,238.83498729885778,235.4585876156787,235.74881154787224,24068700
2020-06-23,240.74087524414062,242.9756881450079,239.75408432827294,240.30552457394563,32767400
2020-06-24,235.77783203125,241.21490982146324,234.27827785162066,239.98624113416216,46032400
2020-06-25,238.0223388671875,238.3222467820991,233.29149670339368,235.8649239122379,36940800
2020-06-26,232.40142822265625,237.95461058814803,231.8789956339686,237.7804614712012,52824600
2020-06-29,234.93612670898438,234.94581068032628,229.62482271958893,232.15954316972443,34377800
2020-06-30,239.54124450683594,240.08301554399114,234.68462883150275,234.8684471681419,38909200
2020-07-01,242.33714294433594,243.33361767760738,239.03812690863285,239.57989785928706,34689200
2020-07-02,243.98184204101562,245.99414496054678,243.51746898640175,244.78482936675303,31956500
2020-07-06,249.98004150390625,250.50244454595202,247.11636112297572,247.13571430450963,34589000
2020-07-07,248.2579345703125,252.38897502047544,247.95802670229682,249.7284810450246,36578200
2020-07-08,251.52796936035156,251.55699175476389,248.15156953838743,249.58340988611212,30426300
2020-07-09,253.6466827392578,254.31422730876702,249.2447857889523,253.44352598637002,40312900
2020-07-10,255.37840270996094,255.62994977336677,250.82171032441315,253.50154275447863,32885300
2020-07-13,250.12513732910156,261.00897620103956,249.30279693169464,258.22270872593504,64108100
2020-07-14,251.89559936523438,252.3019424005483,244.533285347248,247.60010796017536,72230500
2020-07-15,252.40835571289062,254.14010398466337,249.10933908788655,253.308079467626,54523900
2020-07-16,250.686279296875,251.32480146997742,247.30019565195113,249.62207567503765,47594100
2020-07-17,250.97650146484375,251.83751870314768,248.79973367875618,251.14095183062756,35137900
2020-07-20,258.096923828125,258.7257619192761,250.36698938646933,251.61498159797964,40610100
2020-07-21,255.40740966796875,259.6738778951112,254.5657308827239,259.66419392424126,43243800
2020-07-22,256.30718994140625,257.23596562138243,254.00464821179912,255.90087641518613,29865500
2020-07-23,249.61241149902344,256.6070736888156,248.19990969040234,255.90085230881024,51363500
2020-07-24,247.2421417236328,248.56754683460562,243.14015285037885,245.7716098902376,54054500
2020-07-27,251.65377807617188,252.04075323051305,248.10324339159396,248.8868776745362,36445700
2020-07-28,248.45143127441406,251.39249463352243,248.16120738423655,250.87006210690072,31302400
2020-07-29,251.31509399414062,252.17614078356192,249.51564673993508,249.98968895811328,27556900
2020-07-30,252.6309051513672,253.1920146753105,248.19995565732032,249.35122662688858,41774500
2020-07-31,257.1391296386719,257.2939255342702,252.35991338765382,257.2552191792961,53686300
2020-08-03,260.61236572265625,261.35729353762446,259.1515029631688,259.2772765152185,32081600
2020-08-04,261.5797119140625,261.67646303202554,259.3642382671816,260.1091657793346,24911300
2020-08-05,262.22796630859375,262.6826701264064,261.17344671500797,262.0635159310068,21612100
2020-08-06,265.70111083984375,266.030041075209,261.39593634379446,262.0344583974919,28048200
2020-08-07,262.6343078613281,265.9333241341228,260.48656232248806,265.1593444887768,44969400
2020-08-10,261.5120849609375,263.1277436392848,257.9905731860006,262.9245573551924,35088400
2020-08-11,256.5587158203125,261.6378411480263,256.0169448139675,260.3511128647277,43104300
2020-08-12,263.0115966796875,263.9597106654382,258.6677448285516,258.7161351633893,38773400
2020-08-13,263.61138916015625,265.8848782372413,262.67295933423617,263.78552347235626,31895700
2020-08-14,263.30181884765625,264.5014502397458,261.9086851878035,264.2305647794578,30799500
2020-08-17,266.35906982421875,266.86213457184294,263.34062228985005,265.01429647338904,24803000
2020-08-18,268.92266845703125,269.3967105506649,265.96226731548626,267.4231294724988,23529500
2020-08-19,267.11358642578125,269.9385306133645,266.60083788681095,268.88401114734256,31999400
2020-08-20,270.8189697265625,271.30269597386075,265.9139784931246,266.32032153155023,27723400
2020-08-21,272.69580078125,273.15050458608215,270.3642369755621,271.0124430683541,34748900
2020-08-24,274.3985900878906,276.69144806298436,272.1153865624216,275.96585860128073,36418500
2020-08-25,276.555908203125,276.74941047837075,273.1795090274915,273.6245288313943,34866600
2020-08-26,282.4573974609375,282.7089445354077,276.5269094615622,277.8039537290661,42216700
2020-08-27,281.57696533203125,284.28584934448736,279.313130611722,283.43448664126686,49482700
2020-08-28,283.0089111328125,283.63774942514027,281.46098105025214,282.81540880087596,28021000
2020-08-31,285.2824401855469,287.091571904662,283.0959877638681,283.5313532630859,36321000
2020-09-01,290.15826416015625,290.2743536952056,286.16268202452596,287.9331064826221,36216200
2020-09-02,292.9058837890625,293.6217890823761,287.22694320186844,293.4089483837825,50836800
2020-09-03,278.0555725097656,288.90070855985175,275.15321453022233,288.39764380548326,110083300
2020-09-04,274.35015869140625,279.5260353152859,262.95356976582957,276.2657252124288,123959000
2020-09-08,261.163818359375,269.164640033516,260.88324886308413,263.3599249407287,99568600
2020-09-09,268.8357238769531,270.93507941244224,264.1145506289995,266.66863957598133,64837900
2020-09-10,263.47589111328125,273.0149838005329,261.75382762329747,271.79598475421733,69667500
2020-09-11,261.6474914550781,266.26222838746224,258.2130180084171,265.2270473204114,71809000
2020-09-14,266.2042541503906,268.19720409347343,264.0758466751033,265.4302743756,38525200
2020-09-15,269.977294921875,271.3220680816617,266.17521364561674,269.94827252756414,41849900
2020-09-16,265.6720886230469,271.23493990693896,265.32381993172135,270.77058165183826,42321000
2020-09-17,261.5216979980469,265.46889016761645,258.00015765399314,258.84183638339624,81570800
2020-09-18,258.1840515136719,263.23415489256854,254.08206224129736,262.9439309437904,86251100
2020-09-21,258.80322265625,258.938650650959,251.6440506769576,253.92725388489964,57168600
2020-09-22,263.61138916015625,264.19183686748954,257.8647206631692,261.20241307752934,41128900
2020-09-23,255.5621795654297,263.47593156448664,254.6817945106253,263.2921132824781,48837300
2020-09-24,256.752197265625,259.9544622311648,252.71790791372052,252.8823878064297,70631700
2020-09-25,262.7213439941406,263.5340003825071,255.69763085456438,257.255244408826,55242400
2020-09-28,268.1778869628906,268.1778869628906,262.82787497792873,267.57804151818664,58438300
2020-09-29,266.968505859375,268.6712020340795,266.40736692479027,267.61668244413096,27050000
2020-09-30,268.7969970703125,271.94121767207247,266.89111447842726,267.16199999545273,49380800
2020-10-01,273.0635070800781,273.67300696591815,270.73194267954165,272.6184871333979,50020200
2020-10-02,265.3819580078125,273.05385112879475,264.5402788502487,267.03629392179363,75497400
2020-10-05,271.0415344238281,271.3607808034577,267.2394526448643,267.3458582633036,28184600
2020-10-06,266.2042541503906,272.03799199821265,265.3238687639904,270.35463396504605,49704200
2020-10-07,270.8092956542969,271.60258420390795,268.2552070819735,268.84536841355174,27539700
2020-10-08,272.2508239746094,273.27632130939753,271.1866202712513,273.20859254547736,25443300
2020-10-09,276.4107971191406,276.48820983920064,273.5084401272333,273.8954151546272,30201100
2020-10-12,284.9438171386719,287.7784462110438,280.04850927518163,281.0933451073051,79370700
2020-10-13,284.9340515136719,287.3817047440142,283.5699401763076,286.7432121833182,64240000
2020-10-14,282.5541687011719,286.7045481035689,280.81276604840866,285.73709562441013,36949100
2020-10-15,280.65789794921875,281.2480296381104,277.21377037087336,277.8522923858654,42514200
2020-10-16,279.1197814941406,283.7248361635117,278.7714831775221,282.3026795463042,40570700
2020-10-19,274.5629577636719,281.9930140510619,273.5858509928782,281.03521617369915,36756800
2020-10-20,275.1531677246094,278.25868196764213,273.74069534831114,275.2982796940395,32195400
2020-10-21,274.9403381347656,277.9684692915658,274.45661186752744,275.4047259800652,29306100
2020-10-22,274.9305725097656,276.6720042692186,271.6799471309994,275.7722512408998,32196200
2020-10-23,275.47235107421875,275.6368309515048,272.60870060974133,275.5013734614692,24658500
2020-10-26,271.3414001464844,276.0141826669079,267.75215968735864,273.18923793913956,38421100
2020-10-27,273.4600524902344,274.2823927954523,271.0801282571782,272.3378043538886,30559100
2020-10-28,262.7987365722656,269.5709021473069,262.54718954598843,268.9614025216654,53413500
2020-10-29,267.3942565917969,270.3933362376692,263.650189973053,264.11457788159726,43246300
2020-10-30,260.61236572265625,266.281623343448,258.3775527534436,265.4109219764302,65838300
2020-11-02,261.1927795410156,264.6175393856356,258.28073870415153,263.0019105970591,39987400
2020-11-03,265.71075439453125,267.81013876643436,262.0247636862379,263.10830548168485,43604100
2020-11-04,277.5716857910156,279.3711325268911,272.69571893604797,274.35973773044117,75728200
2020-11-05,284.8083190917969,285.7757714676253,282.4960937419013,283.97629469594665,52054200
2020-11-06,285.0212097167969,285.74679920091603,280.39678725231647,284.1505082407162,40959800
2020-11-09,279.1971130371094,289.40375461225466,278.7424091817804,287.962230312765,86537100
2020-11-10,274.19537353515625,277.329909878657,271.4864890873703,275.88841524340836,69024900
2020-11-11,280.3289794921875,280.8030216572005,274.1566292793315,276.72037189261647,36102900
2020-11-12,279.0133056640625,282.56386946425175,277.90074115178044,281.2965090031892,34414600
2020-11-13,281.4608154296875,282.0799989080885,278.5004145437793,280.7255719544529,24806900
2020-11-16,283.6571044921875,283.957012426053,280.55156049419804,281.1610603353793,30168400
2020-11-17,282.75732421875,284.1794805378679,282.1188020423801,283.8505502393088,21843500
2020-11-18,280.6676025390625,283.8215068214784,280.5805353656853,282.205877841639,28069600
2020-11-19,282.8637390136719,283.17333086923173,279.44863320359497,280.1161777252628,22718400
2020-11-20,280.9288635253906,283.53131312948705,280.8417963427337,282.7863558040206,25907300
2020-11-23,280.9385070800781,283.2216804949819,278.6940105023637,281.9252978658632,26875600
2020-11-24,284.8857116699219,285.3791218456151,280.2032455596767,282.00269286629174,24516800
2020-11-25,286.6368103027344,287.2753324617549,285.0018133025846,285.949927331004,23326800
2020-11-27,289.2778625488281,290.40011053038177,288.2039753626701,288.60063426751805,17163100
2020-11-30,289.8680725097656,290.2066867419468,285.1856066120209,289.5971870288813,27836200
2020-12-01,293.58319091796875,295.20853390818513,291.038785568441,292.14169582879094,27521300
2020-12-02,293.9604797363281,294.2990940527124,290.57439562110636,292.41254966450754,23620000
2020-12-03,294.3763732910156,295.924302816078,293.6507840940458,294.2699677137907,22828700
2020-12-04,295.5760498046875,295.72119128569506,293.74758010162014,294.42477907433585,19332100
2020-12-07,297.2497253417969,297.61736194731213,295.5760221993255,295.75984050208314,20851000
2020-12-08,298.2559509277344,298.5558588522891,295.024662996755,296.7757497269518,18341500
2020-12-09,291.5030822753906,298.32360993230856,290.4388787232526,298.04306999188924,48839300
2020-12-10,292.6737060546875,293.7959544453921,288.3878987649172,289.4714407906166,27519500
2020-12-11,292.0255126953125,292.15128623113674,288.75551886109844,291.01935393302256,26760400
2020-12-14,294.1443176269531,296.0888774143001,293.147842559271,293.21554180759534,28804800
2020-12-15,297.2884521484375,297.2884521484375,294.21193112054425,296.3983829620619,25709000
2020-12-16,298.9234313964844,299.7070654214321,296.64022854623624,297.6850935957013,25461900
2020-12-17,300.877685546875,301.1098646667226,299.3201014107255,300.5197328956756,23730500
2020-12-18,299.9683532714844,301.8258752695221,297.59808257218424,301.51628334913073,41173400
2020-12-21,299.4071350097656,299.94018648660574,294.2509519140145,297.0228669180954,37095500
2020-12-22,300.2212829589844,301.1420109826274,297.4008897341945,300.30850795630914,26176300
2020-12-23,298.70928955078125,300.62829842722294,298.5542130474029,300.26969695345633,21201300
2020-12-24,300.0274658203125,300.47329238593636,298.89351114155653,298.97103462251584,16785000
2020-12-28,303.0513000488281,303.5262310626723,300.80273521514425,302.63454860179166,22497700
2020-12-29,303.32275390625,304.99949122408196,302.4213992691314,304.3791850795112,25871900
2020-12-30,303.3323974609375,304.8055799060059,302.71209143491757,304.48575494609014,18138100
2020-12-31,304.0786437988281,304.5632467395812,302.15963508324836,303.2354394143684,21611400
2021-01-04,299.7850341796875,305.58089532895957,295.7822096194446,305.4064158113224,45305900
2021-01-05,302.2565612792969,302.5279673471048,298.7965184263941,298.7965184263941,29323400
2021-01-06,298.069580078125,302.27592998393476,296.55762129457366,297.54620062910624,52809600
2021-01-07,305.280517578125,306.11402054363856,300.6961625343405,300.7252375313277,30394800
2021-01-08,309.205810546875,309.55474011165984,305.3774347489298,307.56784992649233,33955800
2021-01-11,304.73773193359375,307.4224216271821,304.0883509666924,306.24969077058125,32746400
2021-01-12,304.2531433105469,305.8619991509885,301.61690195667103,304.7764932248899,29266800
2021-01-13,306.3078918457031,307.10261833669665,303.9139516915649,304.5148547170226,22898400
2021-01-14,304.66986083984375,307.75192830346884,304.19492986670093,306.7536474742639,23500100
2021-01-15,302.2565612792969,305.4161822238818,301.0159788139452,304.4566777731747,35118700
2021-01-19,306.6664733886719,307.17044985963673,303.477777373336,304.57298488357054,24537000
2021-01-20,313.7997741699219,314.73990504779744,306.76335966017797,310.28158170395784,30728100
2021-01-21,316.3100280761719,317.05633556018074,313.7610413662639,315.13729720135154,25130600
2021-01-22,315.3990478515625,316.40700085407076,314.71089025556637,315.2730463317936,21609400
2021-01-25,318.0061950683594,320.1481618170667,311.5125320309247,318.7815776847995,39080600
2021-01-26,318.471435546875,319.60541972196387,317.14362789440383,318.72343860307774,25498100
2021-01-27,309.59356689453125,316.2229345567672,307.58730271866483,316.2132626065165,55264000
2021-01-28,311.4253845214844,316.3683427115938,310.17510007613106,310.79540632362813,42836300
2021-01-29,304.8734436035156,310.84375624229205,303.128884596821,309.7388471809838,55259000
2021-02-01,312.4913635253906,313.57686934617044,306.2884224161085,308.3140590955664,35646000
2021-02-02,317.58935546875,318.74271275884973,315.2923424116348,315.4571204149981,33930800
2021-02-03,316.3294372558594,320.03181101989327,316.2712872660844,319.66350803277334,24824500
2021-02-04,320.0707092285156,320.15793425440114,316.4071102521657,317.72524632493185,22350900
2021-02-05,321.1560363769531,322.1640187431127,319.38240268503847,321.0203629383671,22732000
2021-02-08,323.3076477050781,323.46272417759775,321.2044877479958,322.84244786533196,20462800
2021-02-09,323.2399597167969,324.4999159085971,322.3676505002005,322.3773520268194,17597500
2021-02-10,322.5032653808594,325.1298051056285,319.3533461848029,324.67427714647073,28068700
2021-02-11,324.2768859863281,324.6839654647318,321.89264783515165,324.0345845195634,22046100
2021-02-12,326.0893859863281,326.2541344505574,322.38701179217514,323.4337413075448,20346800
2021-02-16,325.2073974609375,327.77578750807453,324.0443384014163,326.8841049520655,27080800
2021-02-17,323.64697265625,325.3237097887866,320.00277798200216,322.23194008983177,31360300
2021-02-18,322.2319030761719,323.58878548933046,318.24845124495755,320.06089121511815,32236200
2021-02-19,320.8266296386719,323.7051732713392,319.8089749472327,323.57917173133075,39157700
2021-02-22,312.5107421875,317.7056714383622,312.30721723717556,316.4457156421232,47256900
2021-02-23,311.5804138183594,313.2474496333406,301.42312239012205,307.23835947803434,97241900
2021-02-24,314.14874267578125,314.4588956916574,306.23031671304153,308.92470818559923,58206300
2021-02-25,303.1967468261719,314.05186753500726,301.6557125973365,311.49317868001674,110182600
2021-02-26,304.46636962890625,309.2832947787823,301.3067487846613,306.12370351235546,104739800
2021-03-01,313.6253356933594,313.96456367615275,308.14932823792475,309.43835907915917,49164500
2021-03-02,308.59521484375,314.3425998904957,308.34324137187855,314.26507641710975,48370000
2021-03-03,299.63970947265625,308.4400863205711,299.58155948296434,307.49995538346167,86301100
2021-03-04,294.7355651855469,302.4310635748034,290.8684129401482,299.271442392636,139131600
2021-03-05,299.1745300292969,300.075884598136,288.29036452231725,297.35241783993,121523700
2021-03-08,290.70367431640625,300.51203512418215,290.28692280023205,298.6317729607191,88409800
2021-03-09,302.16943359375,304.0690992132105,297.4688067618262,298.00185838879844,80391100
2021-03-10,301.3067626953125,306.724620626328,300.6186347246778,306.4241691358613,76798100
2021-03-11,308.24627685546875,310.01020925245535,305.15450742613785,306.04616036038266,53484800
2021-03-12,305.7456970214844,308.4304164004417,301.8010513316527,304.1949616046045,69315600
2021-03-15,309.01190185546875,309.17667987152043,304.4275769113143,306.0655372367336,42955700
2021-03-16,310.70806884765625,314.2166196657638,309.2736627941333,311.2023734081659,54925900
2021-03-17,311.9874572753906,313.8774211202588,305.95899377153285,307.67450760611854,78258700
2021-03-18,302.4309997558594,308.09115833384044,301.9754718261989,307.11225096678345,82718100
2021-03-19,303.4971008300781,305.0381344134801,300.12425419342844,302.2661906055746,78446200
2021-03-22,309.1886901855469,311.2557108380193,305.88923408616284,305.88923408616284,56194800
2021-03-23,307.8397521972656,311.59531090508733,307.0245946929853,310.2755405501101,53455400
2021-03-24,302.6480712890625,309.24701462647465,302.50251267750366,309.2081891249988,64803700
2021-03-25,302.1239929199219,303.6378911365038,298.3005255349611,300.8042221864616,78729000
2021-03-26,306.6559143066406,306.97614321178946,300.5131047500999,301.9104968604714,63519600
2021-03-29,306.568603515625,307.61665508549305,303.23032130763187,306.12221392245704,54608000
2021-03-30,305.0256042480469,305.5981544684456,302.3278096829393,304.60832640159686,44635700
2021-03-31,309.6933898925781,311.2557682762274,306.4715545684974,306.81121105651914,55032500
2021-04-01,314.9725341796875,315.10837900652535,313.26456756678306,313.51688889328375,55685600
2021-04-05,321.26080322265625,322.0274511279662,317.21412716605016,317.45673463853825,42172500
2021-04-06,321.03765869140625,322.988202846914,320.2612969247598,320.9503235455035,33537200
2021-04-07,321.81402587890625,322.6486111670162,319.6305581481029,320.5621627543296,32046400
2021-04-08,325.1717224121094,325.35610651026633,323.8713495618083,324.6671093943618,29940800
2021-04-09,327.14166259765625,327.34547423273773,323.07558790108754,323.81309460675953,36664900
2021-04-12,326.7146911621094,327.1319689672799,324.8320545350911,326.10331550491,25833000
2021-04-13,330.52850341796875,330.9942909199149,328.0247771343008,328.2382729444184,30374000
2021-04-14,326.5594177246094,330.897241128073,325.7442600560948,330.77108048618845,42564300
2021-04-15,331.5086364746094,331.8968322351225,326.27803325321327,329.43193130872146,36342800
2021-04-16,331.8968505859375,332.11034641995263,330.0238977449585,332.03269541748523,40860100
2021-04-19,328.8593444824219,331.47948788337334,326.9378822962506,330.3247033543837,34533100
2021-04-20,326.4623718261719,329.4803950215686,324.4924000385341,328.19944988212427,38081800
2021-04-21,329.25726318359375,329.4416472865148,324.0945675321625,325.1814445924262,36598100
2021-04-22,325.28814697265625,329.84915019130574,324.1333329065431,328.8690360322553,45936100
2021-04-23,329.3834228515625,330.6934798949631,325.9189800210378,325.9189800210378,36381900
2021-04-26,331.52801513671875,331.80944813703036,328.8787304993542,329.62598057447394,30812000
2021-04-27,330.0918273925781,332.03268779719735,329.1408247480296,331.81919196808207,33187200
2021-04-28,328.97576904296875,330.77107046078066,328.325567914184,329.76181497146814,33615700
2021-04-29,330.15972900390625,332.66342562514154,326.937893972097,332.2461477907984,37708900
2021-04-30,327.9956359863281,330.19853110561087,327.08342938996134,327.71423260087664,38263400
2021-05-03,326.2489013671875,329.9462377206667,325.80251180840315,329.1990171967041,29729700
2021-05-04,320.3778076171875,324.0169204943218,316.5639948144166,323.69666197663526,65147000
2021-05-05,319.30059814453125,323.28908104964285,318.52426595065555,322.4253840899194,46219300
2021-05-06,321.7073059082031,321.8625782847719,316.79693175802845,319.0386230172309,46814300
2021-05-07,324.3178405761719,326.69537720678807,321.88205087755176,324.4827971540986,53324500
2021-05-10,316.1273193359375,323.1143982975088,315.92350769169906,322.9397279868842,60700500
2021-05-11,315.6905822753906,316.48634198642156,309.5865692571436,310.2464841674861,71963600
2021-05-12,307.5196533203125,313.08019964815134,306.65595619043876,310.76088677179484,91164900
2021-05-13,309.8971252441406,312.86663879564367,307.52927357866866,310.45999125151934,69877800
2021-05-14,316.7387390136719,317.6509161897484,312.5561574496169,313.0608001261645,44370000
2021-05-17,314.8171691894531,316.7192035119393,311.9447049614904,315.03066495326476,39395000
2021-05-18,312.6919860839844,316.99098429290916,312.4202668422621,315.7682625127471,36528500
2021-05-19,313.051025390625,313.3518563360605,306.9470121011332,307.2963823180364,66319100
2021-05-20,319.1065673828125,319.9605507447365,314.3126691741592,314.53584917885684,46466100
2021-05-21,317.34033203125,321.0764639362925,316.9812776603383,320.6591861330802,50330400
2021-05-24,322.67767333984375,323.80337563981055,317.2335459004026,319.63050907033795,32475800
2021-05-25,323.12408447265625,324.9096721530307,321.9498724424178,324.1915634161339,31280300
2021-05-26,324.24981689453125,324.7156043929025,323.10471647413306,323.79371355892494,25444900
2021-05-27,323.0367431640625,324.64766051801115,322.83296115629486,323.8033911563719,27931700
2021-05-28,324.05572509765625,325.64724472071146,323.7354961865268,324.2401091909413,29927400
2021-06-01,322.9785461425781,325.8607246630837,321.62963411689003,325.3851937858449,31145400
2021-06-02,323.609375,324.4536445747608,321.89172412773416,323.3958791614827,22047900
2021-06-03,320.2419738769531,322.046959878064,318.5728327072903,320.7756986540093,37057800
2021-06-04,325.6763916015625,326.12278121578436,321.96934100973573,322.03727823358133,38736500
2021-06-07,326.6468200683594,326.7050435127181,324.4536382802467,325.1426354486117,32611900
2021-06-08,326.8021240234375,329.2573115483053,325.12326890845696,328.39361434826134,27282800
2021-06-09,326.87969970703125,328.94672073790025,326.6953156028105,328.1703884365764,21485300
2021-06-10,330.285888671875,330.3926217670131,326.77293646730095,327.21932601863756,33702100
2021-06-11,331.1495361328125,331.159249910032,329.6453814225144,330.29555296238215,21222800
2021-06-14,334.3228759765625,334.3325601390325,330.392616387702,331.5765422686303,27827700
2021-06-15,332.13946533203125,334.28410788253154,331.4213268119727,333.9735630962998,35963800
2021-06-16,330.9264221191406,333.6727266386142,327.4716928704948,332.60524746286853,55399500
2021-06-17,335.12841796875,336.13767383841366,329.8687019863559,329.91721165842694,59722700
2021-06-18,332.4985656738281,334.6140967935403,331.75131532787833,333.4689960533495,55414900
2021-06-21,334.56488037109375,334.885510330673,330.4746394968715,332.68978513309554,32992600
2021-06-22,337.68365478515625,338.1305621489894,334.0597409959635,334.3609209204521,28941600
2021-06-23,337.8488464355469,338.9953049558193,337.0133225753747,337.6254075494483,27188500
2021-06-24,339.9376525878906,341.4629725682367,339.23813126810626,339.7822001113243,32581600
2021-06-25,339.5198669433594,340.74403668648523,338.9175071172272,340.50114774694623,28682800
2021-06-28,343.6490478515625,343.78507991676616,340.7441050397931,340.80239602501337,39130300
2021-06-29,344.89263916015625,344.9217846528403,342.63865187700964,343.4741757669752,29426000
2021-06-30,344.3485412597656,345.12580374858084,343.76560180553736,344.73715767940706,32724000
2021-07-01,344.4845886230469,344.98978702607894,342.648333708053,343.99881066452366,29290000
2021-07-02,348.43878173828125,348.7593821022505,346.1458946628319,346.37905856390046,32727200
2021-07-06,349.9447021484375,350.22646164532887,346.349933662475,349.041162328563,38842400
2021-07-07,350.6830749511719,352.4415885625739,348.7302383215752,352.1404086390429,35265200
2021-07-08,348.5650634765625,349.42003732395847,344.3388194688007,345.62125059036464,50890000
2021-07-09,350.7414245605469,351.2174774903175,347.3992697056887,347.9822092081937,35184500
2021-07-12,352.1112976074219,352.5679300602868,350.56649765552464,352.1404430980501,25717700
2021-07-13,352.1112976074219,355.07453120291746,351.25632368294856,351.73237657972146,39723000
2021-07-14,352.74273681640625,355.0938850180123,351.9169085375173,354.452654694976,35336400
2021-07-15,350.26531982421875,352.8593871039803,348.263917056866,352.65536866834645,53391600
2021-07-16,347.4283752441406,352.1015564750905,347.0785997230479,351.12027558621315,47262000
2021-07-19,344.5816345214844,345.0771077112409,342.026438573114,343.979245149437,64404600
2021-07-20,348.5845642089844,350.0321730725412,343.73647990399576,345.5144438789271,42183700
2021-07-21,351.2757263183594,351.2757263183594,347.9335718645994,348.1570403811089,30259900
2021-07-22,353.5977478027344,353.6074431991234,351.4797336099196,351.4797336099196,30252200
2021-07-23,357.72686767578125,358.0085975181968,353.5686099185459,354.91905710150735,31960800
2021-07-26,358.0086364746094,358.397282567666,356.1724111779134,357.03708054103595,28438100
2021-07-27,354.06414794921875,357.7463535117337,349.91561447979245,357.7463535117337,57933100
2021-07-28,355.4242248535156,356.9981700647173,352.90789903399076,355.2007860080486,42066200
2021-07-29,356.05572509765625,357.2215740873248,354.8607009749586,354.8607009749586,25672500
2021-07-30,354.2001037597656,354.78304316742987,352.10153968189235,352.13068516979905,36484600
2021-08-02,354.2293395996094,356.4444861941186,353.52009301360124,355.8615466377662,27334100
2021-08-03,356.3763427734375,356.4929247131299,351.7031622437629,354.8898637433054,35558500
2021-08-04,356.891357421875,357.8434929221903,355.23000505712656,356.33756341711404,29602200
2021-08-05,359.1550598144531,359.38822372781095,356.99820466729994,357.70742145360697,21443900
2021-08-06,357.5811767578125,358.86363780380657,356.4736183268441,357.892081796151,33332100
2021-08-09,358.2418212890625,358.7664401326827,356.9399399278939,358.0377732003435,25960200
2021-08-10,356.40557861328125,359.0482119645274,355.2202791767032,358.7567570414076,35130800
2021-08-11,355.79345703125,358.1640556605862,354.4624302700103,357.66858234224264,34249800
2021-08-12,357.075927734375,357.4353986623692,353.9377916002742,355.28826849142246,25969200
2021-08-13,358.3292541503906,358.65957959844343,356.93021128244163,357.4257142792874,19336200
2021-08-16,358.48468017578125,358.5235210612484,353.35486658868456,357.21194441275657,34856900
2021-08-17,355.3271484375,356.70674120576933,352.89825869804963,355.7351853099892,44793900
2021-08-18,351.9072265625,356.1917913024979,351.57690114042134,354.79274854455855,38541900
2021-08-19,353.60748291015625,355.27856027177415,349.72125924588516,349.97387327191353,48499400
2021-08-20,357.2702331542969,357.66857459932345,354.3652610843774,354.67616606335383,39486000
2021-08-23,362.6138000488281,363.30359639946914,358.30008970905754,358.3097851058622,34034700
2021-08-24,363.7213439941406,364.3237038526615,362.7400631377907,363.2064206006118,21732900
2021-08-25,364.1390380859375,364.71228199893875,363.2257734222226,363.97389023265225,20441900
2021-08-26,361.82684326171875,363.96424834530154,361.38963126873074,363.2841770389699,29133300
2021-08-27,365.3438415527344,365.8490398813782,361.97254183101103,362.45831971800555,27104700
2021-08-30,369.4438171386719,369.92959503754474,366.1113582187609,366.13080831041503,27295700
2021-08-31,369.1425476074219,369.7546027058259,367.5977481724053,369.6866163501295,29628200
2021-09-01,369.754638671875,371.82405696395887,369.5506202858955,370.20157562148347,28138300
2021-09-02,369.5798645019531,371.43553985938416,368.36541960700094,371.10521440590117,25453400
2021-09-03,370.7165832519531,371.1149247196273,368.41400056646177,368.43342101017794,24605400
2021-09-07,371.2411804199219,371.8921358655914,369.66726473429577,370.8234185329037,23970200
2021-09-08,369.94903564453125,371.06631894293287,367.68532355818826,371.06631894293287,32949200
2021-09-09,368.6763000488281,371.2800626142129,368.43341108602283,370.17250436157735,29399000
2021-09-10,365.87823486328125,371.10521037835343,365.54790941338325,370.38626849619504,40249400
2021-09-13,365.62554931640625,368.63737796393406,363.57558098876547,368.20989107721255,48741800
2021-09-14,364.5860290527344,367.8407171743474,363.6338937208705,367.1120503442198,41826600
2021-09-15,367.2966613769531,367.64643688561017,362.7497873111235,365.04267443589885,34097900
2021-09-16,367.54931640625,368.12253083905205,364.0420137793934,365.96567551839905,35193100
2021-09-17,363.19677734375,367.1218720035204,362.1572349261721,367.07330606187605,60912300
2021-09-20,355.69189453125,359.1447297554638,351.0524161954908,357.4037084010266,76203200
2021-09-21,356.12957763671875,358.7167850557825,355.00131976117484,357.52043574443064,41927500
2021-09-22,359.4559631347656,360.9149125462884,355.9447427828518,357.0438227553833,46972900
2021-09-23,362.77264404296875,363.8036325830604,359.97145643124753,360.61339773246715,44652000
2021-09-24,363.11309814453125,363.53135293153184,360.13684326605903,360.50644858915405,36056800
2021-09-27,360.21466064453125,361.0900244643273,357.6663667698871,360.06877162163283,43338100
2021-09-28,350.0213317871094,360.16588392104853,349.5155734589641,355.6626193659367,97701600
2021-09-29,349.4475402832031,353.4256052044323,348.82507067423813,351.2858306757652,58076600
2021-09-30,348.1636962890625,352.75452518256225,347.3272461664179,351.09133108312494,61384600
2021-10-01,350.3229675292969,351.36369202460725,344.68170766871515,348.7862203586933,56375500
2021-10-04,342.9698791503906,349.03910019916293,340.73283489219506,348.7084085068805,76766000
2021-10-05,347.5995788574219,349.8463586647929,343.8063161750035,344.0300027634827,47232900
2021-10-06,349.826904296875,350.09924033410766,343.48531850039706,344.3898600152339,56806500
2021-10-07,353.03662109375,355.68218419014494,352.3363241069865,352.87126041417304,39411200
2021-10-08,351.2760925292969,354.34961597471846,350.7411266388622,354.116163900798,41822300
2021-10-11,348.58197021484375,353.2603327728741,348.4944071205362,349.7393762271604,34847200
2021-10-12,347.3661804199219,350.4688525299562,346.72423904744426,350.0311854685431,43905100
2021-10-13,350.1478576660156,350.81897676780096,347.648183891679,349.6712770247832,40120800
2021-10-14,356.5964660644531,356.810446526466,353.07553911148256,353.736922473193,43433900
2021-10-15,358.8431701660156,358.95988136016933,356.78119324956873,357.8121817077922,40419900
2021-10-18,362.45172119140625,362.665701662127,356.9466142468693,357.54964202369865,34513500
2021-10-19,365.19451904296875,365.243138820719,362.5003362791969,363.52158907118445,29091000
2021-10-20,364.7179870605469,366.264470197778,363.2395656847727,365.6517065678093,31390300
2021-10-21,366.9451904296875,367.1397288757198,363.6188026522911,363.92031646596155,25469300
2021-10-22,363.86199951171875,366.65345138258493,362.198805446385,365.6905542419816,36275800
2021-10-25,367.5871276855469,368.5014049436378,363.3367268593153,365.28199256888763,32597800
2021-10-26,368.7445983886719,372.23634710908186,367.5677208330088,369.82423639548495,47191300
2021-10-27,369.60052490234375,372.6643127907117,368.9294057851657,369.1920059987736,45760500
2021-10-28,373.7050476074219,373.9579416825158,370.7287930405598,371.49718141168137,38007000
2021-10-29,375.5433044433594,375.70866510968085,370.2813861591244,370.6315197832364,37310100
2021-11-01,376.82720947265625,376.95365651633944,373.8996042225349,375.981023481736,30765300
2021-11-02,378.4028625488281,378.8794729101323,376.1658184876678,376.214438265448,25135300
2021-11-03,382.4198303222656,382.83805538248043,377.84847309738126,378.8891678338036,33748900
2021-11-04,387.3218688964844,388.2750598100501,383.1395593613044,383.6842314026562,40265300
2021-11-05,387.6915283203125,390.01610580693085,386.29093439470984,389.09212224591516,43383800
2021-11-08,387.1663513183594,388.6836566656202,386.52440987414775,387.66240372579756,29256300
2021-11-09,384.5012512207031,388.63494111094883,383.1395710756906,388.2361580537664,50490700
2021-11-10,378.85028076171875,384.540159937135,376.92445677960063,381.72926606554546,54937400
2021-11-11,379.9007263183594,382.0016171956971,379.56029882613444,381.82655037652,32243000
2021-11-12,383.89825439453125,384.433190667977,379.4533144906086,381.04841716504535,34730600
2021-11-15,383.81060791015625,385.39600409421735,381.369319811031,385.07504833636796,33716900
2021-11-16,386.5438232421875,387.0398458924159,382.88671363238944,383.0812224246189,27872900
2021-11-17,386.748046875,388.7808461902663,385.78514974734816,386.8647580804848,28703300
2021-11-18,390.7552795410156,391.26103797883917,386.57296981590184,388.79057170851496,45721500
2021-11-19,392.9339904785156,394.2081373154626,391.5625744064973,392.3893183809995,45191700
2021-11-22,388.37237548828125,397.524856298027,388.2654000974445,394.47080387333807,61715400
2021-11-23,386.6021423339844,389.2768828543448,382.16693860936056,387.2148761381592,70098700
2021-11-24,387.8470764160156,388.12911856511744,381.7972990319402,384.12187605855655,46954400
2021-11-26,380.49407958984375,386.6605698656979,379.1031917018816,385.26968197773573,51533300
2021-11-29,388.751708984375,389.763255674878,384.3262404473331,385.0557152401909,54447100
2021-11-30,383.0423583984375,390.2106592936949,381.02900084263916,387.86661005974304,81332700
2021-12-01,376.525634765625,389.5200254430795,376.0587899811894,387.3802212397502,77766500
2021-12-02,379.23931884765625,381.01922409411867,373.8217461673623,375.2417819698472,84416600
2021-12-03,372.6448669433594,381.60280810324537,368.53061887852476,380.60099735187833,105349100
2021-12-06,375.6308898925781,376.9925702047442,368.91969820689434,373.1312158694991,67588800
2021-12-07,386.942626953125,387.55539057722774,382.2350861426318,382.27399977909755,56005300
2021-12-08,388.673828125,388.8781024101654,385.37661795077236,387.273264023644,39204000
2021-12-09,382.9548034667969,389.24774019188266,382.7602649929764,387.4483631974559,49973700
2021-12-10,387.11761474609375,387.38021493306354,382.59484819370726,385.76564082091,52545800
2021-12-13,381.5250549316406,387.42891506760265,381.15544961837924,387.1079592169525,50166400
2021-12-14,377.5762023925781,379.4144636194519,373.1312617534095,376.7008088077343,75199200
2021-12-15,386.1839294433594,386.5438285946548,373.3743691680471,377.3232568620715,73858000
2021-12-16,376.2533874511719,387.5748510612337,374.6679907379932,387.14689011967357,82591400
2021-12-17,374.3761901855469,378.5390584450025,371.32210816631004,372.8394133470758,80492500
2021-12-20,370.7445983886719,371.5334350211833,367.6087186657355,369.6538627842273,65336800
2021-12-21,379.0420227050781,379.3536699549312,370.2674258712642,374.01682225238807,48899500
2021-12-22,383.65814208984375,383.86264755757725,378.08757482728123,378.7498028220549,37042200
2021-12-23,386.5505676269531,388.0210990078146,383.84319568856364,384.0087378335423,29595500
2021-12-27,392.939208984375,392.939208984375,387.81661549702426,387.84583056663473,32820700
2021-12-28,391.1180114746094,394.010422056736,390.2415297237283,393.8351316506224,33113700
2021-12-29,391.0596008300781,392.52041372779274,388.68334280550386,391.25438777123253,32248500
2021-12-30,389.8909606933594,393.02684017439805,389.3066296016768,390.84533941347075,23850100
2021-12-31,387.456298828125,390.5824302579958,386.95961290849766,389.2190107652418,34752900
2022-01-03,391.186279296875,391.439496421577,386.51168907670075,388.62498213644994,40575900
2022-01-04,386.1122741699219,391.7704863003815,383.0153583878723,391.7315229734754,58027200
2022-01-05,374.25054931640625,385.5475087995641,373.9973322265807,384.42752842245307,75739800
2022-01-06,373.987548828125,377.2305699327949,370.199189701776,372.42937226261216,70814300
2022-01-07,369.9362487792969,375.68213669487847,368.16381836104466,373.9973217648803,72652300
2022-01-10,370.17974853515625,370.6959310070584,359.6619065434857,365.02796928340246,91770500
2022-01-11,375.74053955078125,375.9060816926195,367.36520682533364,369.4492843140459,68295700
2022-01-12,377.2305908203125,380.0061412768249,374.95172626073906,378.3115781015155,54576400
2022-01-13,367.7937316894531,379.2951960521045,366.85881976807036,378.61347148673974,77994000
2022-01-14,370.08233642578125,370.4134504382263,365.06685520469034,365.27139040203764,80121200
2022-01-18,360.86944580078125,366.3913312973548,360.1098243286915,364.26829048052855,75450900
2022-01-19,356.9057312011719,364.9012368647518,356.64276592243806,362.42758597027944,81791500
2022-01-20,352.2701721191406,364.1027509832261,351.73455259619834,360.1293528653298,88610700
2022-01-21,342.5022277832031,352.71817080050874,342.21979560707535,350.07897689623405,143388900
2022-01-24,344.0701599121094,344.73241775804007,325.4204523266668,336.8732363075076,198685800
2022-01-25,336.0940856933594,341.8594404635493,332.75370059517894,337.6133584822439,124398400
2022-01-26,335.5682067871094,347.55660890710044,331.87721121554597,343.69032292092504,146559500
2022-01-27,332.1888427734375,342.09313709621506,331.16625596244336,340.271995193972,95255700
2022-01-28,342.60931396484375,342.8235677167253,329.12116502061934,334.0684383999999,108167900
2022-01-31,353.5654296875,354.1497608345529,342.3366482255291,343.97278138134067,94326400
2022-02-01,355.9709167480469,356.62342632692844,349.7576168140272,354.90939615460974,74433000
2022-02-02,358.86334228515625,360.43129715840655,354.77308337295364,360.100183083632,78777100
2022-02-03,344.3135986328125,352.4746783595393,343.2520781277815,349.1635083008554,95384800
2022-02-04,348.6571044921875,351.95852629353226,342.77488937826047,344.82975198860566,86318300
2022-02-07,345.85235595703125,351.61768135491906,344.5960484405398,349.2511713999109,58198100
2022-02-08,349.73809814453125,350.82883374138515,343.58319902478024,344.71289795589774,64720900
2022-02-09,357.1492919921875,357.22718893761805,352.6597114986028,354.2568812229211,55766400
2022-02-10,349.0660705566406,356.91550206060344,347.22546193723235,350.12759092704323,112468500
2022-02-11,337.9931640625,350.6632914067648,336.7660716564922,349.0661216262267,101569100
2022-02-14,338.4119567871094,341.81080217859665,334.9060290865698,337.4380813768886,80254400
2022-02-15,346.8261413574219,347.0598618690624,342.62874208745905,343.6902623715719,55128800
2022-02-16,346.738525390625,347.76108243554825,341.54775406806425,344.5765213147969,58947100
2022-02-17,336.42523193359375,344.22595282253224,336.00644297006625,343.52476142259576,61801400
2022-02-18,332.5881652832031,337.74969251719716,330.2800855630904,337.36014833883615,80001500
2022-02-22,329.2477111816406,335.0520287130775,325.61517574368247,329.6470035760064,85967100
2022-02-23,320.81396484375,333.24059154227604,320.5023176630174,332.40307317940693,86215400
2022-02-24,331.5947265625,332.13037570497437,309.94550189674453,310.51033638338527,130614100
2022-02-25,336.73687744140625,336.94141266861925,328.5758267705903,332.393401594117,78842100
2022-02-28,337.73992919921875,339.43449236604516,332.40311178089286,333.5620257210726,77515500
2022-03-01,332.5685729980469,338.98640585063055,330.04624024805537,336.71729011780576,67407000
2022-03-02,338.1489562988281,339.48316059979805,331.3512965393578,334.1170986077121,70609000
2022-03-03,333.31854248046875,340.89529050718346,331.45843724286703,340.78814877836516,71089400
2022-03-04,328.4881591796875,332.3934090281139,326.1703607022961,330.9618110071942,76936300
2022-03-07,316.37310791015625,329.6373141349506,316.168602423875,328.47840017883215,89933800
2022-03-08,314.9025573730469,324.5049527472836,311.5816393165124,315.58425219278513,116153900
2022-03-09,326.2384338378906,327.592134590563,320.4925762763095,323.08308779613867,64723400
2022-03-10,322.6156005859375,323.82322594560713,318.17473241246887,322.17737461373935,69362700
2022-03-11,315.9251708984375,325.8976751121603,315.43823320293427,325.58602785416184,66228400
2022-03-14,309.85791015625,318.05792335040644,309.15671876755334,314.68832321154076,79802600
2022-03-15,319.5771789550781,320.356297039955,310.8902277809926,312.49711610809675,76471000
2022-03-16,331.4291687011719,331.54602895352775,319.8205648687881,323.4920928787149,105243000
2022-03-17,335.44158935546875,335.50001949212384,328.23491853830734,329.53015952791367,67810000
2022-03-18,342.3074035644531,342.5995839728813,332.62708116075316,333.7859950907957,85446300
2022-03-21,341.3557434082031,343.6959575006503,336.9678866204521,341.4727779184721,73799100
2022-03-22,348.0643005371094,348.93213540233734,341.4727846671497,341.8530501225999,63345900
2022-03-23,343.0621643066406,348.7468937416505,343.0036619245531,345.1878599650433,70615500
2022-03-24,350.6872253417969,350.7359971556149,342.82808943729736,344.98300611896843,53555300
2022-03-25,350.394775390625,351.68188729274743,346.09467182471184,350.6287849157161,57584200
2022-03-28,355.8161926269531,355.91370650882885,349.146653754064,350.38499375841536,56833900
2022-03-29,361.93963623046875,362.56367141997544,356.9374753723277,359.7066966193203,68073000
2022-03-30,357.94183349609375,361.7349060109512,356.45972376857384,360.07725940542946,68757700
2022-03-31,353.5052185058594,358.4391168355058,352.66663492729305,358.0880728528101,67011400
2022-04-01,352.8324890136719,354.54860853343536,349.6537206278416,353.7685569114576,54527800
2022-04-04,360.0966796875,360.1064400002137,353.4076517171352,353.6709123469456,45950200
2022-04-05,352.1011657714844,359.355758650696,350.9603098177033,358.6439399994428,62738700
2022-04-06,344.45654296875,347.8888115907823,341.8238168036105,346.78696715690586,90077100
2022-04-07,345.275634765625,347.4695634999712,340.0004514379718,343.4619715382261,63777400
2022-04-08,340.4488830566406,344.2906973309232,339.8150875535041,343.5398970896143,61956100
2022-04-11,332.394775390625,337.1336461991477,332.05349170625715,336.2170693357857,66107400
2022-04-12,330.9906311035156,339.0252738193308,329.61576592396983,337.14337819166946,72790200
2022-04-13,337.7187194824219,338.77179202700484,330.6103830960466,331.33193225146346,61367800
2022-04-14,329.9960632324219,338.3232483542657,329.7815446072718,337.80645754236645,73519400
2022-04-18,330.24957275390625,332.541014798433,327.4218490584937,328.9429702120827,58560600
2022-04-19,337.630859375,338.20615240616735,328.58212757090354,329.6059486038702,56515700
2022-04-20,332.7068176269531,338.8985774684599,331.4879684359896,338.4402889823752,65500000
2022-04-21,325.82269287109375,339.2007800342766,324.8963855304097,336.58757504715226,75801000
2022-04-22,317.29083251953125,327.19764284779967,316.8617952006528,325.9787935912272,82562100
2022-04-25,321.3666076660156,321.6786401692086,314.3947969464285,315.6624178317536,101755900
2022-04-26,309.2366638183594,319.49448735286336,308.963613047289,319.3092199050992,105819600
2022-04-27,308.8660888671875,314.8335686545843,307.1499399976415,309.3341078264783,111204200
2022-04-28,319.8357238769531,321.6688774536265,309.60712328307943,313.82923269772596,99450000
2022-04-29,305.443603515625,319.075223412998,304.8098078954962,315.63319453014344,91977900
2022-05-02,310.5432434082031,310.7772529007873,301.9332771565138,305.03402196148,115511800
2022-05-03,310.8747863769531,313.16622865984607,308.1055647642228,310.56275386246165,78185500
2022-05-04,321.3861389160156,322.0589460045462,306.06765165068026,311.35256472176445,116083400
2022-05-05,305.1998291015625,317.14455084755014,301.9040562178666,317.0665575945601,154607400
2022-05-06,301.543212890625,307.237671286735,297.50637111696585,303.2008592701286,139572800
2022-05-09,289.74481201171875,301.64079153746076,288.35045573531676,295.91708072920244,113387300
2022-05-10,293.26483154296875,298.1402275733702,289.17924728892785,296.9213785657699,124124600
2022-05-11,284.567138671875,296.511860068782,283.69933357058653,291.0026679881509,140326100
2022-05-12,283.8943176269531,288.37968812743026,277.83908381769044,280.28654225693896,120910900
2022-05-13,294.4154357910156,295.4490174318297,286.7512972908962,288.3504415696245,83684900
2022-05-16,291.0026550292969,294.72746492235825,289.72530358674845,292.6700322221477,59190400
2022-05-17,298.5400390625,298.9203045116113,293.0600684613582,296.8629014948216,62715300
2022-05-18,283.8846130371094,294.7177302099061,282.62675235783473,294.02543221119953,79477100
2022-05-19,282.3634338378906,287.0535923689451,280.4132753536652,282.0806822827589,79920700
2022-05-20,281.48583984375,286.4782402945012,273.22691831272135,285.82495393267806,91764200
2022-05-23,286.166259765625,286.54652518718103,280.130517022383,282.5292035679818,63648400
2022-05-24,280.0817565917969,281.6613802288879,275.2161206158338,280.9495914149474,73491100
2022-05-25,284.0016174316406,286.0785411821508,278.38515092401434,278.5899092529624,67144500
2022-05-26,291.8704528808594,293.4208550430776,282.9192326893722,283.2020139981043,59462200
2022-05-27,301.39703369140625,301.54328964281206,294.88351076094557,295.0005155220702,66985600
2022-05-31,300.597412109375,303.57139174205287,296.7458373982823,301.3677330030046,60968300
2022-06-01,298.374267578125,304.85853901035546,296.1608482664755,302.7328732653819,65341700
2022-06-02,306.5454406738281,306.72094780932804,295.8390590524458,297.2529359659999,59291300
2022-06-03,298.5693054199219,302.73288348372915,297.32120505663835,301.32876685540265,60914700
2022-06-06,299.56378173828125,304.56594193919597,298.00364933391626,303.0058095348309,51785000
2022-06-07,302.1477966308594,302.9278778701051,295.1467348920725,296.2388188699599,44900300
2022-06-08,299.973388671875,303.95169883811553,299.1250447456459,301.3482242002919,38342100
2022-06-09,291.9386901855469,301.34819798738135,291.77294339477675,298.28646494444945,55900500
2022-06-10,281.641845703125,287.52157152822184,281.1933176458669,286.3319738273655,85963500
2022-06-13,268.54656982421875,275.303861633674,267.6884953550074,272.77841004096007,94442000
2022-06-14,269.03411865234375,271.7155865820096,266.52815784547136,270.7405073348584,64697500
2022-06-15,275.75238037109375,279.68194827863294,269.7166378626102,272.4566377365892,86051400
2022-06-16,264.6268005371094,269.18040446273096,262.5693676236084,268.7221159754249,81910300
2022-06-17,267.84454345703125,270.28224178129193,263.7687190005617,265.3970848172145,82703400
2022-06-21,274.6020812988281,276.9174861769015,272.2183421476892,272.3257927236614,51633700
2022-06-22,274.2015380859375,278.6075778742547,271.50513702184077,272.10106431583864,67472900
2022-06-23,278.28521728515625,279.1351620807887,273.8498399380309,276.68299919489084,57457800
2022-06-24,287.8203125,288.2404252458299,280.8741860701197,281.1086454153192,58422300
2022-06-27,285.7100830078125,289.7448762013786,284.57681329074364,289.1782562499726,54151500
2022-06-28,277.00543212890625,288.8363259156391,276.81980855974086,286.24740483814566,61609800
2022-06-29,277.2593994140625,278.7639161956807,274.3676253182003,276.868623965582,57302700
2022-06-30,273.8205261230469,277.3961795151401,269.4242353676584,274.27969546117987,79313600
2022-07-01,275.6278991699219,276.0186746119546,270.64543029480285,272.5211941565172,56675100
2022-07-05,280.3465881347656,280.46381779289936,270.3719005317924,271.89594571604516,61829300
2022-07-06,282.1441955566406,284.24466970613287,279.0081827619103,280.727630686022,63194700
2022-07-07,288.1817626953125,288.8851704287084,282.95505535271474,282.95505535271474,56620100
2022-07-08,288.54327392578125,289.9110031081742,284.41074914665745,285.3486163268326,59895500
2022-07-11,282.378662109375,286.3548403943848,281.49940987825573,286.1301601592719,55273900
2022-07-12,279.6431579589844,285.5439653975893,278.0507189970314,283.6291449016066,55797100
2022-07-13,279.06671142578125,281.41139344379155,273.5664594337335,274.13310905842104,73939400
2022-07-14,280.0633239746094,280.93279724456465,273.35162716315244,276.46811178093606,63741800
2022-07-15,285.1434631347656,285.2509435419721,281.4408003743285,283.0527977826054,63818100
2022-07-18,282.7303771972656,289.33459333825147,281.55805071888204,287.92777771278395,59519600
2022-07-19,291.42529296875,291.71839698358417,284.7527119454595,286.35490059902224,55172600
2022-07-20,296.0462341308594,297.2283395826278,291.06376504505164,291.84534577642216,67769400
2022-07-21,300.2960205078125,300.3546353422184,293.8481203948282,296.50543554018043,55049400
2022-07-22,295.03021240234375,301.43902572615195,293.20331391412896,299.36788883439493,57127700
2022-07-25,293.34979248046875,295.52840933864144,291.347049896602,295.059460964246,40582400
2022-07-26,287.5858154296875,291.9039632943132,286.77495709106614,291.649945827495,50074100
2022-07-27,299.73907470703125,301.42921484718744,291.5815077333936,292.1481574097648,69304400
2022-07-28,302.6699523925781,303.246351362619,295.77266327411724,299.5241610241445,55139900
2022-07-29,308.1897888183594,309.09837836797396,302.7872363485639,304.2136101379868,57501000
2022-08-01,308.0040588378906,311.46248189797285,305.3272163131583,306.42139924839927,46358800
2022-08-02,307.0857849121094,311.2085299334208,304.65318020301095,305.70830669402716,48676500
2022-08-03,315.44854736328125,316.26918477093403,308.70754398924663,308.7661588173464,53735700
2022-08-04,316.9237976074219,317.23642996981937,313.37745064552416,315.52676086917825,38973700
2022-08-05,314.3348083496094,316.36685863884907,311.0522586944706,311.8338096178113,53894000
2022-08-08,313.31878662109375,318.94604900385633,311.8533561934375,315.253165518733,43878500
2022-08-09,309.7724304199219,311.6775018413341,308.15071370114674,311.42348436801046,39764200
2022-08-10,318.41845703125,318.71156097894493,314.63765163860506,317.1093428781285,51459600
2022-08-11,316.611083984375,322.7463509040136,315.9076762566471,320.74360811155844,45897700
2022-08-12,322.7757263183594,322.9710991571308,317.6076332325729,318.6627300418637,40928400
2022-08-15,325.3841552734375,325.8824111372024,321.80850161156644,321.8280597641891,38266600
2022-08-16,324.62213134765625,326.7128263002357,321.57404097671457,324.40720036948693,41186900
2022-08-17,320.91949462890625,323.7917407421917,318.8385785861934,321.4861444413282,47842200
2022-08-18,321.6912841796875,322.8733897022626,319.2586792262726,320.8706467232856,41937200
2022-08-19,315.4192199707031,319.307505970021,314.6571973673879,318.6529637644111,51770600
2022-08-22,307.1151428222656,311.3942046870982,306.3042843906594,311.15974534576816,51098900
2022-08-23,306.861083984375,309.69424302076794,306.10881074828137,306.88061232020414,39497100
2022-08-24,307.7501525878906,309.5672719111162,305.7766873020248,306.3823937431,38057100
2022-08-25,313.1917724609375,313.2113306140932,308.482878760388,309.52819645519156,38098300
2022-08-26,300.3546142578125,314.1003584319973,300.2666920123757,312.89869478251217,69047700
2022-08-29,297.39447021484375,300.13970764196387,296.2905077976387,297.59962213751817,48321900
2022-08-30,294.0825500488281,299.6609763455526,291.56202298100885,299.045490832156,51184500
2022-08-31,292.3729553222656,297.882989109012,292.2655047142562,296.9841784875748,50044000
2022-09-01,292.4998779296875,292.87112503757413,286.198545614143,289.88164965146814,57990700
2022-09-02,288.367431640625,296.7496811199104,286.7554342127629,295.37217284959314,64666800
2022-09-06,286.2962646484375,289.7644681088695,284.16651277662356,288.84612926244324,57005400
2022-09-07,292.079833984375,293.0763159744167,286.5111862526931,286.77498281936545,49260400
2022-09-08,293.5940246582031,294.9129177093614,288.64089358538905,290.00862238078395,55649800
2022-09-09,300.0126647949219,300.5109206504732,293.59407275816847,295.8508330938615,56125200
2022-09-12,303.57855224609375,303.91071289251704,301.07755341422387,301.39018572177207,45905700
2022-09-13,286.9312438964844,296.03642750924746,286.04221266779194,294.84454309228386,79562200
2022-09-14,289.2076110839844,290.08686347686927,286.30605731748096,288.0743411811005,54907200
2022-09-15,284.39117431640625,289.6960247499915,282.7889562401916,287.2927274499248,65299400
2022-09-16,282.6522521972656,283.0430277151847,279.03751157442724,281.0891203113285,79920400
2022-09-19,284.8533630371094,285.00996012751204,279.9500491824205,280.0087693578414,52613800
2022-09-20,282.58270263671875,284.8728784555132,280.2827301687522,282.3477921314196,51271100
2022-09-21,277.5228576660156,287.6916634963595,277.38585387014007,283.4244746337166,82931000
2022-09-22,274.10711669921875,277.0040878206803,272.88373009260727,275.9960184515459,62757100
2022-09-23,269.64422607421875,271.9344023987878,266.2285100882772,271.64077166927524,74815200
2022-09-26,268.5284729003906,273.5394598688767,267.73572073603924,269.1744246394618,71176700
2022-09-27,268.6361999511719,274.24418638846515,266.3166332984949,271.8952895127299,69780100
2022-09-28,273.9798583984375,275.26196507299517,267.1386905841971,268.6165211798836,79652100
2022-09-29,266.0816650390625,270.36841610769596,263.11617736207876,269.98670518368925,81216000
2022-09-30,261.5698547363281,269.3310122476343,261.41325766558816,265.25957801190714,78482400
2022-10-03,267.70635986328125,269.30166083825475,261.8341039266455,263.34132464671006,61267400
2022-10-04,276.12322998046875,276.82790179562363,273.0500687714272,273.0500687714272,66696900
2022-10-05,275.9764404296875,277.76746518524186,269.55611024700687,272.35520431840735,55766300
2022-10-06,273.80377197265625,278.1296511212499,273.48078112028116,274.97820542061635,53489400
2022-10-07,263.3706970214844,269.29187675342655,262.0396367491258,269.16463975667466,71354700
2022-10-10,260.7379150390625,263.957876589574,258.026901375244,263.5663690250921,60393000
2022-10-11,257.1557922363281,261.93189698135876,255.47241154533913,259.0642867519119,66522500
2022-10-12,257.0677795410156,259.7102766400486,256.37290432474623,257.7920148405686,50580200
2022-10-13,263.09661865234375,264.41788206770633,248.8465999207838,249.72744717566468,112894100
2022-10-14,255.18865966796875,266.02297905657764,254.60145796764166,265.425980705299,77244300
2022-10-17,263.61541748046875,264.4864534295725,261.06097007975205,261.15884700617295,64576500
2022-10-18,265.7000427246094,271.30802855688756,263.01835861749873,270.6425133229995,69781000
2022-10-19,264.7310791015625,267.85316427712985,262.3626192311699,264.1830042620747,53115400
2022-10-20,263.38043212890625,268.9884468880424,262.21579559893996,263.8404266714654,60605500
2022-10-21,269.55615234375,270.0944305591332,261.13924564715404,262.27455211951724,77897700
2022-10-24,272.5216064453125,273.451362325197,266.1795596636287,269.8203593195856,63963600
2022-10-25,278.1589660644531,278.54067703388085,271.98331267597933,273.4611732993975,59014500
2022-10-26,272.0126647949219,277.93387389821464,271.5233101517326,272.53137952198904,63492400
2022-10-27,267.0603942871094,272.3552150330736,266.5416795676331,270.89694777541763,57760300
2022-10-28,275.23260498046875,275.70239615326176,266.2676250408862,266.434018748282,62651300
2022-10-31,272.0322265625,273.80368777607316,270.11393507872066,272.9815756549536,47742000
2022-11-01,269.2526550292969,276.06449209440797,268.89053742922755,275.5066207207611,45895900
2022-11-02,260.0234375,272.28666184613866,259.9549206918271,269.2232974549257,79803100
2022-11-03,254.94398498535156,258.8686189743919,254.5623038761739,257.4103516237001,70038900
2022-11-04,259.0447082519531,260.93360957982406,253.56393151235523,259.8766169310776,78313200
2022-11-07,261.8928527832031,262.43116089039495,257.9584516271216,260.09203101618783,47333800
2022-11-08,263.8013000488281,267.04082528231476,259.86686974183834,263.4098223217411,63213800
2022-11-09,257.7137756347656,262.8422035172977,257.4299415355734,262.05924791630594,64862100
2022-11-10,276.7300109863281,277.02361178294706,268.01950556191656,270.1335209010714,99256700
2022-11-11,281.8291320800781,282.49467712823,275.20328062663947,276.54410763833613,66961800
2022-11-14,279.36279296875,283.0525163828222,278.3840836407675,279.77383416051316,55290700
2022-11-15,283.2286682128906,287.01626801782163,279.8814696249084,285.9886054426059,73985400
2022-11-16,279.36279296875,283.316787016794,278.5406807173853,281.2712881054512,48859800
2022-11-17,278.7461853027344,280.2240458608114,274.74326796534484,274.8998650329681,55462100
2022-11-18,278.7559814453125,281.8584731051754,276.30920827035084,281.7606260724462,53588600
2022-11-21,275.8883972167969,278.52109793004735,275.0564882830381,277.36622804771093,40083500
2022-11-22,279.8619079589844,280.01847514744213,274.4887741356376,276.62238289326433,41873400
2022-11-23,282.6708068847656,283.2971652604871,279.7053191135454,279.8814796066075,46390000
2022-11-25,280.811279296875,281.7801919247711,280.3219246576811,281.07552004961843,15498800
2022-11-28,276.6908264160156,280.85033986729354,275.76107074172194,278.83420161915933,38714200
2022-11-29,274.5964660644531,277.31727663055284,273.22627906494904,276.91600224715586,35618900
2022-11-30,287.1141357421875,287.22180929264937,274.0092342106235,274.8607064926113,74718100
2022-12-01,287.46649169921875,289.4532703483162,284.68696092058923,287.43713161545224,51547300
2022-12-02,286.32135009765625,287.2022122275757,282.22055636668915,282.3967467133728,53583200
2022-12-05,281.51593017578125,285.4698938607277,280.05763314961825,284.19758384085077,41482100
2022-12-06,275.68280029296875,281.4963353305062,274.2930499549296,281.3593315737775,53937600
2022-12-07,274.55731201171875,276.55388729782686,272.8445707786554,274.49859184458353,45614300
2022-12-08,277.8066711425781,278.77558389777136,273.83311333969897,275.9079725036251,42594900
2022-12-09,276.0351257324219,279.5584845017971,275.59469468581307,276.78872099466156,47860500
2022-12-12,279.4997253417969,279.55847536487875,275.17384794320157,276.21127717641207,35732500
2022-12-13,282.5043640136719,290.55915032470836,279.8227107487029,290.3340364886343,80667700
2022-12-14,280.4100036621094,285.2056731313244,277.160681704025,281.91719443928423,64984400
2022-12-15,270.994873046875,276.9845700821237,269.8008463271276,276.31902495877455,60554100
2022-12-16,268.41094970703125,271.8559947174888,266.8058525718606,270.3194442500743,68300400
2022-12-19,264.63885498046875,268.7690767344981,263.40271951563386,268.6807856212014,44167900
2022-12-20,264.432861328125,266.17913333023336,261.89193931007276,263.4714192377774,51064200
2022-12-21,268.2687683105469,269.57355472006856,264.62904265474396,265.47276321661104,46394700
2022-12-22,261.7055358886719,265.3844822211629,257.48699279714367,265.25694062467517,60278400
2022-12-23,262.2940673828125,262.96120554511583,258.53665112345664,260.43989453671435,39373600
2022-12-27,258.5857238769531,261.7937837094785,258.0461571464976,261.68585239978523,38009000
2022-12-28,255.1717529296875,260.4399998928623,254.8087683068014,258.18359119206764,47139000
2022-12-29,261.39154052734375,262.33334222017004,257.2809295720186,257.97746822426143,45893600
2022-12-30,261.2346496582031,261.3621912691805,257.32025989631745,258.6250465038309,37858300
2023-01-03,259.46875,265.03130035204026,257.16327086795667,263.55972174937557,42335300
2023-01-04,260.704833984375,262.38245500821034,257.55566441960866,261.5878050240108,47754900
2023-01-05,256.6236572265625,259.203829664046,256.309743232515,259.03706753273036,45396700
2023-01-06,263.70684814453125,264.825262145389,255.40715401036852,258.36013103501256,54659700
2023-01-09,265.4139099121094,270.0739085528397,264.80566224824554,265.6983935359543,45568700
2023-01-10,267.6605224609375,267.76845379716315,263.8736744356486,264.38381092329047,35247800
2023-01-11,272.2910461425781,272.3989774609644,267.9449917626651,268.72985154393996,44077000
2023-01-12,273.7626647949219,274.7927877956512,268.5532788594756,272.8502932331982,60600000
2023-01-13,275.64630126953125,275.8915643759767,270.92744149666754,271.2609957287121,44802900
2023-01-17,276.20550537109375,277.4906816399172,274.2826210808861,275.4500758501751,36269700
2023-01-18,272.61480712890625,279.2957706324418,272.40879453707197,277.7456912937367,47754500
2023-01-19,269.9364929199219,272.1242499912478,268.70038757042437,270.9862259052219,44150400
2023-01-20,277.32391357421875,277.65746783156897,270.48597645017384,271.5455299164357,60613600
2023-01-23,283.48492431640625,284.7112399513532,277.3729863530123,278.1676364893102,52799900
2023-01-24,282.9060363769531,284.06367086220337,281.34616687102994,281.86612337300437,44875100
2023-01-25,282.2782287597656,282.89626664664723,275.85231732735315,278.3932395490146,50872000
2023-01-26,287.7818908691406,287.9584731055407,283.05321138770705,285.7020646910738,51596300
2023-01-27,290.6465759277344,292.60868060840096,286.34956188677984,286.4672833773252,56441900
2023-01-30,284.7700500488281,288.80219070771494,284.3972753111684,287.3796528484936,49405800
2023-01-31,289.03759765625,289.13570886523166,284.701363649033,284.80926502137663,46705100
2023-02-01,295.2182312011719,297.6806517810447,286.76153637447374,288.8315720148373,67562200
2023-02-02,305.8135986328125,307.7364525973312,300.9181576449358,301.7422379154438,83070600
2023-02-03,300.37860107421875,306.4709577187037,298.769690790087,299.1621057418746,76170800
2023-02-06,297.8376770019531,300.1137256214991,296.49364008331565,297.7592059878805,40802300
2023-02-07,304.0085144042969,305.13671864637575,296.5917608530074,297.71014499075807,67584000
2023-02-08,298.6029052734375,303.63570872531835,297.91618657756726,302.69390683248184,56720900
2023-02-09,295.9638671875,303.1353575053804,294.51192886368824,302.98820564004023,49137800
2023-02-10,294.02142333984375,295.85598658175047,291.6178329261947,293.8055906090698,50050100
2023-02-13,298.7304382324219,299.31907562567426,294.2470218426378,295.4242966291426,39636700
2023-02-14,300.9378356933594,301.88945775685835,295.2084930417475,297.1509876493258,64079100
2023-02-15,303.2433166503906,303.41007879995976,298.43616565913834,299.1228844068346,43100600
2023-02-16,297.55322265625,302.58602696405995,297.40607076349045,298.61277616281393,59498600
2023-02-17,295.4537353515625,296.2091348983239,292.4517174944119,295.3654442309807,58230700
2023-02-21,288.4588623046875,293.0698209813089,288.32153052461047,291.6276726240972,46526700
2023-02-22,288.6745910644531,290.7445967008653,287.0166105591995,289.0375755645379,51389200
2023-02-23,291.1959533691406,292.48112949801686,287.00684085103126,292.3241575359496,69294400
2023-02-24,286.3200988769531,287.41887258258424,284.5541869020419,286.2318077691083,74332000
2023-02-27,288.3705749511719,290.87224685655826,287.78193746186145,289.4791690691815,48995000
2023-02-28,287.9976806640625,290.5091718941764,287.4090433577746,287.7425975121591,48243100
2023-03-01,285.6824951171875,288.36074923545726,284.7014426338721,287.7034608376696,58287000
2023-03-02,288.0467529296875,288.8512230053116,282.90604843154955,283.190561983044,53565900
2023-03-03,294.001708984375,294.23718186541674,289.2828504119004,289.79301670471045,60511500
2023-03-06,294.3352966308594,298.23989551477433,294.13910413688774,295.2378779090162,56736300
2023-03-07,290.7250671386719,295.3065950596229,290.11681943570414,294.3844034004965,65955800
2023-03-08,292.17706298828125,292.77549064291287,289.2927662406376,291.146939898782,50876300
2023-03-09,287.11480712890625,295.27717051410644,286.3005168477535,292.67735762881415,71456700
2023-03-10,283.0826416015625,288.7727631546609,281.9348271262649,287.2815444320978,98593600
2023-03-13,285.1820983886719,288.89047492289336,279.786310683679,281.2971396240923,97123600
2023-03-14,291.7354736328125,292.28486044275337,287.88976596322635,288.73345644301565,73602500
2023-03-15,293.2659606933594,293.59951488700585,287.68377063812324,289.1259187355792,83631500
2023-03-16,300.9966125488281,301.35959705982594,291.5588955055407,292.3535453645727,98198100
2023-03-17,299.57415771484375,303.29235483313954,297.6218729463031,300.90840459728173,89923700
2023-03-20,300.63726806640625,300.96150332211346,296.7462950694743,298.95707995181795,56359500
2023-03-21,304.93109130859375,305.38306558856016,301.05975903304505,302.5729268224663,49757000
2023-03-22,300.78472900390625,309.75560999268265,300.61770867076183,304.8623940027054,75791900
2023-03-23,304.3514099121094,308.6747169209865,301.6591745901483,304.51846019922783,74576000
2023-03-24,305.4715576171875,305.5697907431197,301.6002249076024,303.9289137231987,57195200
2023-03-27,303.3786926269531,307.2500255451253,302.5238604825814,306.16919123041095,50287400
2023-03-28,301.76727294921875,302.8284666751966,299.45822454941873,302.7989907375691,48585900
2023-03-29,307.2696533203125,307.8886779467395,304.646175138239,305.4617259902813,53274300
2023-03-30,310.17803955078125,310.80689945176334,307.35806527422386,309.7457058652787,58354800
2023-03-31,315.3365783691406,315.5724158551526,310.0994868949584,310.40408157810003,62138100
2023-04-03,314.5701904296875,314.8355038670899,311.88779001645594,313.2142372606845,47126800
2023-04-04,313.50897216796875,316.0243518179642,312.290563597787,315.01230477117457,45875400
2023-04-05,310.4139099121094,313.4991679194973,308.5961471761474,312.5559079537238,62795700
2023-04-06,312.5067443847656,312.99802996310086,307.36791642622194,308.76315067670646,46916500
2023-04-10,312.3298645019531,312.3790110473827,307.79039090860914,309.5786774713476,45134700
2023-04-11,310.32537841796875,312.3495022170666,309.8144523048652,312.2905203716253,40113600
2023-04-12,307.5841064453125,312.87034446403476,307.12229676746927,312.28079572849316,62813300
2023-04-13,313.6072692871094,314.0788842815735,308.1638163356823,309.3428838075366,54613800
2023-04-14,313.0176696777344,314.7764502848593,310.10923775139554,312.05473924440327,56278300
2023-04-17,313.28302001953125,313.6367612691698,310.53183245876653,312.60504344461145,43007000
2023-04-18,313.3026428222656,315.81805271629645,312.1039347277602,315.39552430525794,46746900
2023-04-19,313.1552429199219,314.2164365542462,310.76760222122994,310.89534126848116,38960100
2023-04-20,310.7676086425781,313.70548684729437,309.48044280792834,310.1878952501986,62462100
2023-04-21,311.0918273925781,311.8680669720803,308.6255942757505,310.4040456011368,59002300
2023-04-24,310.4433898925781,312.20217079199995,308.2718859001082,310.8658883218899,44043100
2023-04-25,304.5872497558594,309.4804653365715,304.489016620201,308.8123240884824,57121600
2023-04-26,306.4344482421875,309.4509487559447,305.91368675167655,307.9770920863072,55400500
2023-04-27,314.7666931152344,315.2677840420541,309.5590477109076,310.19774298595155,65430400
2023-04-28,316.9381408691406,317.02656867243917,313.4008788087435,314.53082960959074,59712600
2023-05-01,316.57464599609375,317.98955105108405,315.4938115810739,316.4763828700563,41013400
2023-05-02,313.8135681152344,316.8300686407024,312.07439804746815,316.50580338013646,56519400
2023-05-03,311.75994873046875,316.8496591138234,311.6518503321608,314.1770648994576,59882100
2023-05-04,310.6595153808594,312.6836094317165,309.6277977427473,311.5339880602636,50224500
2023-05-05,317.2624206542969,318.1172527776651,310.6988224251613,312.91944287304113,51806100
2023-05-08,318.0484313964844,318.3923372674187,315.7197427630588,316.8005769349855,36465800
2023-05-09,316.0342102050781,317.2525888785496,315.7197802294426,316.3879214383984,31768800
2023-05-10,319.4731750488281,320.32800708992704,315.9948650328523,318.47093335731375,60446600
2023-05-11,320.51470947265625,321.0551115912344,318.4709447629655,320.0234239155159,44278500
2023-05-12,319.3651428222656,321.46785976041525,317.3115724396694,321.04533131971783,48432800
2023-05-15,321.0943908691406,321.330198317674,318.31369810053747,319.83670116748294,33375600
2023-05-16,321.4579772949219,323.16764148062344,320.33783180381295,320.3771430453496,40019200
2023-05-17,325.3489685058594,325.9286819112278,321.3400912336349,322.51915867337476,47486100
2023-05-18,331.3917541503906,331.6079209983727,325.72232952633465,325.7419701540816,64213500
2023-05-19,330.64501953125,332.31537245568006,329.5838259221381,331.6079200448358,61554900
2023-05-22,331.7552795410156,332.76732644934293,330.3796561827026,330.3894914879063,43015900
2023-05-23,327.54986572265625,331.18539054519056,327.1961545433074,330.03579922661845,48216700
2023-05-24,325.8697509765625,327.1078003542459,323.8161806503019,325.59463222437677,62891200
2023-05-25,333.79913330078125,335.0666587119971,330.80230273969363,333.22925512330363,66862800
2023-05-26,342.3277282714844,343.1629196134218,334.7226383742546,334.82090147078026,63007000
2023-05-30,343.8802490234375,347.7613869295113,342.4555089148934,346.56264897187214,72652200
2023-05-31,341.9248962402344,344.4894223193903,340.47071025093595,342.2982780436562,65105400
2023-06-01,345.8749084472656,347.2013556198988,340.618146366898,341.66950478011034,50488600
2023-06-02,348.4689025878906,349.62832951547506,345.8749299704865,347.63371099284564,53372100
2023-06-05,348.7144775390625,351.26916839727164,347.6827898779061,348.2526679224413,47266200
2023-06-06,348.6555480957031,349.61847863088633,346.77883357493243,348.10531064293906,41390400
2023-06-07,342.740478515625,350.8958071324031,342.1116185813994,348.9405001234873,69225900
2023-06-08,346.9949951171875,347.4568047564389,342.809262414588,343.03523458791426,47153900
2023-06-09,348.3214111328125,351.4263390165101,346.87703059808115,348.44915015745397,53196900
2023-06-12,354.2070617675781,354.3053248790228,349.00928201046963,349.9820178466813,44606500
2023-06-13,356.9288024902344,357.76396397203456,353.75508690804236,356.9582784250545,57097800
2023-06-14,359.5227966308594,359.8077506752878,354.1383256374959,356.93862957320954,69525600
2023-06-15,363.8067932128906,365.2904552167826,357.63624776639995,358.2552423852553,71138800
2023-06-16,361.51739501953125,366.35165825781803,361.07525599467357,366.22391921096187,80932000
2023-06-20,360.9998474121094,362.39702549677264,358.03827186745264,360.0651424498802,49204700
2023-06-21,356.08026123046875,360.2914331262993,355.1553750173207,359.85850638708854,53378300
2023-06-22,360.2815856933594,360.438986288893,354.4272564085089,354.8306667482636,47603000
2023-06-23,356.7099914550781,359.01235823948906,355.01764962720034,356.38528138026277,48922900
2023-06-26,351.9281005859375,358.97296342588555,351.83955148925304,356.1786373877198,52685500
2023-06-27,357.9792175292969,358.70733796883354,352.74479154792726,353.4728819606406,49428100
2023-06-28,358.6778564453125,360.62599693384084,356.080295758173,356.15902609665824,46498000
2023-06-29,357.9595947265625,359.02224413799314,356.31646669343706,358.3826727205455,46151000
2023-06-30,363.4793701171875,364.5321406265844,361.32458510548383,361.6394163650322,58712500
2023-07-03,364.3352966308594,364.96498904160507,363.0365166234971,364.118833296299,19432900
2023-07-05,364.3255310058594,366.0277217083489,362.73158700877076,362.77095217680977,34460900
2023-07-06,361.5508117675781,361.9935872602602,358.6580879500002,360.61610687732315,49374700
2023-07-07,360.3504333496094,364.52226973044776,360.1241512291807,361.3245334383602,47133700
2023-07-10,360.4685363769531,361.14744286263704,357.565993456182,360.0749747976582,48498800
2023-07-11,362.2494201660156,362.7020144344407,358.75649019433894,360.89160733391975,38214100
2023-07-12,366.82470703125,368.1726713240019,364.34521181075905,366.3524150781026,61975400
2023-07-13,373.0528564453125,373.8793447436065,369.4221931900927,370.0027017557936,46960000
2023-07-14,372.9742126464844,376.70324433821355,372.09851025291334,373.48583975813085,55148500
2023-07-17,376.45721435546875,377.3329166322363,373.21029383715927,373.6924045131907,40868900
2023-07-18,379.5368957519531,380.9045575398771,373.8892104448696,375.8176832280745,55262000
2023-07-19,379.4483642578125,381.74091239064427,378.12006757474666,380.5995627236231,54093000
2023-07-20,370.7013244628906,377.923286171888,369.6780403163192,376.45722647364715,71941700
2023-07-21,369.5894775390625,373.8104982140494,369.15655080179084,373.08237777764356,60499600
2023-07-24,370.1798400878906,371.50810665869074,368.3202188458526,370.5635528672616,40380100
2023-07-25,372.6888427734375,374.35166830858134,370.86858659289726,370.8882841903377,38894400
2023-07-26,371.4490661621094,373.14140793425514,369.14669945351966,371.6458619601726,47075700
2023-07-27,370.56353759765625,378.52343803042015,369.27460621894454,376.9098266210042,63940200
2023-07-28,377.3132629394531,378.33651706389406,374.1056774417926,374.6173045040131,56902900
2023-07-31,377.5099792480469,378.6906938853008,376.1915315849783,377.61822593609173,44019900
2023-08-01,376.6343688964844,377.39197572985995,374.5681329555754,376.1620769587029,41060600
2023-08-02,368.3694152832031,373.16109557263337,367.12966784749693,373.16109557263337,72687100
2023-08-03,367.779052734375,369.90432115405747,365.79151734625674,365.9587967704652,47666400
2023-08-04,366.0572204589844,372.0197669898347,365.55541217782184,369.70755141474365,61702800
2023-08-07,369.1565856933594,369.25498360237106,365.5357708456073,367.86765415773664,37230400
2023-08-08,366.0178527832031,366.6672428994244,362.8889976997199,366.64757532989904,44726500
2023-08-09,361.99365234375,366.4606531278805,361.2360455036282,366.3032224805515,51150900
2023-08-10,362.66265869140625,368.3398598555968,361.137596428398,365.0043904450485,72035300
2023-08-11,360.3504333496094,362.08214015021474,358.8253711287267,360.1044536348334,48707200
2023-08-14,364.3944091796875,364.5124746558894,358.83527281179767,359.5535144676342,42130800
2023-08-15,360.527587890625,364.21728388168873,359.8585001971934,363.42028192294197,45539900
2023-08-16,356.7099914550781,361.5213395998945,356.6115935528061,359.9864284102872,53190500
2023-08-17,352.81365966796875,358.45152631342546,352.40043050549747,358.10714866014956,62604300
2023-08-18,352.3708801269531,353.63029511668526,349.0058642803443,349.54703769092396,61191400
2023-08-21,358.048095703125,358.72700217281374,353.3744807454022,353.83692384755506,50696500
2023-08-22,357.5364685058594,360.6653235223592,356.84771323850873,360.6554747243955,44530200
2023-08-23,363.17425537109375,364.2664208575985,358.5006410515851,358.7171043895614,51770600
2023-08-24,355.4112243652344,366.74596049885605,355.2046097815919,366.64759261976684,66842500
2023-08-25,358.1661376953125,359.8584793596251,352.813616618734,356.24751390715073,69960500
2023-08-28,360.8621520996094,361.79685715954855,358.3925057322388,361.088434258744,40910000
2023-08-29,368.74334716796875,369.09757365491316,360.3406997445947,360.665379833035,58492400
2023-08-30,370.7996520996094,371.3801906583347,367.8478954803411,368.8515119480578,41731500
2023-08-31,371.9114685058594,373.6136588894132,370.80948422184616,370.8783657463019,35730700
2023-09-01,371.5179138183594,374.7058012739097,370.0321867508755,374.2827233761561,39801200
2023-09-05,371.9902648925781,373.210314848442,369.7862659063022,370.71115217182,32344200
2023-09-06,368.7137756347656,371.5573157971025,366.70660260739953,371.2129381611802,42998700
2023-09-07,366.07684326171875,366.8541475571886,363.2136358180395,364.25658739214424,52060700
2023-09-08,366.5884704589844,368.82198545674055,365.6242492069954,366.0276595371048,35800100
2023-09-11,370.9079284667969,371.4195555120843,367.65115913843493,369.618997042065,39936600
2023-09-12,366.795166015625,370.88827258740463,366.5098211030943,369.23526587586855,41391000
2023-09-13,368.19232177734375,369.79611455684034,365.8998037117071,367.031304560014,46300700
2023-09-14,371.2030944824219,372.18701344044155,367.8774736268473,369.94367941722965,48039400
2023-09-15,364.8469543457031,370.2683569363539,363.91221940703196,369.8649465958127,69811200
2023-09-18,365.227294921875,366.34073749059183,363.621180779056,363.9069387117155,36903500
2023-09-19,364.44891357421875,365.24703922410754,361.4239024926307,363.9069867992095,37621700
2023-09-20,359.1970520019531,365.8678152619394,359.11820769924856,365.5131061106414,45514200
2023-09-21,352.61492919921875,356.30013348758865,352.44743768219166,355.5118408271102,69734800
2023-09-22,352.6641845703125,356.49715394100406,352.34886753279636,354.35897605910213,51589700
2023-09-25,354.3392639160156,354.4279712684221,350.7132080525282,351.698551280886,39168000
2023-09-26,349.0184326171875,352.29964255853133,348.03308934331926,351.75768571572956,53657700
2023-09-27,349.83624267578125,351.7478108048631,346.21015700673,350.17125574053034,56066000
2023-09-28,352.7627258300781,354.89107073347196,348.0626195587254,348.91986332461573,56453300
2023-09-29,353.0189514160156,357.6303811505316,351.78727222768936,356.24104341766446,64829600
2023-10-02,355.9651184082031,357.3642890085675,352.6740755034777,353.2849835180275,51625100
2023-10-03,349.718017578125,355.7187539856784,348.1020403157793,353.52142785074375,60478500
2023-10-04,354.4772644042969,355.32464523779134,350.09247453990724,350.5555871096961,54786700
2023-10-05,353.4328308105469,354.87142377219976,349.93487372651356,354.46742936489625,45897400
2023-10-06,359.3547058105469,360.54696275822704,349.64906850019884,350.4373310951315,75049100
2023-10-09,361.18743896484375,361.72936575371153,355.49215587280247,356.98986686898144,45304800
2023-10-10,363.1876525878906,365.8382282460928,361.0199155536051,361.52242014626063,46968800
2023-10-11,365.779052734375,365.96627032180635,362.7934644588699,364.5178148176335,38215100
2023-10-12,364.5080261230469,368.2621815500544,362.1136492104433,366.2816620389047,49587900
2023-10-13,359.9261474609375,365.71997003976674,358.5269469460031,365.1386211851273,52469900
2023-10-16,363.9956359863281,365.0499604297053,361.0987245658137,361.2465200321077,44201100
2023-10-17,362.8034362792969,364.49822805710056,358.3299690163222,360.44845122100355,50999100
2023-10-18,358.0441589355469,362.5176255477324,356.7139395823082,360.31046637039856,54280500
2023-10-19,354.69403076171875,360.655345729828,353.8959050901614,359.46308875026443,72274200
2023-10-20,349.4027404785156,354.76301044050285,349.17610069402633,354.1914944866745,72559700
2023-10-23,350.45703125,353.99440975051044,345.9737016212811,348.08235051550486,60665200
2023-10-24,353.8663330078125,354.6348995548222,350.5752900977818,352.27008172327623,47082100
2023-10-25,345.2051696777344,351.6493233086152,344.62382073653515,351.47196873068145,71190500
2023-10-26,338.62310791015625,344.93916255325956,337.3323104943421,344.0030743187561,78621400
2023-10-27,340.2488708496094,343.7271312742948,339.03688784248624,341.35245046408454,63476700
2023-10-30,344.08184814453125,345.402204388319,341.3721544179558,342.7319027380687,55298500
2023-10-31,345.72735595703125,346.10179117581265,341.5396474517011,344.1114087821121,47671900
2023-11-01,351.7281188964844,352.2897717671252,346.46638953800874,346.5649298772897,58992700
2023-11-02,358.1131591796875,358.3496319411529,355.0191668891615,356.2410129874096,58162400
2023-11-03,362.320556640625,363.6113538875242,359.17730927962293,359.40394905155324,53280500
2023-11-06,363.79864501953125,364.36029800022317,361.5323671234595,363.08919653610343,38848700
2023-11-07,367.2373962402344,368.10447293479405,363.6408697628244,364.8429895831266,50777400
2023-11-08,367.4739074707031,368.3114552322413,365.1879039548286,367.611839886679,35663400
2023-11-09,364.6459655761719,369.30661967147313,364.15329397571884,368.1636480202756,53859400
2023-11-10,372.843994140625,372.9917895931924,365.8381889860767,366.3702826856047,58309800
2023-11-13,371.6813049316406,372.7356293863506,369.74017759934657,371.26747762156936,40733500
2023-11-14,379.6822509765625,380.5986429310435,377.5637692838589,378.085999934342,67792600
2023-11-15,379.9680480957031,382.066833967817,378.6082696393877,381.5741623572847,54141400
2023-11-16,380.29327392578125,380.5297467047787,377.9382889105267,379.1995271823335,45343500
2023-11-17,380.3819274902344,381.3968298638466,378.65757675359185,379.56407573006413,46571900
2023-11-20,385.0130310058594,385.6732242470782,380.39176852820106,380.39176852820106,44429600
2023-11-21,382.7762756347656,383.5251460922471,381.03222898910747,383.30836938457026,43337000
2023-11-22,384.3430480957031,387.3089413822721,383.3380086428177,384.8455828572931,44121000
2023-11-24,383.80108642578125,384.53023086052497,382.80588004949124,383.9390188541122,15718800
2023-11-27,383.466064453125,385.4170249378711,382.58909448430353,383.3084059170349,34139700
2023-11-28,384.4710388183594,385.05238765740836,382.3623900835809,382.7171292474076,35491100
2023-11-29,384.0966491699219,388.36320227393117,383.7517730189987,386.93444253594504,38811700
2023-11-30,383.1310119628906,384.82580359682476,380.16514915622366,384.3626910552762,52834400
2023-12-01,384.2247619628906,384.81597394641676,380.4114882710684,382.0668577687091,40490100
2023-12-04,380.65777587890625,380.9336707602358,377.0514163134852,380.4311361273443,51186900
2023-12-05,381.61358642578125,382.8058433095871,378.5787124502714,378.7560970843749,42933000
2023-12-06,379.4063720703125,384.64840490308484,379.0615260202326,384.54986457293904,41994100
2023-12-07,384.70751953125,385.5352041703079,381.2883775917739,382.3821241267949,49593500
2023-12-08,386.42205810546875,386.8654445057405,382.786139271799,382.9733568864543,46687500
2023-12-11,389.72296142578125,389.9890233551011,385.7914513797825,385.99836504791654,41198000
2023-12-12,392.8267517089844,392.94498807118384,388.6291804291912,389.76231899398323,39221200
2023-12-13,397.822509765625,398.43341782409794,392.9943334222213,393.7629000232505,55408100
2023-12-14,397.47760009765625,400.34492229164994,394.47228535433857,399.04429214654004,55447800
2023-12-15,399.39898681640625,400.58141061861124,397.654940274926,398.2559851596845,62896600
2023-12-18,401.9146728515625,402.8131297549099,399.4661600981629,399.7919595715153,46610000
2023-12-19,403.9682922363281,404.0867647706254,402.1812612065287,402.36885276261586,35711900
2023-12-20,397.9654541015625,405.2616995946524,397.78774528609546,403.16860430932405,54042400
2023-12-21,402.595947265625,402.96127778271716,399.3378317905533,401.8949646280869,45568900
2023-12-22,403.1982727050781,404.76809436475725,401.3223868927144,403.8104010104473,34314000
2023-12-26,405.66650390625,406.33786841215897,403.95844437499267,404.0571815388857,22722500
2023-12-27,406.4923400878906,406.77881943678676,405.08960720527585,405.9490452519644,31980500
2023-12-28,406.29473876953125,407.8950497629961,405.93913420178313,407.6480920977712,27029200
2023-12-29,404.536376953125,406.630603150487,402.61998317509017,406.27496845803023,42662100
2024-01-02,397.6907653808594,401.14817289593526,395.3693571629253,400.901215216287,58026900
2024-01-03,393.48260498046875,396.1201263177863,393.0479871898376,395.06314019202443,47002800
2024-01-04,391.45751953125,394.7272364938344,391.2401955875345,391.61557604906113,39432800
2024-01-05,391.9217834472656,394.6975849712644,390.52893870896423,391.6254463311151,44922800
2024-01-08,400.0220642089844,400.30851341401365,392.99857207712546,393.14674065665804,42473800
2024-01-09,400.8122863769531,401.74084959997214,396.82144210862884,397.01902029717724,39132900
2024-01-10,403.52886962890625,404.5364461618828,400.23940642845145,401.1284480923958,33962800
2024-01-11,404.3685302734375,406.196023220601,399.32069938087903,404.80317822236947,54536200
2024-01-12,404.575927734375,406.24536398225337,403.18308286889186,405.40570188156073,39595000
2024-01-16,404.536376953125,406.11691194429363,401.87911022418587,403.3411103666014,43903000
2024-01-17,402.2544860839844,402.6298665315489,398.01671455845167,401.2271639757204,54386000
2024-01-18,407.96417236328125,408.54698883190395,404.1807942207987,405.5242294407698,59562500
2024-01-19,416.0544738769531,416.21253038631954,409.58419567643597,410.1670120974889,70325100
2024-01-22,416.59783935546875,419.5613313657799,415.9952469706817,418.2573876461551,44880600
2024-01-23,418.3265075683594,418.54383150320854,415.4519169444807,417.2892673649532,33003800
2024-01-24,420.64794921875,424.6190480726647,420.1540338505478,422.23837238038595,46948000
2024-01-25,421.1615905761719,423.8188573538376,418.820436831776,423.14710962158966,44367200
2024-01-26,418.6524963378906,421.02328381753233,418.0005245054045,419.27483445736374,37137000
2024-01-29,422.939697265625,423.1372754590085,418.45493756237755,419.10690942510337,38694700
2024-01-30,420.1243896484375,422.47543156579263,419.21560227550077,421.9025030173065,36739000
2024-01-31,411.895751953125,417.7239468242111,411.7179496692199,415.72853974147705,64010600
2024-02-01,416.74603271484375,417.23994807927374,412.72555441329524,413.6936393802105,51008600
2024-02-02,423.78924560546875,425.0042580366374,417.6449376290023,418.64262610680913,59602400
2024-02-05,423.236083984375,424.3819410907607,419.8280559423624,423.84853420729877,39889200
2024-02-06,422.3865051269531,424.9845045666784,420.0453513036871,424.3819121925699,35846100
2024-02-07,426.7330017089844,427.56277593245227,423.8682985252067,425.1722423676001,37712700
2024-02-08,427.5232238769531,428.28384260422365,426.16990074649345,426.85147614203305,29889900
2024-02-09,431.73138427734375,432.52166690474706,427.86899286829663,428.65924534950017,36943900
2024-02-12,430.0422058105469,433.7959804927143,429.3606002277538,431.6227409321858,33203300
2024-02-13,423.33477783203125,426.0216781826748,420.1539621974179,422.0802438633787,64491700
2024-02-14,427.9480285644531,428.3727885417839,423.6608468287441,426.0118887813397,45092700
2024-02-15,429.2223205566406,429.6866021844067,426.0809960674444,428.6395040700747,38796100
2024-02-16,425.3302307128906,429.6964251039184,424.6189914716384,429.5976661604037,53716500
2024-02-20,422.1198425292969,424.84623489473955,418.3463218363223,423.33485505593694,53999500
2024-02-21,420.43060302734375,420.51953431757676,416.49905619784107,419.3835049137998,49779000
2024-02-22,432.73895263671875,433.7761626949603,428.43199559983816,429.20250225212544,53887800
2024-02-23,431.46466064453125,435.228292926846,430.486717969249,434.29972972450184,39853900
2024-02-26,431.23748779296875,433.26255885215994,431.04979754489244,432.27472813436947,33043200
2024-02-27,432.27471923828125,432.6599575342669,429.7359871107177,432.34387462219166,33713200
2024-02-28,429.9730224609375,431.35600944379297,429.0148255551466,430.13107897744095,32938800
2024-02-29,433.6576843261719,434.73441618907316,429.7261072238398,432.89706552748044,42495200
2024-03-01,440.1872253417969,441.1454223300951,434.487453034906,434.5467204654234,43853000
2024-03-04,438.6165771484375,440.6120144586767,438.369619473107,440.1872243459957,34325700
2024-03-05,430.7435607910156,435.5839552943135,428.37277316164136,435.5740673406185,57917100
2024-03-06,433.4501953125,436.61123512944897,431.57332321084317,434.9615749173212,46234500
2024-03-07,440.0292053222656,441.2837394812956,435.4950357987029,437.03607945304515,44526700
2024-03-08,433.67742919921875,443.1803859905229,433.00571154880004,440.38480818808466,72096000
2024-03-11,432.0672607421875,433.3217948100284,430.1409789239274,432.18579559632065,45860000
2024-03-12,438.2609558105469,438.6165603792511,431.14856297446795,434.3787885378619,55300900
2024-03-13,434.8924560546875,437.28301956013377,433.7762025649882,437.26324365300286,37928700
2024-03-14,433.79595947265625,436.6507743314446,431.0794252267283,436.12722530080464,52195200
2024-03-15,428.63946533203125,433.52920869281746,427.4738023180454,430.76329508345543,73069800
2024-03-18,432.7276306152344,436.2489556354407,432.4902172279187,433.96405176519625,47323800
2024-03-19,433.8057861328125,434.2113358922314,428.6226881468784,430.71968377300954,43004100
2024-03-20,438.94921875,439.28552163345245,433.30125617856413,435.0025726505381,43653500
2024-03-21,441.0264892578125,444.45879569880725,440.82867997846824,444.0038011516447,39345700
2024-03-22,441.5308837890625,442.62881113326995,439.66140077241624,440.5120741059451,28253900
2024-03-25,439.9284973144531,441.4122025295857,437.73261238861454,438.7316200402831,27789200
2024-03-26,438.5041809082031,442.371709837362,438.2766685525834,441.4517895723345,34142000
2024-03-27,439.9977722167969,441.6892181200022,437.1292811248904,441.59029838868184,41359200
2024-03-28,439.1866760253906,440.79897397057766,438.83057105161373,439.9483005564888,36839600
2024-04-01,440.1164245605469,442.668384183983,438.2073676240903,440.1361964292656,38729000
2024-04-02,436.3181457519531,436.63467679175466,433.2716175055322,435.2993359937669,44259700
2024-04-03,437.2973937988281,439.17674771806725,434.1816188556079,434.1914896972789,39949800
2024-04-04,430.6108703613281,442.0947658921196,430.38335799892496,441.48147563512805,57267700
2024-04-05,435.68511962890625,438.35580126025417,431.22410267243185,432.03520215289296,54744600
2024-04-08,435.813720703125,437.6930747609312,434.42893509137633,436.6149191708532,28144900
2024-04-09,437.4260559082031,438.4250637277695,432.68808133949716,438.14810658184047,39443600
2024-04-10,433.6079406738281,434.46848495231853,431.54064816251855,432.2528279423145,61502200
2024-04-11,440.5318603515625,441.48142324592834,433.20235289872653,435.47738569459614,45474600
2024-04-12,433.50897216796875,437.4358464505674,432.13408772001753,436.30824620130363,53665000
2024-04-15,426.3773498535156,437.3468744561604,425.5365774509986,437.2578557574557,63453600
2024-04-16,426.4168701171875,429.0479775633437,425.0320846681734,426.2190306875889,47619000
2024-04-17,421.2140197753906,428.41493461701685,420.2842287497744,428.39516274759995,56880500
2024-04-18,418.8104553222656,423.5879732317038,418.236739020357,421.8569836696365,46549400
2024-04-19,410.14556884765625,418.1575829798095,408.582745982608,417.63334168227425,75231000
2024-04-22,414.27032470703125,416.6046733073807,409.44333179355846,412.77671832487005,47807700
2024-04-23,420.4524230957031,421.6492702748659,414.3197623321765,416.1991163771081,44384700
2024-04-24,421.87677001953125,425.06179190259485,419.5918662975575,423.5484137206893,48440300
2024-04-25,419.83917236328125,420.6997166428322,413.59772089332074,414.68574734246255,57392200
2024-04-26,426.3179931640625,427.85114324602824,422.28232799555997,422.9747056964863,41874900
2024-04-29,428.0489196777344,429.0479574340365,425.3090218040858,428.42479646470184,30022200
2024-04-30,419.97760009765625,427.8610217852048,419.8984824336748,426.46633524230674,43665900
2024-05-01,416.94091796875,425.46730223224165,416.0902748408662,418.55321572412726,52251700
2024-05-02,422.26251220703125,423.1626303564194,416.0606350688799,420.67988722114075,36559000
2024-05-03,430.74932861328125,431.73846546858186,427.92038151036974,429.7206178316715,48515300
2024-05-06,435.46746826171875,435.5564869497689,431.7779771979943,432.54950268048754,30227200
2024-05-07,435.5367431640625,437.1688129223332,434.80476137168813,435.9126199952162,30996100
2024-05-08,435.2795715332031,436.684159179944,432.7968283132177,432.9155500947103,24896700
2024-05-09,436.2291564941406,436.8028728157536,433.69696837697614,435.5466495999141,24580100
2024-05-10,437.25787353515625,439.48343165144723,435.7148223227463,437.73267013361465,27116600
2024-05-13,438.26678466796875,439.2658226427781,436.8523260801147,439.1669029109842,22994200
2024-05-14,441.0858154296875,441.61995781366716,437.6535091414476,437.84144756940225,34478300
2024-05-15,447.9801025390625,448.22738676768705,442.04528105207277,443.5586593238126,41464700
2024-05-16,447.070068359375,449.75062067502097,446.9019018190155,447.7921189150022,34780400
2024-05-17,446.8525085449219,447.80207154432486,444.65662335588394,447.1986823210974,35803700
2024-05-20,449.9682312011719,450.6309359616545,446.88212917453916,447.07006758388434,24474200
2024-05-21,450.84857177734375,451.03651019690585,447.92073510394465,448.11857455171366,23167700
2024-05-22,450.7595520019531,451.85750961813636,448.15811721893635,451.1057559416888,25120000
2024-05-23,448.7318420410156,455.57665236835396,446.9415066973637,455.5469794693014,40899200
2024-05-24,452.97528076171875,454.2413748570816,448.6428560676612,450.34417283824854,29669500
2024-05-28,454.6864929199219,454.7458387255593,451.7289829234151,454.19192441556606,26216800
2024-05-29,451.4816589355469,453.26209332010234,450.3936022845126,450.5320959428548,29739200
2024-05-30,446.6447448730469,450.69034126496246,445.31930507978444,450.5518476128299,30536800
2024-05-31,445.8138427734375,447.56463424460736,438.24695222110114,446.8722264038195,55941300
2024-06-03,448.2076110839844,450.6309783922545,443.0344141981781,449.6319706436315,32997500
2024-06-04,449.43414306640625,450.63099030230364,446.22934906552973,447.9504376680651,23767400
2024-06-05,458.4945983886719,458.5737160540312,449.4736752346723,453.00490099928925,33817400
2024-06-06,458.33636474609375,459.4936682116241,457.1691904379951,459.1771371560527,21966800
2024-06-07,457.9307861328125,460.6805853594163,456.82295769418954,457.9703600587807,25829700
2024-06-10,459.7804870605469,460.1365920375163,456.5163473996493,456.8032055496993,20660800
2024-06-11,462.93585205078125,463.0545738378896,457.0109315387959,458.5045379527608,22053300
2024-06-12,468.99920654296875,471.32368405453144,466.1702897911525,466.8626674378341,34532600
2024-06-13,471.5412902832031,473.19316199927897,469.26628774763714,472.5304270701551,25859000
2024-06-14,473.9844970703125,474.05374389556346,470.87859282283176,471.3434883571342,23372600
2024-06-17,479.79071044921875,481.57114467660335,472.94590045979214,474.2515381397125,37054500
2024-06-18,479.9390869140625,480.6215937616727,478.1784245124455,479.7412776538949,24438600
2024-06-20,476.2397155761719,481.55137557735753,474.40980638490623,481.1359550087394,33918700
2024-06-21,474.9637451171875,477.2981238769037,473.4701689381695,475.96278303672466,37456800
2024-06-24,469.55645751953125,475.47099181592733,469.41777397286,473.73725096126896,37751000
2024-06-25,474.9261169433594,475.2233175695722,470.70568664689,471.64687235329933,29014700
2024-06-26,475.90692138671875,476.45182952740066,473.6877426969305,474.10382358424476,22737100
2024-06-27,477.1353454589844,478.6115224234326,474.8468100949917,475.6591987285754,26222100
2024-06-28,474.6585998535156,482.67346269795496,474.0146450158968,477.92795786872324,34881600
2024-07-01,477.4424743652344,478.00715549345256,471.8350580346009,475.579936686659,24898300
2024-07-02,482.45550537109375,482.51494549553286,475.8177426243462,475.94653963864454,26723600
2024-07-03,486.4777526855469,486.6065496921619,481.7025280801993,481.7025280801993,18064900
2024-07-05,491.5501708984375,491.986085268142,487.0226236059382,487.31985444021234,28495900
2024-07-08,492.71923828125,493.27403293388477,490.8963372463012,491.916766364616,22109400
2024-07-09,493.1452331542969,495.3545252210374,491.6294495164821,494.2350191565913,25614500
2024-07-10,498.2870178222656,498.84181247432565,493.7595004189231,495.0672133936126,28046900
2024-07-11,487.3594970703125,498.6040508659988,486.1706643474196,498.3960104304496,49966600
2024-07-12,490.22271728515625,494.97810919327475,487.4685470101791,487.93418152804423,37109400
2024-07-15,491.5403137207031,496.3551756664707,489.49945539424647,491.9960314409882,31151400
2024-07-16,491.7285461425781,493.80904127855604,488.56818172649724,492.9966525685197,25950600
2024-07-17,477.2938537597656,484.2585366703108,477.2245271091295,483.7433788856669,56268800
2024-07-18,475.03509521484375,481.197307007146,471.8450107133488,481.0189866258677,49347400
2024-07-19,470.82452392578125,477.21460891251246,469.53661435101674,474.6981996487624,42042900
2024-07-22,477.8387756347656,478.85920470287533,473.2715913896256,476.6895495582666,40300000
2024-07-23,476.1546325683594,479.9292320565813,475.6791115204223,476.9373012718149,23282500
2024-07-24,459.07476806640625,469.7843305630981,458.2128560235188,469.4177730491382,58818600
2024-07-25,454.0122375488281,463.5924076204099,451.39678130888416,459.4116141087208,59256800
2024-07-26,458.6685791015625,461.60106948166003,455.4982979856442,458.3515449431624,39992100
2024-07-29,459.5899353027344,463.56268838097253,457.3311198139349,461.383116315446,28218500
2024-07-30,453.27911376953125,462.2252153474391,449.93051231846664,461.5218203822993,41317200
2024-07-31,466.69329833984375,468.3973190381643,462.07659074748636,463.52301742956,44552100
2024-08-01,455.38934326171875,471.1316949567563,451.74354107209894,467.3769292797384,56653900
2024-08-02,444.5806884765625,449.35591337831903,440.340454930092,446.7008203668183,66323200
2024-08-05,431.32501220703125,438.18073242125257,419.5157767707517,420.7640496665403,87483500
2024-08-06,435.4463195800781,442.91627380301435,430.5224947083419,433.1677010049891,63164400
2024-08-07,430.73052978515625,444.8283293708516,430.334252242324,442.3416401709685,54929200
2024-08-08,443.90704345703125,444.8184789180148,433.0884865440954,436.9621628383831,47890100
2024-08-09,446.22528076171875,447.8599446984154,441.46985903291545,442.5893651317929,33574000
2024-08-12,447.186279296875,450.1484898369526,444.3825556071596,447.19619606278854,27795000
2024-08-13,458.2821350097656,458.5496457773467,451.44624926843295,451.5849630344436,40084500
2024-08-14,458.4308166503906,460.78867882910635,454.1410294667669,459.203568511929,34733700
2024-08-15,470.0121765136719,470.408454066384,464.0282856953889,464.4047599523792,38280600
2024-08-16,470.61651611328125,471.9836994318874,467.267914706038,468.22890368838864,38383600
2024-08-19,476.79852294921875,476.838159775864,468.9719276760101,470.75522206656456,23737700
2024-08-20,475.7979431152344,478.4530361414534,474.1038088531109,475.8871033026028,29209300
2024-08-21,478.0171203613281,479.86974146186225,474.86667281387304,476.58058013398335,25658800
2024-08-22,470.4382019042969,481.0288841455253,469.4078560191765,480.33537571180096,37739600
2024-08-23,475.5403137207031,478.25484666996635,470.864166093088,474.78736521575286,36061500
2024-08-26,470.9236145019531,475.9167963494327,468.8431195460001,474.99544423155214,27452600
2024-08-27,472.3304138183594,473.4003661930295,467.3273154259764,469.2889300525828,27510000
2024-08-28,466.9707336425781,472.588037228048,463.54288867121295,471.8648389451947,37372400
2024-08-29,466.287109375,473.4895530413343,465.0090862780714,468.88276216101195,41081500
2024-08-30,471.844970703125,472.4691222187162,466.13850734780476,470.62641796700854,33466500
2024-09-03,457.51934814453125,468.9323056206166,455.1416524496019,468.8035388395337,44985200
2024-09-04,456.3304443359375,460.13479338816336,453.4772278978257,454.4084967487091,32505100
2024-09-05,456.7564697265625,461.03630947784416,453.68526588800313,454.70569491267526,34452400
2024-09-06,444.521240234375,456.9348232587385,444.0258857158704,456.05307770346093,50624400
2024-09-09,450.2376403808594,451.2283494616286,445.6407659677918,448.8506537145908,32981200
2024-09-10,454.39862060546875,454.90389190042566,448.02836861259885,452.0010913798349,29680300
2024-09-11,464.26605224609375,465.00908400490187,447.0871616105351,455.6369852193334,57843000
2024-09-12,468.8233642578125,469.6357529807418,462.5125520912894,464.29581638811914,40067800
2024-09-13,470.9236145019531,472.1025606358586,467.8623273065814,468.0902012618372,29111800
2024-09-16,468.8431396484375,469.4573744200276,465.524288528779,468.79361628971213,22585600
2024-09-17,469.0908203125,473.16265024621885,466.59424438062723,471.86482380417743,30084400
2024-09-18,467.05987548828125,474.38119962315574,466.4555272479723,470.2895966560615,39909200
2024-09-19,478.8691101074219,481.7124704668982,476.0257799819862,478.12607832269657,52782500
2024-09-20,477.9576721191406,479.19605842028795,473.8561221774012,478.0071954775703,34577700
2024-09-23,479.224609375,480.315926835132,477.7959811138323,479.135323893243,24843000
2024-09-24,481.5361633300781,482.4885720219182,476.3772551624619,480.6333475885268,25952600
2024-09-25,481.98260498046875,483.9370455260504,480.7325477988355,480.91111874577587,26549900
2024-09-26,485.6037902832031,489.80038938586057,481.96276544725106,489.47297902508933,32020200
2024-09-27,482.9053039550781,486.7645925142839,481.7247009952947,486.6256838006488,22851100
2024-09-30,484.21484375,484.55215452746376,479.10552858521237,481.942923506745,30281100
2024-10-01,477.4685363769531,484.14538839099305,473.62910955506385,483.8477701398877,42735400
2024-10-02,478.1432189941406,480.05796717810114,473.9466197241842,476.5657513321326,23744000
2024-10-03,477.7860107421875,480.722621801194,475.2065415805555,475.9506174766113,25337200
2024-10-04,483.4707946777344,484.02636896280734,478.57974271825753,483.59977268614915,30686600
2024-10-07,478.2920227050781,482.72671654095666,477.0717272577596,481.55604432247213,24975100
2024-10-08,485.43511962890625,486.11967189958807,480.02818609243036,480.8317856664436,28272000
2024-10-09,489.2547302246094,489.83016591016013,484.0958218394654,485.1375160516646,24995000
2024-10-10,488.6991271972656,490.56428230026705,485.6632999428998,486.97288079520195,25750400
2024-10-11,489.46307373046875,490.48496711592765,486.29829849674525,486.86377321706453,20644500
2024-10-14,493.5703430175781,494.88982428126036,491.34804603599724,491.8539970558773,26060100
2024-10-15,486.9729309082031,494.5624998251386,484.82005775780306,493.89777863008004,34784500
2024-10-16,487.03240966796875,487.8062474023501,483.718795252719,487.30026609568785,22996800
2024-10-17,487.3697204589844,492.5683211220585,487.31019680837863,492.5187281720624,27210700
2024-10-18,490.56427001953125,491.65558736912976,489.4034983212025,490.1575049039297,25335000
2024-10-21,491.50677490234375,492.31037442782247,487.42922335035456,489.3539020420387,30336500
2024-10-22,492.04254150390625,493.5207929965994,488.08406709201313,488.83807375200354,26685800
2024-10-23,484.5025634765625,490.34605451121007,481.2187106828383,489.6912640374047,39346600
2024-10-24,488.4312744140625,489.1058959697234,485.5740180882913,488.2229113611023,22024900
2024-10-25,491.4075927734375,496.32840643950317,490.52460813834386,491.22902181685464,38762100
2024-10-28,491.4869079589844,494.5822587298486,491.1892897219877,494.52273508244923,20477800
2024-10-29,496.2093505859375,497.38995346166206,489.94919430030234,491.8044187402905,28014100
2024-10-30,492.4592590332031,496.39790249240116,491.97313907393766,495.44549370075856,29756000
2024-10-31,480.0281982421875,488.5404136876197,479.92898206139125,488.4908207354854,41245200
2024-11-01,483.5799255371094,486.8737090932154,481.36755903272683,481.6651773097424,33655800
2024-11-04,482.1711120605469,485.5144882475446,480.42500426672166,482.9747116073583,23291600
2024-11-05,488.3221435546875,488.986864708101,483.66918631037436,483.7584717889176,24353600
2024-11-06,501.5865173339844,502.40997829462293,495.65377146447037,496.60618015035925,43082200
2024-11-07,509.48358154296875,510.26738017276097,504.3246739438424,504.3841975882403,32853100
2024-11-08,510.0789794921875,510.8527870225075,508.36260305843524,508.9876317248382,22924500
2024-11-11,509.78131103515625,511.5075574474809,506.8843621879825,511.29919439483575,24167500
2024-11-12,508.85858154296875,510.5947585805115,505.80292327856444,509.7118345645932,25835300
2024-11-13,508.2038269042969,510.91224373512705,505.9220063123596,508.35266630177006,24567400
2024-11-14,504.6720275878906,508.73961881650786,503.7592810433263,507.8665950790709,28679500
2024-11-15,492.647705078125,499.35428866917067,490.58411760662926,498.9673849410941,51461100
2024-11-18,496.0704345703125,498.1737145612043,492.8064433987384,494.1953790330812,27080800
2024-11-19,499.4832763671875,499.96942655752554,493.1536656807539,493.49100674201975,24523000
2024-11-20,499.1955871582031,499.5031361161102,492.6377823112046,499.1856564574556,29565500
2024-11-21,500.9913024902344,502.95564359753246,493.6298978588017,502.24132948309835,34526700
2024-11-22,501.7948913574219,502.5290365817057,498.8086569561695,500.4357175118036,23826600
2024-11-25,502.58856201171875,507.41018976726633,500.2769794512125,505.87241468402135,26375200
2024-11-26,505.287109375,506.110570406728,503.2235519980058,504.06681387960333,26557100
2024-11-27,501.30877685546875,504.2255571116704,497.9654003048674,504.1561330305449,24957400
2024-11-29,505.71368408203125,506.3089508903919,501.31868278834094,501.9337807222535,15334000
2024-12-02,511.2198791503906,512.1822489405321,506.58678283420767,506.9737168906479,25147200
2024-12-03,512.787353515625,513.0651709231122,509.31499924035353,509.890434903682,18597900
2024-12-04,519.1268920898438,519.3848480945504,515.4957677287545,516.2101120920232,26086200
2024-12-05,517.6883544921875,519.9007209183162,517.3014204692249,519.1765063776851,18169600
2024-12-06,522.3214111328125,522.5595057281002,518.2240284052577,518.3530064032137,23762600
2024-12-09,518.25390625,522.1925195302961,517.1030347782992,521.398850563676,20674400
2024-12-10,516.4878540039062,521.2301267457367,515.0592258717493,519.4840189672058,24350000
2024-12-11,525.7342529296875,526.4188051823884,520.4463971119644,520.8531319621538,32168600
2024-12-12,522.34130859375,524.7818994700399,521.8651193703002,523.511980803434,23577500
2024-12-13,526.3395385742188,528.9586400198303,523.1350101576185,526.2700842159519,28780400
2024-12-16,533.9190673828125,534.8913677012594,528.7899213110657,528.8693063591745,31979900
2024-12-17,531.5678100585938,533.234532805748,529.911018011913,532.1233843076452,28579100
2024-12-18,512.3905639648438,532.6393867756537,510.9421347229387,530.9230707876706,54703200
2024-12-19,510.1086730957031,517.6387480839205,509.7713925868022,517.0732431157651,46441800
2024-12-20,514.563232421875,520.674610325421,505.2672783831969,506.4081888202465,60530000
2024-12-23,519.5764770507812,519.9540883119314,512.8789414988543,516.2773821985058,29672800
2024-12-24,526.6217041015625,526.711103210249,520.888031008759,521.5240140845306,17558200
2024-12-26,526.2640380859375,527.8937223215758,522.994783551006,524.9921323134935,19090500
2024-12-27,519.2683715820312,523.1338828752066,514.5979649367405,522.6966520264838,33839600
2024-12-30,512.3621826171875,516.0885615458353,508.6059938701245,512.262836772703,34584000
2024-12-31,508.0097961425781,514.3992562583705,507.0459049159329,513.644094410772,29117000
2025-01-02,507.0160827636719,513.3857099460889,502.52453474139946,511.06042287109295,36389800
2025-01-03,515.3134765625,516.3767439002675,509.3015977009679,510.11637914045036,29059500
2025-01-06,521.2359008789062,524.5946151120777,518.7417623146622,520.7192176012078,36109700
2025-01-07,511.9348449707031,522.676749747613,510.0468495678178,522.2793057604914,36690300
2025-01-08,512.0243530273438,513.6639233488847,507.35394602071244,511.83554740418106,30777800
2025-01-10,503.9952087402344,508.3575403275065,500.7458174123479,508.25819448854884,40532500
2025-01-13,502.37548828125,502.83258226211484,496.5524148250259,498.04296636403393,31694200
2025-01-14,501.8985290527344,506.9465475304781,498.4305219813621,505.5354786511669,33737200
2025-01-15,513.4453125,514.5880322454942,508.2382987029594,509.79844685715614,34957600
2025-01-16,509.84814453125,515.7904573182853,509.71895854451463,515.7109442532102,28229000
2025-01-17,518.4535522460938,520.768892568159,509.8779077274795,519.5565458046289,51837900
2025-01-21,521.4943237304688,522.6569370321079,516.784190233401,521.1763321012501,23628000
2025-01-22,528.1619873046875,530.457434010863,525.9261602278661,526.2342050879784,33593000
2025-01-23,529.284912109375,529.404151376624,525.1213025176294,525.7075521398207,23096600
2025-01-24,526.2938232421875,530.4275923841087,524.8231652884439,529.6624839179889,19878300
2025-01-27,510.97100830078125,514.7271665075501,506.936554378914,507.7812062861425,60771700
2025-01-28,518.523193359375,519.7057001509473,508.5563720628021,511.97467611093344,33194200
2025-01-29,517.5493774414062,519.2983011374322,513.6441392716389,519.169115138246,26649000
2025-01-30,519.7552490234375,522.7860246698378,514.9457705817763,520.4111255886488,27431300
2025-01-31,519.0000610351562,528.1719622881295,517.9070142215932,523.6009014071057,38755200
2025-02-03,514.846435546875,517.5691667149378,507.8309085723365,510.2356481268789,40580800
2025-02-04,521.1663818359375,521.8023650900426,514.9656967351663,515.3632014316573,26046800
2025-02-05,523.5313720703125,523.6903982021383,517.3406339590531,518.533087344952,21134100
2025-02-06,526.2640380859375,526.4727371352427,522.4283666892038,524.0381574961376,19434500
2025-02-07,519.6261596679688,528.7483284429109,518.9007772767695,526.8007131129621,29605500
2025-02-10,525.9161987304688,527.0191921678618,523.4319464927245,523.8989568010895,20852800
2025-02-11,524.6641845703125,526.5820202342347,522.5178170831823,522.6470030660466,19325500
2025-02-12,524.9722900390625,525.8566985928285,518.662312181656,519.0100833136883,25009400
2025-02-13,532.5244140625,532.8423450241579,525.856658218969,526.6416602099531,28714800
2025-02-14,534.7601928710938,535.4458489556581,532.2957732617084,532.6336582725096,17862600
2025-02-18,535.9724731445312,536.5985095911096,532.6634320198589,536.3301909280925,20565000
2025-02-19,536.12158203125,537.4034344848549,533.0808594023651,535.1775539526902,19666900
2025-02-20,533.845947265625,535.7041632085364,529.106034929491,535.3364987054381,26550800
2025-02-21,522.7662353515625,535.0086388627485,522.3985708362279,534.9887454346671,47093800
2025-02-24,516.5953369140625,525.7373982954535,516.2575125365582,524.5548916727963,39268400
2025-02-25,510.08660888671875,516.048814936847,506.2310441222468,515.9693018739836,48940000
2025-02-26,511.31878662109375,516.3866374854662,508.1488779896471,512.2827081341442,34457600
2025-02-27,497.1187744140625,515.8003708854543,496.90015898717843,514.8662895456173,52448000
2025-02-28,504.96905517578125,505.5751982352111,493.7998352114138,496.9796905709141,47654000
2025-03-03,493.9190979003906,509.80836808640686,490.4709540220392,508.29795339796704,44587200
2025-03-04,492.42852783203125,500.5669416036149,484.6677252997208,491.0671622880661,67875400
2025-03-05,498.8478088378906,500.45759947715374,488.16552394179666,493.07440891542467,46323700
2025-03-06,485.1248474121094,495.43943846939203,483.1374453830968,490.58025627763743,57574300
2025-03-07,488.69219970703125,490.1728044214969,477.50311728267104,484.09135944691593,54714700
2025-03-10,469.7522888183594,480.92147845342646,465.7079184343633,480.4047648459635,76668000
2025-03-11,468.62939453125,475.7939702022416,464.0683106107926,469.37467027626616,68760800
2025-03-12,473.9159240722656,478.02983070184774,468.8182327695673,476.14180474816123,46971100
2025-03-13,465.3899230957031,473.2799114684233,463.4919505450515,473.2501016514119,46563300
2025-03-14,476.6386413574219,477.5329662224829,470.13982810737366,470.7460015069771,43563000
2025-03-17,479.7290344238281,482.77970385821135,474.7903391011045,476.58893553595675,41744400
2025-03-18,471.5509033203125,476.5889445811857,469.4343152382102,476.3902225670012,39072300
2025-03-19,477.86090087890625,482.27290553437547,471.8788012950444,473.80658371122826,40430300
2025-03-20,476.24114990234375,481.4978063463737,473.1805338469725,473.8761366755608,36780500
2025-03-21,477.8111877441406,478.5763266010879,469.93114605028205,471.0937592442753,42234900
2025-03-24,488.29644775390625,489.1423592971704,482.0665930507614,485.39050030859886,34567200
2025-03-25,491.0829162597656,491.2421491588082,488.0575822896671,489.02291086034575,26035200
2025-03-26,482.04669189453125,490.7843964317407,480.49420901971564,489.92852335581483,34627100
2025-03-27,479.3000183105469,484.2361173499164,477.9366224976435,480.08622136250784,33469800
2025-03-28,466.6810607910156,478.20526514414263,465.79533345257164,477.4986938052008,46363800
2025-03-31,466.6611633300781,467.5966072840796,455.12696717610356,459.6948832614754,53000300
2025-04-01,470.4230041503906,471.34851702765127,462.18289033712415,465.04899179213385,41156200
2025-04-02,473.8563232421875,477.24990051464846,463.6158828815237,463.87464014945493,49894500
2025-04-03,448.4891357421875,457.85381060895133,447.9716515602276,454.24129177123984,70456300
2025-04-04,420.63397216796875,438.24869137872236,420.63397216796875,436.0294529358994,117088400
2025-04-07,421.6490478515625,441.0053675205171,400.4516641030583,406.6914499899583,161557000
2025-04-08,414.0557861328125,441.0053554988176,407.81600041600757,436.0493338288811,101248100
2025-04-09,463.7552185058594,465.5763897991723,413.4288133631856,413.56815354318593,142876900
2025-04-10,444.03070068359375,453.3953754518723,430.5459844866977,451.3751553721857,108384100
2025-04-11,452.2110900878906,453.5944088551687,439.2040426870755,442.50805710466096,52483800
2025-04-14,455.27630615234375,462.8098179898462,450.4496627786491,462.2226636947785,43941200
2025-04-15,455.7838134765625,460.15268105084914,453.9526805576148,456.33118230210107,35404200
2025-04-16,442.04034423828125,450.4396905530406,435.6512868687369,446.86698749756175,48980600
2025-04-17,441.9607238769531,445.59313532137156,439.2339021288606,445.0159426129849,44837000
2025-04-21,431.02362060546875,436.9648633110088,425.86858083880827,436.1189822025886,44149300
2025-04-22,442.3388671875,445.42390960807955,435.51189730484924,436.706128827413,52304400
2025-04-23,452.3703308105469,461.14785116525866,450.6984308488603,455.9629568263105,55801100
2025-04-24,465.0987548828125,465.40725916576037,453.6342279324837,454.2811211424454,45956100
2025-04-25,470.28363037109375,470.81107609503925,463.1481859616907,464.72056158591084,38697100
2025-04-28,470.1343688964844,472.5228018406058,463.7850969803822,470.75137745023704,33550800
2025-04-29,473.2393493652344,474.1250767730389,467.327960183027,467.90518330443473,30613100
2025-04-30,473.1795959472656,474.90127322951986,460.2024029412006,464.87977453427817,46810600
2025-05-01,479.3596496582031,484.8331551249222,478.4241753851547,481.0813268565942,43316500
2025-05-02,486.4752502441406,488.54524771174533,482.49451859013254,484.19630323903306,39218100
2025-05-05,483.5892028808594,486.6742758401759,481.768031598775,482.26562303187217,28309500
2025-05-06,479.09100341796875,482.71345338039805,475.88651326591844,477.2499089792982,32786300
2025-05-07,480.97186279296875,483.4598199362607,474.4832814966688,479.75773849221946,38006300
2025-05-08,485.9378356933594,490.3265956463865,481.83768726665016,486.1766698555149,39577600
2025-05-09,485.6194152832031,489.17222563016486,483.8579524315384,487.8486153265174,27767400
2025-05-12,505.4036560058594,505.44347182673556,499.0643456144565,504.5477828951714,45090600
2025-05-13,513.1063842773438,514.8977013705513,505.97090943590337,506.707335072133,53269600
2025-05-14,516.1814575195312,516.7287959644325,513.2655789214306,514.2806849131285,47014500
2025-05-15,516.7486572265625,519.4157397813761,512.6882944867682,514.0318276811001,50153300
2025-05-16,518.9978637695312,519.1869509574169,514.6090729974479,518.1519218274547,48394600
2025-05-19,519.4954223632812,520.0129368955124,511.76283198638407,511.76283198638407,52536200
2025-05-20,517.7637939453125,518.4205878915068,514.171137741155,516.967599082951,42517600
2025-05-21,510.5686340332031,520.4806779894516,508.77731688816084,513.7831162356644,71292800
2025-05-22,511.5240478515625,515.2161985462538,509.8322246501273,511.18565891481614,55607200
2025-05-23,506.78692626953125,509.37440786318274,503.14455323986806,503.74166904926017,58368100
2025-05-27,518.7091674804688,519.1968580915909,512.1111611741854,513.6636439652767,47226300
2025-05-28,516.4103393554688,521.1573812940497,515.8928855439889,519.6646069225357,46637200
2025-05-29,517.4254150390625,523.943850597734,514.8280023627366,523.7946096140164,58513300
2025-05-30,516.609375,518.1718194248762,509.46396914496165,516.937802360934,67662800
2025-06-02,520.689697265625,520.9285314569356,513.4845216279213,514.7484234216115,44762800
2025-06-03,524.7599487304688,526.1930145844751,520.1721699845227,521.0379742774489,44070300
2025-06-04,526.222900390625,527.2877534208493,523.4363395775185,525.4665516408473,41359300
2025-06-05,522.261962890625,530.4821825867151,520.1422186545674,527.6260127928042,61031200
2025-06-06,527.3673095703125,529.2382582965394,525.6655856720602,527.4469412104685,42467000
2025-06-09,528.1434936523438,529.7855087329729,526.4616323876844,527.5861937461265,33688700
2025-06-10,531.63671875,532.3233974321485,526.3423380359699,528.6113236327552,40664800
2025-06-11,529.8452758789062,534.1942808270467,527.5563674659288,533.039834702878,53701000
2025-06-12,531.0892333984375,532.0645538594068,528.282871317245,528.5316670205602,34104900
2025-06-13,524.4215698242188,529.3078908293887,523.1974536303323,525.1380723113464,55814400
2025-06-16,531.7162475585938,532.7910620936354,527.8947792535579,527.9445262501218,37622100
2025-06-17,526.5313720703125,530.7608992855103,525.366964373918,529.1487078886557,42180900
2025-06-18,526.4417724609375,529.9846210200801,524.8594657253662,527.5464108599048,43983500
2025-06-20,524.292236328125,530.989797962704,522.3516174800588,529.6960723110417,61643500
2025-06-23,529.6832275390625,530.2012624901581,521.7128229011945,524.8611059770333,50666100
2025-06-24,537.7831420898438,538.6997215726698,534.2861174166954,534.9038188952696,45442000
2025-06-25,539.157958984375,541.3000294115662,537.3845756916884,540.0546537700266,44804200
2025-06-26,544.19921875,544.6475661276676,539.5166551436107,541.3398412384469,43811400
2025-06-27,546.0623779296875,547.9553124291843,542.5254624415982,545.2354314727291,57577100
2025-06-30,549.5992431640625,550.7549250315776,546.9789678853869,549.2206440950201,45548700
2025-07-01,544.9664306640625,548.6727003482655,542.6450333450836,547.6962844543337,56166700
2025-07-02,548.7623291015625,548.9616013728256,544.099649838931,544.1394799694398,36538300
2025-07-03,554.1622924804688,555.1387084222483,551.1335605372531,551.1335605372531,26443500
2025-07-07,549.98779296875,552.2892446862089,547.5468445873587,551.4722709809203,45349300
2025-07-08,550.2966918945312,551.9604968449189,549.0612280892235,551.3328226115977,36153300
2025-07-09,554.192138671875,555.5670381907667,551.0537678549799,552.4286673738716,43045500
2025-07-10,553.3951416015625,555.2382732584896,550.7051180084419,554.8298167972696,34710900
2025-07-11,552.1497802734375,553.733864104168,550.0077097543851,551.2530854493318,39618600
2025-07-14,554.15234375,554.8895964181139,549.5892702624878,551.9405249362994,36453300
2025-07-15,554.660400390625,558.7253235687808,554.6006247913591,558.177370440617,43277700
2025-07-16,555.2283935546875,558.1376353727512,549.519610019722,555.2184816275869,52314700
2025-07-17,559.7216186523438,560.229741645841,555.1486333295833,555.9556343165032,40423800
2025-07-18,559.1836547851562,562.6407884950407,557.9083608963978,561.0367592084838,50484700
2025-07-21,562.0828857421875,563.9659084478778,559.9807060956166,560.0106243017523,39595200
2025-07-22,559.1737060546875,562.2622135594852,556.5434579032301,562.212410691865,43270600
2025-07-23,561.7241821289062,561.7640122575135,557.5098504754792,560.2596495832936,40215300
2025-07-24,562.9197387695312,564.1451688896942,561.2060703387892,563.0392899612859,42275500
2025-07-25,564.2747802734375,565.599877131678,562.1825732841013,562.8401049406639,30630800
2025-07-28,566.0382080078125,566.9348420155121,564.7728868526946,565.6396634648174,31498700
2025-07-29,565.1614990234375,569.9935327032099,564.434219030358,568.6485511909246,45463300
2025-07-30,565.9186401367188,568.508997161805,562.9595959750744,566.0780214636062,43433800
2025-07-31,562.9197387695312,572.5041444344463,561.7839416385068,572.4144506359528,64613600
2025-08-01,551.8309326171875,556.9519318446527,549.6390593282571,556.7626323149415,69400800
2025-08-04,562.0131225585938,562.2323403030458,556.8822111512052,556.9818168836358,47669800
2025-08-05,558.1973266601562,564.4640352064246,557.6592854470431,563.2983805936119,48666600
2025-08-06,565.2213134765625,565.6596882115512,558.55605944308,559.0342643142066,41823700
2025-08-07,567.1340942382812,571.1990173575662,563.0193682552224,569.5550971875249,44463000
2025-08-08,572.4244995117188,572.6437172653317,568.0408133424522,568.3396913615944,35255500
2025-08-11,570.730712890625,574.6661119984625,569.4554798808987,572.5639325532171,33112900
2025-08-12,577.9041137695312,578.2029917684722,570.372084149425,573.0321895540377,42143300
2025-08-13,578.193115234375,581.1620715545174,576.7982700747931,580.6041456525571,41209300
2025-08-14,577.7446899414062,579.7273181327926,575.7719736747898,576.1406607906154,45425000
2025-08-15,575.2042236328125,577.6949751695009,573.4407520858407,577.6550842269212,49480200
2025-08-18,574.9750366210938,575.6326290840033,573.1119593251236,574.3075322318431,29831000
2025-08-19,567.1739501953125,574.4269858610731,566.1477315418194,574.2576318109441,53752600
2025-08-20,563.8064575195312,566.347011543646,556.772578668353,566.2274603525832,76781100
2025-08-21,561.1962280273438,564.3943140175195,558.9046880126308,562.2622161511607,46436900
2025-08-22,569.85400390625,571.8665505027725,561.186237654488,562.5810219572568,51502100
2025-08-25,568.210205078125,571.1691888777926,567.0544622483576,568.289926158301,34044700
2025-08-26,570.4915771484375,570.8004278507278,566.6956749257416,567.7218935616645,34103000
2025-08-27,571.368408203125,572.2849877073902,568.2599552674767,569.4754735923461,36927100
2025-08-28,574.9451293945312,575.8617088595212,570.3422257905413,571.9860851866184,46787900
2025-08-29,568.2898559570312,572.9027323513419,566.4366907257225,572.5340452045847,56030400
2025-09-02,563.5275268554688,563.8762077332766,557.4700023275942,559.2334738058692,65876800
2025-09-03,567.9610595703125,569.585034325084,564.6333889904666,567.1241403555323,54230200
2025-09-04,573.1019287109375,573.4705550386212,566.9249141338813,568.6285491052419,47526300
2025-09-05,573.9288940429688,578.9701724080204,569.4156841594208,578.3424981949754,68342500
2025-09-08,576.728515625,578.6912594012136,575.6326093036281,576.2303653317651,46371400
2025-09-09,578.3624267578125,578.7908286858918,574.9052323196163,577.5255075617649,44007600
2025-09-10,578.5517578125,581.6104078841153,576.4096872460331,581.5804896782814,49308000
2025-09-11,581.9192504882812,582.7162787776647,579.4683292093007,581.0823312583443,44745800
2025-09-12,584.4896850585938,585.6852579441866,581.939157947032,582.8756829463206,50745900
2025-09-15,589.4910888671875,589.6006673309763,586.1136154844122,586.263084887294,44360300
2025-09-16,588.992919921875,590.6666974580144,588.3054701472681,590.417622334017,36942100
2025-09-17,587.8173828125,589.5609089479608,582.2082052948111,588.9132892024719,69384800
2025-09-18,593.11767578125,595.9272507480725,590.7664209781601,592.7091584852494,61069300
2025-09-19,597.1327514648438,597.8301740597724,593.6456992995646,595.1202655655359,58196100
2025-09-22,600.667724609375,601.3360027595129,596.1990824942005,596.2190510860968,57154800
2025-09-23,596.6779174804688,601.0367933292055,595.4609900615409,600.8372900448078,64635500
2025-09-24,594.583251953125,598.3736318933126,591.8502333814113,598.0544387994095,49850300
2025-09-25,592.0198364257812,593.6057566967052,587.0026056631178,590.6932034651784,70920200
2025-09-26,594.4535522460938,594.7827296224774,589.5560723046866,592.8376791327265,54337400
2025-09-29,597.20654296875,600.5181027058711,595.8898943349653,597.5855809487724,48332900
2025-09-30,598.8424072265625,599.1815689140329,594.5832523790604,596.9073409482912,46533800
2025-10-01,601.7150268554688,602.2536309055715,594.8226361779185,595.6504804045827,46899600
2025-10-02,604.188720703125,605.6150748101588,601.3958573858611,605.5153536087707,43765400
2025-10-03,601.645263671875,605.7847287787447,599.859840058186,604.9668078782124,46482100
2025-10-06,606.1636962890625,607.8094613156995,604.4280726015548,606.9018036091138,41962100
2025-10-07,602.9718627929688,608.1586438162234,601.4956480641417,607.4703970532165,58209500
2025-10-08,609.8842163085938,610.193425090037,603.7199483921797,603.869530194898,50629800
2025-10-09,609.1461181640625,610.0537759298148,605.9342796270852,609.9241018375851,45551000
2025-10-10,588.0000610351562,611.6198017284072,587.5511938507611,609.8443624637231,97614800
2025-10-13,600.4782104492188,601.415821078074,595.7103438165695,598.1541220292103,65872600
2025-10-14,596.4784545898438,601.1565238344467,588.628483812035,593.7952965646048,69203200
2025-10-15,600.6876831054688,605.1563255984365,594.4137092888615,602.4731675952409,62805500
2025-10-16,598.46337890625,606.7622168482491,593.9848129790577,603.5703467351942,70982000
2025-10-17,602.393310546875,603.9693073296388,594.8525491800316,596.4285459627954,72024900
2025-10-20,609.9839477539062,611.2407514930889,605.5253506485595,605.5951798429426,45761700
2025-10-21,609.8244018554688,611.1609582497778,607.7696457807522,610.0837500489531,44538200
2025-10-22,603.9493408203125,609.8542605281881,598.2139715066553,609.2657958565487,61478800
2025-10-23,609.0264282226562,609.8143961922938,602.9818500103868,603.3708114071275,42844300
2025-10-24,615.52978515625,616.8464337655934,613.5648269782704,614.4226241256162,47632500
2025-10-27,626.4918823242188,626.9506729134798,622.4422152319877,622.930958710038,54098600
2025-10-28,631.3095703125,633.0651018787079,627.648925370604,628.7560864561588,61195700
2025-10-29,634.15234375,635.3891789092543,628.6463695521778,633.9728090539653,67422800
2025-10-30,624.45703125,631.8880872300178,624.3473257513068,630.5614543099158,61628600
2025-10-31,627.4694213867188,632.5863736464859,625.0954721134605,632.5564207552092,66305100
2025-11-03,630.4716796875,634.2021534587442,628.2473125587718,633.4939381480045,37154300
2025-11-04,617.67431640625,625.3547359077402,616.8863484805083,621.6940912807667,63830800
2025-11-05,621.6941528320312,625.0056518350635,615.6395900613109,616.9163015661201,48688500
2025-11-06,610.1136474609375,620.4572571227977,608.7471381645778,620.2078932237561,72115100
2025-11-07,608.1885375976562,608.3980251800011,597.1466973484642,606.7621834660789,81835400
2025-11-10,621.6442260742188,622.7214951546598,615.3203917446493,617.3451949289606,55919900
2025-11-11,619.9884643554688,621.1355017301039,615.9487814833327,618.9910087880348,44868800
2025-11-12,619.4996948242188,623.2700450530867,616.2379957742788,623.2501373408774,47444400
2025-11-13,606.8519897460938,616.5472286099415,604.5378855310528,615.9686873362173,71333600
2025-11-14,607.310791015625,611.7893568378086,595.6505328274214,598.0244819828539,80087300
2025-11-17,602.1240234375,610.9215891749508,598.3436886131177,604.7573208445992,63850400
2025-11-18,594.7926635742188,600.7773963408275,589.8353391548725,598.0942387152705,83327300
2025-11-19,598.3436279296875,604.6176011290698,593.0770945294743,595.5507646962523,73111500
2025-11-20,584.1797485351562,612.4676329241026,583.262106516965,610.0637310644662,117743200
2025-11-21,588.568603515625,595.4609945768989,579.2623261905873,585.9751825584982,103344200
2025-11-24,603.6201782226562,605.1363301511908,593.6456226504143,593.7653733267485,60168100
2025-11-25,607.3407592773438,608.7072685888149,595.8001905964915,601.9744432402352,57560900
2025-11-26,612.70703125,614.6221288317284,608.8368989020178,610.9514997668095,42393600
2025-11-28,617.67431640625,617.7441455966097,613.8540448070679,614.5422915350683,23034400
2025-12-01,615.599609375,617.8638528985133,610.961477711232,612.0686387329198,40957600
2025-12-02,620.4172973632812,622.1628444217793,616.0185455630003,617.8837824065502,54541800
2025-12-03,621.9334716796875,622.6316418245013,616.4574507356939,618.0433708850139,47841600
2025-12-04,621.35498046875,623.3498916256304,617.9636071501104,623.339907329069,47067800
2025-12-05,623.8884887695312,627.3197383563271,622.1230338136666,622.7913119974152,53614200
2025-12-08,622.6915283203125,627.2399228158015,620.1080918729878,625.6140655337878,43462400
2025-12-09,623.4595336914062,624.2774544880871,619.4198511857304,621.4247464351753,37156000
2025-12-10,626.0130615234375,627.6090269272694,619.4099106697121,622.2626189242517,55031400
2025-12-11,623.98828125,624.1877845427603,616.148234091509,622.2327496814814,58272800
2025-12-12,612.0586547851562,621.9533965533452,609.8043955563878,620.497150448988,75158700
2025-12-15,608.9865112304688,616.8464661142882,607.7696446385382,616.7966055109866,49538200
2025-12-16,610.1934204101562,611.9489518835392,605.3657088583533,606.7123103516171,55152800
2025-12-17,598.8822631835938,612.0886258751325,598.7526499708691,611.5001003103562,70654300
2025-12-18,607.5601196289062,611.3704070362718,605.375689596093,608.248366375679,78875800
2025-12-19,615.47998046875,616.0485374798797,610.313167643226,610.392981139488,60369800
2025-12-22,618.4302368164062,620.8671665076671,616.9920478025754,620.5674955378034,43703100
2025-12-23,621.3265380859375,621.6261480926279,617.0020349130734,617.42148892244,41120400
2025-12-24,623.144287109375,623.4938829346665,620.9370481838333,621.2067276835874,18468700
2025-12-26,623.1043090820312,624.7322611929134,622.3552536061636,623.873297918951,28959800
2025-12-29,620.088134765625,621.995763643064,617.9508150333834,619.3190849184411,32458300
2025-12-30,618.64990234375,621.3964390816567,618.4401448660525,619.0594201394988,31226800
