Date,Close,High,Low,Open,Volume
2015-01-02,102.78697967529297,104.19572846977661,101.88814378281594,103.7722407010473,46133100
2015-01-05,101.4128189086914,102.59686394686796,100.9374772697832,102.18202057450503,51141900
2015-01-06,99.65835571289062,101.78444598263663,98.8373069244196,101.65481155884777,67446000
2015-01-07,100.88561248779297,100.91153937150938,99.8052817075039,100.30655017825802,32252100
2015-01-08,102.59685516357422,102.7178516863063,101.50787986516956,101.68938124308362,28361700
2015-01-09,101.611572265625,102.70918522819204,101.3868616598295,102.68325834941075,26975200
2015-01-12,101.27450561523438,101.99184667071216,100.45345704876702,101.72392021508914,27316800
2015-01-13,101.35228729248047,103.1845302666695,100.09910650047648,102.06098386473779,49991400
2015-01-14,100.94609069824219,101.20536607772588,99.8657601325239,100.23739411088359,34224200
2015-01-15,99.24351501464844,101.44738599741589,98.94102369471757,101.31775157017141,46199400
2015-01-16,100.85967254638672,101.06710079045598,98.69901112428062,98.88051248629506,41895700
2015-01-20,100.43619537353516,101.18810800170503,99.52872143658813,100.98932422857412,36444400
2015-01-21,100.11641693115234,100.96339921515126,99.64107531550748,100.08185214666081,27333500
2015-01-22,102.15604400634766,102.19061537176566,99.47682582768226,100.73865099327786,37877000
2015-01-23,102.08694458007812,102.64871133714595,101.59431398489416,102.19065211981194,28173400
2015-01-26,103.07218933105469,103.08082722877741,101.17944790699998,101.87950006381361,23006800
2015-01-27,102.57953643798828,103.06352235748737,101.65477385962333,101.86219545457814,26919100
2015-01-28,100.85103607177734,103.2364015679053,100.53125580301834,103.00305303230284,38086100
2015-01-29,102.24248504638672,102.25976743376587,100.33245484718105,101.1362210335054,39299900
2015-01-30,99.99541473388672,101.94865463771256,99.9089895899261,101.53381130917528,49739800
2015-02-02,100.91150665283203,100.98064278905443,98.85455329404837,100.35837800017096,44819100
2015-02-03,102.71784210205078,102.84748310540049,101.35230250855582,101.40416286618492,43920000
2015-02-04,102.33757019042969,103.05490476726517,102.06964369178961,102.34620808852283,28597100
2015-02-05,103.65988159179688,103.9278014647623,102.50176378494444,102.64868716084067,32337100
2015-02-06,103.54753875732422,104.42044784235411,103.14997783587881,103.79817628050371,31694900
2015-02-09,102.72647094726562,103.90187110265967,102.6054744542528,103.19317453194982,32367900
2015-02-10,103.38331604003906,103.57344868052414,102.06963038150458,103.3055288106372,28960800
2015-02-11,103.23639678955078,103.55617704350857,102.51906223178815,103.16726063756721,23794200
2015-02-12,104.41180419921875,104.50687383270875,103.57346648234282,103.85003748436142,27854600
2015-02-13,105.03407287597656,105.17235837318074,104.27352242279983,104.49823305884891,20446900
2015-02-17,105.36249542236328,105.49212983100065,104.80072214094525,105.1464292828806,16868500
2015-02-18,105.474853515625,105.48349800797044,104.68836955758155,105.06000360264751,20450200
2015-02-19,105.4834976196289,105.76869992782179,105.0427208250535,105.23286009305919,16620500
2015-02-20,105.7686996459961,105.9069851473829,104.4895917272462,105.31064046182962,30331600
2015-02-23,105.87240600585938,105.89833288701365,104.80935772182801,105.526698871567,25778200
2015-02-24,106.01068878173828,106.34775141574063,105.60448340388545,105.84647641354714,20023600
2015-02-25,106.13167572021484,106.339097339255,105.63904525386047,105.93289199801616,17059600
2015-02-26,106.52059173583984,106.56380759516512,105.72547003724395,106.03660576170572,24379000
2015-02-27,105.94155883789062,106.61568418734406,105.91563195426792,106.33047527986275,23821700
2015-03-02,106.71073150634766,106.97865137283887,105.89832082238797,105.91560980373124,29683500
2015-03-03,106.07984161376953,106.46876466372882,105.66499827305883,106.46876466372882,23068400
2015-03-04,105.75141143798828,105.96747757665794,105.10321302197927,105.62177043602343,22822500
2015-03-05,106.06254577636719,106.23539604744828,105.36249360652903,105.89833340316952,19725600
2015-03-06,104.72291564941406,106.03660122849391,104.47227818243417,105.42297429643172,37319900
2015-03-09,105.1810073852539,105.37114666709284,104.6797388894612,104.89580505631162,17556300
2015-03-10,103.97105407714844,104.3167547087936,103.56484858176681,104.23897404481849,32440300
2015-03-11,104.610595703125,104.69702085074634,103.60804552803242,104.11796510848568,20914500
2015-03-12,106.34774780273438,106.43417293270382,105.215556840546,105.28469958204745,41063300
2015-03-13,105.96746063232422,106.468735576399,104.75748913048702,106.25266947227858,26371000
2015-03-16,106.58975219726562,106.80581834219133,106.20082918011008,106.39961293472052,19906300
2015-03-17,106.87496185302734,106.97866938328914,106.10576030529772,106.27861717875992,23142600
2015-03-18,107.7305908203125,108.13679626413757,106.17491180009222,106.65025999899733,40292600
2015-03-19,107.9380111694336,107.99850943093345,107.4367360919684,107.47995196181802,34008200
2015-03-20,108.8886947631836,109.03562475601854,108.30099457329058,108.34421044068009,34165600
2015-03-23,108.79363250732422,109.17391106592879,108.7158518533275,108.85413076948258,17132400
2015-03-24,108.7676773071289,109.16523815407469,108.60347154905598,108.6985345701433,30115600
2015-03-25,106.16960144042969,108.8830051931264,106.09157673854779,108.82232225341573,42514000
2015-03-26,106.03952026367188,106.55099621037455,105.36333732899853,105.84012976588639,26899200
2015-03-27,106.71572875976562,106.82843035183413,105.6407711859803,106.09155771242473,23066800
2015-03-30,108.1634521484375,108.35417180980123,107.23586647957634,107.25320823821471,20487000
2015-03-31,107.81669616699219,108.1114399239328,107.40925082091529,107.738671481133,24507800
2015-04-01,107.86004638671875,107.86004638671875,106.54235702133087,107.69533934976,31955200
2015-04-02,108.05941772460938,108.58822887550663,107.7473322383768,107.80801515992522,23586400
2015-04-06,108.53621673583984,108.77895505055177,107.39190542225482,107.4179180592882,22045600
2015-04-07,107.84269714355469,108.79628879024237,107.8166911207998,108.33683141772556,20214700
2015-04-08,108.77030181884766,108.93501547706882,107.8253742716103,107.8253742716103,19314400
2015-04-09,108.38018035888672,108.99568713997104,107.29655190674885,108.67493073711867,22325300
2015-04-10,108.90032196044922,109.04769383535817,108.55355955000127,108.74427920644479,14966300
2015-04-13,108.96965789794922,109.56782282885011,108.86563381531754,108.96099363369136,22819200
2015-04-14,108.94367218017578,109.29910549925219,108.17212922514153,109.0043551110006,22600800
2015-04-15,109.70654296875,110.20934152482772,109.16039001671471,109.36845143365336,37282300
2015-04-16,109.64585876464844,109.87991958854835,109.368450159239,109.63718788555796,24439900
2015-04-17,107.86870574951172,108.83963917724937,107.33989456102297,108.46687074296948,48283500
2015-04-20,108.92633056640625,109.18639741995118,108.21547058440792,108.40619024537337,24602300
2015-04-21,108.81362915039062,109.44647106151491,108.72694019907111,109.27309315887587,13844600
2015-04-22,108.97836303710938,109.12573494313028,107.90340529033291,108.81364936923643,21991300
2015-04-23,109.47248077392578,109.69787734610516,108.58824285836553,108.77896252606014,18025800
2015-04-24,109.10838317871094,109.62852351800521,108.96101129513383,109.51582853890682,14992500
2015-04-27,107.90338134765625,110.01862607604208,107.5306129178824,109.41179021081292,32924600
2015-04-28,108.50155639648438,108.68360518875377,106.84576889250405,107.96407428553897,35654900
2015-04-29,107.32254791259766,108.27613947990392,107.17516943935063,107.90337108558195,26437900
2015-04-30,105.05127716064453,107.0104792583413,104.6004906336945,106.68105197524012,72393800
2015-05-01,105.73616027832031,105.90087396526577,104.81724521208784,105.34604995880925,47996200
2015-05-04,106.1175537109375,106.93243768256941,105.58874257952567,105.87481541974574,37675100
2015-05-05,104.76522064208984,106.29964257409773,104.27108622299036,106.06557507276686,56891600
2015-05-06,105.1292953491211,105.32001501555713,104.23638655984615,104.99059434604055,34348300
2015-05-07,105.52806854248047,105.96151989232169,104.52245823615631,105.01659251041761,29826100
2015-05-08,106.31696319580078,106.8457744544678,106.10890836722575,106.56836581171984,26357100
2015-05-11,106.37764739990234,107.20120907166606,106.14358654170363,106.28228755776186,28406700
2015-05-12,106.1869125366211,106.55968097153611,104.78253436029145,106.06554668468996,34961600
2015-05-13,106.1869125366211,106.81108355452,105.76213205486214,106.42097997530462,27214700
2015-05-14,107.31388854980469,107.37457147567373,106.15223546524204,106.69838841200635,23293200
2015-05-15,107.19251251220703,107.25319543230975,106.57701243289598,107.11448783553655,22055600
2015-05-18,108.40620422363281,108.50156406641155,106.7764226299191,106.9758131958957,30846000
2015-05-19,108.2588119506836,108.4061904432988,107.76467765270873,108.18946475797749,23256800
2015-05-20,108.45821380615234,108.76162847446713,107.79069492191609,108.51022585959382,20838500
2015-05-21,108.33682250976562,108.77027382388715,107.91204207383034,108.34549338795186,16229300
2015-05-22,107.86870574951172,108.57089483648014,107.49593731523183,108.15478523455177,22601400
2015-05-26,106.83708953857422,107.53061436130476,106.21291852090532,107.44392541194915,44037800
2015-05-27,108.14613342285156,108.2501641486469,106.44700458519188,106.94113895831768,32086300
2015-05-28,108.05077362060547,108.11145655719085,107.29656573966378,107.88605995818344,18631900
2015-05-29,107.40058135986328,108.12878311041197,106.90644705604005,108.02475239920699,33468900
2015-06-01,107.73869323730469,108.27617542572112,106.65506459336022,108.09412660721178,35649400
2015-06-02,107.94673156738281,108.63158555923494,107.0451584938478,107.32256711969166,29477600
2015-06-03,109.02169799804688,109.16906988672497,107.86004480660294,108.15479519790262,30774800
2015-06-04,107.92940521240234,108.9003387889072,107.56530760144197,108.43221045455364,25820600
2015-06-05,108.70960235595703,108.81362644938113,106.90644311192023,107.6953277614149,36626500
2015-06-08,108.20680236816406,108.90032722257148,107.99007667790465,108.60557684456822,18798700
2015-06-09,107.87738800048828,108.24148559404259,107.06249724105795,108.1114488495036,23928300
2015-06-10,109.22105407714844,109.64584110289981,108.23278566619616,108.30213945986273,42563500
2015-06-11,109.49848175048828,109.6978722885972,109.1517259495139,109.37711589735865,17489400
2015-06-12,109.16905975341797,109.35977940997765,108.73560839357972,109.16038887431719,23578600
2015-06-15,108.82229614257812,109.0563635781173,107.4439240081869,108.45819859167585,30618300
2015-06-16,109.5938491821289,109.79323973406895,108.64025743541575,108.69226948638124,32800900
2015-06-17,109.42915344238281,110.0619888409154,109.20375684169937,109.87126914910205,32467000
2015-06-18,110.89420318603516,111.17161842791207,109.87125763041588,109.94061144088512,39642100
2015-06-19,110.84217834472656,111.10225179700377,110.61678179368248,110.80750144349342,23310900
2015-06-22,111.60505676269531,111.6917390947234,111.09357412382296,111.3276415532808,25230000
2015-06-23,111.83912658691406,111.90848039895562,111.31031534449835,111.55304707270028,23378500
2015-06-24,110.89420318603516,111.91715535559781,110.72949615359997,111.62239835413187,26436800
2015-06-25,110.83350372314453,111.3276379746305,110.31336345009758,111.26696166694981,24100900
2015-06-26,110.53008270263672,111.2582777198678,109.94058866366498,111.05022955944982,38219900
2015-06-29,107.73869323730469,110.15735316426209,107.59132132907489,109.77591376513143,49224900
2015-06-30,108.24147033691406,108.64024478039927,107.74733606847126,108.51887893298823,39631300
2015-07-01,108.562255859375,109.36847584159463,107.54797441378332,109.03037761710112,28627700
2015-07-02,107.76042938232422,108.78771441068926,107.40349491014686,108.6571260361851,31486400
2015-07-06,107.72561645507812,108.39596708022701,106.92468408399236,107.0291561227432,27852200
2015-07-07,107.84748077392578,107.94324513437972,105.80161848077387,107.84748077392578,39347100
2015-07-08,106.20208740234375,107.38607712459206,105.58397619531713,106.90726195171254,40724500
2015-07-09,106.58517456054688,107.54281181520899,106.44587848757665,107.38610705411867,29770400
2015-07-10,108.06513977050781,108.24796085257782,107.39479580291781,107.81267066422033,28735800
2015-07-13,109.283935546875,109.37969990383093,108.60488402809669,108.62229271027046,21349900
2015-07-14,109.89336395263672,110.12841773203486,109.17078064537392,109.22301334257325,21009500
2015-07-15,109.31009674072266,110.11103593134047,109.0576275726152,109.96303218313761,22238300
2015-07-16,109.9630126953125,110.33736254830097,109.66701853536897,109.78889926499296,33568400
2015-07-17,109.48419952392578,110.02395515338645,109.13596601465977,109.96301478741503,24739900
2015-07-20,108.89218139648438,109.57123294206203,108.61359597670892,109.50158492661808,23271100
2015-07-21,108.3785400390625,109.51900475232512,108.0477219151088,108.88347820878178,28118700
2015-07-22,108.77899932861328,108.90088003197083,107.84747872895203,108.02159876374863,20654200
2015-07-23,107.57762145996094,109.16207754728458,107.34256767073224,108.81384405338898,39712100
2015-07-24,105.84516906738281,107.69950297103226,105.76681337573486,107.49927319393474,39533000
2015-07-27,104.96586608886719,105.61880131127666,104.70468934310317,105.45338892949275,35627200
2015-07-28,105.8625717163086,106.04539279705949,103.89505821936866,105.2705767987338,53474800
2015-07-29,106.15852355957031,106.49804921616611,105.3140599268071,105.6535855834029,32411300
2015-07-30,106.46327209472656,106.59386047599006,105.34893030634656,105.88868587396756,29383900
2015-07-31,107.04652404785156,107.6646350972648,106.40229665919533,106.60252635472419,31812700
2015-08-03,106.51551818847656,107.22069287919939,105.7407021087209,107.1075131682676,34033200
2015-08-04,106.26302337646484,107.04654693124301,105.87126492007586,106.55031645355021,21728900
2015-08-05,106.50678253173828,107.54277513459108,106.13243940781676,106.72442759001828,25673500
2015-08-06,105.07035064697266,106.78539509843608,104.2781192944687,106.61998269692397,42225300
2015-08-07,104.36517333984375,104.8527028681608,103.66000535899383,104.59152609791948,42261400
2015-08-10,105.56658172607422,105.79292784903892,104.73952635646799,104.75694168408151,28798900
2015-08-11,104.6611557006836,105.4185562454701,104.1649252381683,104.88750841891864,33383800
2015-08-12,104.46094512939453,104.7656469549754,102.70237556318375,104.09530293869749,46500100
2015-08-13,104.11267852783203,104.98325869102287,103.93856515199369,104.55667627081922,35698300
2015-08-14,104.78304290771484,104.89621595286029,103.61646188006011,104.02563567389423,21091500
2015-08-17,105.88866424560547,105.93219591113537,104.12138755388528,104.49573729464372,22328200
2015-08-18,105.04421997070312,105.74068021081393,104.92233262063328,105.74068021081393,26360400
2015-08-19,103.95600891113281,104.9049383604233,103.37271499431981,104.38259144802478,45178900
2015-08-20,101.32685852050781,103.25954819131424,101.32685852050781,103.02448774918818,51879800
2015-08-21,100.14286804199219,101.56191842554026,99.56828839917038,100.22992475854073,79168300
2015-08-24,96.23395538330078,100.04709503205572,94.24903319238722,95.33725866038817,83809200
2015-08-25,95.49395751953125,99.33321328064156,95.38077782694022,99.28968824979947,59240200
2015-08-26,97.92288970947266,98.10571080277091,95.25890907655138,97.35701110145334,51605300
2015-08-27,99.67276763916016,100.22123764935988,97.81843341544399,98.63678127701014,49533700
2015-08-28,100.65650177001953,100.72614314962273,99.42898029675057,99.55956867675805,41601400
2015-08-31,100.29085540771484,100.96991367180757,99.9078045636125,100.20379869960072,29250900
2015-09-01,97.41793823242188,99.35062758760783,97.15676148204514,98.47133961280687,45129200
2015-09-02,99.16781616210938,99.2200488604635,97.57465244229536,98.73252596382147,26865800
2015-09-03,99.0110855102539,100.22989243285299,98.85438081420551,99.31578724090367,33334500
2015-09-04,98.26242065429688,98.98499740099255,97.7487747199449,97.96641983880548,31154600
2015-09-08,100.50850677490234,100.61297881636332,99.34193220092808,99.73369073290417,29916300
2015-09-09,99.35063171386719,101.35296252924773,99.25486734421844,101.13531744222806,40963000
2015-09-10,99.8033218383789,100.36049268102998,99.01109724479706,99.02850592775475,29877900
2015-09-11,100.2734375,100.29084618322119,98.95015838917438,99.38544853170919,27949400
2015-09-14,99.81204223632812,100.58685824581457,99.62051348935373,100.56944291863442,22365800
2015-09-15,100.93510437011719,101.15274949312192,99.8817027718145,99.99487584465624,26745300
2015-09-16,101.80565643310547,101.87529780509821,100.80448781845764,100.94377720444334,27127800
2015-09-17,102.15387725830078,103.50327922217429,101.57929778138677,101.7882351691737,50405400
2015-09-18,100.74356079101562,101.7186065478751,100.46497534019849,100.77838480261791,42736100
2015-09-21,100.56075286865234,102.11909272123683,100.18640299745046,101.45744969822844,33021700
2015-09-22,99.0372314453125,99.88169552401364,98.41912013787183,99.63792742465536,35786900
2015-09-23,98.74121856689453,99.61179888924485,98.43651678247205,99.26356543190458,25506800
2015-09-24,98.57582092285156,98.74122668113013,97.39183105579858,98.19276342409874,39810300
2015-09-25,97.27841186523438,99.4523822824967,96.85060523457386,99.37380174809574,43750300
2015-09-28,94.55438995361328,97.04266197111694,94.18769197651328,96.95535546649668,56765300
2015-09-29,93.88214874267578,95.26161464615105,93.4106854594224,94.51076645368029,49980700
2015-09-30,95.3401870727539,95.54099809555828,94.21392146231811,94.71157603241586,50834500
2015-10-01,95.17431640625,95.75927757011752,93.79485038254212,95.48862528914704,44985900
2015-10-02,96.58867645263672,96.58867645263672,93.52417557413892,94.27502365119382,58019200
2015-10-05,98.89360809326172,99.0507625045293,97.38318587596983,97.4879577038352,45220500
2015-10-06,98.2126235961914,99.24285675484049,97.59273850275046,98.8412413419518,34140000
2015-10-07,99.95003509521484,99.96749373530628,98.33483445273907,98.74518243602489,36371000
2015-10-08,100.84931945800781,101.05885647458571,99.48731219759729,99.86273629370777,43072200
2015-10-09,101.05009460449219,101.39932730518379,100.75325113859316,101.03263596693449,26497200
2015-10-12,100.90168762207031,101.26837901392517,100.46514834765432,101.09376596858306,22984000
2015-10-13,99.52224731445312,101.53906380647018,99.46986471969453,100.5000979366754,37445300
2015-10-14,98.54439544677734,100.1857810077898,98.40469965721277,99.56589592898624,39987400
2015-10-15,100.90168762207031,100.90168762207031,98.3610325087208,98.82376307383203,42503400
2015-10-16,100.77072143554688,101.10249553706778,99.90637556364972,101.10249553706778,33685600
2015-10-19,100.96282958984375,101.46048422801864,100.09848346271103,100.31675315771867,24949500
2015-10-20,100.82311248779297,101.5390366224302,100.43022314910068,100.91041900937104,20531400
2015-10-21,99.28649139404297,101.25965073488648,99.225376163449,101.20726149361981,34060300
2015-10-22,100.15959167480469,100.77074411346848,99.29524560839103,99.88893940354815,36882600
2015-10-23,101.14616394042969,101.32078367340274,100.16832008002746,100.97155086851835,40172500
2015-10-26,100.45643615722656,101.1636344553382,100.34293832074393,100.92789946894696,19783300
2015-10-27,99.35633850097656,100.29053225338399,98.74517953873757,100.04606467185208,38189200
2015-10-28,102.25497436523438,102.27243300744915,99.46111867550314,99.65319704517323,65529900
2015-10-29,101.16363525390625,102.24625101840536,100.8929763169849,101.92320948901114,27252000
2015-10-30,100.70085906982422,101.30328529503694,100.47386348266367,100.89293738285201,28018700
2015-11-02,102.79625701904297,103.08437451231066,100.77071523850725,100.79690652679338,33836900
2015-11-03,103.3288345336914,103.92252815365146,102.49068001040544,102.6652930381925,28626300
2015-11-04,103.27648162841797,103.89636671453017,102.75263573349828,103.59079049758218,25696000
2015-11-05,103.35504913330078,103.54712750382551,102.22877686518343,103.23281865406896,27141300
2015-11-06,104.08841705322266,104.21064750707029,102.40337532682567,103.03199289579078,35141300
2015-11-09,102.86611938476562,104.14954598004884,102.38592349501305,103.95746762414781,32983100
2015-11-10,103.17169189453125,103.17169189453125,102.11526763566481,102.42957645032632,21892200
2015-11-11,102.27239227294922,103.32008357614562,102.22000970610705,103.29389229272454,22037600
2015-11-12,100.31674194335938,101.70493385111261,100.16832016600118,101.565244725676,39916100
2015-11-13,99.5920639038086,100.70087066432646,99.2341051837272,99.91510534573695,43883000
2015-11-16,100.44771575927734,100.48263304855321,98.9722104975305,99.49605643048021,28979100
2015-11-17,100.06354522705078,101.40808715567766,99.92384944487897,100.53500850028838,34441000
2015-11-18,101.75732421875,101.84463075573912,99.98496887866804,100.34293433970377,35554300
2015-11-19,101.32950592041016,101.84462578732126,101.05012101903749,101.66128007026997,25512500
2015-11-20,101.98429870605469,102.46449455137669,101.60887468000122,101.69618785992189,31697700
2015-11-23,102.4906997680664,102.92723908274803,101.87081474054587,101.89700603365695,22716400
2015-11-24,103.24153137207031,103.3899531166146,101.7660265934376,102.04541144360459,24994500
2015-11-25,104.04478454589844,104.17574767992065,103.11932327798172,103.28521035848064,20772600
2015-11-27,104.43765258789062,104.68211350216758,103.79156970180402,104.13206978398411,14129300
2015-11-30,103.9836654663086,104.83055281918645,103.94001553062031,104.78689622243671,30165400
2015-12-01,104.67340087890625,104.69086618244494,103.80905486346572,104.42893991785733,27899900
2015-12-02,103.54712677001953,104.80436216013605,103.4161636400388,104.53370990962098,22238300
2015-12-03,101.80096435546875,104.2892370559314,101.39934899513628,103.83523911066113,39485400
2015-12-04,102.83121490478516,102.9621780505108,101.57397936351862,101.80098170537225,32669900
2015-12-07,101.28584289550781,102.73514980250434,100.8493036272102,102.70895851217618,29621400
2015-12-08,100.72710418701172,101.28587408963836,99.93259927670852,100.36913867945199,30946000
2015-12-09,99.60079193115234,101.42552270820295,99.18171134110293,100.43021380052808,41980400
2015-12-10,99.93257904052734,100.4738901882972,99.22538748282808,99.43492448861652,31278800
2015-12-11,97.70622253417969,98.95471845080912,97.37444842615395,98.89360321949817,52609300
2015-12-14,97.00775909423828,98.11656593182549,96.28310229257835,97.67130066329199,53400400
2015-12-15,98.4046630859375,98.62293268021766,97.43554555444886,97.54905000655256,48273900
2015-12-16,99.90636444091797,100.09844276019085,98.5094402931058,99.08566858986468,44560600
2015-12-17,98.84121704101562,100.35164578995298,98.63168006429925,100.32545450049598,41318000
2015-12-18,97.33079528808594,98.561832524224,97.29587134833629,98.36102819698905,49876600
2015-12-21,98.06419372558594,98.33484597561258,97.34826949885297,97.93323059584155,26479300
2015-12-22,98.96345520019531,99.11187695937491,97.60145475396193,98.34357021092086,28108700
2015-12-23,100.21198272705078,100.36913717612708,99.29525399165782,99.46113443269317,29609700
2015-12-24,100.40137481689453,100.98011084361913,100.09447238907293,100.34876488354544,13370500
2015-12-28,99.9366226196289,100.02430806021626,99.05098428276497,99.94539317067873,22125500
2015-12-29,101.01516723632812,101.09408881660671,100.02430903707061,100.38382804395125,22841500
2015-12-30,99.99801635742188,101.14671116837224,99.96294083854163,100.8836548117272,21273200
2015-12-31,98.75285339355469,99.93662357775892,98.65639740099276,99.57710457094255,39517700
2016-01-04,96.4642333984375,97.1832647629694,95.64874603586114,96.99035276688048,66665900
2016-01-05,96.67467498779297,96.96404296749898,96.06087020354117,96.81497704703361,28253300
2016-01-06,95.2015151977539,96.104687756624,94.70170093265256,95.31550557752479,35569200
2016-01-07,92.65861511230469,94.26328472768036,92.50077864702233,93.57932894144683,52482000
2016-01-08,91.06270599365234,93.3776361022251,90.89610568589352,92.83398242958673,60299300
2016-01-11,90.66813659667969,91.8782118155338,89.71234716594164,91.37839741101028,47144800
2016-01-12,90.93994903564453,92.06233862953637,89.38789613877184,91.38715343913789,53702900
2016-01-13,88.02001953125,91.5625675410217,87.3799095496418,91.11536961632758,70591600
2016-01-14,89.23883056640625,90.06308841614232,86.97651679006059,88.44088436950939,69373400
2016-01-15,87.79199981689453,87.94106572587872,85.5033744990741,86.88005657198023,85759200
2016-01-19,86.60823059082031,88.73901963526038,85.7050578175339,88.62502922842778,51391100
2016-01-20,86.96775817871094,87.97615759694088,83.35506003938987,85.43323936096093,94385800
2016-01-21,86.76607513427734,88.48474208772902,86.26626070403029,87.09928921442277,65798200
2016-01-22,88.88806915283203,89.09851549921923,87.80074853489927,88.25672342370171,46056700
2016-01-25,86.91514587402344,88.63380610020837,86.6783878022188,88.33566754496752,35019600
2016-01-26,88.65132141113281,88.91438439201417,86.96773706540677,87.26586886643409,33349600
2016-01-27,87.43247985839844,89.08098876926562,86.86251450044884,88.20412104625694,47973900
2016-01-28,87.41497039794922,88.51981922751344,87.00284138010801,88.1690773901753,41951100
2016-01-29,90.28228759765625,90.29982869609798,87.65168478878526,87.72183580261435,42245300
2016-02-01,89.87017822265625,90.39629756041111,88.78286403263347,89.5632758331301,33615700
2016-02-02,87.93231201171875,88.97578695434154,87.48510750917023,88.85302598344136,39692700
2016-02-03,88.04627990722656,88.62500905088457,86.05578668668785,88.61623850159566,55262500
2016-02-04,88.3882827758789,89.41421656430249,87.66048084803482,87.68678581338351,51188400
2016-02-05,85.96812438964844,88.07260855718609,85.89797335640401,87.99368697229342,53366600
2016-02-08,84.55636596679688,85.06495091891618,83.24983476011928,85.06495091891618,61107700
2016-02-09,83.98639678955078,85.17016698121766,83.31997538854993,83.41643138171995,55857200
2016-02-10,84.03024291992188,85.86289341161564,83.89871141186467,84.57389667460174,42756100
2016-02-11,83.11830139160156,83.6531912965552,82.1099020614445,82.49572604271482,57923200
2016-02-12,84.69667053222656,84.872048133006,83.46906077662757,83.88118977599498,40097300
2016-02-16,86.70469665527344,86.89760866614219,85.24909940139585,85.74891384320526,38882100
2016-02-17,88.06383514404297,88.64256442457776,87.27465277061324,87.30972828609573,40940400
2016-02-18,87.64292907714844,88.24796996640971,87.28341677785595,88.13397956711601,35043600
2016-02-19,88.08137512207031,88.17783112324894,86.90637538403388,87.30096325069485,32424800
2016-02-22,89.06348419189453,89.44930826004777,88.7741161407796,88.86180160445842,28867400
2016-02-23,88.24796295166016,88.99329914311608,88.16904807149201,88.77408222268966,29857100
2016-02-24,89.09854125976562,89.28268270234025,86.7836107102978,87.3535761411073,36909600
2016-02-25,89.9140396118164,89.96664954756679,88.90564014011456,89.2563886550506,22612600
2016-02-26,90.48400115966797,90.72952310240646,90.0543310699044,90.37000405055996,27474700
2016-02-29,90.08062744140625,91.22055150926171,90.07185689066205,90.43136919153405,32014400
2016-03-01,92.01851654052734,92.01851654052734,90.37877121306492,90.86105121819239,36422700
2016-03-02,92.96553039550781,93.02691087997214,91.7116090500472,91.88698664135316,24937100
2016-03-03,93.93885040283203,93.95639150622327,92.87784110666858,92.99183820879931,28216300
2016-03-04,94.4561996459961,94.98231898332101,93.53548578819975,93.88623424307313,38180900
2016-03-07,95.48212432861328,95.56980976154763,94.00898630941929,94.00898630941929,38739900
2016-03-08,93.17597198486328,94.95601250421672,93.07074544308983,94.95601250421672,46193900
2016-03-09,93.64947509765625,93.83361651591372,93.00935871897762,93.49163864058274,25627200
2016-03-10,92.8866195678711,94.25453139015423,91.90452508342831,93.91255343458344,47051200
2016-03-11,94.87710571289062,94.99110282340527,93.52673501116632,93.6407254317097,33625000
2016-03-14,94.6316146850586,94.9998977240357,94.17564616394029,94.58777528897473,24422700
2016-03-15,93.158447265625,94.07039071812385,92.9743058026163,94.00901023045428,34258400
2016-03-16,93.81609344482422,94.11423200546847,92.71124472294836,92.71124472294836,37952200
2016-03-17,95.254150390625,95.66627934296395,93.23735838658537,93.81608767818956,41724500
2016-03-18,96.11347198486328,96.41160380052646,95.31551914299446,95.37689961621746,36512600
2016-03-21,95.885498046875,96.40285355709166,95.64874667099333,95.96441963214941,29903700
2016-03-22,95.77149200439453,96.18362089697408,95.11384122431305,95.38566807262309,23602100
2016-03-23,94.0010986328125,95.50504508427437,93.93074362688486,95.46107404432743,39243300
2016-03-24,94.28250885009766,94.3001026285401,92.99843813627676,93.43818865649187,30924300
2016-03-28,94.39683532714844,94.792608057012,93.7108256833532,94.48478407711151,21096400
2016-03-29,97.01775360107422,97.0441375575838,93.90431924180156,94.14178827050803,46761100
2016-03-30,97.02654266357422,97.73014609402284,96.7890803640821,97.52785792699949,35683500
2016-03-31,97.2991943359375,97.77412568661921,97.04413823779028,97.16727455246497,28555900
2016-04-01,97.73014831542969,97.81809706871994,96.28776728927834,96.40209999754968,29981400
2016-04-04,96.9122314453125,97.90606530436919,96.83307285455766,97.54547333110693,21529400
2016-04-05,95.8128433227539,96.62198265121856,95.72488785265361,96.19102902998026,32515800
2016-04-06,96.89461517333984,96.98256392371584,95.50500210319666,95.8040359065465,28157800
2016-04-07,95.58416748046875,96.63956598023643,95.10043925387356,96.19102530836817,33298400
2016-04-08,95.96237182617188,96.8066921321165,95.54020831816891,96.40212240489686,26151700
2016-04-11,95.66333770751953,97.22885540037174,95.64575063684089,96.5164549017522,25842100
2016-04-12,96.69236755371094,96.90344597048718,95.36431881511736,95.68093979531267,25058700
2016-04-13,98.7767562866211,98.88229882344356,97.19365849464535,97.2552232969434,40534700
2016-04-14,98.65363311767578,99.11976760977784,98.3985770029281,98.73279170297157,25538600
2016-04-15,98.89985656738281,99.05816697064733,98.38095434616247,98.41613518133883,21176100
2016-04-18,99.64744567871094,99.72659753175319,98.38975923658924,98.48650486368004,19428300
2016-04-19,99.72662353515625,100.37745243342063,99.2868730101013,99.83216607679122,23228100
2016-04-20,99.87612915039062,100.44780612945304,99.35722679297363,99.72661559419183,21422500
2016-04-21,99.37481689453125,100.19275309938125,99.08458666188912,99.79698033028552,20535700
2016-04-22,100.35987854003906,100.43024024369943,99.36604463856665,99.36604463856665,29094500
2016-04-25,99.64744567871094,100.18394171619313,99.21648544528509,100.08719608910232,16369600
2016-04-26,100.62372589111328,100.72926173058241,99.53313967615158,99.9728902341023,30564100
2016-04-27,100.97549438476562,101.18657942825178,100.17515206923981,100.68526419257583,24360300
2016-04-28,99.82337951660156,101.14263122827472,99.55073631007537,100.50059244283352,26126500
2016-04-29,98.92626190185547,99.78816900633505,98.25783935446167,99.39239629449064,33284500
2016-05-02,99.80575561523438,99.83213956612167,98.6624018696877,99.23407874246104,21881000
2016-05-03,98.16993713378906,98.99666378968054,97.56307909196657,98.9878736079602,37929600
2016-05-04,97.3607177734375,98.49527439969337,97.07048766304528,97.61577376322128,30767200
2016-05-05,96.97379302978516,97.91485893707232,96.83306963315188,97.75654847089032,26249200
2016-05-06,97.54545593261719,97.56304299961411,96.34053718650108,96.56920931782047,25497400
2016-05-09,97.8268814086914,98.40734847399764,97.29917553651987,97.55423158538707,23427000
2016-05-10,98.81193542480469,98.85591315856918,97.68617522505849,98.20508430122717,18635300
2016-05-11,97.58942413330078,98.7415682249916,97.51027226901348,98.59205467463136,23604600
2016-05-12,97.07054138183594,98.05557834536695,96.30537298904075,97.7917320344473,34803000
2016-05-13,96.42848205566406,97.57183595612543,96.18222286727168,96.79787083825263,24510300
2016-05-16,97.65103149414062,98.08198526657229,96.63081344164041,96.67478448205684,27337000
2016-05-17,96.10308074951172,97.99400942710699,95.66333020635285,97.51907803528813,46676300
2016-05-18,96.60437774658203,97.32557494200168,95.680905807434,95.69849287339227,35734400
2016-05-19,95.83043670654297,96.54283043289658,94.97731958680258,95.90079840323637,36995600
2016-05-20,97.43992614746094,97.43992614746094,96.06790660017803,96.12067451813175,37404500
2016-05-23,97.32556915283203,97.96760102804154,97.18484579329844,97.4223080749375,23721700
2016-05-24,99.33086395263672,99.57712320579789,97.86209190403444,97.89727275592338,41124300
2016-05-25,99.91132354736328,100.17517656120113,99.45398592811335,99.64747724358632,26202900
2016-05-26,99.79698944091797,100.2807110128547,99.60349812811896,100.06083574104869,15157200
2016-05-27,100.79082489013672,100.79082489013672,99.83217191032858,99.87614293936716,21265100
2016-05-31,101.14259338378906,101.61752462749389,100.70284297777259,100.98428296922079,32764400
2016-06-01,101.82861328125,101.9781268240602,100.6324915186497,100.79959883711955,26806100
2016-06-02,102.61138153076172,102.61138153076172,101.4680342404052,101.57357006747984,23303300
2016-06-03,101.9957504272461,102.4355010065064,101.14263322987128,102.4355010065064,28733200
2016-06-06,103.0950927734375,103.41171362257748,102.03089752885111,102.0924623211806,26946000
2016-06-07,103.39413452148438,103.76353003794573,102.86643526804536,103.15667220595783,21038500
2016-06-08,104.1593017578125,104.34399615916425,103.47329206420316,103.4820889528561,27999900
2016-06-09,103.4908676147461,103.72833661152939,103.15665969378578,103.72833661152939,23440700
2016-06-10,102.08367156982422,102.7960651681808,101.74946363566941,102.53221891807739,32686800
2016-06-13,100.97549438476562,102.1804130119436,100.7820031165996,101.71427861684867,36169500
2016-06-14,100.68527221679688,101.239355402473,99.97287188085926,100.60611364166613,34267600
2016-06-15,100.75563049316406,101.63513147640764,100.6676817368517,101.04586742804884,24197700
2016-06-16,100.7468490600586,100.78202319758888,99.28687408031011,100.01686157018436,36306600
2016-06-17,100.31588745117188,101.07225888973558,99.98167946834205,100.62371818621516,30096400
2016-06-20,101.40648651123047,102.4179074779714,101.40648651123047,101.84623709157394,28219800
2016-06-21,101.21297454833984,101.50321148261169,100.55334881230019,101.44163997225708,34706800
2016-06-22,100.81719207763672,101.91656827162235,100.69406248071512,101.40646281725844,27226100
2016-06-23,102.74332427978516,102.82248287267511,101.78467124520006,101.86382312802871,30240300
2016-06-24,98.83830261230469,100.29827723682008,98.06434428380263,98.45132680308313,74945400
2016-06-27,95.59296417236328,97.6861741002861,95.15321368002202,97.6861741002861,58358800
2016-06-28,97.07054138183594,97.51908212341765,96.36693779926144,96.43729949953111,42040600
2016-06-29,99.278076171875,99.42759645011661,98.09075109562771,98.24026466380882,34031600
2016-06-30,101.12503814697266,101.16021228567267,99.0054373020449,99.48916558492988,42973800
2016-07-01,101.4856185913086,101.97813699796531,100.96671622858955,101.1865914758556,24401900
2016-07-05,99.99050903320312,101.37132586226735,99.4452157892816,101.16024071039037,29347200
2016-07-06,100.71649932861328,100.82262152204846,99.31925414282492,99.52265332684745,24678300
2016-07-07,100.92874908447266,101.68927469477242,100.29203608816671,101.00834242583198,20780600
2016-07-08,103.28106689453125,103.54636227120965,101.8307639119002,101.91919570412634,37964800
2016-07-11,104.47489929199219,104.7313561787438,103.88239893996905,103.961985518489,26987300
2016-07-12,105.87214660644531,106.49117583107537,105.08509227216744,105.23542697716152,44153000
2016-07-13,105.45653533935547,106.46467274750057,105.19123318061658,106.41161501451846,28050200
2016-07-14,105.56266021728516,106.43814656816349,105.50075727827183,106.38508883384188,19345400
2016-07-15,105.8544692993164,106.15514549342019,105.48305171858235,106.02249442975422,23857300
2016-07-18,106.03135681152344,106.42930332008011,105.52728808545822,105.70415170105798,17422400
2016-07-19,105.50074005126953,106.09324047749382,105.17353500024811,105.90753169077784,19734100
2016-07-20,106.19051361083984,106.50887344703666,105.18237637852091,105.72181905947036,22390500
2016-07-21,105.68645477294922,106.65037282673556,105.45652670399755,106.1286205033643,19018700
2016-07-22,106.4735107421875,106.69459361052805,105.54495999639174,105.74835920390707,17796100
2016-07-25,106.31430053710938,106.52653814115179,105.90750898481483,106.25239762147568,13694600
2016-07-26,106.8272476196289,106.97758235497675,106.04903158363746,106.29664332348423,19551100
2016-07-27,107.1279067993164,107.4197377847791,106.42928417362387,107.00410094128617,21064700
2016-07-28,106.8537826538086,107.21635508039756,106.58848049042014,106.89799518309714,16540100
2016-07-29,107.0660171508789,107.676208060369,106.1640019666412,106.74765726305051,30267900
2016-08-01,107.1544189453125,107.62311344143767,106.50886089299706,107.18094780404982,34771700
2016-08-02,105.65991973876953,107.18980929839837,105.32386948525253,107.14559677608676,28691000
2016-08-03,106.51771545410156,106.56193472329146,105.32386940201995,105.5626426605842,17830300
2016-08-04,106.61499786376953,107.17213099744079,106.34970247589548,106.51772086414165,17526700
2016-08-05,108.15372467041016,108.40133636401993,106.97756237885115,107.30476065387292,28643400
2016-08-08,108.10066223144531,108.64010489418226,107.91495345775252,108.19793921960527,14625700
2016-08-09,108.21563720703125,108.44555851614362,108.01223801383297,108.12719866838917,12487700
2016-08-10,107.43742370605469,108.41903213461063,107.13675425791277,108.22447814020663,19138100
2016-08-11,107.95035552978516,108.24218656998252,107.50818974048532,107.91498145701142,21144600
2016-08-12,108.05646514892578,108.29523167866557,107.56123493475101,107.7381052779969,12251200
2016-08-15,109.12651062011719,109.38296756984828,108.26870796854763,108.29523683456911,22048000
2016-08-16,108.24217224121094,108.878891973022,108.11836637634919,108.84351790493098,20244300
2016-08-17,107.92381286621094,108.33060453073753,107.29593833529508,108.27754680181648,20632600
2016-08-18,108.71971130371094,108.74624016787111,107.92381164433775,107.95918571218917,16244600
2016-08-19,108.71971130371094,108.8346719640429,108.13604930453273,108.56936982861397,17379500
2016-08-22,108.96733093261719,109.07344639695198,108.18027641986853,108.48979110236844,16929700
2016-08-23,109.72783660888672,110.06388009631064,109.3121997907836,109.3121997907836,21539400
2016-08-24,108.83465576171875,109.87816699378979,108.56935366578561,109.60402644239477,21533400
2016-08-25,109.04690551757812,109.38295577605439,108.42787622077445,108.43672142413259,17023200
2016-08-26,108.82582092285156,110.01967372132894,108.15373391046641,109.17070963226092,26734400
2016-08-29,109.39181518554688,109.8074521131181,108.98502346302801,109.01155233127051,14013900
2016-08-30,109.59517669677734,109.80741431657805,109.10879179003378,109.50674491743641,14031300
2016-08-31,108.97616577148438,109.55982101055248,108.37482012543376,109.4625440128889,29236300
2016-09-01,109.05577850341797,109.3299191551392,107.90614466286405,109.07346216772594,22964700
2016-09-02,110.10809326171875,110.12577691927157,109.3298773911458,109.66592760686137,23083300
2016-09-06,110.2142333984375,110.51490961951262,109.63057811163068,110.47069034535295,13711000
2016-09-07,110.90402221679688,110.93055108362142,110.08159361066484,110.14349654889352,17830500
2016-09-08,110.68292236328125,110.90400521547996,110.3380269066911,110.81556667706991,16265500
2016-09-09,107.2251968383789,109.84281732888614,107.18982276793656,109.8162884627829,54239000
2016-09-12,108.71971130371094,108.74624016787111,106.63268852887172,106.72996552873475,33408100
2016-09-13,106.6326675415039,108.02991258551941,106.01363159631252,107.94147405984047,47536200
2016-09-14,106.6503677368164,107.4197384999091,106.37622715605484,106.80070245872349,30545500
2016-09-15,107.92381286621094,108.05646393542722,106.57078680341485,106.72112153330026,29499800
2016-09-16,107.76466369628906,107.92384367540724,107.09256970146612,107.92384367540724,31940500
2016-09-19,108.4809341430664,109.25915011406923,107.87958850497938,108.17141949410544,22807000
2016-09-20,108.0210952758789,108.97617492576138,108.0210952758789,108.94963931305855,16877900
2016-09-21,109.58634948730469,109.63056875769148,107.976866550161,108.40134860636867,30784700
2016-09-22,111.16043853759766,111.24887706260265,110.240739949138,110.30264286849417,36287700
2016-09-23,110.3733901977539,111.31962444291418,110.3733901977539,111.0366386896021,26118000
2016-09-26,109.27735900878906,110.11092346338927,109.1620738520497,109.7828208248193,20028000
2016-09-27,109.7207260131836,109.85373691412357,108.9048874825809,109.22412717595597,16939500
2016-09-28,110.56317901611328,110.63412268588282,109.13546979841477,109.91582986919752,19426400
2016-09-29,108.94924926757812,110.52770873150605,108.80736192604891,110.50997619659532,26657700
2016-09-30,110.14640808105469,110.6518699557423,108.94926224790629,109.44585447130139,31764500
2016-10-03,109.800537109375,110.04883315551085,109.18865987742608,109.80940675832552,18674300
2016-10-04,109.25960540771484,110.23505707661033,108.76301330694477,109.97789137712299,26057300
2016-10-05,109.91582489013672,110.56317400772832,109.64979628889284,109.68526812217077,24317300
2016-10-06,109.800537109375,109.97788949502636,108.9137616499985,109.73846309784105,18937100
2016-10-07,108.92263793945312,110.24393156012044,108.39057398450174,109.99563549884715,28732700
2016-10-10,110.22618103027344,110.61635759190224,108.92262015585837,108.92262015585837,21481700
2016-10-11,108.21321868896484,110.05771344655682,107.60134139785008,110.00450907882875,31931300
2016-10-12,108.12454986572266,108.72755754817703,107.76983827035639,108.26643044453259,20210400
2016-10-13,107.22888946533203,107.66341432192758,106.51060349119327,107.2909634783371,26302500
2016-10-14,106.79440307617188,108.04475335660014,106.76780088635284,107.61910478837171,24554600
2016-10-17,106.67023468017578,107.16682683697083,106.55495629107999,106.92740040867628,17119500
2016-10-18,107.2821044921875,107.81416844664037,106.99833659877528,107.76095731530292,19158900
2016-10-19,107.7343521118164,108.14226802431203,106.8564462733054,107.45058422636032,18477400
2016-10-20,107.41511535644531,108.1866124876557,106.77664267073631,107.42398500592412,20485600
2016-10-21,107.3619155883789,107.62795095965392,106.50174222222496,106.64362955772111,21093700
2016-10-24,108.04473114013672,108.72755211104416,107.69888921247836,108.22209031173114,15421600
2016-10-25,107.23777770996094,108.1777577171942,106.94514012695244,108.0181378324224,16459800
2016-10-26,106.17364501953125,107.29984704890019,105.93421182004688,106.51061731019861,24975300
2016-10-27,104.95874786376953,106.53720715838446,104.71931469201192,106.51947462537579,29525700
2016-10-28,104.66612243652344,105.55289803187219,104.41782635231553,104.91441852073135,35473700
2016-10-31,105.08291625976562,105.20706431157024,104.46217600074263,104.79914831770348,20311800
2016-11-01,103.79708099365234,105.26025524095834,103.11426003038636,105.22479017259697,34147200
2016-11-02,102.47579193115234,103.75275103190931,102.32504169441334,103.63747263303148,29859900
2016-11-03,101.97917938232422,103.07877907435075,101.87276388997586,102.78614831012268,22717500
2016-11-04,102.63539123535156,103.66405403034462,102.02352076024977,102.2452146282507,35237200
2016-11-07,105.14495086669922,105.36664469974578,104.38232353977435,104.63948919797542,32370900
2016-11-08,105.41985321044922,105.93418454712679,104.38232765462521,104.90552863933078,26196800
2016-11-09,108.66547393798828,108.92263965279803,104.68385371437323,104.7104558977052,77416800
2016-11-10,110.40354919433594,111.20164849343112,108.73641369832833,110.19072496976393,83440700
2016-11-11,112.93973541259766,113.25897515416982,110.44789826391104,110.8735467423002,95612800
2016-11-14,114.52703857421875,115.51135981871708,113.85309413508577,114.34968619877522,83119400
2016-11-15,114.88176727294922,115.1832676916532,113.7732979120198,114.26102713705278,38704500
2016-11-16,114.8729019165039,115.28082463428788,114.42065124491157,114.61574295370545,42325500
2016-11-17,115.54683685302734,116.0168267306131,115.05910767880097,115.23646005185091,42576900
2016-11-18,116.15873718261719,116.2474066212475,115.54685987224593,115.89270180448341,41380600
2016-11-21,116.69966125488281,117.05436604256366,115.82174863836026,116.44248878236192,32293100
2016-11-22,117.76380920410156,117.85247865056195,116.76174838812877,117.160794725007,39681500
2016-11-23,118.49983978271484,118.51756555410584,117.14307405952695,117.48003962055765,37939200
2016-11-25,118.89002227783203,118.91662446582393,118.42001871735474,118.5885082620521,13373400
2016-11-28,117.34700775146484,118.82792126589487,117.18738111955173,118.80131908242947,32505700
2016-11-29,117.28495025634766,118.02097571764385,117.14307642673664,117.50664418332397,27993700
2016-11-30,116.70852661132812,118.02095059089734,116.61098076298119,117.8702003763831,32491200
2016-12-01,116.14098358154297,117.54209043814367,115.53796922994987,117.27605509276789,39815900
2016-12-02,116.07892608642578,116.58439469713507,115.74196054374205,116.11440468952246,24054100
2016-12-05,118.07415771484375,118.23378434819458,116.95682540587163,117.02776907279188,27547100
2016-12-06,119.35113525390625,119.63490996580376,117.71060836828892,118.40229231463533,27820000
2016-12-07,120.5128173828125,120.76111350696476,118.98756203094914,119.35114333100209,31825800
2016-12-08,122.41050720214844,122.56127097302897,120.42413836663758,120.82318471083411,49048900
2016-12-09,122.6499252319336,123.10218942632028,122.15333308455472,122.72973178466495,34313500
2016-12-12,121.35526275634766,122.88051807801551,121.05374872773989,122.33070793017099,34592900
2016-12-13,121.36409759521484,122.41936262366208,120.81430110555145,121.9582355668783,32624600
2016-12-14,119.84771728515625,121.7986344358749,119.54621682772586,120.97392608923077,45923700
2016-12-15,120.74340057373047,121.61243710067147,119.67927228119297,120.04284008878156,41352500
2016-12-16,120.52166748046875,121.9582395323617,120.27337141053962,120.91185088496339,39348200
2016-12-19,121.31088256835938,121.6567244477742,120.5216529701502,120.63692457587557,33393900
2016-12-20,122.33953094482422,122.56122477816564,121.47935778897006,121.7365166819543,31753600
2016-12-21,121.54143524169922,122.50801718884092,121.49709376508046,122.24199539136625,23215900
2016-12-22,120.4934310913086,121.76674408727594,120.03930144880131,121.59755959982678,34737900
2016-12-23,121.13452911376953,121.20576540170926,120.44890531784844,120.61808980333869,17081400
2016-12-27,121.67769622802734,122.256485983413,121.28591701732884,121.30371589945177,13571700
2016-12-28,120.43108367919922,121.97152922617086,120.05710338619099,121.89139350344016,22712400
2016-12-29,120.53790283203125,121.33038760575928,119.9324149540945,120.46666656634544,21312900
2016-12-30,120.07490539550781,120.76944210587911,119.67419964289093,120.7427302006287,28399300
2017-01-03,120.67147827148438,121.83794327254597,119.763232849992,121.5351993276914,29792400
2017-01-04,122.68389129638672,122.8441763455446,121.10782064984403,121.1434455882938,34499400
2017-01-05,121.2680892944336,122.66606223348242,120.66258770509428,122.42565507266632,30286900
2017-01-06,120.82286834716797,121.73111390474553,120.81395532061822,121.46398125993674,23436000
2017-01-09,120.03043365478516,120.8496308111659,119.7633008982197,120.68934572245205,24077900
2017-01-10,121.17903900146484,121.4372722127333,119.99476133158204,120.20847016984584,21684900
2017-01-11,121.3927230834961,121.80231462297448,120.58242585562466,121.3036743556469,27428800
2017-01-12,120.45775604248047,121.29476510359807,118.95292233731293,121.24134130598242,41844200
2017-01-13,121.3304214477539,121.96263499022487,120.78725665896016,120.78725665896016,27784500
2017-01-17,119.6831283569336,120.82288175344728,119.43380815062949,120.74274602719215,28197800
2017-01-18,120.07490539550781,120.15504111125902,119.27350747720449,119.99475609282618,21289700
2017-01-19,119.0954360961914,120.60027032245613,118.57898322885647,120.33313765494745,34105900
2017-01-20,119.7098388671875,120.10163164021179,119.0954377992114,119.0954377992114,29286100
2017-01-23,119.21119689941406,119.9235325643866,118.5344589959855,119.34475643986345,20537000
2017-01-24,121.03661346435547,121.34827060953336,119.51397985935478,119.62082752653059,34313800
2017-01-25,122.17636108398438,122.47910515010766,121.9448397265326,122.04278793462356,29127300
2017-01-26,121.68659973144531,122.43456033005253,121.47289088030102,122.29208776262301,22255600
2017-01-27,121.2680892944336,122.02494929744373,120.78724779893896,121.78454213662762,19467800
2017-01-30,119.57626342773438,120.42218580175287,118.64131947654646,120.41327277449048,40464400
2017-01-31,120.41327667236328,120.70712125596614,118.85501858736563,119.20228698854496,32945000
2017-02-01,120.34204864501953,121.87359492633041,119.94135639876646,121.29481874695743,30010500
2017-02-02,120.03929138183594,120.80506443816789,119.7543598376061,120.47560851882761,19935700
2017-02-03,121.87361145019531,121.97155966473125,120.66262151908512,121.09003932084285,24534100
2017-02-06,120.95645141601562,121.79346085874319,120.59137051662452,121.45509187033842,23691500
2017-02-07,120.42218780517578,121.51741680905776,120.0036831248352,120.9386406785095,30342200
2017-02-08,120.20852661132812,120.42223554993463,119.22014484904638,120.42223554993463,32956900
2017-02-09,121.90025329589844,122.21191023217213,120.2084362939398,120.2084362939398,28267600
2017-02-10,122.82637023925781,123.20925003236286,122.16744471313233,122.69279709355106,27287600
2017-02-13,123.14688873291016,123.95718603769319,122.95989182144886,123.56539333705395,23245100
2017-02-14,123.5565185546875,123.72570305386886,122.5325257049202,122.82637032135092,27145000
2017-02-15,124.29558563232422,124.45587069739237,122.94213674941338,123.04898440150255,20253500
2017-02-16,123.94828796386719,124.51816461892444,123.06676786802011,124.17980927140779,24613600
2017-02-17,123.8681640625,123.91268844027002,123.1023909604262,123.28047488457378,26703200
2017-02-21,124.83868408203125,124.94554526419401,124.10853620304277,124.10853620304277,21353500
2017-02-22,124.2867202758789,124.67851322356745,123.99287556511248,124.66070074768939,14890800
2017-02-23,123.54759979248047,124.66954067227356,122.60374282563257,124.62502988423599,24596200
2017-02-24,123.45858001708984,123.45858001708984,122.25650313239522,122.39897573096098,24512300
2017-02-27,124.66061401367188,124.66061401367188,123.06674499845997,123.18249204378975,28269000
2017-02-28,122.73727416992188,124.19758365971872,122.66603790372099,124.108548517164,40184100
2017-03-01,124.981201171875,125.42641776003545,124.23324056462916,124.3489876384371,35719800
2017-03-02,123.54759979248047,124.98119771012634,123.44965160232088,124.95448580253114,25937000
2017-03-03,123.45858001708984,124.14421750911956,122.77295611199496,123.59215317334579,30989800
2017-03-06,122.61263275146484,122.85305348809727,121.98043287152662,122.6838690285015,23892100
2017-03-07,121.81124114990234,122.64825037151991,121.64205670039286,122.34549281543094,29711300
2017-03-08,121.0098876953125,122.54143415521614,120.90304004036776,122.23869007491616,34115100
2017-03-09,120.52904510498047,121.53523902397592,120.11054039107616,120.94754981888478,35223800
2017-03-10,121.0633316040039,121.37497514328872,120.06603695226022,121.35716267086416,39516600
2017-03-13,121.3482437133789,121.80235978516019,120.78726641117069,120.78726641117069,21295000
2017-03-14,120.76946258544922,120.94754651296074,119.81669251351678,120.87631022456958,30037800
2017-03-15,122.63932800292969,122.89756117048664,121.07217088173007,121.35710236425331,31230400
2017-03-16,122.79963684082031,123.33388856936611,122.48797980897007,123.07566893860869,25306600
2017-03-17,123.28936767578125,123.52977481980083,122.26536150287947,123.00442257436954,33324600
2017-03-20,122.75508880615234,123.34277782251623,122.31877176304666,123.12906902013061,19091200
2017-03-21,119.29132843017578,123.41403820158952,119.24680405594722,123.33388889320554,61869000
2017-03-22,119.31804656982422,119.59407868275572,118.23171699917424,119.05982692490085,46332600
2017-03-23,120.01256561279297,120.83176238986816,118.99747247740304,119.31802891946987,37764600
2017-03-24,120.09922790527344,120.97436156146092,119.53663517040899,120.50999908782585,33514400
2017-03-27,120.32244110107422,120.61713179620217,118.23281741071742,118.55429693030652,35596700
2017-03-28,121.2601089477539,121.35833920517386,119.78666871251342,119.9116878014062,26891900
2017-03-29,121.65301513671875,121.88520314923646,120.82253421025578,121.17972767035783,22119500
2017-03-30,122.57279205322266,122.67996098406559,121.67979484384918,121.73338612229867,25792900
2017-03-31,122.76927185058594,123.38544220219443,122.28705927709915,122.71569418976054,29434300
2017-04-03,121.47441101074219,123.32292180066999,121.09042874581395,123.20682780147948,38834900
2017-04-04,121.33150482177734,121.93874990131829,120.86715616654125,121.38508246460816,25642600
2017-04-05,119.95631408691406,122.72459719841335,119.73306478956465,122.18880706040821,44968800
2017-04-06,121.07257843017578,121.11723102144245,119.50983311824677,120.14385358563706,41012100
2017-04-07,121.01898193359375,121.47440559108513,120.33137028808058,120.74215498731141,24300200
2017-04-10,121.28688049316406,122.20666647546396,120.69749909885871,120.97432603756282,22779900
2017-04-11,122.25130462646484,122.26916838479563,120.6260568957978,120.79572853480234,32589200
2017-04-12,120.59033203125,122.07271060603787,120.48317673101899,122.01913295592236,25700800
2017-04-13,119.41156768798828,120.88500738329324,119.35799004467592,120.44744754553977,30207000
2017-04-17,120.8135757446289,120.84037819450432,119.37584982002022,119.72413178179742,18278800
2017-04-18,120.84041595458984,120.96543504683666,119.80453568965392,120.30461205864117,24553300
2017-04-19,121.2601089477539,122.30492787942916,121.0368596014412,121.17081738486407,34627600
2017-04-20,122.80499267578125,122.93893682053769,121.58157710742356,121.75124877482,31934400
2017-04-21,122.52818298339844,122.8317988383967,122.0816842697918,122.55497181613008,29386000
2017-04-24,124.05519104003906,124.43024829437053,123.67120871753004,124.1980738872296,33836900
2017-04-25,125.26072692871094,125.80545579127785,125.09998033962967,125.23393810154015,32751700
2017-04-26,125.90367889404297,126.64486819787376,125.13570076456035,125.1714146567442,41669200
2017-04-27,125.8679428100586,126.62699582135303,125.44823306866823,126.2162111458873,23004300
2017-04-28,124.1801986694336,126.06442346151069,124.1623349086681,125.9394043882663,31113900
2017-05-01,124.89460754394531,125.27858985664449,123.93016878913572,124.69814704059199,20925200
2017-05-02,124.26057434082031,125.32324335499305,123.84980319524341,125.00176376773119,17993900
2017-05-03,123.49259185791016,123.91230168319677,122.95680164818042,123.6712022205443,27050300
2017-05-04,123.32294464111328,123.88552372941312,122.43887232227245,123.70692697715828,25799100
2017-05-05,124.11775207519531,124.11775207519531,122.8139694708497,123.8498500467886,23806500
2017-05-08,123.59976196289062,124.10876334822281,123.01930553098686,123.82301129222492,16680000
2017-05-09,123.5461654663086,123.97480029797815,123.03715053253082,123.76047606911557,23988400
2017-05-10,124.31416320800781,124.55526267421904,123.10861137272059,123.26934435019474,19791500
2017-05-11,123.44795227050781,123.9748174098708,122.32276694624261,123.83193457090736,28617300
2017-05-12,122.7960433959961,123.13538670153461,122.4835025431557,122.97465374168348,24111200
2017-05-15,123.75154113769531,124.34984756626281,123.21573742127883,123.21573742127883,31132200
2017-05-16,123.79619598388672,124.16231444988163,122.8942601656153,124.0998117365868,18520900
2017-05-17,120.4563980102539,122.37633663940636,120.3313789408122,121.74231622511513,50791200
2017-05-18,120.8939437866211,121.3582924372429,119.86698901370559,120.17061836348569,44805100
2017-05-19,121.47441101074219,122.1262951674644,120.92968216031507,121.1261426392269,44450500
2017-05-22,122.29598236083984,122.51923169469536,121.59052046132193,121.67981201922935,20062700
2017-05-23,122.69783020019531,122.95680706178264,121.76019388537118,122.59959994684462,16681400
2017-05-24,122.77820587158203,123.26041842671486,122.18882437281925,122.79605600713896,21256000
2017-05-25,122.85859680175781,123.7783831300596,122.51925339385838,123.35867321799252,22804200
2017-05-26,122.8228759765625,123.04612536214492,122.14420274977391,122.6800067255962,20047300
2017-05-30,121.85841369628906,122.73354720729243,121.64408944569237,122.44778153983019,25544100
2017-05-31,121.73338317871094,122.26917331574565,120.23314081769114,122.19773190559654,34345400
2017-06-01,124.08202362060547,124.12667622935383,121.68879640360016,122.09064263020919,44618600
2017-06-02,124.88565826416016,125.93046330613095,124.17125781101925,124.52845122456206,46680200
2017-06-05,124.1087646484375,125.11785598793861,124.08197581872135,124.98391183935786,20808900
2017-06-06,123.99269104003906,124.71601673403309,123.06396613891546,123.33186807678028,25460900
2017-06-07,124.1087646484375,124.59991590332999,123.67120467903516,124.0016093295729,20542200
2017-06-08,125.80545806884766,126.32339811362051,123.8944444817476,124.10875510299375,33956400
2017-06-09,126.45733642578125,127.60929684007682,125.6447056881775,126.32339229367345,56979400
2017-06-12,126.25196838378906,126.79669730663804,125.8143947814815,126.50200654909108,34665500
2017-06-13,126.89495849609375,127.08248035275898,126.33236567397527,126.62705650336774,22046800
2017-06-14,126.144775390625,126.84131209348183,125.42144986273946,126.83238702715741,33021900
2017-06-15,125.5018310546875,125.89475203592443,124.74279154644078,124.74279154644078,27376800
2017-06-16,125.18926239013672,125.21605121235925,124.37663177990892,125.04637958758047,35608400
2017-06-19,126.11796569824219,126.43052010660256,125.47500675182609,125.51965932817087,25163300
2017-06-20,124.84102630615234,125.88583152073718,124.75172112498474,125.80546503332086,20111900
2017-06-21,124.52845001220703,125.73400161677405,124.32306448272222,125.06425375336018,23351400
2017-06-22,125.00177764892578,125.36790986903242,124.13556904333669,124.4570486662982,17917200
2017-06-23,125.83222961425781,125.98403749214293,124.6177529651219,125.14461800473289,20772500
2017-06-26,125.98406982421875,126.38591591304939,125.19822778308617,125.9929948924831,22988300
2017-06-27,124.87675476074219,126.46628906321448,124.79638826395697,126.00194021997163,24610100
2017-06-28,126.78776550292969,127.03780368182022,125.37682799287097,125.6179411032507,25085400
2017-06-29,126.03763580322266,127.11816850962305,124.70706494801273,127.01993826358665,38794900
2017-06-30,125.8412094116211,126.51095755443305,125.70726523348304,126.13590022958566,22798500
2017-07-03,126.89495849609375,127.25215206902084,126.1805577241782,126.21627163104635,12968200
2017-07-05,126.43953704833984,126.67172516363026,125.64476966567878,126.53776733725584,21865500
2017-07-06,124.78834533691406,125.98116356690126,124.51032260754013,125.49685443161167,30563400
2017-07-07,125.9991455078125,126.16953643763824,124.82425413375994,125.04846785107299,20511000
2017-07-10,125.4520492553711,126.35786764396343,124.99464456560497,125.48791742470681,17206000
2017-07-11,125.81982421875,125.90055159642397,124.64494596344147,125.36243294158491,16192900
2017-07-12,126.78836059570312,127.55069266108767,126.46549231547088,126.50137417156247,19358600
2017-07-13,126.89595031738281,126.958723017309,125.90044125783838,126.63585484435096,16559300
2017-07-14,127.11124420166016,127.62245807571396,126.54623490681972,126.54623490681972,15465300
2017-07-17,127.4072036743164,127.76595384180457,126.68971702425968,126.99465808785452,15374600
2017-07-18,127.07534790039062,127.23677518178181,126.49238411944943,126.94081148098095,16653300
2017-07-19,128.33993530273438,128.37580347559185,127.24577128417359,127.24577128417359,16985500
2017-07-20,128.42958068847656,128.71658073975107,128.07084430929908,128.35783067565794,17047800
2017-07-21,127.84664154052734,128.54618711894875,127.57758239076907,128.2591870432288,21662700
2017-07-24,128.02601623535156,128.08880263694192,127.32647062146845,127.63139795369082,16694000
2017-07-25,129.19190979003906,129.37127797572597,128.4385551992048,128.80625519014262,21066400
2017-07-26,128.4744415283203,129.28160532049992,128.29507331727123,129.28160532049992,13574900
2017-07-27,127.6583023071289,128.8600843922346,126.94979307334795,128.68071617854858,24355800
2017-07-28,127.31752014160156,127.67625660654703,126.87805633986228,127.37132924285149,19933300
2017-07-31,126.9139175415039,127.6941905215273,126.4296219719361,127.55069046946343,16417700
2017-08-01,127.15605926513672,127.53273659989107,126.42960914204501,127.5058320534741,19835900
2017-08-02,125.76596069335938,127.1919704064206,125.31753323659144,126.98568392316498,19934300
2017-08-03,125.13813781738281,126.04395615678631,124.80630595060552,125.95427889585793,19624900
2017-08-04,125.74800109863281,125.84665566113894,125.10226463221383,125.4789419568055,16473500
2017-08-07,125.95427703857422,126.32199075223426,125.29957693529138,125.95427703857422,9176200
2017-08-08,125.55962371826172,127.1649871715835,125.28160102675734,125.92733732924431,27248700
2017-08-09,124.47445678710938,125.01257507673336,124.01706582037059,124.7704204779109,26534300
2017-08-10,122.21441650390625,124.0170898592094,122.2054391968919,124.0170898592094,40983500
2017-08-11,122.39378356933594,122.63593821277979,121.76598790570293,122.16060623282057,32779600
2017-08-14,124.25023651123047,124.2950819804688,123.07535911573184,123.10226366029167,21710900
2017-08-15,123.22783660888672,124.50138239075268,123.17402751372117,124.48344146405837,16646000
2017-08-16,123.26373291015625,124.11574228161643,123.05746012620503,123.47000569410747,21858600
2017-08-17,121.0125961303711,123.48792382038296,121.00363251008717,122.85115097239566,32722900
2017-08-18,121.00363159179688,121.48794078178312,120.28614511194975,120.60004972341923,42401900
2017-08-21,120.92296600341797,121.09337064964443,120.3041338397205,120.79740684592296,21504100
2017-08-22,122.23234558105469,122.37584564624382,121.20096794296154,121.30858614939368,25170600
2017-08-23,122.03499603271484,122.48342327407575,121.26370063017755,121.55068694849359,18381900
2017-08-24,122.4117202758789,122.80632490446621,121.99019741235384,122.54624302597473,15726600
2017-08-25,122.7614974975586,123.14713851822543,122.34893824099214,122.7614974975586,17163000
2017-08-28,123.28163146972656,123.41615417717547,122.66279964563299,123.20090416034292,16333300
2017-08-29,123.30856323242188,123.5955496333052,122.17851750072857,122.41170849167091,20277600
2017-08-30,124.09777069091797,124.22332979163735,123.09329788516285,123.19195244179349,15915500
2017-08-31,125.31751251220703,125.5058580342667,124.36684865066222,124.58209872088503,29260600
2017-09-01,126.02606964111328,126.12472423945681,125.31754652075844,125.54176027290998,17412500
2017-09-05,124.81524658203125,126.35783750901281,124.28610567978795,126.12466025164655,21908400
2017-09-06,125.07539367675781,125.55968931417621,124.73458442658776,125.32651196059255,18399700
2017-09-07,124.76144409179688,125.28162140256373,124.29507586750327,125.19193046849817,18159800
2017-09-08,124.86009979248047,125.35337256454274,124.3219815529734,124.60000429224978,21870500
2017-09-11,126.16952514648438,126.3847752224127,125.76594322842207,125.90944327904094,22617700
2017-09-12,126.94082641601562,127.07536285125398,126.29510352956234,126.49239900172503,22679600
2017-09-13,127.31752014160156,127.55069747532423,126.74353358673746,126.82424723861236,25052500
2017-09-14,127.20089721679688,127.49686089480164,126.83318352428343,127.15605174711445,18353800
2017-09-15,127.72108459472656,127.77489368860743,126.9497889842943,127.0305026251156,23184000
2017-09-18,128.59100341796875,128.97664428669574,127.89145799825312,127.90938523523084,24427400
2017-09-19,128.59100341796875,128.86902612517449,128.33090794774074,128.76140796365323,16346300
2017-09-20,129.00363159179688,129.16507262256803,128.4834540025248,128.7256087062203,20244700
2017-09-21,128.8690185546875,129.38021847679644,128.68067309817604,129.16498216639812,17395900
2017-09-22,129.4161376953125,129.747969559622,128.75246028177662,128.85111484750607,25203000
2017-09-25,129.5955047607422,129.99012302018858,128.86905463990533,129.38923201054675,30012800
2017-09-26,130.0081329345703,130.4936008733783,129.6215446731459,129.72043806857576,28238100
2017-09-27,132.55245971679688,132.9300491731751,130.50268054328393,130.92522406500458,66351700
2017-09-28,132.90304565429688,133.10981784058387,131.9590653945631,132.3816088087482,29291400
2017-09-29,133.2176971435547,133.4424536959373,132.82213713452438,132.98395526757525,21738700
2017-10-02,134.85389709472656,134.85389709472656,133.1277688580798,133.33454099257165,29772400
2017-10-03,135.15065002441406,135.15065002441406,134.25162356011387,134.9528631048236,28372800
2017-10-04,134.71910095214844,135.40235602401532,134.30554280466777,134.9348584916574,22024700
2017-10-05,135.08763122558594,135.42028014776653,134.73701166180953,135.11460090602665,22538500
2017-10-06,134.8988800048828,135.15959155911554,134.46735128288861,134.59321439838905,19350800
2017-10-09,134.3415069580078,135.46528994621863,134.11675036036564,135.0247757943946,13981300
2017-10-10,134.7279815673828,135.11455600392904,134.3234227771704,134.79090622815065,21951900
2017-10-11,134.62916564941406,135.0247393493822,134.36845410246252,134.7999828124049,15137100
2017-10-12,134.5302734375,134.86290872544973,133.97288161054627,134.36845531408136,17185600
2017-10-13,134.28753662109375,134.84494218306148,134.16167350414315,134.78200376556072,15464400
2017-10-16,134.17068481445312,135.16860451797493,133.98188326273726,134.503320142943,20653100
2017-10-17,133.78404235839844,134.64711326075354,133.5053465235062,134.19760030949595,18046800
2017-10-18,134.4224090576172,134.77302874722082,134.02683531179733,134.4044246915203,20541700
2017-10-19,134.215576171875,134.251544891481,133.20867151166178,133.74809256137436,17164900
2017-10-20,134.83595275878906,135.22254117860044,134.72807399886582,135.13263306662984,25224500
2017-10-23,133.8290252685547,134.9887628970532,133.68517780078832,134.9887628970532,14676400
2017-10-24,134.10772705078125,134.65613354242166,133.99084926333407,134.30551389813027,17527700
2017-10-25,133.4604034423828,133.95487047297314,132.3546053325519,133.90093110928106,27235300
2017-10-26,133.73907470703125,134.26051132358123,133.5143182542793,133.90090648639617,15205900
2017-10-27,134.66505432128906,134.77294673416293,133.32551480033445,133.84695135542012,32744100
2017-10-30,133.2446746826172,134.35945835378925,132.50746663860278,133.8470205703103,30524800
2017-10-31,134.1885986328125,134.7010499718339,133.63120697398614,133.7660553694937,22449400
2017-11-01,133.298583984375,135.3303777315453,132.55239078550844,135.30340804997581,31585500
2017-11-02,133.6941680908203,134.1616517533891,132.80412737507626,133.27162475569372,28176600
2017-11-03,133.60430908203125,133.918973798017,133.10984183607664,133.48743126442733,22312700
2017-11-06,133.757080078125,134.2965011366932,133.40646050546988,133.7301103970013,15576800
2017-11-07,132.15684509277344,133.82004897061697,131.7432870245681,133.7750949191522,29549300
2017-11-08,132.33665466308594,132.56141121438807,131.11397847528028,131.85118654821588,30682500
2017-11-09,131.86915588378906,132.50747051908115,130.61052469623561,131.5005655690384,40144400
2017-11-10,131.77023315429688,132.24671578532354,131.5724463582428,131.8960962319634,17823700
2017-11-13,131.80621337890625,131.9950148905613,130.80829388712783,131.19486851463924,14680000
2017-11-14,131.44664001464844,131.69836627862983,130.88923438607316,131.31177784019604,19682200
2017-11-15,130.92518615722656,131.44662298450314,129.90928219045918,130.67345992585865,23925200
2017-11-16,132.84913635253906,133.41551366216044,131.42867297957991,131.44665734882238,25889000
2017-11-17,133.4604034423828,133.98184015481917,132.3096512901259,132.38157501439795,25816700
2017-11-20,134.43138122558594,134.4763352774028,133.35255257223469,133.73912723814823,22793000
2017-11-21,135.8337860107422,136.01358840222267,134.90779066247669,135.03365370831736,29392300
2017-11-22,135.654052734375,136.44520012162687,135.62708304781415,136.00467237771613,14136600
2017-11-24,135.7080078125,136.08559718609905,135.54618967440828,135.94176341381254,6816300
2017-11-27,135.29444885253906,136.31033906325663,135.24949480189397,136.02265783161855,18416900
2017-11-28,137.42510986328125,137.52400326837238,135.44725547950603,135.77090537634544,35898300
2017-11-29,137.88363647460938,138.63882886763605,137.50604713712124,137.85666678750667,38234200
2017-11-30,138.13534545898438,138.94447712522904,137.8027102142003,138.53991815113105,32230700
2017-12-01,137.56898498535156,138.18931522225742,133.73013949296984,137.56898498535156,62734800
2017-12-04,137.05653381347656,139.71765725321654,136.92168537820697,139.25914513719914,36366800
2017-12-05,135.69000244140625,137.51503804169067,135.68101711892047,136.11254580508125,29667200
2017-12-06,135.0517120361328,135.92376851641887,134.80897112975146,135.1865604740943,21273800
2017-12-07,135.99569702148438,136.5530888753245,134.87191427225758,136.03165203351713,29675200
2017-12-08,136.1215362548828,136.9036845213216,136.00465847969588,136.78680674613466,20832400
2017-12-11,136.06759643554688,136.76883564824303,135.77091619662949,136.13950644675532,26654100
2017-12-12,135.64505004882812,136.5890163937293,135.59111068261072,136.3822442505465,25854800
2017-12-13,136.4541778564453,137.29027924748758,135.5821214580047,135.5821214580047,30082600
2017-12-14,134.94381713867188,136.8317636344784,134.53025911499103,136.5171127442018,32882600
2017-12-15,136.8677520751953,137.7757635884052,135.37536530777822,135.79790871443308,42851600
2017-12-18,138.71971130371094,139.0973005687263,137.96453277368022,138.15332054716401,22714300
2017-12-19,137.62289428710938,139.14225033986992,137.38915247824136,139.1242659797886,24313600
2017-12-20,137.8926239013672,138.396076308947,137.40714213830864,138.22525915965042,19042800
2017-12-21,138.49635314941406,138.99269390841334,138.14440493303835,138.2887974756619,16772600
2017-12-22,138.24368286132812,138.42416666735588,137.8917346200629,138.4151472965656,13599400
2017-12-26,138.32489013671875,138.4602495405393,137.98196128699882,138.07221006956647,11949600
2017-12-27,138.18954467773438,138.9295324433444,137.9007595604011,138.2617409570677,15949900
2017-12-28,138.73095703125,138.74900953850525,138.08120447034545,138.2887738787097,10167300
2017-12-29,137.5848846435547,139.10998421937887,137.52170774992567,139.10998421937887,21006500
2018-01-02,138.8843536376953,138.9475305211237,137.58486242888557,138.25265365354608,20489600
2018-01-03,139.0287628173828,139.3897441159327,138.54145527687618,138.8572984218252,21836600
2018-01-04,139.39877319335938,140.01242078859013,138.9926812529826,139.84998952045123,14207100
2018-01-05,139.6875762939453,139.8590407404933,138.920516625221,139.768805716543,19883900
2018-01-08,139.9041290283203,140.12071781595833,138.52340821094708,139.63339648628008,18457300
2018-01-09,139.71466064453125,140.32830837378492,139.63343122269148,140.09368078966426,16571300
2018-01-10,139.732666015625,140.03047043782792,138.90242964313313,139.3987703468047,18516800
2018-01-11,142.13316345214844,142.2775560023677,139.85902898130524,139.94025839707328,26522400
2018-01-12,142.728759765625,143.36045990440203,142.10607899667684,142.29558215329482,24089800
2018-01-16,140.90589904785156,143.85685904338473,140.5990751087538,143.36051810070546,27704700
2018-01-17,142.24147033691406,142.5302554766523,141.0322135468353,141.50148251389322,18571600
2018-01-18,141.2667999267578,142.1331413231595,141.1314405382713,141.8804612846318,17903600
2018-01-19,143.12586975097656,143.20708541074515,141.27587947050023,141.43831079003738,31040900
2018-01-22,143.8928985595703,143.8928985595703,142.86412578018982,142.94534142250203,12702400
2018-01-23,144.3531494140625,144.65997324566905,143.1890034499802,143.70339672946565,16904600
2018-01-24,143.45974731445312,144.95778910899685,142.9453539945067,144.71412839059946,20340900
2018-01-25,143.51388549804688,144.3170501303789,142.77389777063263,144.06437005077098,20290900
2018-01-26,144.02830505371094,144.109520714812,143.27928404903287,143.96512813727628,16120300
2018-01-29,143.21609497070312,144.2629204138895,143.14389868806617,143.54097135755293,18293300
2018-01-30,141.84439086914062,142.78292875835808,141.43829883458983,142.2775685580253,24533800
2018-01-31,141.10435485839844,142.9633637185967,140.70728233097202,142.3497161907762,27468900
2018-02-01,141.54656982421875,141.87144613628124,140.3553520899797,140.53583587000782,21413000
2018-02-02,138.82122802734375,140.9148647932742,138.53244294512956,140.89682605315878,33314100
2018-02-05,133.4878692626953,138.7851458343245,133.4337254933823,137.77442542039356,52622200
2018-02-06,135.08517456054688,135.69882228457413,130.16691831697494,131.33105062639484,69232400
2018-02-07,135.22048950195312,136.07779766737107,134.11050132504414,135.01293387180576,37101000
2018-02-08,131.2498321533203,135.36492362841912,131.2498321533203,135.35590425738877,44704500
2018-02-09,132.45004272460938,133.50588726336707,128.59665148758376,132.44100958537044,53315300
2018-02-12,133.70448303222656,134.3903271880864,131.28595531518366,132.58546110105323,36213900
2018-02-13,133.99322509765625,134.2729770766676,132.56737954879384,133.0005572292299,25021200
2018-02-14,136.4027099609375,136.73661945504858,132.82005070245947,133.2261564717829,36286900
2018-02-15,137.89170837402344,137.9548714975965,135.87025432918966,137.36829579714606,23773600
2018-02-16,138.3790283203125,139.2363366400241,137.65707939896527,137.72025629822218,27973900
2018-02-20,137.2419891357422,138.76710285161732,136.87198836336358,137.66613367577963,24046200
2018-02-21,137.38638305664062,139.70562833786536,137.17881358518306,137.54881436122557,26735500
2018-02-22,137.1697540283203,139.00169108906994,137.08853839982092,137.9007222248719,16340000
2018-02-23,138.95655822753906,138.9926632402439,137.30510503199923,138.054125690306,18065200
2018-02-26,139.86807250976562,140.1117194650705,138.49637072087125,139.45294733956234,15267700
2018-02-27,137.8556365966797,140.6712364397999,137.84661722543143,140.03952243157886,18125500
2018-02-28,135.68075561523438,138.61366175323553,135.64465059770396,138.19853667181312,29951800
2018-03-01,135.3197784423828,136.7817287565744,133.9029662865041,135.41002721894858,38943200
2018-03-02,137.4856719970703,137.8466396862709,133.9210506585498,134.20081645322014,31842300
2018-03-05,138.7129364013672,139.20926337043446,136.69148219578392,137.0073391488542,19603700
2018-03-06,140.21096801757812,140.22902052767907,137.8917230757243,139.36267905323177,17304000
2018-03-07,141.44728088378906,141.61873149908934,139.1731470337001,139.3897357999083,22684600
2018-03-08,141.1584930419922,142.10604994143378,140.32825677648958,141.59165679572672,23391300
2018-03-09,143.41464233398438,143.4868386221732,141.5646520379936,141.9617247380151,24927200
2018-03-12,143.6672821044922,144.07337406271182,143.02656260308635,143.71240649318995,15310100
2018-03-13,142.99948120117188,144.65995394244553,142.71069614876123,144.38922139831783,17757200
2018-03-14,142.3227081298828,143.83878889252813,142.0519754879721,143.6853769417867,18097500
2018-03-15,141.60975646972656,142.71072561178923,141.11341566469306,142.67463435780135,14172100
2018-03-16,142.40390014648438,142.8280446687109,141.4563429421478,141.66389863280168,36000300
2018-03-19,141.0321807861328,141.87145035476192,139.38072729821246,141.8353453356649,25663000
2018-03-20,140.99610900878906,141.70000550805844,140.57196448102007,141.38414851247487,11418500
2018-03-21,141.81732177734375,142.8190228263108,140.96001329418146,141.06831460355153,22213500
2018-03-22,138.7075958251953,141.6653545236531,138.67140744007824,140.79702650639348,29774800
2018-03-23,135.72267150878906,139.2412393101408,135.67744293411306,138.89751870479094,35744100
2018-03-26,138.68946838378906,138.73469695343,136.06636316465423,137.567863345074,28442400
2018-03-27,136.00306701660156,139.02414804834817,135.41513696136678,138.98797347032172,32820600
2018-03-28,135.95785522460938,136.89855999128815,135.12570180905487,136.34680444597407,26510900
2018-03-29,137.332763671875,138.4815036739085,136.35588404044046,136.65437618908675,22617700
2018-04-02,133.98602294921875,137.54981988524037,133.1267213008186,137.05233308927853,35040700
2018-04-03,135.9036102294922,136.22019653944315,134.13980573563126,134.7910587490302,29857800
2018-04-04,137.63116455078125,138.01105963299682,134.11259769212086,134.32063251770614,29619700
2018-04-05,138.77088928222656,138.94274958775665,137.7759296319408,138.4271686711664,17301600
2018-04-06,136.00306701660156,138.75279040676944,134.90859625623574,137.82113975208006,25762700
2018-04-09,136.16590881347656,138.02922441037038,136.05737124928285,136.94379356112688,18997000
2018-04-10,138.7347412109375,139.25030842421342,137.18801196745764,137.6131358144212,23420000
2018-04-11,139.03317260742188,139.5758739738529,138.0562935856619,138.19196547681466,14884600
2018-04-12,139.98294067382812,140.57088456275136,139.23219047222764,139.6844486320961,14413200
2018-04-13,139.2502899169922,140.4985269019082,138.85230051300016,140.46233851873208,19813600
2018-04-16,140.53469848632812,140.94174187834602,139.39501287342028,140.0553059331493,18846900
2018-04-17,142.06333923339844,142.45228845045878,141.06837950490538,141.2945085979935,18624200
2018-04-18,142.4432373046875,143.25731033719384,142.1537992366901,142.47942568932768,16974200
2018-04-19,141.45733642578125,142.49752489139584,140.99603797440747,142.13572380818033,16174500
2018-04-20,140.697509765625,141.7557921543831,140.33569497342793,141.14976790450402,21480600
2018-04-23,140.4894561767578,141.36682415166356,139.81106905878258,140.90552588009606,13268200
2018-04-24,139.6844024658203,141.67434875301498,138.56281143320422,141.01404212052805,24859700
2018-04-25,139.4763946533203,140.01910989161203,138.3548034035228,139.62112055710767,21981400
2018-04-26,140.11865234375,140.5709105873473,139.24127024702517,139.6754342963672,14862900
2018-04-27,139.919677734375,140.53474240924362,139.09656430021707,140.09153809994956,17734300
2018-04-30,138.68043518066406,140.78794585357713,138.6532869960538,140.21811001320881,15624600
2018-05-01,139.3588409423828,139.55782184209437,137.224181800128,138.4000420159722,24977500
2018-05-02,139.8834686279297,140.90557667068921,139.00608653494297,139.09654370400753,16786800
2018-05-03,139.12367248535156,139.74779104198652,137.63122586874022,139.39503017977881,20985900
2018-05-04,140.8603515625,141.55683313637252,138.21012482578206,138.6261946893645,17927900
2018-05-07,142.05433654785156,142.78699279462344,141.19504852758612,141.2764517101545,16303500
2018-05-08,142.75982666015625,142.75982666015625,141.78294728104393,141.9367134145396,17281200
2018-05-09,143.52865600585938,143.90856504020311,142.3527957250358,142.92263167290145,15758500
2018-05-10,144.29747009277344,144.87635991596557,143.60098874552253,143.72762046303887,15828700
2018-05-11,144.577880859375,144.84019831318224,143.85426506511737,144.31557720739107,14413600
2018-05-14,144.026123046875,145.34672288524033,143.86331674174914,144.7406986353445,15028500
2018-05-15,144.05325317382812,144.3517451928939,143.0673337726193,143.55578027720787,17544900
2018-05-16,145.5548095703125,145.9166244912963,144.2432632610878,144.261357457594,21004400
2018-05-17,146.22410583496094,146.5316380591908,145.40099270379582,145.6271217748748,18639700
2018-05-18,146.4140167236328,146.82106001018144,146.12457874851376,146.48637966786768,17579800
2018-05-21,147.3818817138672,147.65323935241804,146.8572606264883,146.86630082043828,15667300
2018-05-22,146.3145294189453,147.73462641837776,146.19695170310575,147.67130366215378,13212000
2018-05-23,146.50450134277344,146.78489917815637,145.7447109884798,145.92561148209882,14235700
2018-05-24,146.558837890625,146.84828985573841,145.28346604777414,146.45934050284595,12785000
2018-05-25,146.29647827148438,146.67637347928914,146.05225499438697,146.30551846625684,11150200
2018-05-29,146.0974884033203,146.73968729900483,144.82211700519818,145.51859847678483,20986900
2018-05-30,148.41307067871094,148.69346858863523,146.85730117671812,146.85730117671812,25169000
2018-05-31,147.22811889648438,148.6843906607062,146.83916971877608,148.41303301609022,28573700
2018-06-01,148.19595336914062,148.6843999202327,147.68942642861848,148.1869131744256,21108200
2018-06-04,148.98289489746094,148.98289489746094,147.7256177161463,148.63013407110142,14836000
2018-06-05,149.90548706054688,149.94167544266062,148.6482099176592,148.83816441919672,13283600
2018-06-06,150.9909210205078,150.9909210205078,149.76983212122045,149.8874236736933,16661300
2018-06-07,150.16781616210938,151.26227327395054,149.45324047913547,151.1537357228456,17571900
2018-06-08,150.62013244628906,150.70153564101028,149.93269088598495,150.20404867021918,17569800
2018-06-11,150.84619140625,151.1537236443561,150.41201363287502,150.72859986739965,15923000
2018-06-12,151.5335693359375,151.90442422051305,150.80995375188792,150.98181400580438,16166700
2018-06-13,150.93663024902344,151.84114654713338,150.71050117449596,151.75070319841643,19853700
2018-06-14,151.7416534423828,151.81401640447245,150.70146519121977,151.49744397238203,19248100
2018-06-15,151.78684997558594,151.84111873524068,150.6290704302151,151.27128295704497,24922600
2018-06-18,152.50146484375,152.51050503875413,150.81000985391836,151.02709875043712,18616500
2018-06-19,152.510498046875,152.6552239712525,150.6381426300285,151.55171295106567,24605900
2018-06-20,153.74061584472656,153.9486507011104,152.81800547886104,153.2702635677608,19216900
2018-06-21,152.3024444580078,153.84011926071753,151.75068901565538,153.7496621186314,26946200
2018-06-22,151.79591369628906,153.04413665378982,151.33460160602374,152.87227636932406,33638200
2018-06-25,149.31756591796875,151.38890235885265,148.46731831104557,151.27132461449548,37005100
2018-06-26,150.1858673095703,150.74667675200692,149.10950459977033,149.45321137862,20464000
2018-06-27,147.7798309326172,150.61095667404928,147.7165081867003,150.33961291103145,27511800
2018-06-28,148.232177734375,148.53971005122645,146.76685152722112,147.64423369140061,26759100
2018-06-29,148.13262939453125,149.2904090846605,147.98790348280946,148.6210620943141,24146500
2018-07-02,149.1547393798828,149.20902195397318,146.9658114869235,147.21907495871557,24283600
2018-07-03,149.7493133544922,150.42107029542694,149.5132786655791,149.5586710174317,13561300
2018-07-05,151.45596313476562,151.48319577748325,149.63130681367647,150.56633115178604,18640500
2018-07-06,152.73594665527344,152.90842928680388,151.16547096341455,151.57397443968054,19597500
2018-07-09,153.69822692871094,153.71638664315532,152.8630601377149,153.42588661925922,16565200
2018-07-10,152.99923706054688,154.20660192079717,152.11869168233306,153.94334837090724,18790700
2018-07-11,151.7010955810547,153.06278334684055,151.64663028671194,152.16406443477234,23912600
2018-07-12,152.4364013671875,152.7359743312126,151.27442894104385,152.57257845181925,19617600
2018-07-13,151.98252868652344,153.17173394100766,151.98252868652344,152.3728864333042,15409100
2018-07-16,151.3924560546875,152.5362688394714,150.65714684648322,152.2911611528017,15946900
2018-07-17,152.0642547607422,152.50907789124275,151.22908766307862,151.37433772836147,15134700
2018-07-18,152.49090576171875,152.56353078845058,151.21092948951681,151.92807911930646,13780000
2018-07-19,153.57118225097656,153.64380727852455,151.83729607926367,152.30027889840608,18398300
2018-07-20,152.94476318359375,153.6982320624623,152.82675966527256,153.235263217193,17570700
2018-07-23,153.13540649414062,153.552982980226,152.3365452486846,152.78136823341427,12335000
2018-07-24,151.50137329101562,154.10673133033853,150.8931544458547,153.82531808798984,25831300
2018-07-25,152.05516052246094,152.05516052246094,150.8205628441466,151.54679921700327,18401200
2018-07-26,152.8721466064453,153.7527058356274,152.06421238966846,152.2003894823551,20944200
2018-07-27,150.0216522216797,153.1626176166107,149.5949890120717,152.96290233331325,28777100
2018-07-30,149.05943298339844,150.71162095426175,148.9414294510551,150.01261728568068,20093700
2018-07-31,150.57545471191406,151.25629871238652,149.23192642948757,149.3590167555035,23567300
2018-08-01,150.47560119628906,150.91135134193456,149.3317882305355,150.42113589103514,17942600
2018-08-02,151.573974609375,151.79184959446812,149.73115864734183,149.74931835904997,18292200
2018-08-03,151.0474853515625,152.21853074314558,150.33940881678123,151.73740217084048,21734900
2018-08-06,151.89175415039062,152.06422298358817,150.60267740514675,150.93856984239738,16288800
2018-08-07,152.25485229492188,152.95385590759014,152.14592170399342,152.40917524933872,15045700
2018-08-08,152.11866760253906,152.49993846882154,151.13825086704014,152.25483082199617,14789500
2018-08-09,152.50900268554688,153.15354087502263,152.1004991987138,152.19127005589795,10437800
2018-08-10,152.08233642578125,153.11721836910473,151.56490238002027,151.6466003053823,20521900
2018-08-13,151.19276428222656,152.55445231745801,150.5845452887067,152.27303900646598,20517200
2018-08-14,152.69058227539062,153.05370731666503,151.50137720030034,151.51953691531506,17683100
2018-08-15,150.77511596679688,152.34560553774492,149.92178957606248,152.23666111752664,27479900
2018-08-16,152.17315673828125,152.6633582569518,151.31983015781327,151.4741531146504,15484700
2018-08-17,152.82676696777344,152.93569755967619,151.53769032183598,152.0279056890076,15106700
2018-08-20,153.25341796875,153.5802097182592,152.35469910218907,153.24433118561683,12547300
2018-08-21,155.01454162597656,155.5592223129131,153.52576344706267,153.5439231637753,20661200
2018-08-22,155.3957977294922,155.6772248303498,154.70588093014118,154.86020387795114,14329200
2018-08-23,154.92376708984375,155.70446866839885,154.48801700985604,155.31411095321883,12945800
2018-08-24,155.76803588867188,155.94051859595993,155.2506016186153,155.3686051669117,11894300
2018-08-27,155.99493408203125,156.99351056750987,155.7952187849355,156.24004173788566,15880400
2018-08-28,156.14019775390625,156.57593396215614,155.32319063196218,156.28544777392432,13170300
2018-08-29,156.59410095214844,156.8392086408398,155.65000348178185,156.15836472365655,13157900
2018-08-30,156.46694946289062,157.25672366544282,155.97674812898225,156.29446685502302,14199600
2018-08-31,157.06614685058594,157.40202539627515,156.09480294024658,156.10388972373275,12240500
2018-09-04,156.36715698242188,157.1569315139934,155.34134768836296,156.85735852054776,17923500
2018-09-05,155.9495849609375,156.34901566587277,154.65144902170485,156.30362329452885,15166100
2018-09-06,154.89649963378906,156.57590593984588,154.70585728515897,156.29449273380294,16647700
2018-09-07,154.81480407714844,155.64089792143855,154.01595672991922,154.51524497931453,17248000
2018-09-10,155.0054473876953,155.8496870994186,154.67864179081457,155.45934328048506,11067100
2018-09-11,155.25965881347656,155.77710688288565,154.32463419678172,154.86931491702222,14078400
2018-09-12,154.88751220703125,155.3141756807875,153.71646627706477,155.04183523024787,21572300
2018-09-13,154.92376708984375,155.72261453287797,154.56064202318734,155.486593628405,14570500
2018-09-14,155.57736206054688,156.07663646571504,154.68771612928705,155.02360851223352,15734900
2018-09-17,153.92518615722656,155.72261016843325,153.73455762290402,155.6136795773918,20023200
2018-09-18,154.56971740722656,154.96914802518685,153.9887311952308,154.14305414275114,13018000
2018-09-19,154.00686645507812,155.29594294312648,153.48035942416627,154.57877969612753,17593500
2018-09-20,155.43212890625,155.5047539198499,154.15213901368617,154.66050025708046,16918700
2018-09-21,154.68775939941406,155.97683629683902,154.52436347968285,155.91328420462753,32539000
2018-09-24,154.1157989501953,154.77848300479047,153.19892047897267,154.56060801273915,15786700
2018-09-25,154.35182189941406,154.79664481980217,154.18842604200745,154.36998161194882,13758500
2018-09-26,152.9410400390625,154.76144164770557,152.7134898379821,154.67041601184857,17787200
2018-09-27,152.95016479492188,153.55090076801247,152.69530963456185,153.25053278146717,14471900
2018-09-28,153.41436767578125,153.82395531162013,152.4131411094517,152.4131411094517,22740300
2018-10-01,151.39369201660156,154.11519725183754,150.88398182010974,154.08787845193294,27893100
2018-10-02,149.7553253173828,151.57572678129173,149.43674950577437,151.2571509696833,28440300
2018-10-03,151.06600952148438,151.75775704550398,149.7371104040758,150.34694319930895,26027200
2018-10-04,148.94525146484375,150.77474998831156,148.48105407820424,150.58361560674996,29463000
2018-10-05,147.59820556640625,149.41860766597645,146.23290399172862,149.04542190230876,31240100
2018-10-08,147.2887420654297,147.81664645782467,146.1327828314537,147.24322923475674,21330700
2018-10-09,146.71530151367188,148.12611584236092,146.52415319257102,147.10668127743142,20620400
2018-10-10,142.5010223388672,146.53321874593024,142.3189849727865,146.37848629033363,46921800
2018-10-11,139.77955627441406,143.19280958580066,139.72493255503872,141.81839736373516,68877400
2018-10-12,139.80685424804688,141.7728775024793,138.2504047043685,141.5908401126233,53492600
2018-10-15,140.32566833496094,141.34508887863248,138.84203645271066,139.5884078425868,32747600
2018-10-16,144.3942413330078,144.5944866020319,140.20731247521758,141.33596636530245,35569100
2018-10-17,143.7753143310547,144.0119615224694,141.89119214152956,143.97554571544495,24140100
2018-10-18,141.08116149902344,143.47499468363822,140.50773039826703,143.27474934332855,31042700
2018-10-19,139.58837890625,142.3189809866629,139.02405892063732,141.50890292501614,34214200
2018-10-22,139.2880401611328,140.58052374972672,138.8238427101966,140.09811839231364,28218300
2018-10-23,138.0410614013672,139.16060453501316,135.5471061238464,137.37660479478615,37228100
2018-10-24,132.8437957763672,138.33230515025042,132.7254791238979,137.8316919634615,40412400
2018-10-25,135.7200164794922,136.36626503768525,133.26247755648203,133.5537345359982,32311300
2018-10-26,134.2363739013672,136.00216519943098,131.70601747070614,134.29098371247295,36986100
2018-10-29,133.49913024902344,137.10353100365234,132.04281751401297,135.73823000226503,33031300
2018-10-30,136.28440856933594,136.43004408046747,133.39907271180522,133.66303881180198,29017200
2018-10-31,136.55740356445312,138.22307243468114,136.55740356445312,137.676946484634,36785400
2018-11-01,139.70672607421875,139.96158118764882,137.26738070323677,137.34019843401137,28496400
2018-11-02,140.17091369628906,140.98099179782258,138.75100276673018,140.22552351841654,26671600
2018-11-05,140.0617218017578,140.7716774071972,138.66911550735261,140.2073433934287,16940900
2018-11-06,140.7534637451172,141.1812592704632,139.73404320228244,139.85235987264224,15572900
2018-11-07,143.2747344970703,143.2747344970703,140.89910946825694,141.40881977675014,22127800
2018-11-08,142.89242553710938,143.72069769209534,142.30078669662032,142.54654479616383,14987700
2018-11-09,140.24374389648438,142.0186327163071,139.2152125263933,141.99132780281462,20654400
2018-11-12,137.46762084960938,140.32565070495602,137.29468048155772,140.18912614521076,21886800
2018-11-13,137.03073120117188,139.34263508818267,136.79407010797487,137.98644480482002,18468500
2018-11-14,136.02952575683594,138.76923943567405,135.14662974659717,138.1867113979606,24549100
2018-11-15,137.96824645996094,138.16849175797387,134.82805630630392,135.15572916772848,24482000
2018-11-16,138.2958984375,138.61446035364204,136.5847166541793,137.08532982361467,29323500
2018-11-19,135.4924774169922,138.37781198340804,135.04647407193968,138.0592361814333,21540900
2018-11-20,132.88026428222656,135.10114331141872,132.51617550718686,134.02711267432662,25907000
2018-11-21,134.7370147705078,135.9566804319254,133.3717136570687,133.5992638426419,17902300
2018-11-23,134.60952758789062,135.89291339921698,133.62650955508033,133.6356204471461,11134800
2018-11-26,136.357177734375,136.89419286567102,135.38327011393665,135.91118823724116,15346400
2018-11-27,135.22854614257812,136.28436856695842,134.97367712862405,135.78375532473868,14461800
2018-11-28,138.56900024414062,138.68731692565078,134.43668007552418,135.8019815263018,26125900
2018-11-29,138.19580078125,139.0240869123337,136.93062211813137,137.99555547728332,15134500
2018-11-30,138.9148406982422,139.1332938886252,137.51313758682983,137.85901833279576,20304700
2018-12-03,140.24374389648438,140.607818668759,138.3687324310018,140.52590392828154,23379800
2018-12-04,134.2727813720703,140.28920722021323,133.92690073844477,139.9433265865877,41077900
2018-12-06,133.98155212402344,133.98155212402344,130.55009129243035,132.38870075800415,37581200
2018-12-07,131.0871124267578,134.94635461571357,130.40446188236487,133.92693424709293,28525100
2018-12-10,130.70481872558594,131.7242390079222,128.74787899749293,131.31465149366636,30776600
2018-12-11,130.56829833984375,133.0622534621526,129.60348774092884,132.59804217842293,29229300
2018-12-12,131.81529235839844,133.58107032218305,131.76066864158798,131.86990218664627,27894800
2018-12-13,129.94937133789062,132.60715599157805,129.7400151553615,132.19756841170766,23205400
2018-12-14,127.98332977294922,130.36805132640208,127.51913238394806,129.00275018262775,24037200
2018-12-17,125.13311004638672,128.65824408589367,124.34771705514805,127.55320906500629,36468500
2018-12-18,124.97785186767578,127.10570501853367,124.46642186538607,126.26551948876462,42277200
2018-12-19,122.37506866455078,126.64905691118007,121.69013357874172,124.93216243857924,47676600
2018-12-20,120.35684204101562,122.74955917457369,118.93217864235837,122.03722747524506,57908100
2018-12-21,117.23350524902344,121.41617790715767,116.87734646728426,120.89563439748899,59404800
2018-12-24,114.95951080322266,117.32482376440818,114.9229800931731,116.64902304729253,28575700
2018-12-26,120.48470306396484,120.63996735938403,114.8956343503833,115.32486167290185,40182700
2018-12-27,120.9869384765625,120.9869384765625,116.77687691895565,118.96867074685058,39527900
2018-12-28,121.333984375,123.29745964704554,120.12849177138816,120.9869460918314,35994400
2018-12-31,122.28376007080078,122.42075547325064,120.36594985188513,122.11938230991193,29173400
2019-01-02,122.97785186767578,123.44360284947712,120.1285115779991,120.7038616823169,27295100
2019-01-03,120.77690124511719,122.95956075558568,120.22894753690717,122.29289442746212,29294600
2019-01-04,125.28836059570312,125.66279521739399,122.11026487572063,122.3020389458252,35355300
2019-01-07,127.48017120361328,128.19250289307536,124.87742508751604,125.35230359045998,30477900
2019-01-08,129.43447875976562,129.48927134395768,127.297484366025,128.5851658347053,27320900
2019-01-09,130.5029754638672,130.95047145814885,129.3340205553781,129.8819742653131,25764600
2019-01-10,131.1787872314453,131.2518486573618,129.08745791287458,129.7358554234398,22896800
2019-01-11,131.21530151367188,131.49841974432059,130.30205465814228,130.60342779267197,22428400
2019-01-14,129.90936279296875,130.996128760527,129.76323995438057,130.42992017979884,29185000
2019-01-15,131.00523376464844,131.1878803140669,129.7632177195491,130.27463363193615,25678900
2019-01-16,131.98245239257812,132.64911876061302,131.20618691531485,131.2153143681495,20827300
2019-01-17,133.17880249023438,133.63542595871832,131.48016263007239,131.4984314706236,19273400
2019-01-18,134.5486602783203,135.08747257619382,133.3340402938495,133.88199397866256,28306700
2019-01-22,132.42079162597656,134.02810104564958,131.5532099161249,133.7541381420423,27741100
2019-01-23,132.0555419921875,133.49846021026525,131.01444081019295,132.7130810476625,20621300
2019-01-24,132.8500213623047,133.11485681933627,131.80892050304206,131.90023682768967,16976300
2019-01-25,134.5578155517578,134.83179245081254,133.72675740080788,133.900276568044,22266900
2019-01-28,133.8363800048828,134.16514955442682,132.75874106219268,133.29756750106094,22784700
2019-01-29,133.5167236328125,134.08294631233858,133.22449180616073,133.98248857363598,12084800
2019-01-30,134.9778594970703,135.47100656337633,133.04176709685103,134.22899054504325,25516900
2019-01-31,136.1285858154297,136.34777009630636,134.73131912056647,134.80438054752534,27252900
2019-02-01,136.23814392089844,136.69476729738898,135.69020423013353,136.39340813174005,17057900
2019-02-04,137.86378479003906,137.87291224418738,135.96422919884904,136.448249034556,21301700
2019-02-05,138.00987243652344,138.44824099880339,137.2062246090949,137.90941471621457,18295900
2019-02-06,137.83633422851562,138.23816505418404,137.07835163968892,137.93679193493273,13720600
2019-02-07,136.7039031982422,137.6262773651295,135.51667967999498,136.913946041189,22850800
2019-02-08,136.8500213623047,136.89567254853756,135.61713276316954,136.12854867731676,13463000
2019-02-11,137.9916229248047,138.03727412533118,136.64914876231325,137.25188117268343,16374800
2019-02-12,139.71762084960938,139.90026740678482,138.70391643199065,138.7404401694101,20779900
2019-02-13,140.1103057861328,140.42080631694083,139.45276705322254,140.1103057861328,15534500
2019-02-14,140.4300079345703,140.97794782365511,139.17884995431857,139.34324167557526,18251000
2019-02-15,142.66744995117188,142.68571879330366,140.88662105701994,141.35237201855395,27240200
2019-02-19,143.06016540527344,143.4711377849776,142.05560186666995,142.05560186666995,15856900
2019-02-20,143.73593139648438,143.90945053994358,142.95053849217157,143.0692650503367,18317400
2019-02-21,143.18795776367188,143.71764257293358,142.52129151022183,143.49847226223224,17497000
2019-02-22,144.43002319335938,144.53962232111581,143.4711248870434,143.6263752217331,20411800
2019-02-25,144.466552734375,145.66290413749596,144.37522245556897,145.27934204958999,17957100
2019-02-26,143.47108459472656,144.46652030908552,143.27929662629805,144.30212863114093,21497300
2019-02-27,143.67201232910156,143.78159750042985,142.57610487564997,142.9140157123158,18194900
2019-02-28,143.1787567138672,143.81802634987417,142.80432237883704,143.46186084302508,18155300
2019-03-01,144.51220703125,144.60352336816064,143.15146401538146,144.24735760361023,19247100
2019-03-04,143.20626831054688,145.00536612176074,142.09210578984457,144.78618181218116,23301800
2019-03-05,142.53958129882812,143.3341016619824,142.4299961273702,143.32497420937497,16798200
2019-03-06,139.74508666992188,142.53962079680656,139.61723262277832,142.48482819589447,29604600
2019-03-07,138.52130126953125,139.85464804981117,138.23819692301026,139.74506286665303,26822500
2019-03-08,138.4847412109375,138.5943263653636,137.54409814200693,137.75414099967026,20466800
2019-03-11,140.90489196777344,140.92316081198018,138.7222319090817,138.91401993563952,20854500
2019-03-12,140.9779052734375,141.53498638364678,140.4573618391661,141.00530156287073,18966800
2019-03-13,141.53500366210938,142.21993885163667,141.32496077246614,141.48021107655393,24109100
2019-03-14,140.95968627929688,141.5715601242444,140.8226908621915,141.46196100355132,14217500
2019-03-15,141.33407592773438,142.34778047743524,140.94138647539305,141.1240330563667,22025900
2019-03-18,142.23818969726562,142.8774596729419,141.0783623545842,141.60804717301318,24510200
2019-03-19,141.51678466796875,142.95057544899322,141.1606188364363,142.9049103044284,18633100
2019-03-20,140.33734130859375,142.3152166969668,139.55902041885724,141.5094125078835,29463200
2019-03-21,142.17787170410156,142.9012539478851,139.8520328486229,139.8520328486229,31845000
2019-03-22,137.00428771972656,141.50943988331784,136.95851481373896,141.1981114671958,40663000
2019-03-25,137.60861206054688,138.5609286266921,135.89629215951942,136.87606408017146,26454700
2019-03-26,139.055419921875,139.9344804788886,138.0756338215806,138.69830462700557,21308600
2019-03-27,138.51513671875,139.37587951646174,136.8760591004206,138.91803879190783,23477100
2019-03-28,139.7512969970703,140.03515600811363,138.20379312686384,138.99127972468887,19473300
2019-03-29,140.18167114257812,140.98747529724025,139.27515544077343,140.72191984982194,28298900
2019-04-01,141.71084594726562,141.85735832202008,140.75854345573995,141.28047457904265,20075200
2019-04-02,141.34457397460938,141.82073218959607,140.56623923696895,141.81156643388047,18253500
2019-04-03,142.07711791992188,142.98363349061736,141.6833676841363,142.6082147657558,19554700
2019-04-04,142.7730255126953,142.8554334757315,141.78408803969808,142.18699004412522,15909500
2019-04-05,144.10995483398438,144.19236281330996,143.0202916444891,143.1210171655061,21379000
2019-04-08,143.87188720703125,144.21985068295513,142.91043271356534,143.62466323726747,14202400
2019-04-09,142.11375427246094,143.48727640906114,141.84821280714837,143.2675218094065,18534200
2019-04-10,144.04586791992188,144.09165479361639,142.23282229359498,142.37016894248634,18938800
2019-04-11,143.86268615722656,144.38461722019173,143.5879789793666,144.23811883456224,12218700
2019-04-12,144.38465881347656,144.82419601354616,143.86272760015723,144.79672668506575,14120300
2019-04-15,143.91766357421875,144.76925465781073,143.30415862927396,144.63189404577784,10964000
2019-04-16,144.25645446777344,144.58610036004683,143.74367507361274,144.41213261517777,16782900
2019-04-17,142.9378662109375,144.77838071874802,142.11374460174432,144.7600631792934,17108500
2019-04-18,142.5166015625,143.10263689000232,141.61923802367744,142.94697278434217,23276300
2019-04-22,142.1412353515625,142.67233229829554,141.4911093109035,142.2144915482351,15596800
2019-04-23,144.283935546875,144.72345873908074,142.2602733558486,142.26942514053547,23396100
2019-04-24,144.73260498046875,145.30948875402484,144.1007825565149,144.3297029146321,18053100
2019-04-25,143.53309631347656,144.19238820857706,142.36102493822966,144.06419333854046,19365100
2019-04-26,144.92486572265625,145.12631670204925,143.21253239781578,143.7253256003891,16999100
2019-04-29,145.62078857421875,146.15188537772113,145.126326845268,145.2453559070932,13698900
2019-04-30,144.94325256347656,145.7673744905426,143.72540817768862,145.73073939750282,24127500
2019-05-01,143.56971740722656,145.34614201471877,143.49647517195461,145.29120335216837,17734300
2019-05-02,144.23814392089844,144.81501372532907,142.5532794573415,143.43233978494467,22715700
2019-05-03,146.9943389892578,147.09506450554758,144.8516477942095,144.96152509482025,20178800
2019-05-06,147.1591796875,147.5254466978141,144.6868284652119,144.84249264320496,21262100
2019-05-07,144.24729919433594,146.38999045619684,143.0752280439749,145.87721107443767,25434500
2019-05-08,143.54222106933594,144.76007909144468,143.44149554954677,144.00006180070656,16113700
2019-05-09,143.0203094482422,143.4415151542444,140.77689235234774,142.40680446101828,25259900
2019-05-10,143.4140167236328,143.60631596583423,140.71275938191653,142.4708659972592,26544700
2019-05-13,138.8447723388672,141.03325028162155,138.4144009718152,140.7310737490836,26936500
2019-05-14,140.59371948242188,141.1706032497777,138.90886901811328,139.14695513019777,15519200
2019-05-15,141.05157470703125,141.39038636935382,139.24769497326253,139.54985757829317,18410600
2019-05-16,141.93060302734375,143.01110026632105,141.41782372937567,141.4819141555277,13772100
2019-05-17,139.9527587890625,142.17787212635008,139.78794282373283,140.8501367298274,21534000
2019-05-20,138.98214721679688,139.93446387155743,138.64334950787594,139.11949386306432,18689800
2019-05-21,140.85011291503906,141.05154995898621,139.71466300338165,139.76044986562863,11659100
2019-05-22,139.66888427734375,140.63950433589181,139.1835742480697,140.30070668546753,13922600
2019-05-23,136.79367065429688,138.32285721597654,136.0519708101724,138.32285721597654,26379400
2019-05-24,138.07559204101562,138.35029925522028,137.159910641793,137.70017328619824,16093100
2019-05-28,136.976806640625,138.8631084934995,136.967654854651,138.2770728307405,14042200
2019-05-29,135.83221435546875,136.37246318259395,134.93485023913618,136.29005518635992,22622300
2019-05-30,135.45675659179688,136.96763943899586,134.64180062168012,136.2076221229244,17739100
2019-05-31,133.56130981445312,134.45867381030516,133.06684793124242,133.86348639893413,25411300
2019-06-03,134.0282440185547,134.79742679517543,133.07594178051832,133.80848948710764,26554500
2019-06-04,137.49868774414062,137.61771679507083,134.07403514075435,135.44755689479152,21217600
2019-06-05,137.52618408203125,138.16715823208077,136.079405873526,138.04811518557565,18184100
2019-06-06,137.16909790039062,137.82838972895559,135.80472737168427,137.46210872853533,20772500
2019-06-07,138.13967895507812,138.73486620033756,137.37051003044476,137.6726865305909,17107500
2019-06-10,138.9546356201172,140.22743205307128,138.67992843895126,138.67992843895126,18912300
2019-06-11,138.54257202148438,140.30983007761205,137.88328042225885,139.98018427799929,15373000
2019-06-12,138.69827270507812,138.98213172384908,137.91993787048202,138.4327172556412,11957600
2019-06-13,140.16334533691406,140.26405686807902,139.06451658317673,139.4674185965887,14839400
2019-06-14,138.93630981445312,140.04429025608775,138.92715803209433,139.9893516175613,16154800
2019-06-17,139.89479064941406,140.5012602775151,139.371005491683,139.55478459175745,12509300
2019-06-18,141.521240234375,142.56879645308726,139.91314868678936,140.84125621083535,22100800
2019-06-19,142.026611328125,142.15525806216908,140.9606732337927,141.68661939274617,15625000
2019-06-20,142.69744873046875,143.55204184850533,141.91638407575368,143.3958289175623,17595700
2019-06-21,141.466064453125,142.58713476648722,141.1536386992873,142.55038456898214,19854400
2019-06-24,139.7477264404297,141.88878676770173,139.6742120146909,141.8428384989346,24002600
2019-06-25,138.89315795898438,140.13369132684943,138.75532714986403,139.95909628766665,17462200
2019-06-26,138.571533203125,139.87638280149565,138.53476897700526,139.3985460120471,15726900
2019-06-27,141.17205810546875,141.30070486288605,138.9758651614872,138.9758651614872,22278400
2019-06-28,142.89044189453125,143.36827880950867,141.45694517104667,141.4661292192673,35089900
2019-07-01,143.44175720214844,145.21524554280717,142.63311247568132,144.76497490712538,22850500
2019-07-02,142.56875610351562,143.46009914505518,141.75092748020467,143.36821663835065,19024600
2019-07-03,143.58877563476562,143.66229006823235,142.58716776899007,142.9823060961931,9115100
2019-07-05,143.97470092773438,144.02984726318513,142.30229330991355,142.88121064988073,14156700
2019-07-08,142.60556030273438,143.79094732806928,142.32988466245203,143.5428518711161,9735700
2019-07-09,142.79852294921875,142.82608911100849,141.95312793762764,142.0082602612071,12381600
2019-07-10,143.046630859375,143.86445970021524,142.29313240963623,143.53365174091778,17325400
2019-07-11,142.34825134277344,143.29472685534205,141.71420164530738,143.24877858336956,14260800
2019-07-12,143.45094299316406,143.96552999937805,142.32068838869804,142.5595997783133,16678000
2019-07-15,142.69744873046875,143.89203387341388,142.29314033232302,143.86446771039135,12194300
2019-07-16,142.6514892578125,143.53363436149647,142.12770421007718,142.55040867078168,15152700
2019-07-17,141.63150024414062,142.7433726871189,141.26392809739448,142.65149016651515,14155100
2019-07-18,142.1644744873047,142.44013608053882,141.26393321125914,141.58555709862458,15705500
2019-07-19,141.3466796875,142.82611066496196,141.3466796875,142.37585394015096,17182600
2019-07-22,141.2179718017578,142.15526319589492,140.96067832437788,141.73257277796057,14474600
2019-07-23,142.1552734375,142.17365555047803,141.08933522787723,141.769333193625,15493200
2019-07-24,144.50770568847656,144.6823007402501,141.62233036410194,141.77854329951865,23823100
2019-07-25,142.7617645263672,144.48931868016535,142.51365506308997,144.43417233831346,17902500
2019-07-26,144.4525604248047,144.65472162228622,142.89041718908445,142.96393162648184,14260300
2019-07-29,143.48770141601562,144.5995879921102,142.98231244832687,144.4433750720952,13192200
2019-07-30,145.0406036376953,145.0406036376953,142.16442779519053,142.4860375554831,1200
2019-07-31,143.86448669433594,146.31797367721848,142.93639303340143,144.98555754333893,40445900
2019-08-01,141.77850341796875,145.3438758301601,141.13526974088333,144.1584890553486,38070200
2019-08-02,140.2071990966797,141.28232142101746,139.01261406248943,140.91476326654885,30148300
2019-08-05,135.9985809326172,137.76288516484547,134.35373940023223,137.6342384194156,39221500
2019-08-06,137.248291015625,137.56071680657553,135.42885456200636,136.8255865761768,24283300
2019-08-07,137.2115478515625,137.5699219293151,134.7948118274052,135.9250663770182,23952100
2019-08-08,140.17042541503906,140.25313791244432,137.82721780080297,137.9742326398086,19415600
2019-08-09,138.40611267089844,139.81204276184647,137.86395955534448,139.75691044791802,19313200
2019-08-12,136.61424255371094,137.94665822081947,136.3018167600469,137.66179858415856,15963000
2019-08-13,138.08453369140625,139.48126602787698,135.6953633966626,136.31103107552394,21912600
2019-08-14,134.22509765625,135.98020388684623,133.90347376996928,135.95263772761578,28235800
2019-08-15,133.6920928955078,134.77639892664598,133.04884529445656,134.73045066636513,24202400
2019-08-16,136.57749938964844,136.8347928825651,134.26184393195462,134.28941009037825,22783400
2019-08-19,137.9558868408203,138.6542530086396,137.79047584072467,138.13048188813667,17023400
2019-08-20,137.05528259277344,137.84554495619997,136.90826779742687,137.7628465047976,13324100
2019-08-21,138.18557739257812,138.4336727944434,137.64341027921066,138.40610663868057,13446100
2019-08-22,137.8639678955078,138.8288255119547,137.04613913939343,138.45206931539406,12979100
2019-08-23,133.63699340820312,137.9374968875426,133.17753868724287,137.11966804509117,36974600
2019-08-26,135.10723876953125,135.12562088228532,133.8942857351944,134.89589354791266,19167100
2019-08-27,133.1040496826172,136.01699118067668,132.94782272522448,135.96185885286587,24546200
2019-08-28,134.656982421875,135.43806105012428,132.55268598537324,132.83754566676328,20115500
2019-08-29,137.01853942871094,137.183936340001,135.96179954940547,136.13638050417595,18786300
2019-08-30,136.77047729492188,137.808849446027,136.0353469407265,137.73533500846295,18727100
2019-09-03,134.76724243164062,136.2926352475601,134.16075892341578,135.49317461528435,20688000
2019-09-04,135.85157775878906,136.32941462705895,135.24509412076725,136.00779069195596,13107500
2019-09-05,138.37857055664062,139.59153775958706,137.25749990717028,137.69858653812105,25666700
2019-09-06,137.74453735351562,138.96668875016258,137.6802209755064,138.47966780536794,14645900
2019-09-09,139.59153747558594,139.8947792757056,137.89154938985476,138.36020218160579,25780100
2019-09-10,141.37423706054688,141.4661196008488,138.65425867727978,139.38019103788585,29576200
2019-09-11,144.268798828125,144.41582772074042,141.1077477441282,141.98990707837376,42970500
2019-09-12,144.30552673339844,145.0957893822366,142.95474280832397,144.43417348918862,38648300
2019-09-13,144.5536346435547,146.03307932994835,144.3882376827944,145.04985356872479,31042800
2019-09-16,145.09579467773438,145.87687330875306,143.993106156225,144.24121563053433,23242600
2019-09-17,144.71905517578125,144.79256961478526,143.7633814901748,144.59959245971905,22986700
2019-09-18,143.82769775390625,144.72822500571522,142.4952819787774,144.70984289240855,19735700
2019-09-19,143.12933349609375,145.02229877565063,142.91798824474185,144.08500719354228,21531600
2019-09-20,142.82611083984375,143.9471816613316,141.92558336767155,143.0190880231759,22707200
2019-09-23,142.7158203125,143.30392178264984,142.02663824491293,142.30231387623675,14944600
2019-09-24,140.56170654296875,143.19902587526062,140.01764765631378,143.06992691790637,27576700
2019-09-25,142.1016845703125,142.34143574446622,139.98076117494224,140.4233841390454,21917500
2019-09-26,140.515625,141.93571367412213,140.11909768837816,141.93571367412213,20641600
2019-09-27,139.3905792236328,141.29018392021322,138.78196391189474,140.92133383046655,20181900
2019-09-30,139.55654907226562,140.40491548377364,139.04936967660103,139.58421212378113,16905400
2019-10-01,136.81777954101562,141.41004258383046,136.52270233333456,140.26658498609063,34093500
2019-10-02,135.78500366210938,136.1354210774188,134.50323067593794,136.1354210774188,24894600
2019-10-03,136.2368621826172,136.42128722432247,133.6456389884981,135.26861312525352,25362800
2019-10-04,137.52781677246094,137.6292526303609,135.66509195953677,136.4673624977365,18640400
2019-10-07,137.2881317138672,138.385479957805,136.58729669650486,137.19591213661468,15762800
2019-10-08,135.05654907226562,136.4120811089987,134.73379463878126,135.94179505832523,18110600
2019-10-09,135.67434692382812,136.1907426318393,135.2224936439545,136.0524133074399,10929500
2019-10-10,136.21839904785156,136.93766647336665,135.64667726621832,135.867981661314,16349000
2019-10-11,138.52381896972656,140.12834702180177,136.19080678726726,138.12729160452938,29236300
2019-10-14,138.0166473388672,138.459270455473,137.49103502616066,138.2379659325377,10692600
2019-10-15,139.60267639160156,140.2850645797691,138.12724779529924,138.47766525283527,16801200
2019-10-16,139.75025939941406,140.41420103804796,139.37217878588265,139.43673531192962,13119100
2019-10-17,141.40084838867188,141.55761039393772,140.21129478601668,140.43259923075428,13175800
2019-10-18,140.7276611328125,141.54836444199236,139.65797630468023,141.02273835428474,14490200
2019-10-21,142.04632568359375,142.91313884092324,141.92645714766604,142.16620829024993,17450300
2019-10-22,142.203125,142.97771872956412,141.76971835044444,142.19389460060682,12471800
2019-10-23,142.3782958984375,142.70105026723635,141.59448597107067,142.32296979423847,8728000
2019-10-24,142.17543029785156,142.98691738321665,141.52071927548306,142.885481497546,9091400
2019-10-25,142.9315643310547,143.4202969414963,141.917205665576,141.92643606208804,10531500
2019-10-28,144.16726684570312,144.75743548424603,142.9408197856141,143.5402188231958,15392400
2019-10-29,144.63754272460938,145.08938193851597,143.72461982857448,143.86293508370343,11978300
2019-10-30,144.15806579589844,144.60068880403418,143.189816533132,144.58224207473177,14451500
2019-10-31,143.34657287597656,143.94597195333697,142.2307920351933,143.94597195333697,17344200
2019-11-01,145.7902069091797,145.87319605665354,143.8998188159336,144.22255907968537,18421600
2019-11-04,146.57403564453125,147.26564010407205,146.1314127302292,146.98899550610997,16182000
2019-11-05,146.7584991455078,147.96651373748782,146.59252078567187,146.98903402576826,13760200
2019-11-06,145.91012573242188,146.61096074129821,145.52282883996844,146.61096074129821,16025500
2019-11-07,146.29739379882812,147.6990494696705,145.8547708761991,147.3025363260241,13448900
2019-11-08,146.69393920898438,146.8691479484135,145.65191717178828,145.9562248659446,11967400
2019-11-11,146.41729736328125,146.5279495920913,145.58737750574392,145.72569279175647,10508700
2019-11-12,146.46336364746094,147.4316125741601,146.1498397117989,146.55556912050614,14316900
2019-11-13,145.83633422851562,146.15908863296875,144.95108832208246,145.45826778448168,14514400
2019-11-14,145.7902069091797,146.5371373778983,145.5043319500026,145.63343086964872,13054000
2019-11-15,146.54638671875,146.8875737823804,146.02077459560942,146.83224767160033,13119200
2019-11-18,146.17752075195312,146.38039251663912,145.6426782878472,146.36194579146897,10759500
2019-11-19,146.7216339111328,147.26569290406115,145.98391940898,146.7216339111328,15203700
2019-11-20,146.16831970214844,147.1734624001734,145.01564538532605,146.20521315989635,21314300
2019-11-21,145.4490509033203,146.5187360378437,144.98798118023933,146.45419359339263,15388300
2019-11-22,145.90089416503906,146.19597145053842,145.0986374052264,145.98388333245478,13482400
2019-11-25,148.999267578125,149.22980239971437,146.51871064650683,146.64780958376772,24753000
2019-11-26,149.1007080078125,149.8845179826736,148.73184383958733,149.15603411536395,15496700
2019-11-27,150.15196228027344,150.24416777911838,149.46035772064783,149.73700235864422,13202500
2019-11-29,149.17446899414062,150.11504088927447,149.08224944172602,149.7646375457009,9988200
2019-12-02,147.71746826171875,149.5801932286837,147.45927043311684,149.52485306193213,17190900
2019-12-03,147.2471923828125,147.32096521315202,145.79022471347503,146.4541661158021,14884400
2019-12-04,148.26156616210938,148.66730973452718,147.81894320616726,148.00336826524895,10833200
2019-12-05,148.40907287597656,149.06378377444554,147.95721963973043,148.89780548606512,11470700
2019-12-06,150.14276123046875,150.68682016243017,149.8476698343819,149.93065901300673,16486200
2019-12-09,149.85682678222656,150.45622566648765,149.74617458790675,150.0781452415928,13476700
2019-12-10,149.94906616210938,150.27182053254302,149.33123454421025,149.76464112360236,13704400
2019-12-11,149.9029541015625,150.38247045095977,149.3404485967104,150.19804541526184,19612200
2019-12-12,151.1939697265625,152.24520799290144,149.6171052916894,150.0781749536052,24857000
2019-12-13,150.61300659179688,151.97776875287394,149.89373909672054,150.98185666644633,23279600
2019-12-16,151.67462158203125,152.57237947622622,151.54504900567073,151.84120884205836,20115300
2019-12-17,152.43350219726562,152.43350219726562,151.50798000526967,151.91521202932356,12980000
2019-12-18,152.72970581054688,152.9703365432661,152.08184297449463,152.76672049159959,15379300
2019-12-19,153.38682556152344,153.38682556152344,152.60013998383656,152.97034330011846,11919800
2019-12-20,153.6089324951172,154.01616455405886,153.3775519272957,153.7755197252211,25449500
2019-12-23,153.91433715820312,153.96986622791212,153.04434407316927,153.85880808849413,13372100
2019-12-24,154.26605224609375,154.28456664659896,153.67371853107483,154.05318606850798,4334500
2019-12-26,154.26605224609375,154.5437117642729,153.96989244975916,154.40488906635818,9371200
2019-12-27,153.50711059570312,154.67326346799953,153.109128711426,154.67326346799953,12261800
2019-12-30,153.11839294433594,153.83104898289739,152.31319316044238,153.61816871170313,14912700
2019-12-31,153.33128356933594,153.96064610085884,152.4427900361096,152.78522878096246,17362400
2020-01-02,153.4330596923828,154.33081730062096,151.99849754667824,154.32156716323863,18297500
2020-01-03,152.83152770996094,153.09067286790625,151.5080232539849,151.54505206074964,19295600
2020-01-06,153.03512573242188,153.21096311558574,151.35991842150068,151.6468422118581,17150900
2020-01-07,152.5260772705078,153.02585309672781,151.98002250499815,152.5723562097975,11817900
2020-01-08,152.9981231689453,153.66450050288654,152.45206827990677,152.54462617942465,13832400
2020-01-09,153.18313598632812,154.05312889665637,152.95175549410655,153.74770495224254,11895400
2020-01-10,152.60935974121094,153.3497803487171,151.97074714376623,153.22020780157965,15353000
2020-01-13,153.5996551513672,153.67368449229102,151.85041893334989,152.65561864760252,17271100
2020-01-14,154.1642608642578,155.1082834701782,152.6926696306055,152.8407565923636,18323000
2020-01-15,154.90464782714844,155.4414524038333,153.76625946267527,153.77550960073344,15437200
2020-01-16,156.90377807617188,157.2184522360918,155.88569800308025,156.03378494504778,19976200
2020-01-17,156.47805786132812,157.85707701320075,156.10784047780422,157.5979319059086,18306400
2020-01-21,155.1823272705078,156.404023524002,154.81212398770046,155.82093993734796,17935100
2020-01-22,155.0804901123047,156.06154133753572,154.72878717407193,155.66357358940692,14916300
2020-01-23,154.9787139892578,155.45998956336143,153.12766929754412,154.65478964161807,15954300
2020-01-24,153.07212829589844,155.49699213405535,151.99851906894762,155.49699213405535,20491400
2020-01-27,151.33213806152344,152.23916003490268,150.3233221980667,150.7213041093145,18539000
2020-01-28,152.5908660888672,153.0813918070336,151.31365484267462,152.24842733680583,16690400
2020-01-29,151.7208709716797,153.2294769105424,151.69310643116629,152.80374454110336,14944400
2020-01-30,151.7208709716797,151.91523687762373,149.86982628491816,150.7120550067587,21889700
2020-01-31,148.5741424560547,151.71166351799667,148.11138115416145,151.1563584291373,30439000
2020-02-03,150.2307891845703,150.79534424014778,149.46260396723648,149.56441198693975,17373200
2020-02-04,152.49832153320312,152.99809738826886,151.93375233492225,152.0725750384543,15994200
2020-02-05,154.84915161132812,155.05276767059803,153.34980983156913,154.0809663190556,17807000
2020-02-06,154.49746704101562,155.62660564195997,154.34012990775,155.38597487149832,14768900
2020-02-07,152.6001434326172,153.96991268063874,152.155882496217,153.90511933153186,18029600
2020-02-10,153.46083068847656,153.53487415769447,152.21138421658716,152.30392796134873,11428800
2020-02-11,154.525146484375,155.45066840741373,153.88653409790328,154.36779532979588,15005600
2020-02-12,155.5895538330078,155.7561410676538,154.8213686322136,155.50626021568482,12123000
2020-02-13,155.99681091308594,156.36701424210693,154.66405633284748,154.76586436668103,12649300
2020-02-14,155.39517211914062,156.20963617632603,154.87688194542196,156.13559270545935,16006200
2020-02-18,155.0619659423828,155.5432413871569,154.03463584965442,155.02495127232933,13412100
2020-02-19,155.8579559326172,156.5428475461784,155.05275601842033,155.6450897493232,11084600
2020-02-20,156.2374267578125,156.51508628926214,154.18276599637585,155.3951980239438,20383800
2020-02-21,154.65475463867188,156.07080237755133,153.94209863939918,155.6265415839972,18729900
2020-02-24,149.9993896484375,154.61773638553956,149.10163198515414,149.80502377271358,28239500
2020-02-25,144.66836547851562,150.637980541006,144.34444119836806,150.41586426258417,45047000
2020-02-26,142.9932403564453,146.68608057979512,142.73409516066855,145.35332578874093,39465000
2020-02-27,137.9583282470703,143.46518216830424,137.73621197126008,140.0777818610739,50530300
2020-02-28,135.43165588378906,138.0231206895986,133.19189400888388,134.06188707648073,72036400
2020-03-02,139.78163146972656,139.96673310476737,134.56168627641847,136.94953549878858,33569300
2020-03-03,136.93106079101562,142.71557682749275,135.41320434793818,139.8372010828476,42941300
2020-03-04,140.82748413085938,141.0958793984595,137.4585833425788,139.0874975941336,36195800
2020-03-05,136.3479766845703,141.1236618836635,134.65426887444082,137.75476066701222,32729400
2020-03-06,133.64544677734375,135.10777405951592,130.48942570442043,132.08132557502037,39688300
2020-03-09,120.65109252929688,126.02837505273084,120.55853464657008,124.14031569731526,56320000
2020-03-10,124.41797637939453,124.760429289657,118.48538819812492,124.67713565838444,54432700
2020-03-11,116.5047378540039,122.4188315057547,114.92209565974008,121.16937082396934,51354800
2020-03-12,103.6307373046875,110.97012972669826,103.2882914976407,108.0732402899126,70114300
2020-03-13,110.57215881347656,111.02566279822081,101.39097858615152,109.49854947355513,57915100
2020-03-16,95.90262603759766,103.01063778931713,93.87572988248694,100.5302376712386,59095700
2020-03-17,100.2988510131836,102.27021090766137,93.11679621575198,97.14281668087749,59344800
2020-03-18,92.52446746826172,98.82727220843573,89.0815233077733,95.37507790879245,62296700
2020-03-19,96.13398742675781,98.84576758512922,88.56321602312924,92.23754005647338,62654700
2020-03-20,93.84798431396484,100.65983058060185,92.96873368912642,98.21645170900123,76203700
2020-03-23,92.45967102050781,94.5698605484463,88.76683934661547,94.31071545710988,63534700
2020-03-24,100.91896057128906,101.18736290725762,92.48745117399255,97.52229515127112,73386700
2020-03-25,102.17323303222656,105.91750874220236,98.503280011318,101.71797554959963,56043700
2020-03-26,108.52828216552734,109.26227278331132,103.31602515059497,103.63192316677643,51657600
2020-03-27,104.57958221435547,107.7942700836213,103.0094067060217,104.291563238979,39931500
2020-03-30,106.8837661743164,107.088169502242,102.94438042462822,105.2113817535408,41552100
2020-03-31,106.34488677978516,107.93364844749733,104.02213456000527,106.47496033701465,52948000
2020-04-01,99.09791564941406,102.55416540068629,98.04802698716418,100.99327544365319,54224200
2020-04-02,100.03631591796875,102.56347209925305,97.15610386283524,98.2245715688387,43774200
2020-04-03,97.20254516601562,100.34290386474547,95.32575725381264,99.03286810626417,42189200
2020-04-06,104.6446533203125,105.30431424425987,101.29059781495386,101.35563460778025,48708100
2020-04-07,104.91407012939453,110.22852832050447,104.42164779498701,108.59330877974513,57546100
2020-04-08,109.69893646240234,110.7859827495879,105.25783555839823,106.73510249916677,52822300
2020-04-09,114.9483871459961,115.77528654295382,112.72783612425856,113.27600236086883,69528600
2020-04-13,111.83590698242188,114.75328400038956,110.67453055525388,114.14007384437484,40198200
2020-04-14,114.10289764404297,116.0261365333609,112.69996016271645,115.11562147421321,35089700
2020-04-15,109.44811248779297,110.66523266128488,108.38893780017062,109.50385628551662,34809900
2020-04-16,108.62120819091797,110.0241456860549,106.43781503187192,109.71754063540436,49501300
2020-04-17,113.40606689453125,114.01927696296404,111.54786487646072,113.25741441909425,46250200
2020-04-20,112.06816101074219,114.18651007793103,110.60017978401385,111.11118106195343,36700500
2020-04-21,109.39234924316406,110.78600073664043,108.22168709234812,109.0950372080949,31608900
2020-04-22,110.72096252441406,112.41192603118023,110.34932071324478,111.78943007334651,24333800
2020-04-23,111.8080062866211,114.18650956784693,111.19480333813728,111.59431703505773,38571200
2020-04-24,113.73126220703125,114.57674047112582,111.57574097985045,112.9136487516238,27147500
2020-04-27,118.23738861083984,119.33372801286676,115.07844397038284,115.16205965322195,39021300
2020-04-28,119.95622253417969,122.13961540674853,118.25596611836218,121.82371031370619,47292700
2020-04-29,125.85602569580078,127.14747549817874,122.52984246747744,124.02569562076033,50390500
2020-04-30,121.07115173339844,123.51469195435037,120.91320626112166,122.54841895377227,43727500
2020-05-01,116.26770782470703,118.42322203268891,114.54887225562953,118.13520296808333,43352000
2020-05-04,116.76941680908203,116.97382016821962,113.58260001788368,114.83688498075361,28498200
2020-05-05,117.67063903808594,120.70879608511444,117.15963067019409,118.98996780014912,31209400
2020-05-06,116.80657196044922,119.11073833491386,116.13761814577315,118.4510775144632,29836800
2020-05-07,118.40462493896484,119.38946965771176,117.57772567728536,118.3581670570144,27493000
2020-05-08,122.97581481933594,123.33816365961925,120.03056620945218,120.93179535679012,32122900
2020-05-11,122.36259460449219,123.52397081405829,120.1606298477807,121.16406059408048,33983200
2020-05-12,117.96796417236328,122.91077450030029,117.84717649645235,122.88290260231427,44275300
2020-05-13,114.01927185058594,117.1410516680488,111.8730508842594,116.74153796853784,58719300
2020-05-14,114.39090728759766,114.53026675416432,108.8720455802796,111.46423798558119,55904300
2020-05-15,116.2119369506836,116.63002950114387,112.84858929487436,113.35959760186091,40236600
2020-05-18,123.27310943603516,123.93277736014144,121.55428115410334,122.1303192167344,46981100
2020-05-19,120.83887481689453,123.9885266665382,120.83887481689453,122.84573639639041,30270000
2020-05-20,124.49951934814453,125.4100342514419,122.99438044190434,123.31955724746187,35901300
2020-05-21,124.7225341796875,125.48438969386083,123.18022298322092,124.54600270603733,32716500
2020-05-22,125.326416015625,125.47507555756494,123.58900192218397,125.12201268969615,24035200
2020-05-26,128.94061279296875,130.42717980027854,125.4193268649269,130.15773261893872,36971000
2020-05-27,132.945068359375,133.32600319955776,127.59345131374542,131.53284494404323,42682000
2020-05-28,129.79537963867188,134.47805563552714,127.82569046846073,134.47805563552714,42105000
2020-05-29,129.0521240234375,129.40518694223633,126.73867159245188,128.4946719261805,41536400
2020-06-01,130.28785705566406,131.62576504940225,128.78271765118822,129.38662775924206,25567500
2020-06-02,131.36557006835938,131.79296270194942,129.6653137928067,131.06826516508488,24666200
2020-06-03,134.5338592529297,135.71382176978688,132.96367592559932,133.48397033956357,36111700
2020-06-04,134.3386993408203,135.27710034830434,133.02866363412508,133.64187364708306,28904700
2020-06-05,139.53236389160156,141.52065339234605,138.94703997527307,140.1641598644545,53513400
2020-06-08,142.23606872558594,142.51480186105175,140.87958920431848,141.54854305865393,33834300
2020-06-09,139.60667419433594,141.00962540614557,138.49175612491047,140.1641403175249,39646000
2020-06-10,135.8159942626953,139.60672851527758,135.5558470845046,139.44878302687306,51774500
2020-06-11,125.45649719238281,131.0311027612137,125.21493605477065,130.21348940782622,72041500
2020-06-12,128.46681213378906,131.02184014023777,124.6389059892511,130.38075811757923,63864900
2020-06-15,131.4369354248047,132.4344279599458,124.2493361972516,124.2493361972516,57354800
2020-06-16,134.5972442626953,136.7507232426457,131.47422463014723,136.7507232426457,48957000
2020-06-17,132.16407775878906,135.16590098578513,131.7445713056158,134.79299529693304,34811400
2020-06-18,132.11746215820312,133.59972492417506,130.33687484253,130.85892857960962,26974100
2020-06-19,131.4369354248047,134.7184202865699,130.3648475236028,134.6345218370988,50293800
2020-06-22,132.7513885498047,132.9005508337126,129.42328866138695,130.73775461664113,28983200
2020-06-23,133.31072998046875,134.85825655365792,132.98443928706115,134.54129739285455,20344200
2020-06-24,128.985107421875,132.0055790519681,127.07400693994589,131.53945767710223,42998700
2020-06-25,130.9335174560547,131.05471358964647,127.05538343010114,128.37918091652335,37191200
2020-06-26,127.40962982177734,130.35552066994376,127.24183293512215,130.02922997936247,39100100
2020-06-29,131.57675170898438,132.36916379993696,127.81049695615597,129.3114084729168,33935200
2020-06-30,133.47853088378906,133.88872003359003,131.06402519961247,131.13860633820335,32865900
2020-07-01,132.21067810058594,134.71839923391414,131.66997558032716,133.91666987282645,26457500
2020-07-02,132.7513885498047,135.4362527605539,132.27594977285884,134.7650367078666,24022400
2020-07-06,133.71157836914062,135.82777351433285,133.2454569677703,135.47353092222087,19858200
2020-07-07,131.3436737060547,133.72089544095755,130.96145078428825,132.5462605325919,22661000
2020-07-08,132.3225555419922,132.84460927438514,129.67498919920087,131.22250155596646,27358900
2020-07-09,129.64707946777344,132.7048362808749,127.94107256246136,132.39719429222157,34647800
2020-07-10,131.7352294921875,131.9123579024569,129.0783460128356,129.71226429706672,24008200
2020-07-13,130.0665283203125,134.83960723026618,129.94533219607007,133.12428377511372,34235500
2020-07-14,132.219970703125,132.35980140426562,129.24611450979256,129.982579910622,28114000
2020-07-15,137.067626953125,137.76680889605052,134.97939842929267,135.56671581331585,40770100
2020-07-16,136.25662231445312,136.73206106075364,135.06335256990104,136.21000732562428,30530800
2020-07-17,136.65744018554688,137.58968279145125,135.65061646418297,136.74133860610388,20644100
2020-07-20,136.0701904296875,136.89988610563503,135.3150616735767,136.21933849425983,19663300
2020-07-21,137.99990844726562,139.05334742354762,137.22614517197587,137.47785472535858,24503800
2020-07-22,138.07449340820312,138.5965471445749,137.0676693916729,137.12360168844168,24424800
2020-07-23,138.21432495117188,140.02287842329702,136.7600283271654,137.95329808147315,21704900
2020-07-24,136.1820068359375,137.66426922258614,135.69723667917853,137.3100124666976,20015500
2020-07-27,137.59902954101562,137.6829279708525,135.53876689513208,136.28456390732546,13370700
2020-07-28,136.2287139892578,138.0092878291573,136.1634501322163,137.10502494156518,13268000
2020-07-29,139.23049926757812,139.3237150336613,137.02107366040508,137.0397225035815,19864400
2020-07-30,138.68040466308594,139.01601256955314,136.4150619631022,137.17017619643013,23618900
2020-07-31,137.37530517578125,138.36348030807133,134.8675696655941,138.10245345142476,29881500
2020-08-03,139.6126708984375,139.80844813738676,137.24478054221214,138.2422729004798,20777100
2020-08-04,140.57289123535156,140.7034046636314,138.9414662694053,139.2677569525533,20285000
2020-08-05,143.36962890625,143.46285888593223,141.49582580377822,141.97126456040303,18190200
2020-08-06,143.3136444091797,143.97554288408523,142.5492129088262,143.3789082161657,18237700
2020-08-07,145.58840942382812,145.66299058199428,142.77303115888694,143.05270694578465,20475200
2020-08-10,147.0985565185547,148.068096807764,146.03580050242869,146.03580050242869,24000500
2020-08-11,146.25022888183594,148.99102450005387,145.5790130477869,148.47828820669784,30359400
2020-08-12,146.8468780517578,148.12404603327437,145.88666918282428,147.91895149574535,23378300
2020-08-13,146.53924560546875,147.78844752301296,146.03582653578042,146.35279989350477,15799900
2020-08-14,146.44601440429688,147.07061535781128,145.30867707852565,145.69090003101675,13360900
2020-08-17,147.20115661621094,147.3223527520911,146.11976560145206,146.82826512490078,9744200
2020-08-18,145.79342651367188,147.15450703274854,145.15950834375525,147.15450703274854,14670400
2020-08-19,145.8027801513672,147.33165789937752,145.60701711330282,146.29686773777374,14337300
2020-08-20,145.2061767578125,145.88672444691284,144.0688390642728,144.31123136857173,15413000
2020-08-21,144.13409423828125,145.1688845619691,143.19253390677775,144.63749921133765,20685100
2020-08-24,145.6443328857422,145.68163057500948,143.87307671786104,145.29940749697283,13707100
2020-08-25,145.8027801513672,146.1943346772907,144.30186855165175,146.1850031445941,16269700
2020-08-26,144.88919067382812,146.1477242862818,144.66544725553254,145.8960147188115,13772700
2020-08-27,145.2434539794922,146.3621426708502,144.15273143855075,145.54176432556835,17508400
2020-08-28,146.47401428222656,146.54859542853941,145.1781970929516,145.9892581685418,12371400
2020-08-31,144.89849853515625,146.70705192999986,144.77731663826563,146.5392550458912,17051500
2020-09-01,146.55789184570312,146.65110758758442,143.98489270157248,144.70272361604762,15638800
2020-09-02,147.7232208251953,148.2079769064697,145.597693859638,147.25709936057888,16763400
2020-09-03,143.36029052734375,147.5647002549355,142.595858860916,147.40622069268701,32117600
2020-09-04,142.4467315673828,145.32735898948178,139.1745495719838,145.1595620794096,30618800
2020-09-08,139.7059326171875,142.14840465648012,138.90420309075498,140.93648594560784,26447800
2020-09-09,141.8220672607422,142.42801924356957,140.36777112204226,141.16948607936774,20160800
2020-09-10,139.97625732421875,143.45353337395593,139.89235888224147,142.47467554286342,23005500
2020-09-11,139.04400634765625,140.81527618243612,137.67360830926032,140.6940800678486,20851000
2020-09-14,142.7077178955078,143.03399431396755,140.18133385453876,140.38642839180835,21991300
2020-09-15,142.9780731201172,144.21795774621455,142.502634414955,143.91964744833714,16175500
2020-09-16,144.32986450195312,146.2223166069416,143.41625614272502,143.66796572944287,22178400
2020-09-17,143.2763671875,143.93825146625485,141.46781427108283,142.27886077951794,20002900
2020-09-18,142.9034881591797,144.76797370185218,140.89917189076507,143.54673794738503,38352800
2020-09-21,137.8973846435547,140.07882987790404,136.41512166828392,139.6686549014935,40652500
2020-09-22,138.9601287841797,139.18387220820514,136.62952146061596,138.57790576913965,19385800
2020-09-23,134.8201904296875,139.83604528538802,134.73595790391323,138.88154326506142,33403400
2020-09-24,134.8201904296875,137.12224151296863,132.96730332856527,134.79210340168308,31723700
2020-09-25,137.00990295410156,137.42165550029893,134.14636932896568,134.2305875463839,20689300
2020-09-28,140.38812255859375,140.7811551724923,137.00053126508203,138.84405056208433,17600900
2020-09-29,139.7518310546875,140.63148195601184,138.49786730472806,140.2290963576851,18683800
2020-09-30,140.17288208007812,142.21292486559608,138.95635865543744,140.2758202152985,29073700
2020-10-01,142.409423828125,142.42814374567246,139.89214466385468,141.12738791883385,25872000
2020-10-02,143.03643798828125,143.7195651354476,139.42426451173353,139.81729715582026,29452000
2020-10-05,146.9855194091797,147.21010136377225,144.56179634263682,144.57116344348964,18553600
2020-10-06,146.5644073486328,150.67255240586678,146.3023855351646,148.32370890687756,36348000
2020-10-07,149.76478576660156,150.25140368543384,148.28624065015427,148.407884420527,27049700
2020-10-08,151.46798706054688,151.86101978623188,150.2701689596636,151.33697615198523,37278600
2020-10-09,152.25405883789062,153.19922226239413,151.42120068190476,152.86233501507857,25038100
2020-10-12,153.27401733398438,153.69513694841964,152.16043211185757,152.9090574728237,20336200
2020-10-13,152.25405883789062,152.74067692381726,151.11238618193892,152.0856223537922,20106500
2020-10-14,150.74740600585938,153.38635813639283,150.60704228790198,152.54413299129806,19024900
2020-10-15,152.30084228515625,152.70322782554294,148.61380271261098,149.06298092211927,22865100
2020-10-16,151.92652893066406,153.18984531758622,151.88908908385758,152.73131428759012,17637900
2020-10-19,150.11102294921875,153.49859951992204,149.75541593979034,152.42243995227906,18360600
2020-10-20,150.4385986328125,152.0200965654986,150.04556592490337,151.18723848178502,18927700
2020-10-21,149.14720153808594,151.00942682013044,149.0629690287406,150.54152872448242,17504100
2020-10-22,151.72064208984375,151.77678757704243,148.9600318835641,149.85840251609307,20673900
2020-10-23,152.6002655029297,152.8435673303073,150.89710987394352,152.6002655029297,20889800
2020-10-26,149.30625915527344,151.00940050145965,147.27558348757123,150.5882951445921,26509900
2020-10-27,148.02426147460938,149.78356320196107,147.79967948668823,149.21272685079606,20523000
2020-10-28,143.4669189453125,145.46016950132264,143.21424996293098,144.73024957810264,32338700
2020-10-29,145.1793975830078,145.78765929949284,141.93218417050346,142.9615655297552,27203200
2020-10-30,143.2610321044922,145.31042799953647,141.67018147280146,144.4120716734808,31764500
2020-11-02,145.8157501220703,145.8812484216692,143.8037800090591,144.83316139516853,25252100
2020-11-03,149.95201110839844,150.87844034911973,147.91196765598463,148.2582077334971,30257400
2020-11-04,150.1204071044922,151.92650098405616,147.58440769587995,147.62183325668428,45226300
2020-11-05,154.32215881347656,154.94914057041453,151.5147701399003,151.6083411948825,31911000
2020-11-06,153.1149444580078,155.07076904602962,152.81549714846489,154.98653654977318,24930400
2020-11-09,158.6642303466797,166.66528979375502,158.45835406399078,165.58911571986016,55052700
2020-11-10,161.6120147705078,162.20157099648216,158.85141859913006,160.20832034989695,35492200
2020-11-11,161.5465087890625,162.3419270221875,159.89014545319924,162.21091612031293,23972600
2020-11-12,159.06661987304688,161.5558409697451,157.53191481326218,160.39544864488718,33986800
2020-11-13,162.3606414794922,162.95019765764002,160.31124550699437,160.34868535147953,25440400
2020-11-16,166.22549438476562,166.3658581122466,164.13865844209704,165.15868721855708,31812300
2020-11-17,167.00222778320312,167.3203951245106,163.0905915007729,164.73758798441116,26154500
2020-11-18,164.66268920898438,168.18127742950767,164.5691038866732,167.45135760864974,24377800
2020-11-19,165.92604064941406,166.18806247263387,163.82986606365574,164.3726153552407,20187600
2020-11-20,166.1038055419922,166.51555810517723,164.54102778925994,165.32709307582314,24898800
2020-11-23,169.21066284179688,170.30554259885798,167.25483808072883,167.74145606579458,24816000
2020-11-24,172.39234924316406,173.53402156496895,170.6517680213234,171.61563680920733,34945400
2020-11-25,171.80279541015625,172.4765697163982,170.2119449622963,171.71857719165467,21082700
2020-11-27,172.53273010253906,172.64503534935923,171.45657025106433,171.92446832198655,10384400
2020-11-30,169.3978271484375,172.4859573735898,168.74277268349402,172.01805928732782,25481600
2020-12-01,170.969970703125,172.39238499032882,169.397839869203,171.81219588911247,30265000
2020-12-02,171.1477813720703,171.69989775123054,169.1545307229281,170.26813058270017,20142800
2020-12-03,172.1116180419922,173.29071599465937,171.19454185658438,171.56885458720765,19603600
2020-12-04,176.1168670654297,176.350816148747,172.11165990136726,173.14104157961086,24415700
2020-12-07,176.28530883789062,176.8187052955026,175.40565804483137,176.14493082758992,14671500
2020-12-08,178.54991149902344,178.71834795508835,175.06874861585186,175.1061741797164,20165600
2020-12-09,177.2491455078125,180.43084658606548,175.83608423601746,179.6915739382821,29507600
2020-12-10,178.961669921875,179.34533551066014,175.2839834411451,175.70508887412967,21245300
2020-12-11,178.0819854736328,179.41081410862725,176.2103934335087,177.7918909920718,30865000
2020-12-14,178.29039001464844,181.2848974719139,178.24346565594757,180.1959973886422,32237700
2020-12-15,182.74932861328125,182.95584739738948,179.04140115553807,180.00827804310035,26807000
2020-12-16,182.0922088623047,183.2468403828661,181.13472841790013,183.1717413497151,25494600
2020-12-17,184.2606201171875,184.34511547196476,182.16728673459343,182.7962249500392,23834200
2020-12-18,183.36883544921875,185.70624415252323,182.8619349583572,184.5610091403346,37033400
2020-12-21,183.27499389648438,183.78189444675914,179.7454110883658,180.13967025495185,30873000
2020-12-22,185.35897827148438,185.60303942060173,183.41582811658907,183.9790637821559,21919700
2020-12-23,186.9359588623047,187.4146990071379,185.77194552209374,186.4008980326292,18392000
2020-12-24,186.81396484375,187.6869786339557,185.92218703665856,187.6775823018358,8904900
2020-12-28,186.11929321289062,188.85094688320282,185.9878734979054,188.83218286940112,27168400
2020-12-29,182.51466369628906,186.80460548145513,181.58534341908847,186.4666669287425,33901300
2020-12-30,184.37332153320312,185.37774079616912,183.07788810704272,183.09666644872448,20595700
2020-12-31,184.04476928710938,184.77696706925522,182.69301512816992,184.57044827699067,24747700
2021-01-04,181.64163208007812,185.76259670005894,179.2385202730291,185.43404021488806,33664200
2021-01-05,184.4484100341797,185.50914993788686,181.23800132662984,181.25676534356128,27442900
2021-01-06,191.9956817626953,194.10779385649244,186.95477881574277,187.25516064299308,52952200
2021-01-07,195.41261291503906,195.74116942090353,193.09398200430996,193.10337833650314,24031400
2021-01-08,194.99017333984375,196.9145448402307,192.11770342426863,196.49212532153007,29017000
2021-01-11,194.8211669921875,195.36562414376837,192.2772539397799,192.52131501172715,20945100
2021-01-12,198.313232421875,198.43527014416767,195.7129981638145,195.7411585114703,24892200
2021-01-13,196.89576721191406,198.75442169510887,196.37008831352972,198.47280390706706,22782200
2021-01-14,200.82901000976562,201.82404720653042,198.19121894038955,198.29447832818647,33913700
2021-01-15,197.83445739746094,200.84774297981028,195.4970486873456,197.89077808286814,41043500
2021-01-19,200.36900329589844,200.51920135051975,198.7450280108708,200.26574392380564,19744300
2021-01-20,201.2514190673828,202.743974784643,200.0123208021573,201.22325871978742,25474200
2021-01-21,199.5054168701172,201.97424585204755,198.96095958053633,201.79588742501693,21180500
2021-01-22,201.8240203857422,202.133798507966,196.70801901279214,197.5904146960341,24800200
2021-01-25,201.62689208984375,204.55569703914225,198.63239876360802,201.75831181474538,33985000
2021-01-26,200.22821044921875,203.4104584637607,199.73069190444343,203.04435964168687,23969800
2021-01-27,196.55784606933594,199.93723117658132,194.58653570283,196.6611054566039,45830300
2021-01-28,195.9289093017578,199.35521880211115,194.90571175299968,197.91898370098315,32202500
2021-01-29,192.9625244140625,198.0597614790922,192.28664751788537,196.87696974894504,40591900
2021-02-01,197.70310974121094,198.6042840071715,193.15032836259599,195.41263887542027,26375100
2021-02-02,200.51925659179688,200.93229419395624,197.96594625451982,200.08744064671788,22773100
2021-02-03,201.11996459960938,201.5799407370132,198.6229758371437,200.6036677767426,23923200
2021-02-04,205.22215270996094,205.4192894351734,201.8991033138178,201.90848532028545,25400800
2021-02-05,208.0664825439453,208.2448409502019,205.36298907525853,207.40000192692642,23338800
2021-02-08,213.37962341308594,213.39840175178733,209.7092388372838,210.07533766174515,20831500
2021-02-09,214.38406372070312,215.5480629313858,212.4409138275006,213.2106681785304,19510900
2021-02-10,212.97596740722656,216.2051539026171,211.1642374260806,215.8296587731097,27955400
2021-02-11,212.73190307617188,214.96605266120505,209.72801350197307,214.15875599529454,25847600
2021-02-12,213.33270263671875,213.7832968613244,210.87327003637253,212.08420799626785,17440200
2021-02-16,211.9903106689453,215.55743559014036,211.0140376638143,215.4072375395549,22999500
2021-02-17,210.3288116455078,210.96714629848526,207.41879915962093,209.90639209539097,25042300
2021-02-18,207.07147216796875,209.2399050212416,205.94501521708798,208.7142260657424,24501500
2021-02-19,211.3895721435547,212.43154803749943,208.55464428660716,208.8268800944333,31238200
2021-02-22,210.01901245117188,212.51600146874216,209.31497516360943,209.8124937009262,23272100
2021-02-23,208.1697540283203,209.31498923899395,202.34971492450384,207.41879233002882,38646800
2021-02-24,213.088623046875,213.51104256262929,208.12281958753908,208.97704062653534,27584900
2021-02-25,205.2128448486328,213.64251624898867,204.6496091362445,212.89154007369729,49961400
2021-02-26,204.93116760253906,208.61093403900824,201.64566032101214,206.06702070799824,47734200
2021-03-01,212.21563720703125,212.81641516910548,209.2774501006162,209.78435068712278,26161000
2021-03-02,208.1322021484375,212.11236485615495,207.97262207866936,211.95277046271121,26895400
2021-03-03,205.87928771972656,210.51653470375717,205.77602834278136,208.7892999654698,33407600
2021-03-04,200.12496948242188,207.16534311124946,196.5953863360165,205.1189337281583,59126500
2021-03-05,204.36798095703125,204.78100419613585,194.51145744468255,203.59822653117791,53204300
2021-03-08,205.33482360839844,208.64849124340924,204.33039021870914,205.91682317330995,40619700
2021-03-09,209.6529083251953,211.20179891281276,207.381216453698,208.77990898609042,32247300
2021-03-10,213.29515075683594,214.93790452771503,211.3989395363919,211.77443470679853,36812000
2021-03-11,217.98870849609375,218.04502918441523,214.76890401819387,215.48233760006502,25256700
2021-03-12,219.2747802734375,219.80045921320118,217.1908285310337,217.7728424917808,23732200
2021-03-15,220.0539093017578,220.1571686845857,217.6977361600913,219.04009381317752,21497400
2021-03-16,216.3741455078125,219.74413418454682,215.07871220058837,219.67843148020984,24675000
2021-03-17,218.0732421875,218.55199680118847,213.42659807116516,214.93793230866245,29422600
2021-03-18,211.43649291992188,218.65521020298942,210.84509698804627,216.6557539559818,35637200
2021-03-19,213.0323486328125,214.59062163481238,209.28686422229734,210.8075948625154,40855600
2021-03-22,211.42706298828125,214.1211884424799,210.36632333571953,213.72691500143725,26128400
2021-03-23,203.7578125,210.1410879187951,202.79093559726462,209.48398919708336,43660700
2021-03-24,199.04542541503906,207.76610906662762,199.04542541503906,206.38619476932502,47270200
2021-03-25,203.7647705078125,204.57358535154415,195.64840876727624,196.8804375099183,59244600
2021-03-26,207.47967529296875,207.54550155183398,203.10644098315663,205.92788617674182,34452600
2021-03-29,201.6392822265625,207.7806269293682,201.3383355277366,205.9749036845748,38078800
2021-03-30,205.03440856933594,205.66452958109502,200.4542673200925,201.62986943545164,36205400
2021-03-31,207.7900390625,209.16313437402945,206.07835539809096,206.12538235546938,34800100
2021-04-01,210.4233856201172,210.57385178915303,208.80575591043103,209.1631292063299,29799200
2021-04-05,211.5801544189453,213.05670312249558,210.26348587115456,212.9250362677165,27826600
2021-04-06,210.9594268798828,213.1977776957812,210.51739937673295,211.60836148453305,24907800
2021-04-07,207.55490112304688,211.01586676492323,206.8495398736916,210.8841999057347,26233700
2021-04-08,209.31361389160156,209.5581483285493,206.33228849597643,208.63646589032132,23989400
2021-04-09,209.34181213378906,209.81205297025505,208.07217048569774,209.24777257686273,23267400
2021-04-12,208.5236053466797,209.66158017647598,207.2821626044161,209.46408705423258,20533900
2021-04-13,207.97811889648438,209.32301516608663,205.8056085038924,208.29787922469887,24608400
2021-04-14,210.02838134765625,212.54886542994774,208.5988451372127,208.66467139427544,27362000
2021-04-15,210.94065856933594,211.7212601926686,209.03148164563095,211.69304688645533,20587300
2021-04-16,211.27920532226562,212.24790031218413,209.73681592904097,211.9845665877759,23943000
2021-04-19,208.53302001953125,211.28863908348475,206.84956395601048,210.3951842670705,25285900
2021-04-20,204.26324462890625,208.4295721185037,202.4293079873158,207.630171198125,35570800
2021-04-21,209.2572021484375,209.37005537313024,202.67382949657656,204.10336586200958,31147800
2021-04-22,208.39193725585938,211.91874363843766,207.6395490241203,209.97193962696073,31943700
2021-04-23,212.32313537597656,213.16016348321784,208.805743135723,209.55813133732008,27999500
2021-04-26,214.5332794189453,215.07876052258928,213.2542237433072,213.48934416639793,19069200
2021-04-27,214.8530731201172,215.73712834434335,213.969017895891,215.09760758250297,19648100
2021-04-28,215.21986389160156,215.83118570669058,213.58343465105057,214.5051028492264,16222700
2021-04-29,214.42042541503906,217.20424317779518,212.35135421900338,217.11020361927373,25500300
2021-04-30,211.50494384765625,214.2417492317166,210.79958252293633,212.28554543575316,27006000
2021-05-03,212.53948974609375,213.87497219634378,211.53316731949903,213.68687870416738,18693400
2021-05-04,210.0001220703125,212.6805002674334,207.80881265515674,211.23216497342432,26892700
2021-05-05,209.16311645507812,211.1757466431849,208.1850218382179,210.9312265766227,25139500
2021-05-06,209.34181213378906,209.54871924988302,205.62691239582992,209.39823873806714,27647300
2021-05-07,211.9751739501953,212.48302776389562,208.93742201773347,209.40766287696462,26172700
2021-05-10,206.5862274169922,212.23851764400112,206.520386805316,211.82470337235878,28109100
2021-05-11,205.9278564453125,207.27273823845633,201.6580619658079,202.12830276351303,39519500
2021-05-12,199.2410430908203,205.7491743801512,198.94948172510246,204.17857174831627,42113400
2021-05-13,202.908935546875,204.49835198468432,199.1940355414,200.61415780357248,37739900
2021-05-14,207.86526489257812,208.2320521736845,202.84308181586027,204.9685795966509,25070400
2021-05-17,208.14743041992188,208.21325668093237,204.93097016587126,206.69908047033675,20048500
2021-05-18,206.56739807128906,209.95313789969225,206.40751790586611,208.21324103081056,24564500
2021-05-19,204.97796630859375,205.17547376315852,201.3100937290537,203.1722433193886,31202800
2021-05-20,206.3416748046875,206.78370234223559,203.4544035100641,205.2789402649458,24932800
2021-05-21,206.8777618408203,209.13491219305473,206.29466777579236,208.15681753391635,24213700
2021-05-24,208.22267150878906,209.21018030082462,206.90600268648427,208.01576435805347,18324200
2021-05-25,206.21002197265625,210.39517721292006,206.1441957129109,209.00325389970035,20514900
2021-05-26,210.05661010742188,210.37637046665438,207.01884364287403,207.02825764501281,20388200
2021-05-27,212.2196807861328,212.8874290788362,210.83717159822672,211.6459863996506,21225700
2021-05-28,212.07864379882812,213.6586463188798,211.6554298631438,213.56460675017954,20668400
2021-06-01,214.4862518310547,214.95649267584807,212.51124889328958,213.9219714276697,23081500
2021-06-02,214.7401885986328,215.29506935830136,213.3294660465598,215.28566970750782,18927500
2021-06-03,212.94386291503906,214.07243807496943,210.7055118965721,213.32006420209035,24811500
2021-06-04,213.86550903320312,214.48623033025405,212.7463479892971,214.01598953259915,19395800
2021-06-07,216.73402404785156,217.04438475835184,213.72448521201838,214.32639297918502,24049900
2021-06-08,219.02877807617188,219.5836588237191,216.29197294078858,217.4487757406588,27770300
2021-06-09,217.5709991455078,219.7341095887092,217.2324252122188,219.64005569311405,18700600
2021-06-10,215.95755004882812,218.68903810001297,215.42067770648327,218.21809089310742,29069000
2021-06-11,218.23695373535156,218.33114893463363,216.7016754666748,216.9183071784201,16707200
2021-06-14,217.59646606445312,219.79108192015738,216.76759432573726,218.81150361582604,19182800
2021-06-15,216.97479248046875,218.0202958293405,215.2040264263373,217.69062704363122,17039900
2021-06-16,216.51329040527344,217.2762226728883,214.412869633467,216.35317006028254,24527000
2021-06-17,214.0832061767578,216.82412276953633,211.47416861840503,215.91991204897596,48292500
2021-06-18,209.22300720214844,212.62324655341396,208.28111280425955,210.7017739333066,54023700
2021-06-21,213.697021484375,214.28099145540114,210.30619565093843,211.03145841545634,26736400
2021-06-22,214.6671600341797,215.1381072426937,211.66251454431332,213.12245376514042,21188500
2021-06-23,215.37359619140625,216.59806189521433,214.74252861169677,214.74252861169677,22387500
2021-06-24,218.41592407226562,218.43476598725312,215.4301201083173,216.74876671403987,21732500
2021-06-25,218.7832489013672,219.84759426401303,218.28404597620053,218.79266267219646,27619000
2021-06-28,217.05015563964844,219.07522292359315,215.4771936597523,218.7455684950411,25006000
2021-06-29,216.01409912109375,218.26522658816774,215.47722668503354,217.79427929905458,18844300
2021-06-30,216.0423583984375,216.93716976035725,214.52590752740895,215.3641931410725,26039000
2021-07-01,217.94496154785156,218.3782393292163,216.3625857317419,217.39866102881302,18089100
2021-07-02,215.872802734375,218.59487726423384,215.27940460033622,218.51952397958055,21029700
2021-07-06,212.7362823486328,216.12710813816926,210.8619072077267,216.0329129437276,27771300
2021-07-07,210.75830078125,213.4992171297917,208.91219567417548,212.4348717828901,28521500
2021-07-08,208.8179931640625,211.0597065162986,205.1917082161042,206.56686604146614,42297900
2021-07-09,213.2261199951172,213.29204514848814,210.36275214988171,211.13511267792947,23976400
2021-07-12,213.405029296875,213.70642804291498,211.50239851164724,212.45370671817685,16831000
2021-07-13,209.38316345214844,212.62328303638907,209.30781016272766,212.14290761285304,25357500
2021-07-14,206.15245056152344,211.3234566896408,205.85105178635897,210.71123099585148,30594100
2021-07-15,204.9844970703125,206.33139925697142,202.45079865925706,205.17287308892767,45477000
2021-07-16,202.46023559570312,207.10378331420873,202.00813022486244,207.05668571112372,36620200
2021-07-19,199.42735290527344,201.98930753753996,196.9030821079305,198.39127739962737,58571000
2021-07-20,205.61553955078125,206.52917822037165,198.9845952760667,199.8699782649207,40794600
2021-07-21,209.1571044921875,209.3078110716835,206.61399204491718,206.69875910631976,28278700
2021-07-22,205.8321990966797,209.03463457253147,204.9374022171478,208.6013711611312,32879000
2021-07-23,206.79293823242188,207.16969027969714,204.30633735276487,207.09433699580822,23660300
2021-07-26,207.395751953125,209.1476762954656,206.41617362613377,207.58412797841734,22194200
2021-07-27,204.97508239746094,206.35025473084244,202.8652478548525,206.28431521530098,35063600
2021-07-28,207.9891357421875,209.6562785418264,204.76784413151952,206.2748809742628,33043700
2021-07-29,209.5903778076172,211.3988136061643,209.23245328205456,209.84467898635572,22634800
2021-07-30,208.2057647705078,211.03144803532675,207.48050204166384,208.77089280017063,28473000
2021-08-02,207.169677734375,211.50239787651594,206.87769275959266,209.54325573054945,24192600
2021-08-03,208.0268096923828,208.27169707645035,204.48529171920347,207.8007498494344,27798600
2021-08-04,205.43663024902344,208.34708109200025,205.2294122887949,206.36911107005184,25588500
2021-08-05,209.1288299560547,209.51501014164242,205.973477703541,206.35965788912873,23915200
2021-08-06,210.4097900390625,212.12404475057477,209.23242203571664,210.74887259891284,24429200
2021-08-09,209.25128173828125,210.22143190574587,208.35648485409737,209.9671163711945,17225600
2021-08-10,209.6657257080078,210.2496957107763,208.3376509867087,209.70339516501846,22681600
2021-08-11,210.6923828125,210.7300522687111,207.65948137549094,210.06131522273554,25691300
2021-08-12,210.1931610107422,210.8336423140273,208.82741698401045,210.75828903619936,23269500
2021-08-13,208.2811279296875,210.3250371968754,207.87610583565515,210.02362406902165,20813700
2021-08-16,206.34083557128906,207.46167795669584,205.00333273016523,207.00015884863703,24074400
2021-08-17,203.8259735107422,204.80555188461955,201.32995871876935,204.0708752902966,35161500
2021-08-18,202.04583740234375,205.37072471601883,201.91397271239134,203.54346097587074,29102300
2021-08-19,199.62513732910156,201.63137736092688,198.4383409735224,200.0866564698974,38119900
2021-08-20,202.99713134765625,203.4680786549211,199.13535767921584,199.7758534906251,31759500
2021-08-23,206.85887145996094,207.16028460729976,204.80554828935223,204.84321774668464,25778800
2021-08-24,208.89337158203125,209.0252362437864,206.92481542719722,207.51821359118048,18677900
2021-08-25,209.62803649902344,210.9561111862394,208.0174049610546,208.8839461717586,21548000
2021-08-26,207.40518188476562,210.1931961417052,206.97191843005112,209.2324596540352,22380300
2021-08-27,213.25430297851562,213.83827287572575,207.75364343039527,207.82898233079828,33998500
2021-08-30,212.3783721923828,214.13972471658928,211.9074249327221,214.04552951578924,20733300
2021-08-31,212.79278564453125,213.4426950938867,211.295176966032,212.15230433756363,20839800
2021-09-01,214.22450256347656,214.9780210913188,211.80382662826113,213.64994630286606,20451500
2021-09-02,215.71266174316406,216.4850076856245,214.37517340599155,215.06275230089565,22810100
2021-09-03,214.7142791748047,215.66558745748074,213.98901637671005,214.98742225939714,18213100
2021-09-07,213.23548889160156,215.6938340378366,213.10362424043902,214.4882102637305,19153400
2021-09-08,210.90902709960938,212.8399138124221,209.6939894470187,212.5008311976249,25241500
2021-09-09,210.80538940429688,213.1412835590162,210.0047877646594,210.55107388480337,27180500
2021-09-10,208.74266052246094,212.19941171268238,208.6484796930413,212.07697519721987,24366100
2021-09-13,209.92945861816406,210.40040588579478,207.4522713913321,210.24028553946076,34693100
2021-09-14,207.2544403076172,210.76771681598098,206.34081594942458,210.74887490351435,30312600
2021-09-15,209.1288299560547,209.79758135968635,206.70816861932286,207.23562722784797,27572000
2021-09-16,209.27955627441406,210.36272927828495,207.46169228541893,209.34548142061735,22369000
2021-09-17,209.55267333984375,210.07071816209407,207.81959100010522,208.74264353746202,39957600
2021-09-20,204.57003784179688,206.26545056003553,201.77261044974492,204.8149252008107,44958500
2021-09-21,204.88092041015625,206.54806352855528,203.2797024411917,206.05828867736128,26711200
2021-09-22,208.06448364257812,209.61861814861334,206.15243900935192,206.161867152284,32100300
2021-09-23,211.74728393554688,212.53847180528467,208.68612704633352,209.2700969922588,31057800
2021-09-24,210.72601318359375,211.96363057442898,209.5828619293907,210.6976719010333,28866000
2021-09-27,213.9287109375,215.1001890754389,211.17949116384474,211.26451501275156,29743200
2021-09-28,209.0632781982422,213.13515418006028,208.64760118819223,212.95564975387188,39938200
2021-09-29,208.6192169189453,210.35754941786996,208.00512219715594,209.98909835107932,23628900
2021-09-30,206.66360473632812,210.31033223538952,206.52189831650682,209.8474005711249,33153600
2021-10-01,209.99859619140625,211.15118997000278,205.70944637117017,207.79733149673297,32647000
2021-10-04,208.0901641845703,210.03635693896177,206.83364776628193,209.86629482331008,32580200
2021-10-05,208.8081817626953,210.73546110687806,207.7311697494767,208.75149919605886,20407600
2021-10-06,207.72174072265625,208.03350929640735,204.7835738295955,206.67306985302466,32893300
2021-10-07,210.92442321777344,212.52104956804118,209.13885015967085,209.29001329222265,24289300
2021-10-08,209.3372802734375,211.7274917509017,209.26169869752138,211.0472719833684,17989600
2021-10-11,208.13743591308594,211.1984247159755,208.08075333787312,209.57345695322422,15929800
2021-10-12,209.2805633544922,210.1780709956921,208.18465230710467,208.64758397773628,18800600
2021-10-13,210.27259826660156,210.39540572084803,207.6839832000931,209.63016204186928,19676200
2021-10-14,213.3902130126953,213.5130348581629,211.92586523539504,212.33209993085006,18160000
2021-10-15,212.71945190429688,215.78988274212202,212.62497134300298,215.38363362740998,27555300
2021-10-18,212.59664916992188,213.21072962640807,211.3684738412385,211.51019469591984,19082600
2021-10-19,213.3902130126953,214.3444176600182,212.1998357956194,213.4941358629272,15498400
2021-10-20,214.80734252929688,215.3836393708539,212.68165958488808,213.484701130171,18130500
2021-10-21,215.3553009033203,216.35673146372332,214.09878434985097,214.63729762235653,17851600
2021-10-22,214.8451385498047,215.77098752069773,213.22017089395408,215.21358968015977,16887000
2021-10-25,216.88583374023438,217.2731695151223,214.72235246353517,215.20416881710543,16387100
2021-10-26,215.25137329101562,217.97225204836454,215.21358971525686,217.32037364477387,25290200
2021-10-27,211.2928466796875,214.8923480257216,211.15114027129192,214.62780537053672,27088500
2021-10-28,215.5064697265625,215.64817616216544,212.3510148243113,212.3793561114319,22890600
2021-10-29,215.44981384277344,216.18671623061934,214.42004184125963,215.21362681036868,20777700
2021-11-01,221.0332489013672,221.24108019936347,216.24336961145787,216.5834794688225,35500800
2021-11-02,221.49618530273438,221.8740931855773,219.79563586922063,221.4300604330567,24949700
2021-11-03,225.4546661376953,226.56001958739333,220.99545434543575,221.21274235288644,47648500
2021-11-04,225.36962890625,227.6275759556758,224.43432323550925,226.24823759015294,26514000
2021-11-05,228.4495086669922,229.95165450811032,226.92846382971555,227.84487053131323,42041700
2021-11-08,229.1580352783203,230.9530648356079,228.5628395221603,230.2728452330559,31324500
2021-11-09,227.82595825195312,229.1297150123787,226.30491350335976,228.6289997611998,29895900
2021-11-10,224.23594665527344,228.21332771726645,223.25340064894039,226.815104694404,32471600
2021-11-11,226.04042053222656,227.09854818498368,224.5288322529776,225.14291273896754,17987500
2021-11-12,226.26712036132812,226.93789770823392,225.54911715234192,226.6639127464817,20526700
2021-11-15,225.36962890625,227.4575138265821,224.42488094555787,227.27802382324685,27390000
2021-11-16,225.78533935546875,226.14433380812233,223.85804528033466,224.62328888651308,21925200
2021-11-17,222.8282470703125,224.97282890515368,222.13858511866573,224.90668963059514,26527800
2021-11-18,221.88345336914062,223.97135220405283,220.17346227722715,223.8296313945384,30637300
2021-11-19,219.8617401123047,221.46780871519917,219.54997156454192,220.381354358576,33994000
2021-11-22,218.92645263671875,222.71490138833863,218.8225297788404,221.27888037466812,31042100
2021-11-23,218.54855346679688,220.12628087451006,215.98828008023662,218.6052360394784,33843800
2021-11-24,218.78472900390625,219.17207911788822,215.91268720231963,216.7157287151399,24099300
2021-11-26,210.5370635986328,213.67361895641747,207.50441666500174,212.53048213364687,62595400
2021-11-29,210.40480041503906,214.22157539335862,209.01601991965126,213.72086018516663,45982400
2021-11-30,206.1156463623047,209.60176839866264,203.95218002734558,208.46807380868424,64908400
2021-12-01,201.4769287109375,211.82192958145572,201.37300586698726,210.83938370852468,69120100
2021-12-02,207.09823608398438,207.7878981563893,202.00604443259235,202.52564435186167,64315700
2021-12-03,202.84686279296875,208.20358257615598,200.95736666842816,208.11854429461098,64425200
2021-12-06,206.918701171875,208.49642852707905,201.90209183657785,204.57571586380868,43878300
2021-12-07,211.71804809570312,213.5508472409413,209.71517238611003,209.86633553696828,44679200
2021-12-08,213.16346740722656,214.02317701656185,210.7354584516935,212.1903782503382,36546400
2021-12-09,208.33584594726562,213.3335568350278,208.2980479521181,211.57632486916384,34830300
2021-12-10,207.75953674316406,210.53709817774458,206.2573908785719,209.9230033265348,32924600
2021-12-13,204.72332763671875,207.5756662526602,203.50090712952885,206.9502350817728,33478400
2021-12-14,202.96078491210938,206.12583953186476,202.13636200664513,203.33984072919134,36543500
2021-12-15,206.1826934814453,206.73231356943427,200.023177458139,202.9892259548637,51261000
2021-12-16,202.01316833496094,208.38116150716107,201.1318906662418,207.95473636231304,52743800
2021-12-17,203.87046813964844,205.96470958534005,199.28400201526756,201.0844698326779,62620900
2021-12-20,201.00869750976562,201.78575110199588,197.8247008952755,200.980270130489,49993000
2021-12-21,206.75125122070312,206.9502573271948,200.95183472781054,202.97973630574688,38545300
2021-12-22,208.7412567138672,208.80759690325152,205.7562663005889,206.4574942483618,32442000
2021-12-23,210.40904235839844,211.12924111449422,208.7980950484204,209.47091002432572,22125400
2021-12-27,212.380126953125,212.49385093778002,209.0445222329556,210.69336818568075,24196700
2021-12-28,211.08184814453125,213.90574491504415,210.702806838509,212.06736421588846,23120300
2021-12-29,211.30931091308594,211.78311984108197,209.669921611379,211.0534500433078,19444400
2021-12-30,211.25242614746094,213.62147061307817,211.0344781052841,211.26191157940335,23607700
2021-12-31,210.79759216308594,212.38011226989602,210.74073740444024,210.83550497518385,23997400
2022-01-03,213.51727294921875,214.8155048499248,211.062931590024,211.99160754626058,30618800
2022-01-04,213.19503784179688,215.23242468473128,211.67885811397295,214.16161199770298,22013100
2022-01-05,205.97422790527344,214.07636386510228,205.93632955134692,213.09083314899237,40582100
2022-01-06,207.14923095703125,208.87388761839992,204.51485495925505,206.41009032223062,39105900
2022-01-07,204.7517852783203,208.8360156886201,204.61910490501114,207.14925715897658,31583900
2022-01-10,204.04110717773438,204.10743291634734,200.05162918264173,203.5199144050497,45778100
2022-01-11,206.2111053466797,206.41958241469845,201.80468846069147,204.19267485154325,35209900
2022-01-12,204.676025390625,207.88844996353816,203.39673525453856,207.07349787185055,35284500
2022-01-13,202.7996826171875,206.76073258787525,202.2026932284513,205.4530153810716,34489600
2022-01-14,203.083984375,203.16926651342655,199.54937375169834,200.88551842505274,42020900
2022-01-18,196.9434051513672,201.31192369995748,196.6591169251802,201.08449022710795,49434400
2022-01-19,193.74046325683594,198.48803785894847,193.67413752740057,197.87207759118803,46209100
2022-01-20,190.23426818847656,198.04264385403616,189.83627045841524,194.6217431104736,50466000
2022-01-21,186.67123413085938,192.38536826228864,186.67123413085938,189.2961250049753,85821000
2022-01-24,190.97341918945312,191.78837109764876,181.21295269627285,183.90419830953553,85782000
2022-01-25,188.42431640625,191.13450384264084,184.36851345381896,188.08317342616235,61088500
2022-01-26,185.7046661376953,192.8876109792062,183.5725260335615,191.2103233819608,71471700
2022-01-27,181.4877471923828,189.1539709674703,180.61594063756743,187.27769195731324,59829000
2022-01-28,185.02239990234375,185.07925466433758,178.23745208737296,181.65835337585528,65870000
2022-01-31,190.69863891601562,190.69863891601562,183.69574293744233,184.20745026142575,53393800
2022-02-01,192.70758056640625,192.90658669155664,187.59992056190148,191.09663299617227,43429400
2022-02-02,190.79335021972656,193.21924929413964,188.85073098202108,192.9539174865944,42777800
2022-02-03,187.18295288085938,190.6986214689273,186.72810036121072,188.42432995168227,39629400
2022-02-04,187.9884033203125,189.6183069155865,184.7096397271687,186.7185846173675,34291100
2022-02-07,188.9170684814453,190.62278326251803,187.6188368372811,188.03577648643324,33242600
2022-02-08,192.1389923095703,192.48013531794342,188.91709736565832,189.02133590875846,28341900
2022-02-09,195.787353515625,195.8252518730482,193.59835827198447,193.85421917797584,27329300
2022-02-10,192.7834014892578,198.09953886166016,191.532538832456,192.27167968983792,44788100
2022-02-11,190.83128356933594,195.26612808100498,189.22980712028857,192.98236563639307,41516600
2022-02-14,190.16793823242188,192.86865481821033,188.8033807100293,191.06818673401835,32262700
2022-02-15,195.26614379882812,195.50304827581581,192.01582131511762,192.15795821750953,25847500
2022-02-16,195.67361450195312,196.4127552661156,193.38985201959173,194.54594695010246,30104800
2022-02-17,190.66073608398438,194.29011470917263,190.2627382646025,193.8352621240938,27140200
2022-02-18,189.02134704589844,192.10110527590646,188.34853196270046,190.49962868278197,36255400
2022-02-22,186.35853576660156,189.95000116992009,185.1171586572184,188.0831927894045,31847100
2022-02-23,182.8712921142578,188.4811881575635,182.46382337158667,187.8557713539171,31491500
2022-02-24,187.66622924804688,188.08318340800454,178.07634140702254,178.455397215848,52221100
2022-02-25,191.89260864257812,192.00631815399285,186.68071063006366,188.28218706015636,33656200
2022-02-28,192.66966247558594,193.88261213077178,189.9594749267644,189.96894589956256,34975900
2022-03-01,189.040283203125,193.11502824182142,187.4388067815488,192.04422994285952,40638900
2022-03-02,193.5414581298828,194.54593065038134,190.177412161789,190.31954904318042,29978600
2022-03-03,191.24822998046875,194.3658861581822,189.79836145400927,194.34692975365658,30142700
2022-03-04,188.25375366210938,190.33850990854637,186.66174825571207,189.2392698016887,31610400
2022-03-07,183.57254028320312,189.13505271517676,183.53462746997752,188.78443872009882,39279800
2022-03-08,184.58648681640625,189.1161137409645,183.32616771712435,184.16006164767535,45715800
2022-03-09,189.7888946533203,190.47118063624,187.26822779750592,187.83680426977244,29048000
2022-03-10,189.44778442382812,189.56149395414553,186.26378743941493,187.0692685045042,25661000
2022-03-11,186.42483520507812,191.19135131282437,186.15003242079524,190.26268996998994,24990000
2022-03-14,182.61544799804688,187.09767652132177,181.82892342258825,186.90815583724168,34969500
2022-03-15,185.52464294433594,185.53411391850952,182.77655664573234,183.32617679735355,25464300
2022-03-16,191.36196899414062,191.36196899414062,185.87525302774543,187.19244138511885,31869700
2022-03-17,194.3658905029297,194.46065806817614,189.80785112888168,190.25323265843943,25783100
2022-03-18,196.4127655029297,196.58332978377948,193.31405093197725,193.5130570524703,37092200
2022-03-21,194.67860412597656,197.27506765697302,193.25717741881786,196.34640625695604,26747500
2022-03-22,196.63070678710938,197.8531274695331,195.01975931015136,195.50303921538844,24699900
2022-03-23,193.21926879882812,196.3464105142823,193.0771319088304,195.3514089057968,19775000
2022-03-24,195.44105529785156,195.49802180764303,192.4881704743097,194.05482193318556,19781200
2022-03-25,195.70693969726562,196.18168000469188,194.11181921851713,195.678456437854,19430400
2022-03-28,195.7733917236328,195.79238539074697,192.77302978820845,195.21320169111078,18999100
2022-03-29,201.01451110839844,201.5272241733057,197.37799927051324,197.49193228762113,29550600
2022-03-30,196.97923278808594,201.04300820790758,196.1721685602002,200.69169056776107,26251500
2022-03-31,194.89987182617188,198.35598036479777,194.7859243111487,196.6659061858387,26771600
2022-04-01,197.08364868164062,197.22606494293092,194.6529667482267,195.76385705005345,25948500
2022-04-04,197.406494140625,197.90021356909187,195.47904988555197,197.3685068074059,20333900
2022-04-05,192.7350311279297,198.8591767949752,192.27927010577034,197.45394986311996,26509800
2022-04-06,190.00050354003906,191.60512756618317,188.64273917640958,191.10190416587898,34903900
2022-04-07,189.3833770751953,191.06394704166502,186.74380809330697,190.00053357299421,29291200
2022-04-08,187.8737335205078,190.1904686485127,187.52243031251408,189.15553820642162,25249600
2022-04-11,186.6108856201172,189.183984074308,185.98423951932432,187.16158603251026,33702300
2022-04-12,187.19960021972656,191.4912421381708,186.49697935389352,188.6617939819015,33699800
2022-04-13,190.76011657714844,191.2728296344177,187.626828262063,187.69328435841194,22303600
2022-04-14,188.9086456298828,192.1463631064974,188.8231813745252,190.95002289863956,27107000
2022-04-18,187.63633728027344,189.11752458567298,186.60140698200362,188.43391193450043,22246400
2022-04-19,191.37730407714844,192.0229584075981,187.70281885542792,187.86422881605938,22786700
2022-04-20,192.10841369628906,193.5706074620408,191.66215665023816,192.7920408950085,20516200
2022-04-21,187.80726623535156,194.45363045862945,187.06667252379168,193.9124195605303,31547700
2022-04-22,182.94586181640625,187.39892685262868,182.57556506967987,186.92418669077844,35686900
2022-04-25,184.05682373046875,184.30368347567833,179.65123423921045,181.34130858146528,35556500
2022-04-26,178.25546264648438,182.97438158239697,178.0085884603335,182.60408479109236,40513600
2022-04-27,177.514892578125,180.1924202342512,176.85024459314334,178.18901566516826,37808000
2022-04-28,180.82855224609375,181.73055579317455,175.3785436316498,179.61321840599962,37405200
2022-04-29,175.6064453125,182.04392303351128,175.18867150369158,180.0120349989727,41193400
2022-05-02,177.4484100341797,178.33143443274372,173.16625819558726,175.55893862386085,38002100
2022-05-03,178.96762084960938,179.93608072413684,176.2995679352486,177.47692920897444,30246300
2022-05-04,183.7434539794922,184.13272993884752,176.3090205910031,179.4992753651296,38834700
2022-05-05,176.2900390625,181.88247851270353,174.1157351370059,181.85399525732447,41468700
2022-05-06,173.35617065429688,176.05269209624817,171.42872618457102,175.61593913104758,45457900
2022-05-09,166.06414794921875,173.42262245761788,165.30457507417475,170.77357800928073,53682200
2022-05-10,166.11160278320312,169.8715517614665,162.5510510752697,168.59925142826623,53650800
2022-05-11,161.98133850097656,169.187890212839,161.69649152477763,166.28248292903163,64377800
2022-05-12,163.88034057617188,165.53242737875038,160.36725112552253,161.25027552683406,52967400
2022-05-13,169.0740509033203,170.34635168236323,166.16862752166682,166.1971107862777,36517000
2022-05-16,168.26693725585938,170.3747851485291,167.2414965658101,168.53279063980665,28225500
2022-05-17,173.41311645507812,173.60300965586703,169.94751845493246,171.29577901483296,31833700
2022-05-18,167.33645629882812,172.24526897301007,166.2540490581293,171.35275494353638,36093800
2022-05-19,167.61178588867188,169.77660019708708,166.05463850037458,166.05463850037458,33627700
2022-05-20,167.18458557128906,169.92858457875863,163.1113047147372,169.48232743152934,42243700
2022-05-23,169.20693969726562,169.91905012873374,166.633840963541,168.8936093688688,24644100
2022-05-24,166.70030212402344,167.99158172493534,163.62398001852543,167.64978264558079,26861800
2022-05-25,169.70062255859375,170.6975798451779,165.97866124487754,166.0451318250128,27950100
2022-05-26,173.4890899658203,174.51453071439374,170.62165460339776,170.7640853808773,25702700
2022-05-27,178.16050720214844,178.16999679079115,174.1347049656362,174.4765184997544,24952100
2022-05-31,175.94821166992188,178.19847559539483,174.78984441588332,177.46738611427705,29794500
2022-06-01,174.9512939453125,177.4959095423752,172.58709647216574,176.85975926509064,28352100
2022-06-02,179.22390747070312,179.22390747070312,174.86579609703924,175.26457610953915,24876000
2022-06-03,177.6098175048828,178.46435863557414,176.40397323028554,177.82819396018198,18972100
2022-06-06,178.37890625,179.74616055974303,177.39145285292082,179.72716689212896,24678700
2022-06-07,181.25582885742188,181.29381619216807,176.50842616877358,176.9926705152866,21661600
2022-06-08,178.45486450195312,181.0659359855856,177.60982740131263,180.3633296586245,21521700
2022-06-09,174.75546264648438,178.0874019331807,174.7173752057333,177.59236688613427,21697200
2022-06-10,170.01454162597656,172.83241605896444,169.1196758021338,171.84234618003654,37153600
2022-06-13,162.02745056152344,166.5588974522464,161.16114282934367,165.29275873431519,39712700
2022-06-14,161.24684143066406,163.01752991119514,159.68559031538638,162.4748927759193,30282400
2022-06-15,163.60772705078125,165.70208582502926,160.56138569495673,162.98894418319708,32150500
2022-06-16,156.0299530029297,160.33291871658642,154.96373706634677,159.7807670276838,43810600
2022-06-17,157.24850463867188,159.47615532719854,155.83957422732394,156.58211961479813,40327300
2022-06-21,160.0663604736328,161.91320911900624,158.80022181957676,159.9140397650015,34665400
2022-06-22,159.76174926757812,161.13259220153986,157.42937995021757,157.99106080267754,29303500
2022-06-23,161.67520141601562,162.05598863312713,158.55269975217746,160.11395058409653,27089800
2022-06-24,166.68263244628906,166.69216156913697,162.693822968321,162.99846437741635,37138500
2022-06-27,167.3014373779297,168.491415699232,165.81633223101827,167.23479161940753,24745400
2022-06-28,164.15989685058594,169.59570985808028,164.07422189503103,168.43428981799264,25909200
2022-06-29,162.49392700195312,164.4074069714683,160.8565156199002,164.2646153790056,21292500
2022-06-30,161.227783203125,163.0841464771266,158.7526224870545,160.12347983588725,31466300
2022-07-01,163.17935180664062,163.5886973793407,159.6094168191754,160.93267214015174,24598600
2022-07-05,164.53115844726562,164.59778967729085,158.72405863754682,160.5804218468497,25151100
2022-07-06,163.3126220703125,165.36890802464228,161.59905044170435,164.16940062156556,25697600
2022-07-07,167.1776580810547,167.52988698019396,164.55019144267573,164.5597060388872,24822500
2022-07-08,167.15866088867188,168.49144556039687,165.31181188252353,166.66364027807313,20547000
2022-07-11,163.7981414794922,166.56841463022678,163.3602375709292,165.8925005199188,22031500
2022-07-12,163.2364959716797,165.03574292775642,162.3701881156896,163.3031272157762,23864200
2022-07-13,163.09368896484375,164.0075842548849,160.6851592837576,161.02787364904896,25535600
2022-07-14,161.41819763183594,161.8370723786397,159.00016776542927,160.58044813822838,25102200
2022-07-15,164.77867126464844,165.026196047143,161.180178056418,163.30309527106982,34935900
2022-07-18,164.3122100830078,167.82501383569235,163.7981313208865,166.7207250090401,23031500
2022-07-19,170.10977172851562,170.30016534173993,166.2732830439448,166.35895799098049,24234600
2022-07-20,172.77537536621094,173.08000232937945,169.83373727406604,170.0717329902719,26049300
2022-07-21,173.66067504882812,173.7368354047406,170.26210450708683,171.78526804702847,21709900
2022-07-22,170.89041137695312,174.4508319487143,169.5005247522525,174.09860299367844,25116100
2022-07-25,171.77574157714844,172.2326891549377,169.86224726659685,171.40446894655065,19267200
2022-07-26,170.71908569335938,171.5568352470619,169.9670111096204,171.14747506928256,19391200
2022-07-27,174.6031494140625,175.4028113908551,171.35688494086253,171.81383256672927,21670700
2022-07-28,177.00213623046875,177.20205898871922,173.03237011926615,175.46945803032892,22838500
2022-07-29,178.2587890625,178.71573676421582,176.15490056779262,177.1068834199288,21760600
2022-08-01,178.19212341308594,179.27739768852075,175.37426261971277,176.86886797726928,23905600
2022-08-02,178.02076721191406,179.94377635819663,176.5737494218131,177.51621753644986,17492600
2022-08-03,180.63870239257812,181.01948963065922,178.630018480581,179.2583304969066,19157700
2022-08-04,180.25791931152344,180.91477513344614,179.3916116198932,180.7243815100148,14838900
2022-08-05,181.63827514648438,181.8477124715341,178.18257380926522,178.4681714821604,18540300
2022-08-08,183.56130981445312,185.28439616439695,182.67595835649723,182.92346862725,22188700
2022-08-09,181.05755615234375,182.9424774574515,180.077015327771,182.81871508262765,18247300
2022-08-10,186.2268829345703,186.54103902236287,183.8374111788281,184.33244633469266,20796400
2022-08-11,186.92181396484375,189.94911205944413,186.6266871180078,187.94042792756838,23727600
2022-08-12,190.73924255371094,190.8058737850154,187.14074933240582,187.87378003336866,21726600
2022-08-15,191.41514587402344,191.50082082064878,188.70198968874195,189.25414133271892,17414800
2022-08-16,191.33901977539062,192.29100253346812,189.47312717807296,190.8725429945352,18833100
2022-08-17,188.12132263183594,189.7587342181304,186.95038784927698,189.1780241261759,22428000
2022-08-18,189.36837768554688,189.68253368773532,187.445368759773,188.37832216970293,18368100
2022-08-19,185.30340576171875,187.6452893300209,184.75126864121086,187.37873536629237,27416400
2022-08-22,181.48597717285156,183.113873943896,180.88622343729264,182.77115959873416,22937000
2022-08-23,181.7810821533203,183.66600371269882,181.24797419924175,181.77156755631972,20069800
2022-08-24,183.1709747314453,184.0182386606045,181.0290138910438,181.6287530486071,16038300
2022-08-25,186.0174102783203,186.06501231764756,183.71361393069114,184.09441571920604,14795000
2022-08-26,179.9056854248047,186.05550001884617,179.6010585163322,185.9602959390155,24177200
2022-08-29,178.24925231933594,179.91522210360955,177.56382358886077,177.97316919189538,19753300
2022-08-30,175.75503540039062,178.9822560617105,174.72689237650516,178.80139155683761,22548900
2022-08-31,174.6888427734375,176.82128946230384,174.39373043134847,176.05970032155838,22412500
2022-09-01,172.7848358154297,173.15610843531135,170.3096753321511,173.05138977195492,30706600
2022-09-02,171.44252014160156,175.11717306982507,170.53813969712706,174.78398791980803,27468200
2022-09-06,169.748046875,172.38504323820806,168.97694314875142,172.0328142585894,23837100
2022-09-07,173.4417266845703,173.70828067271486,169.38627117360858,169.42435861540233,24781200
2022-09-08,174.88876342773438,174.96490926738994,170.9951428060635,172.01377135623662,25273200
2022-09-09,178.40155029296875,178.62051677045977,176.212001726883,176.44046827577372,23208800
2022-09-12,180.5625762939453,180.7434553504838,178.94420843592997,179.54396224948283,23134600
2022-09-13,173.49884033203125,176.98310036488152,172.822926249815,175.9835156635094,34144700
2022-09-14,174.1747589111328,174.51747325970575,171.8995208688606,173.80348624402072,25278300
2022-09-15,172.90859985351562,175.82166421065747,172.17556920299978,173.18466840895334,25378700
2022-09-16,170.3953857421875,171.0522415918495,168.41526001745504,170.4905752948719,41155900
2022-09-19,171.8519287109375,172.07088067436206,168.46287247245448,168.51045998868742,25412200
2022-09-20,169.51002502441406,170.34777438840618,168.22485718767393,170.18593908419902,22247500
2022-09-21,166.92063903808594,172.40406855231348,166.91112444071643,170.7571280629096,29357100
2022-09-22,163.16033935546875,167.14914980342172,162.54155631616044,166.5969980097425,33468600
2022-09-23,159.27621459960938,161.06594662717868,157.07713700570588,160.8850675997836,40336900
2022-09-26,157.09539794921875,161.68855381194444,156.53082640433678,158.33937979138778,30597800
2022-09-27,157.63125610351562,160.4062946375634,156.24374413711138,159.14317062870595,42406600
2022-09-28,162.6167755126953,163.62153076809327,157.9566431639703,158.61689671916832,35186500
2022-09-29,158.97097778320312,160.69339884523777,156.7413825359105,160.54986862381597,31464000
2022-09-30,157.8131103515625,162.21488866160294,157.7652620783841,158.6360510060051,40643800
2022-10-03,161.99478149414062,162.96126692020374,158.1288835936149,160.12881574263386,33611600
2022-10-04,168.4156494140625,168.49220373412723,165.09518061262895,165.17173493269365,37537300
2022-10-05,167.17166137695312,167.77451750045128,164.0330073710696,165.93725768734214,25281400
2022-10-06,166.23390197753906,168.57832144379236,165.45880956554757,166.35830457248608,22635900
2022-10-07,161.34410095214844,165.03776281026768,160.68383274053298,164.52102481802817,26536100
2022-10-10,160.44459533691406,162.2627274021814,159.41113402219455,161.99478000837226,23386400
2022-10-11,160.492431640625,162.77943862173956,157.6982651541633,159.76518762948817,28009100
2022-10-12,160.05227661132812,161.2005768146316,158.34898313800323,160.66469657250963,26796700
2022-10-13,164.01385498046875,164.77938350548249,155.49738846795165,156.9327489768866,45376500
2022-10-14,159.6216583251953,166.42526784937158,159.525976383548,165.29612456973314,29608600
2022-10-17,164.71240234375,165.18127741688923,162.7794461651442,162.88470651648515,28199200
2022-10-18,166.6645050048828,169.65005043343194,165.2482866094484,168.28168031242805,34523100
2022-10-19,163.83206176757812,165.92767593324058,162.0330718487293,165.05690161833905,27146900
2022-10-20,161.74603271484375,166.07125761104274,161.21016698635373,164.03304047830758,26710700
2022-10-21,165.25784301757812,165.736296537954,160.9421975202351,162.1000468628488,45402700
2022-10-24,165.9659423828125,166.5018079342183,163.67893537512202,165.8511182221516,27284500
2022-10-25,170.49217224121094,171.19071048330557,166.08082899504404,166.09040741286168,33105700
2022-10-26,171.33421325683594,174.51113712644852,170.64523900053575,171.42989520278462,37084700
2022-10-27,171.37246704101562,174.1570698489423,171.16194633793404,172.80782750680362,28651800
2022-10-28,175.2671356201172,175.50636243289813,171.03760732229992,172.08063272172575,33221600
2022-10-31,175.42979431152344,176.30058334589927,173.72650070650522,174.41547504125919,25699400
2022-11-01,175.66900634765625,177.60196276895425,174.99917430104117,177.2574756305174,27446700
2022-11-02,169.84141540527344,177.02778115687047,169.78398872472073,174.96085869420054,38139600
2022-11-03,168.70269775390625,170.27202456365808,166.60706920281422,167.73621239219753,29093200
2022-11-04,170.98016357421875,172.1858759352137,167.90849978107659,171.20982654803788,25842400
2022-11-07,171.75526428222656,172.80785335382942,170.0232501294071,171.9944910623059,20689900
2022-11-08,171.82223510742188,174.10924247330672,169.7170424252203,172.46336110692795,20265200
2022-11-09,167.1046600341797,170.97055756463345,166.76973677183932,170.3294316806809,27277000
2022-11-10,177.3914337158203,177.45840961671723,173.34370637881457,174.0135529952409,38572800
2022-11-11,178.845947265625,180.70234954310766,177.68809774698556,177.7550736573742,28765400
2022-11-14,176.8459930419922,179.6975720185595,176.67375677821144,177.7837578810324,26499600
2022-11-15,179.46792602539062,181.39130400243457,178.08997749206344,179.7454226544319,26128800
2022-11-16,176.3101043701172,178.59711138142484,175.7933810450847,178.5588415282244,24802000
2022-11-17,174.67379760742188,175.06613298228592,172.73127756271916,173.79344491830102,20835700
2022-11-18,175.80300903320312,177.32448812473194,174.70257148678215,176.63551370569124,27269100
2022-11-21,174.8843231201172,175.29580073466045,173.61163502116995,174.90346534901846,19038900
2022-11-22,176.7502899169922,176.9703744280884,174.47284669382876,175.82208900341254,16869700
2022-11-23,177.20957946777344,177.77415099726628,175.64025283925332,176.34835455379022,19758800
2022-11-25,177.5828094482422,178.33875958194477,176.7024567274933,177.1139197442731,13393400
2022-11-28,174.00399780273438,176.95127366413178,173.4776959344054,176.19532341780092,17465600
2022-11-29,174.5111541748047,175.69772431018308,174.11883333597515,174.11883333597515,14020600
2022-11-30,179.29566955566406,179.35308164255153,173.00879782035835,174.79820933415093,28030100
2022-12-01,178.9033203125,181.08506687474167,178.1090858339551,180.04202725759203,21996400
2022-12-02,179.94639587402344,180.7214883439533,176.38670004073884,176.42496990291363,22574800
2022-12-05,174.9895782470703,178.99902090936175,174.32931008151505,178.80764242979666,25449300
2022-12-06,172.31027221679688,175.09486084082593,171.3629289109454,174.99917888951128,18502100
2022-12-07,171.80307006835938,173.6786141442708,171.39160708201297,172.00402695555192,17177800
2022-12-08,173.04702758789062,174.7598989898392,171.77433975217292,172.98005170245258,20971400
2022-12-09,170.9227294921875,173.0183582297996,170.86531740642977,172.02318134043315,22046500
2022-12-12,172.93223571777344,173.2862866384668,170.3294474869521,171.1428242845496,22765400
2022-12-13,174.36460876464844,179.4211577755563,173.1725640691967,178.54635113619926,38445300
2022-12-14,173.2206268310547,175.83542404537096,171.91322822389657,174.2973028597929,32406900
2022-12-15,168.88507080078125,171.69214442920665,168.26982520231002,171.14418375456506,33546700
2022-12-16,167.625732421875,168.3371160673495,165.99148776084525,167.0777864442537,38502400
2022-12-19,165.35702514648438,168.27945282779098,164.83791761642485,167.85646871586928,25614000
2022-12-20,166.23184204101562,167.2893023855682,164.55913604198162,165.0301892261211,18050800
2022-12-21,169.09654235839844,169.96174100267584,167.46229781068826,167.7026283226636,22997200
2022-12-22,166.88552856445312,167.74110467817144,164.06884708019535,167.5872896160484,21297600
2022-12-23,167.64495849609375,167.70263547444983,165.67424528013163,166.77015187473037,11647700
2022-12-27,166.5202178955078,167.818008617904,165.9049723287937,167.61612451961142,13553800
2022-12-28,163.9342498779297,167.3661766764043,163.75159633937415,166.4817474719659,19648000
2022-12-29,168.08717346191406,168.47169643083106,164.77060051340834,165.07823062343073,22311300
2022-12-30,167.61614990234375,167.9622265028163,165.93383594672147,166.63559708956925,21275600
2023-01-03,166.69325256347656,170.46164824607177,165.25126935905683,169.12539639477558,22503800
2023-01-04,168.7696990966797,169.83676717375482,167.53920802906646,167.86605401014265,22973500
2023-01-05,166.9624481201172,168.00067795251772,165.72234882144141,167.837254923614,17032600
2023-01-06,170.7115936279297,171.15379361408762,167.14508190383853,168.51978024201813,21986900
2023-01-09,171.0,173.15335236993315,170.77888532953423,172.08628412639916,18366500
2023-01-10,173.52822875976562,173.6339747664006,170.44239335737967,170.78846986376598,18751100
2023-01-11,175.69122314453125,175.72006163427696,173.69167140003174,174.24923998280084,18222700
2023-01-12,178.64248657226562,178.75784052964434,174.8837136624913,176.46990391950388,29650800
2023-01-13,179.81529235839844,180.09406929866674,177.2004952093142,177.36391819755568,22120000
2023-01-17,179.59422302246094,180.57476111913243,179.03665437822522,179.7672539800102,22422600
2023-01-18,176.6909942626953,181.6514195201449,176.5948561910461,180.19981384873734,23507800
2023-01-19,174.99908447265625,176.01809831254198,173.7878237976996,175.66239912868457,24624500
2023-01-20,177.883056640625,177.98880267127586,174.25888244269075,175.64318878262458,36070300
2023-01-23,180.08447265625,180.84391066908634,177.44083685331375,178.2579518457818,20329900
2023-01-24,179.699951171875,180.56514994999398,178.69057460032175,179.3731051454937,19263500
2023-01-25,180.19984436035156,180.25752134566292,176.75830910685164,178.23875351670222,18174600
2023-01-26,181.26686096191406,182.50697446732167,179.0846560713393,181.6706144127,18369100
2023-01-27,182.24746704101562,182.9396202083973,180.52669206399827,180.70934563158687,20019900
2023-01-30,179.7095489501953,182.27627710025726,179.603802936435,180.57473294015395,18395100
2023-01-31,184.07394409179688,184.17008216531954,180.13253244374692,180.17097887198966,21567900
2023-02-01,186.9675750732422,188.60182001163273,182.7762093556658,183.79520862306413,27007300
2023-02-02,190.6494140625,191.55304455349355,186.8329639888718,188.42874759494126,31020400
2023-02-03,189.370849609375,191.42807835845144,188.13073586074276,188.52488145022193,24981500
2023-02-06,186.63108825683594,188.78445523017893,185.8908660677786,188.08267947430073,18160100
2023-02-07,188.015380859375,188.51527246598056,184.23737732281262,185.92931363175103,27074100
2023-02-08,185.2659912109375,187.8134888387155,184.76609962541872,186.8425588250099,17933500
2023-02-09,182.58392333984375,187.57318803966888,182.1032622268527,186.71761184528935,20516600
2023-02-10,182.94920349121094,183.25683359907822,181.2380513548791,181.95904291800582,15248700
2023-02-13,185.15065002441406,185.40058850010433,181.98789196951157,183.14147560374542,15754400
2023-02-14,185.0641326904297,186.4484390147514,182.7281267695964,183.8817104836602,21889600
2023-02-15,186.93870544433594,187.02522091445397,183.16070189445662,183.5932939136582,18721200
2023-02-16,185.15065002441406,187.33284072073073,183.85285926801865,184.38158937872092,21366300
2023-02-17,185.66015625,185.89086418396175,183.58369683267054,184.45850353190826,23892200
2023-02-21,180.18060302734375,183.93937614375022,179.99796414099086,183.37219959731058,26004000
2023-02-22,180.6708984375,181.83409009681063,179.52692266098208,180.56515240768877,24651700
2023-02-23,181.95904541015625,182.93959805664946,179.47883263879757,182.02634499790307,21311700
2023-02-24,180.25750732421875,180.5170684065424,178.59442414645048,179.43076970563476,24280700
2023-02-27,180.89198303222656,182.8434657782184,180.34403704704545,181.81485872912575,17562900
2023-02-28,180.90159606933594,182.67043998250867,180.79586471416374,180.8439190870195,19542600
2023-03-01,181.13230895996094,182.1609306515185,179.94988688000598,180.91120898339304,22532800
2023-03-02,181.56492614746094,181.97830233691147,178.92128999659582,179.63267373243846,18104400
2023-03-03,184.09315490722656,184.50651630812249,181.132281517154,182.3339339643291,22774300
2023-03-06,181.4014892578125,184.32391684829392,180.63242859354833,184.1508712312437,23266700
2023-03-07,179.29620361328125,181.75720084065105,179.01742662111826,181.3534325961744,25865700
2023-03-08,179.38272094726562,180.3536510482942,177.959953588876,179.56535983605576,22505900
2023-03-09,174.39346313476562,180.02681179129564,174.26848655530242,179.50768959091965,33546900
2023-03-10,169.36572265625,173.41289520207903,167.5199859613886,173.41289520207903,69274200
2023-03-13,166.6067657470703,169.5772481386138,164.45341317935092,165.84732758297946,74171500
2023-03-14,169.69259643554688,172.32660983813818,167.8564675392181,171.6921483433157,48946200
2023-03-15,166.89515686035156,167.18355646985378,163.79009009167052,165.28012784830725,54405800
2023-03-16,169.17347717285156,170.51933705818834,163.90543560774384,164.8379193181215,52392300
2023-03-17,164.6072235107422,168.00069026630385,164.25153893168238,167.30853699397142,70239900
2023-03-20,166.74134826660156,168.58708530316594,165.85693352003616,166.3568252180476,46103200
2023-03-21,169.8175811767578,171.28840314608004,169.15428110065548,169.7214577463702,34465900
2023-03-22,165.00132751464844,170.4904832548952,164.89558149507275,169.69258413784434,56098200
2023-03-23,164.26902770996094,168.26358673761075,162.78313520016414,166.2277115615175,47720900
2023-03-24,165.75486755371094,166.06363275375227,161.5769970208225,162.8216717669934,47519700
2023-03-27,167.59780883789062,168.59162312429672,166.30488739847237,167.73288996256508,33880600
2023-03-28,167.35659790039062,168.379357129622,166.62330244161353,167.01890243714308,28555100
2023-03-29,169.25735473632812,169.38279244467,167.47235553479308,169.18016343294354,25564800
2023-03-30,169.02577209472656,171.0809481133102,168.32142173148898,170.66606144212784,26728600
2023-03-31,172.1326904296875,172.36426437962947,170.1740067783186,170.20295168171907,39602900
2023-04-03,172.2098846435547,173.46421779538443,170.2898039795756,172.66337443477573,27609000
2023-04-04,169.1898193359375,172.80807881940294,168.19600524229784,172.63439470837412,33487200
2023-04-05,167.5302734375,168.68811373704307,166.46891124132156,168.12848773567063,28247300
2023-04-06,167.78111267089844,168.33109520827074,166.61361440472743,167.61708666573557,26366300
2023-04-10,169.5757598876953,169.70119759348216,166.95131451701997,166.98991752929382,22237800
2023-04-11,170.9169464111328,171.71778969310364,169.93277560738423,170.3669785685366,21876200
2023-04-12,169.66261291503906,172.692301905567,169.41175219909263,172.53793400799682,27018100
2023-04-13,171.9107666015625,172.41250277506845,169.749454004161,170.3380248838302,23259900
2023-04-14,170.30908203125,172.92388442262038,169.18018666932986,172.0651512982843,29600400
2023-04-17,172.49935913085938,172.57655045360497,170.54067532475068,170.7529477816162,22177300
2023-04-18,171.7660675048828,173.31950794350507,170.72400670853312,173.28090491989596,22873100
2023-04-19,171.9879608154297,172.50898378393464,170.3766307753601,170.85906544805414,19306800
2023-04-20,171.10028076171875,172.16162819545613,170.3187389568315,170.92659662577844,20336300
2023-04-21,171.3221893310547,171.70814588194557,169.68191447729515,171.5634066543351,25972800
2023-04-24,171.20639038085938,172.1809029566072,170.29941099217558,171.14850058545153,17781000
2023-04-25,166.9803009033203,169.7591295680569,166.93205448735824,169.46002240092687,28857900
2023-04-26,165.3689422607422,167.30832417759305,164.99264383739094,166.17942890753926,30309800
2023-04-27,167.57852172851562,167.75220588815864,164.93478881516688,165.98649299927627,33424100
2023-04-28,169.04510498046875,169.65297737435188,167.09606479640965,167.20220101244104,31911900
2023-05-01,169.14158630371094,171.1099131403257,168.6205486521675,168.852122577602,27420100
2023-05-02,165.6680450439453,168.32143544562473,163.95057897994988,168.27318903922878,40851100
2023-05-03,166.2759246826172,169.5275294428585,166.1408435724132,166.16978847297568,43261400
2023-05-04,164.41375732421875,165.53300948049005,162.85067344156622,165.30145022246165,42382100
2023-05-05,168.3214569091797,168.94863082682895,167.01889210680915,167.20220491811108,35456800
2023-05-08,167.93548583984375,169.38278962808246,167.0478079497856,169.10296931762443,22109900
2023-05-09,167.4337615966797,168.14777014963454,166.1118954210709,166.9030805588576,21465500
2023-05-10,168.28286743164062,169.8363076792628,166.65223586903087,169.77841787370662,27281900
2023-05-11,166.98997497558594,167.67502409038877,166.06369375792377,167.13469951456105,25884600
2023-05-12,166.65223693847656,168.08989758421214,165.61981965697277,167.5495583758317,20406400
2023-05-15,168.68807983398438,169.53716942027646,166.74869809009664,167.22147456386224,24310000
2023-05-16,166.22769165039062,168.66880994584398,166.17944523799179,167.51096966196198,24212900
2023-05-17,169.93276977539062,170.29942480636274,166.11189574118148,167.33726910400708,38231600
2023-05-18,170.96519470214844,171.33184974973946,168.87143007465642,169.39245302194192,30446600
2023-05-19,169.92312622070312,172.605461589681,169.09333806695724,172.238806559059,34316300
2023-05-22,171.9976043701172,172.73091449585257,169.8555932435263,170.41521923110514,28207200
2023-05-23,171.18711853027344,174.18786280153938,171.14853023422853,171.6599098125667,32708900
2023-05-24,169.37315368652344,170.53100864687943,168.533722090729,170.3476811207318,28744200
2023-05-25,168.05130004882812,169.36352300938123,166.63294086636492,169.09336075774428,36202600
2023-05-26,169.9617156982422,170.1836462302906,167.90655416851078,168.17671638577818,29841300
2023-05-30,169.3345489501953,171.31253380555674,168.62054042366765,170.50204719019194,25572600
2023-05-31,167.66534423828125,169.82664207164035,166.3048749767732,168.55302223737334,34598800
2023-06-01,169.4792938232422,170.0485779235976,166.8548480384345,167.75218418120647,27800900
2023-06-02,175.62548828125,175.69302146649542,171.21602916178202,171.7563535346851,50212400
2023-06-05,173.271240234375,174.8922136810238,172.1712897605096,174.8922136810238,34465800
2023-06-06,177.83506774902344,178.46224166089326,172.64406592872947,172.64406592872947,58584500
2023-06-07,181.1624298095703,181.6752254933807,178.95643693036504,178.95643693036504,60685600
2023-06-08,180.4851531982422,181.29789913569098,178.90807086956343,180.68834337348164,34185000
2023-06-09,179.02415466308594,180.5528715956742,178.46297897161625,180.2722911316932,30242200
2023-06-12,179.76918029785156,180.62060662068774,178.24046323987238,179.21767465869377,26580500
2023-06-13,181.83001708984375,182.84593833864034,180.22390986104497,180.388390099268,35758200
2023-06-14,179.8756103515625,183.0975247189111,178.55975356577005,182.20738847609695,37114100
2023-06-15,181.35594177246094,181.48172686449246,178.9080634896702,179.0725437373607,36488400
2023-06-16,179.90463256835938,182.42991596431102,179.0822165539139,181.84938527605436,50684500
2023-06-20,179.1208953857422,179.54661584810856,177.79535398910033,179.14992043876663,33269300
2023-06-21,178.7048797607422,179.87561125984405,177.6309082995363,178.4533243311252,30730200
2023-06-22,177.3793487548828,178.26948498154138,176.5666176040435,178.22110496371576,27063700
2023-06-23,174.7089385986328,176.48921103690682,174.20581299181327,174.90244390479154,50610100
2023-06-26,174.88308715820312,176.8084996290541,174.51541674580236,174.58315172219548,31507900
2023-06-27,177.4083709716797,178.01792670680143,174.54444226626734,175.31847824855512,28818800
2023-06-28,178.27915954589844,178.4339697014152,176.20862169726573,177.0503926906951,23187600
2023-06-29,180.3303680419922,181.00764405872025,178.4436505306292,178.72424579981575,32084100
2023-06-30,181.1914520263672,182.31378864374432,180.8431365896618,182.1493084046762,30287300
2023-07-03,181.55909729003906,182.71047366127328,180.67864603277772,180.84312626245307,14011900
2023-07-05,179.74981689453125,181.13340859485257,179.42085640426205,181.05600352122894,24092100
2023-07-06,176.84716796875,177.7469889038394,174.85403558723743,177.6695838412022,39080800
2023-07-07,178.7145538330078,180.43677610631497,176.99231679619254,177.04069681221966,31706700
2023-07-10,181.77198791503906,181.94615303431164,178.18241778960893,178.58878338323257,29725100
2023-07-11,183.6393585205078,183.910268928252,181.59784559989328,182.3621968009909,26738800
2023-07-12,185.64212036132812,186.78382662385775,185.15834977424925,186.50323141578826,40127300
2023-07-13,187.14183044433594,187.40307072070073,185.5744183131635,186.26136434646406,23523000
2023-07-14,185.31320190429688,187.2095895313818,184.11344526156887,187.06444946425992,32198600
2023-07-17,187.29664611816406,188.05132714903866,184.93584299039898,185.12934829717298,23283700
2023-07-18,189.6090545654297,190.0154201072824,187.20955646727225,187.4127318564449,28489800
2023-07-19,190.41213989257812,191.2442260408842,189.57036888216368,190.31537985255048,23679000
2023-07-20,188.74795532226562,190.5475826997867,187.96424924493536,190.5475826997867,27278100
2023-07-21,188.14810180664062,190.23797995113262,187.79010145960174,190.01544956922336,28982400
2023-07-24,188.6125030517578,189.88964988848255,187.69334177107942,188.24483263408302,16929800
2023-07-25,188.59317016601562,189.84130685446974,188.10939946024496,188.26420962933406,18961100
2023-07-26,190.08319091796875,190.76046694875146,188.38999345925683,188.4480435813939,20377900
2023-07-27,187.6256103515625,191.4764206580145,186.90962446238436,191.21519513224757,31159300
2023-07-28,190.05410766601562,190.55723321542294,189.15430145147653,189.65742700088387,21612200
2023-07-31,192.2601318359375,192.29882699070905,190.52822469887172,190.5378947966876,24203900
2023-08-01,191.37965393066406,191.51510910926896,189.42521655635886,191.02165364445264,27444300
2023-08-02,188.77699279785156,189.72517918409952,187.79009649015958,189.24140851061455,28079700
2023-08-03,188.24484252929688,189.28978895800464,186.79353050556543,187.99328709338013,24279300
2023-08-04,187.86749267578125,189.93803046973613,187.42243194480972,188.49640337964433,24950400
2023-08-07,187.99327087402344,188.72859692107613,186.42584398443887,188.341586320208,20185000
2023-08-08,186.81288146972656,187.01605688113708,184.33597803104303,185.90339025881735,25578200
2023-08-09,185.3518829345703,186.619359600237,184.5584920291409,186.60967473916588,22293200
2023-08-10,184.5294647216797,187.81909900103986,183.72640372848423,186.0001315262971,29378800
2023-08-11,184.7907257080078,185.46800169281684,183.58129903388127,183.75544938847108,21789000
2023-08-14,184.47142028808594,184.5101154425662,182.5169828079039,183.77478939937765,20354900
2023-08-15,182.03321838378906,183.48453032416057,181.93645834902756,183.36843009325358,25491300
2023-08-16,179.807861328125,182.92334531638275,179.77883627187165,181.8880838618293,27018400
2023-08-17,177.68896484375,180.67867886616744,177.66962464627846,180.29165346409405,26715100
2023-08-18,178.65650939941406,179.2370401311537,176.03448053469654,176.29572084033035,33375200
2023-08-21,178.39529418945312,179.26607557398606,177.12781727403961,178.70489977107192,22678100
2023-08-22,177.8631134033203,179.5272855684978,177.2729126381875,179.03383007224247,21299200
2023-08-23,179.75946044921875,180.06908069799485,177.47606278676622,178.0275683185839,21231100
2023-08-24,177.27294921875,180.29167387919625,177.25359425557733,179.23705722070846,26582300
2023-08-25,178.02760314941406,178.99514447087827,175.71517998165498,178.0856532665405,29340400
2023-08-28,179.6143798828125,180.6883513973209,178.82100363402336,178.84034383175523,23002000
2023-08-29,182.12030029296875,182.25575548853976,178.5791102477524,179.51761175481005,22986000
2023-08-30,182.8072509765625,183.45550185960252,181.24950893228456,181.63651953712662,19869900
2023-08-31,182.48797607421875,184.0844134090889,182.41057099397827,183.05882193204414,17953400
2023-09-01,184.6552734375,185.63248489081798,183.68773208286495,183.9005923619654,25094600
2023-09-05,180.76573181152344,183.73607574410443,180.70768169922985,183.494190433876,27160100
2023-09-06,180.08848571777344,181.98485859643438,179.08223439302628,180.98829213434507,26406200
2023-09-07,178.34689331054688,179.36281464938153,177.63090741879003,179.13059941768793,23894800
2023-09-08,177.95018005371094,178.83064611033382,177.49543449758735,178.5694058462079,19399100
2023-09-11,178.37591552734375,179.69177229229314,178.22110537534766,179.24669679618157,17424700
2023-09-12,178.20176696777344,179.32411852873187,177.77606115550546,178.06631176307224,16826300
2023-09-13,177.03102111816406,178.87902842202146,176.469845429707,178.51135802804774,24415700
2023-09-14,179.52728271484375,180.030408300937,178.25980603368296,178.54038650152833,27952500
2023-09-15,177.65025329589844,179.06287004700147,176.85686236747566,178.79194490878996,39695500
2023-09-18,176.4698486328125,177.7953754257661,176.45049367396058,177.73732531271818,19287800
2023-09-19,175.7829132080078,177.35034030398174,175.1927271311996,176.5666341377498,24085900
2023-09-20,174.02198791503906,177.55350793943862,173.98329275695795,176.47953644969778,27642900
2023-09-21,171.3225555419922,172.95768803752006,171.3225555419922,172.70613259901796,31625600
2023-09-22,170.93551635742188,172.58033358256236,170.82908622596236,171.79662750704597,23164700
2023-09-25,171.69989013671875,172.0869007615547,169.842197799681,169.98733785662623,22416200
2023-09-26,169.4923095703125,172.07805264543404,169.42425667385035,170.6004830549643,30476000
2023-09-27,171.0767822265625,171.99052719796435,169.58949738195327,170.55184943858285,37293000
2023-09-28,172.6223907470703,173.58475764266984,171.05733752262256,171.17398266167706,31372400
2023-09-29,171.80584716796875,174.15828477483905,171.23230728420768,173.97358674725498,36689000
2023-10-02,169.2103729248047,171.7961005674947,168.31604415676597,171.40727358097254,42139300
2023-10-03,166.36216735839844,168.65628222286873,165.6136598201334,168.12163398125085,42733600
2023-10-04,166.43995666503906,166.81906822355847,164.36941632007867,166.23581282608203,42491900
2023-10-05,166.56631469726562,167.1009481174007,165.1956750395972,166.0316664443312,33365100
2023-10-06,168.17022705078125,169.03537964865544,164.77765470283978,165.61364602021916,42160900
2023-10-09,169.14234924316406,169.67699756652743,166.97460949512856,167.04264755475592,26658400
2023-10-10,171.05734252929688,172.0974629928427,169.4145208864624,169.44368217207958,31585000
2023-10-11,170.76568603515625,172.2821319626517,169.51170646674205,171.20312007842642,27427200
2023-10-12,166.9065399169922,170.9698519355417,166.02194140066112,170.9698519355417,38693800
2023-10-13,165.51649475097656,167.8786481536526,164.9526851097217,167.53842817150368,33955600
2023-10-16,168.18971252441406,168.54937829055984,166.24554759121293,166.94544815378944,31140300
2023-10-17,170.06581115722656,171.49477345709417,167.10095690128355,167.1398485032501,39823200
2023-10-18,166.56631469726562,168.81182252679088,166.2260799455439,168.7923767268298,38501400
2023-10-19,163.91253662109375,167.34398645467837,163.65980052598587,166.09000663094955,51397300
2023-10-20,161.79339599609375,164.31108583614463,161.7836656791637,163.9514200969374,54421900
2023-10-23,160.42276000976562,162.78492799493745,160.05336394499622,161.0351766786621,45590900
2023-10-24,161.82257080078125,162.94045971391694,160.7921657505237,161.80312499809673,32666300
2023-10-25,159.14930725097656,161.03514919034228,158.8382338110491,160.40328682778886,36832900
2023-10-26,159.55760192871094,161.14210096124873,158.64384211443272,159.56731741274368,50525600
2023-10-27,157.68148803710938,160.22833910442253,157.1565552500327,159.9269959424488,46017100
2023-10-30,158.5563507080078,160.2088877156677,157.41901615274543,159.217359577952,35156300
2023-10-31,159.92701721191406,160.38389717399167,158.28419541203525,158.83827472452825,31533200
2023-11-01,160.84075927734375,160.97685021905608,158.54664423647853,159.86867688431272,44367100
2023-11-02,165.12762451171875,165.2539999640695,162.65854186221682,163.0668146704274,50458100
2023-11-03,169.61866760253906,170.7462719421085,167.95640013009685,167.97584593177237,57060700
2023-11-06,167.49951171875,169.90055637242313,166.60519771338835,169.61865901001127,35294400
2023-11-07,166.9065399169922,167.69392426322983,165.8080969254952,166.77044897854125,31168900
2023-11-08,165.12762451171875,167.3245401218799,164.57354528371854,166.90653699715028,44938600
2023-11-09,162.571044921875,166.25523021567832,162.3182940375223,166.25523021567832,38577400
2023-11-10,164.38885498046875,164.97211035260662,162.1336166965226,163.52370223923774,36121300
2023-11-13,164.4471435546875,165.03039880624803,162.84321386209186,163.5431142308456,27610300
2023-11-14,173.47784423828125,173.48755972317923,169.3562092229251,169.36592470782307,77611000
2023-11-15,173.7791748046875,176.68569168775392,173.1375968608025,173.3709019766153,59641400
2023-11-16,170.9698486328125,173.64307509794423,170.26994815349948,173.16674940616747,46616700
2023-11-17,173.31256103515625,173.65279580133787,172.1655109462925,172.49601539568036,43418700
2023-11-20,174.32351684570312,174.63457546187922,172.77790958220683,173.5361325730842,26665100
2023-11-21,172.07803344726562,173.52642675422913,171.97110378818505,173.26397518150452,30457000
2023-11-22,173.15701293945312,174.3818312134287,172.46682802747785,173.20560518487298,28940900
2023-11-24,174.32351684570312,174.71234382412285,172.83623214568993,173.07925271540188,13846900
2023-11-27,173.7402801513672,174.10967620338397,172.28215657694304,173.51670535647284,30665800
2023-11-28,173.06951904296875,174.21658382281717,172.252973504445,173.5652904885567,28350200
2023-11-29,173.98329162597656,176.6759638387663,173.71110975964393,174.5373856749532,31590200
2023-11-30,174.6443328857422,175.59696951369654,173.76944979930184,175.0234444400261,32216800
2023-12-01,179.7477569580078,180.01020852173988,173.23480796000393,174.19716002595493,64221300
2023-12-04,181.6724853515625,181.76969952800502,178.88261351471138,179.08674251931959,44862600
2023-12-05,179.24224853515625,180.85590865749467,178.8436912460007,180.85590865749467,36873500
2023-12-06,178.9214630126953,182.6737012262927,178.65899664254874,180.51567736686215,43637900
2023-12-07,180.21434020996094,180.37959242396516,178.27017557537144,179.18393532687637,32662300
2023-12-08,181.5850067138672,182.50848208542226,179.6991643659414,179.98106175324932,36087100
2023-12-11,181.96409606933594,182.3820843568753,180.70038605750167,181.46832458165974,29302100
2023-12-12,181.77938842773438,182.42096629970393,180.1657282647074,181.75022714562655,32024000
2023-12-13,187.9326934814453,188.23403665429703,180.48653868568866,181.87662424043089,69484800
2023-12-14,193.16246032714844,194.45531659920738,190.9947063433444,191.37381780771597,83649300
2023-12-15,191.5391082763672,193.97904457688583,190.47954202739305,193.39578920770364,74160700
2023-12-18,191.60716247558594,193.2208228196119,191.18915933048993,192.43343844878487,44451100
2023-12-19,195.3205108642578,195.6801914410517,192.49176233360555,192.93891193433254,52156200
2023-12-20,191.4998779296875,197.24643474209043,191.3828051233064,194.99269389615745,62360300
2023-12-21,194.75852966308594,194.95367085289115,192.709681154775,193.66581045865345,38613400
2023-12-22,196.57321166992188,197.87082303085742,195.31463449767162,195.9878328242724,39173800
2023-12-26,199.12942504882812,199.57821403088542,196.7781137835163,197.28545405152963,26879000
2023-12-27,199.8319091796875,200.48559050211466,198.4464781466939,199.46115877194134,35806400
2023-12-28,199.0708770751953,200.17336222772755,198.32939119974736,198.82696548478955,28930100
2023-12-29,195.82199096679688,199.0611291985704,195.82199096679688,198.5245207135407,41496800
2024-01-02,194.6609649658203,196.70981337951437,193.6072651156997,194.54387727990783,44341500
2024-01-03,189.4705352783203,192.8560296090863,189.06076556083062,192.59260090242034,57532500
2024-01-04,189.09979248046875,190.72912018275318,188.9729536845122,189.33393808877912,43114200
2024-01-05,188.5436553955078,190.6998403594464,187.60702835780148,187.99729582650482,40964900
2024-01-08,191.93890380859375,192.1730642938598,187.57776339809388,188.58267795569003,31545400
2024-01-09,190.2217559814453,191.00227598115347,188.61194557788156,189.61686005308232,28998700
2024-01-10,190.3291015625,190.621798460035,188.37780876184348,189.99738535931223,35075200
2024-01-11,188.83636474609375,189.99738635049042,186.6411603339032,189.76322585380433,48939200
2024-01-12,188.52413940429688,192.29990088930685,187.94851163266793,191.1193622594407,42992100
2024-01-16,186.1923370361328,188.5533993047639,185.48011940280065,187.05091054733725,42213000
2024-01-17,184.86546325683594,185.30450112983957,182.96295588236583,183.54834963782505,37787700
2024-01-18,185.9582061767578,186.51431687260282,183.6264119216139,186.065527874157,41760000
2024-01-19,187.74362182617188,188.15340639791134,184.62155645298486,186.63138557174958,63338300
2024-01-22,191.75352478027344,192.02671945120622,189.3631942288604,189.4217306272097,42379500
2024-01-23,191.19741821289062,193.75360691022328,190.23152295784917,193.3926225211996,42471200
2024-01-24,189.62661743164062,193.62677325803108,189.39245695782506,193.54871976675923,41120100
2024-01-25,191.19741821289062,192.8462629419696,189.6754122744122,192.2999033627396,37659500
2024-01-26,191.20716857910156,193.0706566909973,190.62178969812106,192.09501033551456,33478600
2024-01-29,194.55364990234375,194.55364990234375,190.33885035820575,191.382799139741,29234400
2024-01-30,192.89503479003906,194.08530956913688,192.2998899568997,193.55846712223067,33121200
2024-01-31,188.18267822265625,194.09509289359008,188.0168201247963,192.40722882743222,68126700
2024-02-01,190.6803436279297,190.97304053892034,186.86556245435187,189.5778583809776,59479000
2024-02-02,189.67539978027344,190.7388506688798,187.70459009600015,188.53389540160683,52839300
2024-02-05,187.2655792236328,188.40708376677784,185.4313591608785,187.78267064350578,39751900
2024-02-06,188.9534149169922,189.08025369840158,186.3679582072074,187.03139053757448,34689100
2024-02-07,188.51437377929688,189.42171766598892,187.3631034375374,189.34367906498414,31713900
2024-02-08,191.37303161621094,191.58767501093593,188.0168205718926,188.65098476446397,35370800
2024-02-09,194.4853515625,194.69024385871393,191.66573403647945,192.12428903960242,46107100
2024-02-12,198.01718139648438,198.59280914578798,194.9731547895595,195.0024229878508,43291000
2024-02-13,189.87054443359375,192.81700069794587,188.35828955261138,191.44133571599002,86247400
2024-02-14,194.28048706054688,194.92440241889202,191.45110335467024,192.8657877640167,43808000
2024-02-15,199.46115112304688,199.78311621945087,195.83174534727047,196.09517404199784,44931900
2024-02-16,196.74884033203125,198.73915227313518,196.19271478415754,197.19762930210837,48346200
2024-02-20,194.03656005859375,194.85609945855583,193.18773757053495,194.29997386682135,30547500
2024-02-21,193.11944580078125,193.51946438735416,191.6071909424759,192.84626600682466,28669100
2024-02-22,194.58291625976562,195.21708045140585,192.9926078976882,193.81214728333526,38184700
2024-02-23,195.02195739746094,196.24151539181375,193.7341118967593,194.7390264931314,37667700
2024-02-26,196.2512664794922,196.72933857262308,194.29997368869562,194.82683107903293,29118200
2024-02-27,199.0318603515625,199.246503744877,197.60741009476467,198.1342674736938,32268600
2024-02-28,197.39279174804688,198.89528069139627,196.95373894728135,197.50986455508675,30143900
2024-02-29,198.7684326171875,201.02217337063684,197.58790883546754,200.1831168892436,40404100
2024-03-01,200.87582397460938,201.30511074536238,198.19279654458478,199.54894435918266,35156900
2024-03-04,200.69044494628906,202.71003997352705,200.44653336641093,201.9880563377025,24785400
2024-03-05,198.7684326171875,200.89534946465594,198.06596603336146,199.32455819904243,34163500
2024-03-06,200.25140380859375,201.06119202702203,199.10989941987373,201.0124067344071,34255200
2024-03-07,201.9197998046875,203.03203618402586,201.3734252767318,201.66612219491213,28020200
2024-03-08,201.79293823242188,205.2857539843459,200.78802367355678,203.65642635116475,41447800
2024-03-11,200.19288635253906,201.8026969508678,199.7635995564027,200.94413824577765,24435800
2024-03-12,199.91970825195312,200.9051057607818,198.43672154919946,200.15385386115764,34958900
2024-03-13,200.70022583007812,201.54903342714107,199.78311583973394,199.8806715466154,25140700
2024-03-14,197.10984802246094,200.2806989354128,195.2951450583304,200.05630442383057,47509100
2024-03-15,197.48062133789062,198.1343027385364,196.23179494752478,196.3488677693763,53217000
2024-03-18,196.34884643554688,198.23183692259633,196.0171302182195,197.96842310205102,32405100
2024-03-19,197.1781463623047,197.8123105769755,194.79756672852895,194.9146395343924,29864100
2024-03-20,201.0807342529297,201.9490589761482,196.21225323023813,196.61227183762202,49609600
2024-03-21,203.39105224609375,204.37895184740313,202.31511016547262,202.4716135453782,43067300
2024-03-22,200.58384704589844,203.68449758057275,200.58384704589844,203.30302991037584,28437300
2024-03-25,201.04354858398438,202.48139168745053,201.01420606554498,201.2196186196047,20107800
2024-03-26,200.68167114257812,203.0976382777279,200.50561601126472,202.52054878066414,23434800
2024-03-27,205.05386352539062,205.12233935227442,201.6499970349246,202.27599564150438,35028400
2024-03-28,205.69944763183594,207.2448850982598,205.24950409604756,205.48425919189177,37675100
2024-04-01,203.7627410888672,206.18848374231078,203.4106159516751,206.15914122462675,25684200
2024-04-02,200.0165252685547,201.37611664502512,198.95035906867366,201.24895578518067,36632100
2024-04-03,201.32720947265625,201.88473223869454,198.83299097199983,198.93080931515644,27362800
2024-04-04,199.31228637695312,203.98771684073637,198.7645394493946,203.49865495184704,32265200
2024-04-05,199.97740173339844,201.2000564455432,198.44175517593646,198.69606198306823,27569400
2024-04-08,201.07290649414062,201.9043027268266,200.10455860844098,201.47392588873785,21331000
2024-04-09,201.86520385742188,202.44229334383337,199.9969837319351,201.70870046026388,23289100
2024-04-10,196.53440856933594,198.49065617530147,195.17481708018926,196.77893952008162,57130500
2024-04-11,197.86465454101562,198.47110143866777,195.7225759819201,197.55166268979463,37184000
2024-04-12,194.34341430664062,197.49297404096868,193.3554997466592,196.8278421161806,35388700
2024-04-15,191.49705505371094,195.84970249420368,190.71455311581735,195.00851552284013,41119300
2024-04-16,190.79283142089844,191.94702529844201,189.13002389899953,190.1570569029617,43267500
2024-04-17,188.77789306640625,192.3186964401541,188.76811720141802,192.17198384040725,38589500
2024-04-18,188.6213836669922,191.37969985422745,187.9464758796906,189.4625707037039,40238200
2024-04-19,188.91482543945312,190.13748015906359,187.15419965821718,187.74107989362395,42666500
2024-04-22,191.02757263183594,192.00569638834816,188.68006666121613,189.96142131923378,31553000
2024-04-23,194.22604370117188,194.9596365268902,190.86129555254644,190.98844149334832,31838300
2024-04-24,193.3555145263672,194.55861760177365,192.16221716638736,193.8348005834386,28791700
2024-04-25,192.18174743652344,192.5240967140568,189.53104047042,191.16450531825498,31915600
2024-04-26,194.0206298828125,194.53903428228767,192.12306739794835,192.69038097048391,24613600
2024-04-29,195.58563232421875,196.02578502831352,194.5292568794009,194.8911578922146,20494600
2024-04-30,191.61441040039062,194.30425034433424,191.46769782798648,193.77607015869737,30606800
2024-05-01,192.01547241210938,195.937758230965,190.76347519673448,191.5948863604528,38782100
2024-05-02,195.54649353027344,195.7421152904961,192.2404305600715,194.43143307952244,27201000
2024-05-03,197.48318481445312,199.69375410479307,196.72024946158774,198.96016127126987,30880600
2024-05-06,200.03610229492188,200.3001999122354,198.93083249836042,199.0188600624698,23129800
2024-05-07,200.4860382080078,201.6402171379631,200.02631882404665,200.29041643131868,20116900
2024-05-08,199.3220672607422,199.49813730616776,198.12875502780543,198.28525841818708,18349400
2024-05-09,201.3565673828125,201.48372825363984,198.9601670421258,199.50791398571306,22914300
2024-05-10,199.84046936035156,202.09993292966737,199.22424659599832,201.8358502520742,21520200
2024-05-13,200.26107788085938,202.03147962121594,200.124141141964,201.57176022814173,18585300
2024-05-14,202.3346710205078,203.1954246603364,201.40545648204738,202.59876860090674,33169000
2024-05-15,204.85824584960938,205.18102848639785,203.1758717624003,204.63328156032688,33412300
2024-05-16,203.3812713623047,204.77022027038493,203.3812713623047,204.3300526273394,26731100
2024-05-17,203.52801513671875,203.95839202429408,202.8139888959609,203.45953930233824,35219800
2024-05-20,203.97792053222656,204.89735924646007,203.23455185422145,203.46930692753128,15695900
2024-05-21,203.7823028564453,204.12465214626937,203.04871002823742,203.2834651062583,13466800
2024-05-22,202.06080627441406,203.66492862906927,201.29787094262585,202.9900208528757,20853100
2024-05-23,198.74496459960938,203.07804559250206,197.92334424215102,202.97045138438367,34039800
2024-05-24,200.9457550048828,201.18049516389365,199.4981359660388,200.30996558259753,19946100
2024-05-28,200.67185974121094,202.55963129815535,199.50789016258457,202.44226123139742,18475900
2024-05-29,197.70816040039062,198.56889916026932,197.36581111437,198.09940393442784,25654800
2024-05-30,199.58615112304688,200.45668065024682,198.63736990604446,199.06774673746622,20428200
2024-05-31,201.26853942871094,201.76737719600584,198.6373840066378,200.4664707450372,25784900
2024-06-03,200.1339111328125,203.01937335518883,198.7058438191192,202.99003083521433,23902900
2024-06-04,197.55165100097656,200.0263028446154,197.2386442432911,198.7058298387284,27098900
2024-06-05,200.5740509033203,200.5740509033203,197.37558210780963,198.8525585010647,20707600
2024-06-06,199.13621520996094,200.32952740610216,198.54934990160277,199.713304653591,17335500
2024-06-07,196.79849243164062,198.72539738294932,196.2898639106141,197.12127505508147,26036000
2024-06-10,197.473388671875,197.70814372749072,194.65638770441802,195.15524033197855,25075300
2024-06-11,196.798583984375,197.17131336571543,194.62108648633375,195.8177297948662,23768400
2024-06-12,199.8196258544922,203.30166138038078,199.21150101841485,201.9284564720589,43668700
2024-06-13,198.0736846923828,199.64304231473415,196.67105550888624,199.3782224765747,28021100
2024-06-14,194.92514038085938,196.21005691835862,194.1502721902995,195.7392511186089,33453700
2024-06-17,196.56317138671875,197.10264417822856,193.63042697162834,194.326825057048,25538100
2024-06-18,196.90647888183594,197.82848421622018,196.2002626668458,196.62203775171497,25446900
2024-06-20,196.07272338867188,197.99520395886654,195.40574980240044,196.48469527036355,27999700
2024-06-21,196.51414489746094,196.57299375477965,194.66033105868527,196.10217296293538,37511300
2024-06-24,197.3674774169922,198.80933424519017,196.69068564457515,196.84762590387558,22289600
2024-06-25,196.72010803222656,197.30862651517631,195.99428553212152,197.2792020876935,15925400
2024-06-26,196.2002410888672,196.73971382802148,195.003597909887,195.51364622387337,19313500
2024-06-27,198.19137573242188,198.27964900883944,196.13159111611674,196.78876156274592,17432600
2024-06-28,199.0054931640625,200.72198788575787,197.46555996782612,199.9765441374714,35026000
2024-07-01,197.3380584716797,199.91770980150363,196.64164540584053,199.6234505488019,21886200
2024-07-02,198.0148468017578,198.3973793335895,197.05359892862424,197.66173869801727,17219100
2024-07-03,197.9658203125,199.38805601930866,197.7696524506382,198.37777731240433,15167200
2024-07-05,197.02418518066406,197.76964397710728,196.05314906772566,197.35768699485342,17282500
2024-07-08,198.40716552734375,199.79997654897053,197.9755873300363,198.6327577789742,20823800
2024-07-09,197.54403686523438,198.64260378532614,196.69069847044477,198.0540852578967,17864200
2024-07-10,199.476318359375,199.69210748556907,197.63232259914534,198.41699400350808,19286100
2024-07-11,206.64634704589844,207.1858198267085,202.9779620696834,203.91957368105489,65443600
2024-07-12,209.0592498779297,210.82479031546404,208.5884440834693,208.84346077075068,50810700
2024-07-15,213.03170776367188,214.06160757838998,210.19703996822918,210.67764890622385,48925300
2024-07-16,220.2998504638672,220.55486715763783,214.82668245156137,214.94438016150986,67945700
2024-07-17,217.99484252929688,222.30079180106344,217.416142152373,218.10273708826972,66092100
2024-07-18,213.7771453857422,220.47638059962935,212.82571572349795,217.17090711395036,53180000
2024-07-19,212.68841552734375,214.46375918786381,211.71737947360458,213.46329870623237,37933500
2024-07-22,216.0723876953125,216.42549584285052,211.2564044450715,213.51235736732397,36185900
2024-07-23,218.36758422851562,219.46613618792784,214.84630613245687,215.0130645238979,44884600
2024-07-24,213.67909240722656,219.57402073228204,213.55157657252568,216.8374441130469,42443000
2024-07-25,216.34703063964844,219.73097483279935,214.02239587335404,214.26760943759177,45053100
2024-07-26,219.9271240234375,221.07472161066414,217.45536731506257,219.61324350386428,40822600
2024-07-29,217.48480224609375,221.10415671648744,216.543190575194,220.40775860085392,33869700
2024-07-30,218.30870056152344,220.16251418078247,216.8766470142045,218.45582268739892,26876800
2024-07-31,219.57400512695312,224.25268349611818,217.72999458173794,219.42688299479073,52387700
2024-08-01,212.43338012695312,220.58427520172486,210.94247772286982,219.48572341274013,71508100
2024-08-02,204.9200439453125,207.14658702087092,203.02700265007275,204.85139193856648,66850200
2024-08-05,198.32872009277344,200.82009819041016,192.9340218881564,194.1110439576524,65683100
2024-08-06,200.48658752441406,203.28202791178987,197.34785715553488,199.1232008188706,37072500
2024-08-07,198.1129150390625,203.97843357321085,197.70095809619244,203.87053901912728,30594500
2024-08-08,202.92892456054688,203.03681912106453,199.28014574422784,200.50621349254345,26550300
2024-08-09,202.50717163085938,203.1545240503078,201.01626900529914,203.08587203662066,20954500
2024-08-12,200.68275451660156,203.01717709344305,199.9176895171915,202.6542658663666,20357900
2024-08-13,203.9882354736328,204.39038926062378,200.93777851780345,202.14422491212997,25458300
2024-08-14,202.72291564941406,204.75329079481844,201.80092537901493,204.63559309362827,25345600
2024-08-15,207.9803009033203,209.0200188419224,205.8910918062065,207.21523588747928,42561600
2024-08-16,208.5296173095703,209.88318598279355,207.23488252940695,207.32315581896864,30427400
2024-08-19,211.07981872558594,211.0896368461416,208.7453959303641,208.88271491831836,17246200
2024-08-20,208.61785888671875,210.83458374308216,207.9901128675139,210.7757348923201,21703900
2024-08-21,211.3348388671875,211.53100670118752,208.7453845451065,210.17742320328847,19623100
2024-08-22,209.47122192382812,212.2274198491447,209.0494617990675,211.44274845734375,18084300
2024-08-23,216.16062927246094,216.84722414254134,210.67764353143977,211.06017602810212,40003100
2024-08-26,216.2292938232422,218.19100211824397,215.86638257799373,217.68095377088247,24865500
2024-08-27,214.55203247070312,215.16996037998035,213.5417539391549,214.71877587267608,19577900
2024-08-28,213.10037231445312,214.92476167555364,212.1293362614887,213.6986939588637,19685000
2024-08-29,214.62071228027344,216.74916416941173,212.99249066186053,214.59128785062182,24599500
2024-08-30,215.8663787841797,216.27833572289242,213.23768193242,215.50346754530935,23010500
2024-09-03,209.26524353027344,215.16997486824388,208.83366530003838,213.95372527392354,31338500
2024-09-04,208.91212463378906,211.2465472646062,207.6468144362924,208.68651740995873,23706300
2024-09-05,207.87240600585938,209.93220563994234,206.88174873485252,209.45158173421737,23910500
2024-09-06,203.91957092285156,209.10829773539683,203.17412716004475,207.87241193304908,34561300
2024-09-09,204.48846435546875,206.23438350547067,203.54685277418375,204.16478069732509,23584100
2024-09-10,204.3217315673828,204.86120435898943,201.84997484643335,204.7238853726393,23025700
2024-09-11,204.9200439453125,205.24372760563435,200.30022935400584,203.49780844388349,27175600
2024-09-12,207.55856323242188,208.7061608801248,204.41983270451888,205.89111404259663,27611700
2024-09-13,212.67860412597656,213.09056106713987,209.8439362713212,209.93220955157483,37388100
2024-09-16,213.4436798095703,214.11065347142048,212.00182296020034,213.4633010839327,23289000
2024-09-17,215.209228515625,217.5534695083518,214.2872231519617,215.37597193742508,35563500
2024-09-18,215.24844360351562,220.63333835954984,214.071421598366,215.03265448979607,54085200
2024-09-19,219.68191528320312,220.3783133804312,217.2592042238715,220.35870707251442,35369500
2024-09-20,217.32786560058594,219.18167938296156,217.0532126637091,219.17186126260893,34587500
2024-09-23,216.5333709716797,218.83838436205875,215.8075484317159,218.42642738802988,20157700
2024-09-24,216.8962860107422,217.68095736839356,215.29748893456627,217.3867130925977,20939800
2024-09-25,214.25074768066406,217.12461319541637,214.10310849964594,216.83920147379607,23242300
2024-09-26,215.39244079589844,217.6364183530758,214.92986502582323,217.00653017944214,24974700
2024-09-27,216.8490447998047,219.08318565254282,216.06168086312377,217.37067021659072,23959600
2024-09-30,217.4002227783203,218.08916067914194,215.12672019674898,215.95344567773492,21938200
2024-10-01,214.44760131835938,216.85889128237594,212.88272499672576,216.69157887858984,30016000
2024-10-02,214.15234375,215.2940207902144,212.79415625374958,213.56183201789258,14455400
2024-10-03,212.7154083251953,213.7980206252175,211.68199407057358,212.8138194337146,21353000
2024-10-04,215.6876983642578,216.50458720552726,213.85708343486684,215.8254859388262,27901500
2024-10-07,213.99485778808594,215.20543606598508,212.4595063326921,215.1857478372005,14891800
2024-10-08,214.14248657226562,214.91999886771654,213.2763847604478,214.19169963297668,18118600
2024-10-09,214.6149139404297,216.14042882296116,213.4929251591733,214.09328849935463,18230700
2024-10-10,213.42404174804688,213.45356658339315,211.2095889907623,212.48903856968494,24571400
2024-10-11,217.76434326171875,218.1088196748162,213.28623999775945,213.34528966452635,19950900
2024-10-14,219.3686065673828,219.58513203447836,216.947464988823,217.95135442556426,19263300
2024-10-15,219.5457763671875,221.93737815610737,218.47298560919705,219.05367575043337,25998800
2024-10-16,223.1577911376953,223.5809904558925,220.84491225211877,221.33701286456323,27656700
2024-10-17,222.5475616455078,223.374302033938,221.3566866510166,223.32508897236082,18003600
2024-10-18,222.08499145507812,223.4431938964572,221.8291045532796,223.0790442635673,20047400
2024-10-21,218.59107971191406,222.1243582085188,218.0300778522986,222.06530854281561,24243800
2024-10-22,217.76434326171875,218.3253451314401,216.8195185580126,217.9710321131208,15813900
2024-10-23,215.77626037597656,217.31161173045146,213.93579405741008,216.55377265810054,23263500
2024-10-24,216.24868774414062,217.5478255121908,215.0774859193785,216.94746218259502,18381900
2024-10-25,215.43179321289062,218.46313461456856,215.06764358614672,217.81355823898372,23807800
2024-10-28,218.94540405273438,219.44734125490072,216.9966748773907,217.30177484445562,19877700
2024-10-29,218.2367706298828,218.3942314020209,216.49473037168104,217.2525694698598,20282200
2024-10-30,217.94151306152344,220.93347805959087,217.41003601108596,217.57736342832175,19754800
2024-10-31,214.31964111328125,218.26629741154142,214.19170517338446,217.72498376515335,24078400
2024-11-01,215.52035522460938,217.47892084317516,214.89046711386072,216.03214400762926,21222200
2024-11-04,216.61282348632812,218.236764364374,214.39837093985255,215.0479472910709,20463700
2024-11-05,220.68743896484375,220.74648863617446,215.59912037635374,215.8746955210431,26404600
2024-11-06,233.47219848632812,233.82651150176818,229.07281813532992,232.8521469548786,75554600
2024-11-07,232.64549255371094,234.72215775865172,231.6809645314047,233.147429776791,34970300
2024-11-08,234.3579864501953,234.70246287950496,231.92700826909538,232.20258340545567,26597800
2024-11-11,237.88143920898438,238.56054047456934,236.060675906446,236.7200889420623,29207700
2024-11-12,233.7084197998047,237.96999771165048,232.8226297234245,236.16892276021915,35314300
2024-11-13,231.39553833007812,236.0901821291402,231.11996320312068,235.174867229253,25947700
2024-11-14,228.275634765625,232.6946886591091,227.5571720755926,232.22227627558138,29272100
2024-11-15,224.8702850341797,228.62008918772221,224.21087203505317,228.55120291322285,37930000
2024-11-18,225.3131866455078,226.95681596094013,224.5258376537723,225.5986134200734,29368500
2024-11-19,226.986328125,227.17332875629904,222.82314622591056,223.0101468572096,26009400
2024-11-20,227.2815704345703,227.2815704345703,224.4372296357706,226.5926326147036,24222700
2024-11-21,230.7361297607422,231.84828191291624,227.4587379905993,228.4921522453194,28679400
2024-11-22,234.9977264404297,235.46030220921605,231.61207188493728,231.91717185632433,22693100
2024-11-25,238.5703582763672,241.1095991042826,237.57632049823133,237.6747466225972,33534000
2024-11-26,236.81849670410156,237.79286133454607,235.6472948299149,237.3696469936673,22581400
2024-11-27,237.14328002929688,239.83999676794366,236.64134281543596,238.18653091558747,19472800
2024-11-29,238.04873657226562,239.63330108589648,237.72394837804978,238.54083716634082,16782700
2024-12-02,237.93063354492188,238.82626021649946,236.21811809772365,238.41289752601398,25274800
2024-12-03,236.23780822753906,238.31447331974928,235.58823184395447,237.72394660417817,21376700
2024-12-04,237.08419799804688,237.85187364044634,235.4307473890993,236.4838347374302,19903000
2024-12-05,234.31863403320312,237.054712290801,233.98400921441066,236.72008747200857,20227000
2024-12-06,235.15516662597656,236.10000630990785,234.61386802361432,236.00158019072347,20760900
2024-12-09,233.97415161132812,237.56649507166898,233.895413711674,236.74960625769094,16684300
2024-12-10,232.96041870117188,235.0469354363044,232.1927429742848,233.82652055415966,19946500
2024-12-11,234.01353454589844,235.50950962756895,233.08838297150902,234.93868612028788,23156900
2024-12-12,230.97232055664062,233.89539919739025,230.64754739008433,233.41315024129776,21454500
2024-12-13,229.3877716064453,231.1494850753316,228.21656982302287,230.66722110047593,23972900
2024-12-16,230.7361297607422,231.9073315815771,228.6791528745577,229.23030313901685,32293500
2024-12-17,228.0946044921875,230.4340820607531,227.58129612198954,229.67399284788596,33064300
2024-12-18,217.99632263183594,230.0787181704625,216.1010475583409,229.24953814999105,52267500
2024-12-19,217.0289306640625,221.5400763401749,216.50575651685637,220.37527806897825,51871700
2024-12-20,219.06240844726562,221.7671318045284,215.26199264921004,215.78516681118214,53882200
2024-12-23,218.55897521972656,219.53621765468327,216.5551161096499,218.88472771881425,29606800
2024-12-24,220.5134735107422,220.75038852530804,217.6409410911443,219.16111940890602,13399600
2024-12-26,222.77398681640625,223.22807017752072,218.6182060146134,219.55597016957495,20024800
2024-12-27,219.5263671875,222.53709649952296,217.364564582108,221.40189557869732,26956000
2024-12-30,217.83836364746094,218.95381780169035,215.04481795003855,217.82849783684438,25706100
2024-12-31,218.11477661132812,220.40489489389375,217.31519406540366,219.25982822145764,26208300
2025-01-02,218.29246520996094,221.48086953268947,216.77230182131774,220.05940944536687,29363000
2025-01-03,221.5400848388672,221.92507740279808,218.5293706898544,219.2104882071062,24525300
2025-01-06,221.62893676757812,224.24480759664544,221.25382507801118,222.85296007070087,23541900
2025-01-07,219.85211181640625,223.60318352644038,218.5293701537948,222.67528517549275,28835200
2025-01-08,218.85511779785156,219.44738275217873,216.18987278530653,218.05553525670416,26795900
2025-01-10,214.0379638671875,215.893760637835,212.53753211512557,215.49890224923584,37379400
2025-01-13,214.45252990722656,214.7190574069504,211.21476679416403,211.73794092105913,28603800
2025-01-14,216.89076232910156,217.3941898584879,214.4229537417618,216.35770723934354,25447500
2025-01-15,221.15509033203125,222.67526859961995,220.12848876074096,222.53707194459423,30124700
2025-01-16,221.5993194580078,222.32978107469685,219.84224115395705,221.26368608196273,21029800
2025-01-17,222.55682373046875,224.04737447687387,221.77698789598801,224.00788111035772,26754900
2025-01-21,226.83106994628906,226.92978830707236,224.06713659204243,224.5903107671182,26086300
2025-01-22,225.3503875732422,226.89031268321324,224.8963192578066,226.39675099807448,21307300
2025-01-23,226.3769989013672,226.39674558574671,223.6327972025842,224.00789383195348,20850700
2025-01-24,225.7452392578125,227.26540257550081,225.10360004879388,225.87357011207757,19074500
2025-01-27,223.58343505859375,226.6632550394627,222.310052585675,223.79073758606305,27461700
2025-01-28,223.83023071289062,224.6297982560744,222.28043974662464,223.82036490133186,16847400
2025-01-29,223.31690979003906,225.28129066610035,221.68816229813226,223.76111228216757,20280500
2025-01-30,225.58729553222656,227.08772722545493,223.99802635341211,225.5774297212637,25575100
2025-01-31,223.5636749267578,227.35423974709568,222.63577663902683,225.8044489766714,35330700
2025-02-03,220.94781494140625,222.64566826000538,217.82850162934676,218.65768160476313,34023300
2025-02-04,224.0078887939453,224.20532550868623,220.33580388420825,220.7207813782625,17985500
2025-02-05,226.4460906982422,226.54480905826662,223.9684165096215,225.12334902283388,15197300
2025-02-06,225.70574951171875,227.7293554056589,224.37314201739747,227.5417995578942,18809400
2025-02-07,223.08987426757812,226.2980251143464,222.67528427331874,225.90318180428224,28914400
2025-02-10,224.09674072265625,224.5903023835346,222.9516740544649,224.4422248478872,14574700
2025-02-11,222.79373168945312,223.50446168923332,221.91519253171188,222.15210755240747,18215700
2025-02-12,220.74050903320312,221.58943567949154,218.93407157439262,219.39802073354483,25572800
2025-02-13,223.2280731201172,223.4254947770841,220.86884892294094,222.1422314133386,21419400
2025-02-14,223.06027221679688,225.0443847955776,222.70490719617717,224.34353562805182,13574500
2025-02-18,224.28428649902344,224.73835477176357,222.60616487749732,223.23792317257926,15166500
2025-02-19,223.51431274414062,224.22504269699996,222.18170537925855,222.50745786284455,16194800
2025-02-20,221.3722686767578,223.27742450260862,220.13836453592134,223.09973447392886,18507700
2025-02-21,214.99545288085938,223.4452257274262,214.65983458141767,223.0898607449862,45036900
2025-02-24,213.44566345214844,215.97269664886755,212.3795684981002,215.97269664886755,30246200
2025-02-25,212.63623046875,214.47228038161808,210.74095556874195,213.58386038760102,33665100
2025-02-26,212.9027557373047,215.5976133129728,212.0735757427792,213.27786742819774,25464200
2025-02-27,209.65512084960938,213.7023324772139,209.4873116930725,212.8632716322231,29378500
2025-02-28,211.88601684570312,211.8958977188834,208.24354440886015,208.9147810436258,32015400
2025-03-03,206.09161376953125,213.179167322388,204.74912539826158,212.62636558878876,36330000
2025-03-04,203.76199340820312,207.06886254703196,200.57358930985276,203.27829756015666,56427100
2025-03-05,205.7855987548828,206.15082956162226,202.18260467879742,203.7916054404408,35778500
2025-03-06,202.6366729736328,205.44009957432266,201.27443797848775,203.1302346313165,39206300
2025-03-07,203.2980499267578,204.4431166221169,199.13238820512598,202.33067326593022,43514000
2025-03-10,198.18475341796875,202.10363420818052,196.19076009166673,200.8203708781385,39442800
2025-03-11,198.16502380371094,200.60321982212105,195.9736086368621,198.53025464408313,51509700
2025-03-12,198.51051330566406,201.12638417926914,196.98046908840328,200.435400841176,36881700
2025-03-13,195.5491485595703,199.42853623204113,194.4633068113353,198.6783278820017,31336900
2025-03-14,200.27745056152344,200.45514059220528,196.77315974960302,197.66157977839913,34089400
2025-03-17,202.8044891357422,203.36715667484629,199.99119662714253,200.0997807980763,26947600
2025-03-18,201.04345703125,201.74587882090398,200.19262542826937,201.67663298490262,22888000
2025-03-19,204.1697540283203,205.46578487410244,200.7367486861114,201.1819630282794,31595600
2025-03-20,202.8737335205078,205.08985701077944,202.02290187743182,202.14163275290943,25665900
2025-03-21,201.61727905273438,202.24056711616862,199.60892317734283,200.5586947456185,39470200
2025-03-24,206.6332244873047,206.9992748745765,204.48636191203715,204.7534875142631,25774700
2025-03-25,205.485595703125,207.03886433584313,204.88209863697628,206.46504621588969,17836900
2025-03-26,203.39808654785156,206.59366058282515,202.49778494309655,205.7428289193623,19344600
2025-03-27,202.42852783203125,204.14998205885377,201.58758416520345,203.14085267788155,23960000
2025-03-28,198.31288146972656,202.3988539379929,197.2542972199104,202.35927194773265,26656200
2025-03-31,197.36314392089844,198.50087716391937,193.40578989841512,195.37456386309174,32250800
2025-04-01,197.38290405273438,199.08456735414356,194.5632985946401,196.86845894010844,26054100
2025-04-02,200.49932861328125,201.16218354577023,194.44456719358118,194.68201384991858,36603000
2025-04-03,187.62802124023438,192.9803455992747,187.1828219801231,191.05113874138848,60551500
2025-04-04,179.25823974609375,182.08774837337117,174.78642563599576,180.66309856158014,92612800
2025-04-07,177.63572692871094,188.22164563508983,169.89909277658,172.46149091030415,96706200
2025-04-08,172.95616149902344,183.9378096442369,170.50259118269673,183.7102660191954,61090600
2025-04-09,187.65773010253906,190.06183064419227,169.90900908422347,170.87855664243386,123015100
2025-04-10,179.77268981933594,183.50248477027858,175.0931082527236,182.55272834682125,67503000
2025-04-11,182.39443969726562,182.87922097887963,176.67606458709795,179.20876863776098,44954400
2025-04-14,184.54129028320312,185.96593999256433,181.09839688298416,185.80764222572287,35214600
2025-04-15,184.7688446044922,187.03443812250947,183.8586550365221,184.35332426451282,30715500
2025-04-16,182.99794006347656,184.73917035567794,180.61363070087228,183.72015292779608,35063300
2025-04-17,184.4918212890625,185.4316897533257,182.49336858284985,183.0177167291053,42359200
2025-04-21,180.79171752929688,183.31451855212384,178.8427195347715,183.02761703797304,26019000
2025-04-22,185.4712677001953,186.09455571167288,182.58240143599258,183.17599540758985,34477100
2025-04-23,188.2216339111328,193.42554855208022,187.81600153693162,190.86316567406905,44866100
2025-04-24,191.99102783203125,192.2977203531515,187.86548807842095,188.72620774686908,29820100
2025-04-25,192.0503692626953,192.18887603765324,189.5077773732302,190.66530151311582,25029000
2025-04-28,192.8616485595703,194.0587396842588,190.47733916443363,192.42633720655363,22482300
2025-04-29,193.99937438964844,194.76116922836817,190.9522101308763,192.39665092023128,20118200
2025-04-30,192.78248596191406,193.39587095422277,188.68662548917814,191.0808226644386,29046100
2025-05-01,193.97959899902344,195.56253147654894,191.67443857687076,193.6234365497615,33169700
2025-05-02,198.3425750732422,199.06480303586073,196.06709354050142,196.2155033707866,30201800
2025-05-05,196.81898498535156,198.36235048396455,195.96815335200006,196.4529346057361,20834200
2025-05-06,194.67214965820312,196.47273795949462,193.55419227199107,194.4940608701894,24642100
2025-05-07,195.315185546875,196.44303072151615,193.94989372111246,195.98794351033263,23623300
2025-05-08,199.03509521484375,200.5784758239909,196.14622885267113,197.6401395218144,32646300
2025-05-09,198.6690673828125,200.12339622659167,197.8281386917174,199.3912802813078,17203000
2025-05-12,205.6537628173828,207.49393279547792,203.62563122909825,206.61342224712683,38207200
2025-05-13,206.4056854248047,207.375232877817,205.74283047557435,206.7024748825894,28295800
2025-05-14,204.57540893554688,206.31663921935478,204.32807431645503,205.82196998117112,26316100
2025-05-15,205.91102600097656,205.97038389535874,203.20023308736762,204.3775483129719,21563700
2025-05-16,207.61268615722656,207.8896997240591,205.56474825659961,206.1979242802322,28906400
2025-05-19,206.74205017089844,206.86076595016306,204.06093641902518,204.59518761792833,25859600
2025-05-20,206.85089111328125,207.52363403323545,205.74283684695328,206.43537076340826,22053100
2025-05-21,201.04345703125,205.3965398255987,200.67739156859537,204.42699244884116,36704400
2025-05-22,201.0335693359375,202.19109350696147,199.3813759415987,200.13326772643887,31831300
2025-05-23,200.400390625,201.09292450905807,197.52141216115888,197.65003098823627,29114600
2025-05-27,205.485595703125,205.53506564548607,201.9833441871207,203.44756088514615,31655900
2025-05-28,203.31893920898438,205.81207632724664,203.01224670518715,205.49549587355833,26046700
2025-05-29,203.9224395751953,204.85242014767312,202.2900371463869,204.74359231267877,32749500
2025-05-30,202.88363647460938,204.05104856085077,201.36993480777662,202.95288231384268,37768900
2025-06-02,203.51681518554688,203.64541891616273,200.50921790293182,203.13097380148645,30334300
2025-06-03,206.80140686035156,207.37522495031067,203.3585134167031,204.2588149938513,37702200
2025-06-04,206.21771240234375,207.77096594499687,205.9209078431296,206.94981320615076,27225300
2025-06-05,206.30673217773438,207.59287509721472,204.79304565665623,206.47491789162018,35728700
2025-06-06,209.64080810546875,209.86836681446297,208.35468021828086,209.2450787703504,32144500
2025-06-09,211.0852508544922,211.99544041074435,210.2838891308412,211.5898080259485,33984400
2025-06-10,212.22299194335938,213.13318153356872,211.53045802647262,212.1735370962374,30182200
2025-06-11,211.3523712158203,213.6278375019258,211.02588772611938,213.28157811304752,31113400
2025-06-12,210.51144409179688,210.9962253897133,209.373710859188,209.90794700504682,25367000
2025-06-13,206.66290283203125,209.18571883302033,206.00004789933482,207.6027713158215,60580000
2025-06-16,209.0994415283203,210.27008158388728,207.97839306254846,208.8117315906993,28974000
2025-06-17,206.89703369140625,208.78196821771664,206.71845250148286,207.40298597680172,32843200
2025-06-18,207.98831176757812,209.71452600810034,206.1331381984843,206.78791068328735,42850500
2025-06-20,207.55181884765625,209.5756432508214,206.80776330948765,209.43675348921056,36978100
2025-06-23,210.0915069580078,210.10142224799273,205.17081345083153,206.82757514914755,35516400
2025-06-24,212.77012634277344,213.22647193635999,210.67684945606405,211.59947107212963,31772500
2025-06-25,210.28994750976562,213.0280665673084,210.21057976547968,212.95862925221405,27725600
2025-06-26,213.70266723632812,213.84155699293507,211.0141399946212,211.14311446070195,26261200
2025-06-27,213.7720947265625,215.6868053595331,212.43280395033756,214.33758415539003,47717300
2025-06-30,214.0796356201172,214.9923569950784,213.68281208671033,214.96258084911778,25558000
2025-07-01,216.2820587158203,218.78208956648587,212.4526522680119,212.9189282836715,43864800
2025-07-02,219.2781219482422,219.3475743966071,215.6372120695638,216.63920139164748,35735200
2025-07-03,221.31187438964844,221.55989289486305,220.01225984437957,220.25034792116276,23515700
2025-07-07,217.98841857910156,221.05393878320933,216.67888875397574,219.8138462672938,41551200
2025-07-08,219.4963836669922,220.52813401882995,218.58367735709953,218.83169586971758,36339300
2025-07-09,221.8773651123047,221.91705655326825,219.367418865011,220.80593841187797,32425200
2025-07-10,223.0182342529297,224.2583267308287,221.0936083051748,221.61940630477616,33865900
2025-07-11,219.94281005859375,221.76822264598167,219.8138507280582,221.40116009793311,31579600
2025-07-14,221.42098999023438,221.56979502938833,219.3078676071644,219.61540811331412,24632200
2025-07-15,217.0856475830078,222.45275660705258,217.05587143514026,222.29403626623335,44215400
2025-07-16,219.26821899414062,219.6154358419552,215.1907938901863,218.47455669680136,48199800
2025-07-17,222.1452178955078,222.42299741652428,218.960668694623,219.32773124642722,43548000
2025-07-18,220.56781005859375,223.57379301062724,220.2205781100318,223.5043405657758,49009900
2025-07-21,219.67494201660156,222.63133348245407,219.49637595995378,221.7682187951121,28191400
2025-07-22,221.50038146972656,222.03609480595935,218.9110675459287,219.86345017430898,30873300
2025-07-23,224.88333129882812,224.91310744621026,222.29403264228537,223.0380881563305,37478100
2025-07-24,221.7781524658203,224.05992576271663,221.70870001754315,223.73253951622797,29446700
2025-07-25,222.60157775878906,222.81983525843995,220.77615002190456,222.64125405970353,24555500
2025-07-28,222.3436279296875,223.65317292234687,221.65909442332904,223.5341288822318,24934900
2025-07-29,220.9249725341797,223.90119468306995,220.29996103880117,223.82182694255772,28685900
2025-07-30,219.80392456054688,223.14720927200207,218.37533550347146,221.88728612509,48924400
2025-07-31,217.65110778808594,220.2602671746793,217.145155512743,218.71263420271504,42913900
2025-08-01,213.21656799316406,214.84356894398692,210.6570149477507,214.50626737636688,63854100
2025-08-04,217.98841857910156,217.99834900745165,214.3673544877674,214.8336304847795,34989600
2025-08-05,219.09954833984375,219.5062871739371,216.51023460160138,218.8118384034569,31337100
2025-08-06,218.81182861328125,219.238428284677,217.641188615113,219.19873684936954,23142100
2025-08-07,218.09754943847656,221.07377150550113,216.77808917222055,220.99440376717203,37088000
2025-08-08,218.57376098632812,219.81385354329163,217.99835622335522,219.31781652050623,28318100
2025-08-11,218.52415466308594,219.9229675651786,218.06779394062085,219.0201916867943,25212800
2025-08-12,225.01231384277344,225.18096461546935,219.39717106212598,220.0916350104429,43815500
2025-08-13,229.38735961914062,229.6254628372028,226.02422924548537,226.45081381443396,41705800
2025-08-14,226.43096923828125,226.9865282415746,224.37736884627094,226.62938100547922,55945500
2025-08-15,225.3297882080078,226.96670436724077,224.24841596768744,226.82781460305037,33571400
2025-08-18,226.1531982421875,226.64923524776202,225.14127851221804,225.40914273382572,20144100
2025-08-19,224.4170684814453,227.1651025901236,223.9011857576049,226.21272001763919,25000700
2025-08-20,223.6234130859375,224.58572611618044,221.91704452537363,224.13928068770906,29229700
2025-08-21,224.17898559570312,224.5262175858548,222.00634089457284,222.63135242170605,24539400
2025-08-22,232.96875,233.55407005395904,225.37937446665228,225.56787095741672,58205500
2025-08-25,230.518310546875,232.44293648970114,230.518310546875,232.28420101985316,28453700
2025-08-26,232.42311096191406,233.0084310277463,230.74650336838704,230.98460659384287,25121500
2025-08-27,234.0699462890625,234.2485123461812,231.70880528150497,231.88738647647187,25395400
2025-08-28,234.34771728515625,235.09177277180257,233.48461776475776,235.08185748160577,25011200
2025-08-29,233.30604553222656,235.14138852488009,232.51238328843456,234.8636090102301,29254800
2025-09-02,232.04611206054688,232.54214908088824,229.63537940785517,230.15126214760778,33108600
2025-09-03,231.8179473876953,233.39534153453508,230.6175462336282,231.42112381266548,33252400
2025-09-04,234.71478271484375,234.79415045094183,231.72864544116172,232.37348748241786,30323800
2025-09-05,235.88543701171875,237.78028682922667,233.08778109172584,235.83583028461328,47542500
2025-09-08,236.3616485595703,236.66918910101273,234.5163901730666,236.61958236965287,31487700
2025-09-09,234.97274780273438,236.07395061783174,233.55407402140946,236.01441345827743,35395800
2025-09-10,234.55604553222656,236.38147317347537,233.59374769144318,235.42907548509132,33910200
2025-09-11,238.8914337158203,239.02039304828537,234.36757848032448,234.97274425494072,43629800
2025-09-12,236.45091247558594,238.4152298861025,236.3120227217174,238.2961707128953,46097600
2025-09-15,237.4529266357422,238.13744500497398,236.65926437915857,237.33386745765316,33014000
2025-09-16,237.06192016601562,237.70859131754398,235.54968609963942,237.2310493105571,37059300
2025-09-17,237.66880798339844,243.0312540181507,235.80837216954163,237.5991737132261,79955600
2025-09-18,243.58839416503906,243.89680704129447,238.90247980368525,239.56905299641505,49167700
2025-09-19,241.73788452148438,244.31465600587245,241.2702859421236,244.31465600587245,56092000
2025-09-22,243.14068603515625,243.5386351764631,239.877454497923,241.00168283425543,53572900
2025-09-23,242.59349060058594,245.91641293642488,242.19554146580737,243.75750775963897,41854500
2025-09-24,240.36495971679688,243.35956729173796,240.32515569342962,242.65319009444508,36002200
2025-09-25,238.06675720214844,238.76319098879063,236.33566169342092,237.7583443324688,37209500
2025-09-26,240.1062774658203,240.44453575819483,238.10655795771424,238.39506881161327,28942800
2025-09-29,240.3848419189453,241.68814281456875,239.57898504032542,241.5986065348969,26391500
2025-09-30,240.72311401367188,240.89224315679317,238.17618790929274,239.87745311727886,33447700
2025-10-01,241.25039672851562,241.79757298421202,239.32031157844233,239.34021358907427,28520000
2025-10-02,242.7725830078125,242.8422172763844,240.23561547763484,241.7577929595841,28687400
2025-10-03,244.5733184814453,246.82175989286654,243.77740504652553,244.0957764928079,34579600
2025-10-06,245.54830932617188,247.20977049475755,244.8121019084577,246.4636044811587,31507400
2025-10-07,242.911865234375,246.37407133080848,241.9468226300724,246.09550389665787,31766600
2025-10-08,245.4587860107422,245.69756461278692,242.5537146660734,244.02614476004806,25825000
2025-10-09,243.8769073486328,245.9860651117596,242.7626224334829,245.0508679357961,26243100
2025-10-10,236.5744171142578,245.627904226665,236.34559711880976,244.49373248381895,70569400
2025-10-13,243.1605987548828,243.37947534647657,240.16597592479903,240.59378569229128,36298600
2025-10-14,246.63275146484375,248.32407336265314,239.13130194499462,239.99684972553442,45320800
2025-10-15,249.05032348632812,251.47785271931943,245.79703536304635,249.08016891289878,45369000
2025-10-16,243.80726623535156,249.97556918841522,242.75268731773323,249.68705832975604,52740400
2025-10-17,242.1656951904297,243.90674921535603,240.23561001387122,242.07615891253647,55379500
2025-10-20,246.89141845703125,247.06054760131977,244.88174037531994,245.35928238159258,32545000
2025-10-21,245.7274169921875,247.100352245621,244.25497167576947,246.16515500380586,26337900
2025-10-22,242.09605407714844,245.59806425846776,239.53919968652795,244.77230535652328,46578400
2025-10-23,245.16030883789062,245.85672742928668,242.4343101449555,243.0411924561978,28591000
2025-10-24,248.15492248535156,249.82634232666942,247.69728247721022,248.52304139192023,26627000
2025-10-27,249.02047729492188,250.92071707827967,248.22456383364664,250.49290733076975,31798100
2025-10-28,247.6873321533203,249.61740219154274,246.84167125029907,248.27431245124546,28075900
2025-10-29,245.57815551757812,249.85617704503406,243.43915234424338,247.5679315600426,56235300
2025-10-30,243.5983428955078,246.87151787064127,243.37946631203894,244.01619405100655,44538700
2025-10-31,244.97128295898438,245.52841784410376,242.44427396411083,243.73763147930202,37214700
2025-11-03,244.18531799316406,245.00111827533942,241.25040137109733,244.91158199695184,28887900
2025-11-04,239.9669952392578,242.8123756767865,239.7680206649049,240.5539755468743,34468700
2025-11-05,243.42919921875,244.47383470067655,240.4047462457835,240.7231177065099,38229200
2025-11-06,239.121337890625,243.5386278775759,238.77312101682764,243.0113384497933,40601200
2025-11-07,240.37490844726562,240.42465588718122,235.0622097692863,237.19126964290277,54978900
2025-11-10,242.78253173828125,243.98635296879596,241.0116322083444,243.7575177851394,31238000
2025-11-11,242.99147033691406,243.48891437734937,241.28026162335368,242.12590738362127,27357900
2025-11-12,242.39451599121094,245.12051462440985,242.08610313469302,243.58837857612627,34543200
2025-11-13,235.57952880859375,241.43941866981595,234.6343882208069,240.60371637203306,65710000
2025-11-14,236.26600646972656,237.50961651436373,232.07753634062914,232.14717060911974,58344400
2025-11-17,231.57012939453125,236.6241623430809,230.57524137743374,235.25122720242112,55765900
2025-11-18,232.27651977539062,233.87829018123904,229.7793561755495,230.12755789286345,63092500
2025-11-19,232.2366943359375,235.16166743174745,231.2418063540041,232.60481321218722,57280500
2025-11-20,227.9387969970703,237.877733874726,227.72986383137405,236.02724153302157,95483000
2025-11-21,234.3956298828125,235.89790536829736,228.40639959085433,228.784461906465,99504100
2025-11-24,238.67364501953125,239.16114564524418,234.27624151473154,234.75379872469873,36135300
2025-11-25,243.8769073486328,244.29475849901908,238.81291574482913,239.5093495095928,46160800
2025-11-26,246.0358123779297,247.55798984641424,243.5187468813749,243.79731431477165,34636600
2025-11-28,247.47840881347656,247.53809966908852,245.8070041331926,246.74218617242542,18911800
2025-12-01,244.36439514160156,246.42382066793164,244.08582770530379,244.3146628843094,36920000
2025-12-02,243.9167022705078,246.10545295219046,243.86695483167222,246.10545295219046,31918500
2025-12-03,248.35389709472656,248.56281507415667,244.22510277300714,244.71260335965434,32846300
2025-12-04,250.53271484375,251.36841715837824,247.26946808897856,247.6972778424488,40245800
2025-12-05,249.4880828857422,251.3684207106213,249.00058227159312,250.20440350291395,36956600
2025-12-08,249.58755493164062,251.47785129486618,248.90107976283056,251.4082018460714,29100000
2025-12-09,250.1049041748047,251.65692709080093,248.82150528066526,248.97073241459307,30170100
2025-12-10,253.50741577148438,255.2584284149878,249.2592396448948,249.61739994190353,51105200
2025-12-11,256.4821472167969,256.6910955839816,253.01995596326472,253.338312270169,41345200
2025-12-12,252.55233764648438,256.8801067376986,252.1444299024636,256.6313847251182,57657700
2025-12-15,250.6421356201172,254.3829243511421,250.45311964513996,254.243640633335,43120100
2025-12-16,249.4562530517578,251.71224977749893,248.0287995763503,249.89547419240455,43115300
2025-12-17,246.8009796142578,251.71224130661219,246.26192996644315,249.9254112929038,38132400
2025-12-18,248.26837158203125,250.91365987611826,247.7692594335851,249.73574728530446,39068000
2025-12-19,250.34466552734375,250.95358295969004,248.61774175299533,248.83735231755918,43610400
2025-12-22,253.12973022460938,254.66698900784033,251.75217575985428,251.83203553493956,40497300
2025-12-23,251.63238525390625,252.77036035515005,251.01349105741926,251.9717778628382,24973500
2025-12-24,252.2612762451172,252.41100380141046,250.67408798993623,251.52258476011664,12103000
2025-12-26,250.9735565185547,252.30119669096328,249.95536344804316,252.13150038449373,17429900
2025-12-29,249.43629455566406,251.05341305787886,248.90723689181124,249.81560943454147,25218800
2025-12-30,247.58956909179688,249.7057997095627,247.50970932090274,249.5261266488213,22123600
