Date,Close,High,Low,Open,Volume
2015-01-02,18.084278106689453,18.277082987806672,17.992257709218407,18.23326422850956,16990400
2015-01-05,17.808212280273438,18.01854529875168,17.755629443548436,18.01854529875168,14389400
2015-01-06,17.593502044677734,17.860799167061987,17.51024405677405,17.860799167061987,17491200
2015-01-07,17.74248695373535,17.786305712661964,17.615410212638263,17.729339988794564,13069200
2015-01-08,18.132482528686523,18.171920086740055,17.86080083028273,17.887093092844676,28423400
2015-01-09,18.07550811767578,18.22887539670972,17.94405021113555,18.185056651722302,18339800
2015-01-12,17.86517906188965,18.110568433889103,17.803832136784372,18.066748007686517,11257400
2015-01-13,17.852031707763672,18.237641384335333,17.724954993822077,18.014163087039897,23358400
2015-01-14,17.75124168395996,17.83011675314661,17.589110340221982,17.70742294400195,17661400
2015-01-15,17.523391723632812,17.86956396862759,17.51024475726078,17.825745204930634,18655400
2015-01-16,17.694286346435547,17.711812848079784,17.45766102266301,17.46642510927443,37643000
2015-01-20,17.843271255493164,17.88270880675839,17.619791241130727,17.799450825432643,24031600
2015-01-21,17.873937606811523,17.948429800898335,17.67674992896728,17.764389082628924,27838200
2015-01-22,18.167531967163086,18.180678930441495,17.77315817195503,17.92214427367673,17624400
2015-01-23,18.163150787353516,18.246407087541353,18.101803863891078,18.163150787353516,12957600
2015-01-26,18.088653564453125,18.18943801606465,18.03168952978878,18.141238064789736,19467000
2015-01-27,17.56720733642578,17.790685665722435,17.488332238655577,17.790685665722435,21584000
2015-01-28,17.536529541015625,17.93966734418524,17.536529541015625,17.882703309983864,26094400
2015-01-29,17.703046798706055,17.738101466376598,17.37878234696768,17.545296615242968,33635200
2015-01-30,17.48394775390625,17.742482376666924,17.448891418545717,17.654843209843666,26012600
2015-02-02,17.663610458374023,17.6855198361107,17.260470887390003,17.54529781270192,31247200
2015-02-03,17.86517906188965,17.882707232370684,17.667991322923868,17.716192955957542,19767400
2015-02-04,17.900232315063477,18.03169191169222,17.834504188327312,17.834504188327312,11778800
2015-02-05,18.066755294799805,18.075519383575262,17.917769128775053,17.97473487002602,10183600
2015-02-06,18.00978660583496,18.17630092215675,17.95720375336762,18.093044599785227,9580600
2015-02-09,17.98349380493164,18.071132995990784,17.944056252533954,17.96158442506149,14331400
2015-02-10,18.250782012939453,18.27269138011771,18.040447407611026,18.106177180723357,22491400
2015-02-11,18.320898056030273,18.351571512875626,18.224494807900292,18.27707763798118,12500000
2015-02-12,18.570669174194336,18.583814464234717,18.43482838132412,18.46112063298296,13538400
2015-02-13,18.688989639282227,18.70213493483703,18.57944105211546,18.61449573078786,8631600
2015-02-17,18.69774627685547,18.728421409634706,18.649546317524138,18.706510361709785,10680600
2015-02-18,18.71527862548828,18.73280679911077,18.64516760257698,18.697750451865797,7499600
2015-02-19,18.781005859375,18.79853403058828,18.66707441806711,18.702130760493663,6250800
2015-02-20,18.877405166625977,18.903695746348426,18.684598666911697,18.781001916768837,13867000
2015-02-23,18.890554428100586,18.90369972072552,18.7941511579753,18.89931851371001,8094000
2015-02-24,18.947519302368164,18.973809886443608,18.781005026384232,18.87740829220309,9311000
2015-02-25,18.829206466674805,18.916843974800884,18.78976891938674,18.894934597769364,11734800
2015-02-26,18.947519302368164,18.973809886443608,18.833587866113454,18.886170705842677,15118800
2015-02-27,18.881792068481445,18.982576554834978,18.864263895660336,18.943139001776764,12112000
2015-03-02,19.03077507019043,19.043920361859033,18.886170175522622,18.947518770325452,13689000
2015-03-03,18.903697967529297,19.013246520119594,18.820441669328844,19.013246520119594,17224200
2015-03-04,18.829206466674805,18.864261135609574,18.72842199506716,18.8554970504813,11765400
2015-03-05,18.80729103088379,18.873020818223864,18.74156291512164,18.873020818223864,15408600
2015-03-06,18.575054168701172,18.824824759877178,18.54438070463243,18.798534174434497,16153400
2015-03-09,18.662696838378906,18.741571952590597,18.583821724167215,18.610113986097357,12498600
2015-03-10,18.28147315979004,18.561917342958804,18.28147315979004,18.5575344623335,17595800
2015-03-11,18.163150787353516,18.325282181015428,18.15000382405564,18.325282181015428,23040400
2015-03-12,18.28147315979004,18.294618458507582,18.09304941080243,18.110577590145272,24669800
2015-03-13,18.18067169189453,18.29898261324722,18.079885590393513,18.255163877307528,30375400
2015-03-16,18.395395278930664,18.40854057214336,18.22011857364031,18.27708262528097,17278800
2015-03-17,18.399778366088867,18.4523612111136,18.320903262762517,18.351576728325153,19067400
2015-03-18,18.649539947509766,18.71526805409936,18.303366236107056,18.377858424557473,31710800
2015-03-19,18.596960067749023,18.688982114317064,18.583814777487063,18.62325231985105,17984800
2015-03-20,18.717079162597656,18.809476186658674,18.677480198225783,18.70827920624612,38592200
2015-03-23,18.717079162597656,18.809476186658674,18.71267834521186,18.721478301563394,7506200
2015-03-24,18.655485153198242,18.78308035164898,18.655485153198242,18.730282280620383,14234800
2015-03-25,18.175893783569336,18.66867957264971,18.175893783569336,18.6334797485054,16348600
2015-03-26,18.18909454345703,18.281491572663946,18.013098763464683,18.074698461356107,18004800
2015-03-27,18.202295303344727,18.250694231187676,18.105499126079124,18.193495345698707,15818600
2015-03-30,18.422290802001953,18.435491578822454,18.303493881140124,18.33869371476753,13210800
2015-03-31,18.23309326171875,18.400289090485796,18.23309326171875,18.36509094035706,15927200
2015-04-01,18.206693649291992,18.26829166603011,18.079096798380142,18.250691753127768,20855600
2015-04-02,18.202295303344727,18.277094104125734,18.167097151180954,18.2374951339288,10938600
2015-04-06,18.378286361694336,18.413484504784396,18.057095543305646,18.074695454060613,14689400
2015-04-07,18.338685989379883,18.488281862436448,18.33428517282013,18.378284946318967,9368600
2015-04-08,18.395891189575195,18.453088397187543,18.303492472623873,18.338692303542533,14407000
2015-04-09,18.444286346435547,18.475087034204332,18.29909125642333,18.395889102044894,14580200
2015-04-10,18.51468276977539,18.532281001746785,18.404685847459955,18.4618830386017,8632600
2015-04-13,18.461885452270508,18.62908126600636,18.457486313307484,18.549883337311485,7774400
2015-04-14,18.404685974121094,18.492682169843164,18.316688099979178,18.470683120912646,11702600
2015-04-15,18.56748390197754,18.607082867715445,18.435487908991227,18.453086143881322,25166200
2015-04-16,18.501487731933594,18.55868661922281,18.448689662816047,18.492687774010612,18228600
2015-04-17,18.246292114257812,18.387088056779298,18.1890932381022,18.34748909304388,20318800
2015-04-20,18.558685302734375,18.580684356771123,18.321091490928957,18.329891448227702,9691600
2015-04-21,18.549884796142578,18.6730808378365,18.527885742757263,18.668681698527514,10002800
2015-04-22,18.739076614379883,18.75667652558032,18.51908275963413,18.580680770415757,12190200
2015-04-23,18.813879013061523,18.888677817499765,18.651083984701188,18.69508377508262,11799600
2015-04-24,18.976673126220703,18.998672179194525,18.871075322158145,18.963472351700286,12457600
2015-04-27,19.02947425842285,19.108672204639053,18.98987528531475,19.047074175008767,18501400
2015-04-28,19.09107208251953,19.161470069684874,18.89747803741994,19.047073969948844,18299600
2015-04-29,18.998674392700195,19.113070488544267,18.879877478696535,18.998674392700195,17142200
2015-04-30,18.734676361083984,18.9590693410686,18.659877582142574,18.901870472280436,17305200
2015-05-01,18.963472366333008,18.972272323213357,18.796278220866835,18.849076283728774,21096800
2015-05-04,18.9810733795166,19.07787123238702,18.97227342212654,19.007473251686786,15397600
2015-05-05,18.68628692626953,18.963478098903433,18.673086147748396,18.932679079721886,16209800
2015-05-06,18.527891159057617,18.79188323369519,18.41789418155518,18.756685073673165,19747800
2015-05-07,18.664278030395508,18.730276858892324,18.519082957490415,18.55868191890452,11280600
2015-05-08,18.93267059326172,18.945871365865685,18.8226736659415,18.85347267131757,19638400
2015-05-11,18.835874557495117,18.941470668474224,18.81827464619196,18.919471618555235,12093000
2015-05-12,18.734676361083984,18.81827341668221,18.57187970979613,18.734676361083984,15301000
2015-05-13,18.813879013061523,18.92387597138453,18.774280040928428,18.813879013061523,18613000
2015-05-14,19.117467880249023,19.126267836570623,18.945872928027985,18.963471162251132,13952400
2015-05-15,19.055870056152344,19.174666950059144,19.01187027410164,19.15706703723886,16936400
2015-05-18,19.148273468017578,19.18347162697894,19.00307665644782,19.02947653448431,6786600
2015-05-19,19.099870681762695,19.192267718639336,19.077871627042583,19.170268663919224,9130800
2015-05-20,19.11306381225586,19.21426077511326,19.042665852075938,19.11306381225586,22021800
2015-05-21,19.1966609954834,19.218660041561478,19.06466504059529,19.08666408667337,7426200
2015-05-22,19.183467864990234,19.231866792688844,19.13507061571192,19.13507061571192,7937000
2015-05-26,18.90627670288086,19.139469704717406,18.849077817713678,19.126270607532785,15848800
2015-05-27,19.262659072875977,19.275859843902136,18.963467332051923,18.976668103078083,25174200
2015-05-28,19.22306251525879,19.258262337827777,19.165865321214067,19.20106346536313,9329600
2015-05-29,19.0822696685791,19.231865581856155,19.03387074392767,19.223065624790422,15476800
2015-06-01,19.13506317138672,19.201060310228986,19.01626630736707,19.192260356032754,13872600
2015-06-02,19.095468521118164,19.183464726076846,18.972270813019968,19.06466951369862,11275600
2015-06-03,19.13506317138672,19.240659264902202,19.099863354601798,19.126263217190488,11314600
2015-06-04,18.959075927734375,19.139470873427566,18.91507781548546,19.02947391438488,16694600
2015-06-05,18.89748191833496,18.976679879963154,18.813883137493672,18.937080899149056,15455000
2015-06-08,18.68628692626953,18.897480919980406,18.651087088107385,18.893080100999807,16759000
2015-06-09,18.64227867126465,18.712676637231358,18.519082650427883,18.65547944379709,15413400
2015-06-10,18.93267059326172,18.972269554233794,18.686278550253174,18.686278550253174,17929600
2015-06-11,18.941471099853516,19.047068891657464,18.9150729107175,18.998669973681487,11289400
2015-06-12,18.774280548095703,18.879878369443368,18.756682309888117,18.849079354554554,12317600
2015-06-15,18.65987777709961,18.68627764260531,18.5190818512422,18.651077821931043,18358200
2015-06-16,18.783079147338867,18.805079880742216,18.620284126360012,18.65108313902033,18346600
2015-06-17,18.791879653930664,18.86667845716225,18.68188269738213,18.796280472108005,22047800
2015-06-18,18.959075927734375,18.989874941992696,18.778680982041184,18.783080121897918,17926400
2015-06-19,18.80129051208496,18.96481795114967,18.80129051208496,18.920621892798632,26869600
2015-06-22,18.95598030090332,19.013436531291692,18.911784238125634,18.960400918764122,10876000
2015-06-23,18.96923828125,19.00017754754283,18.925042219640265,18.995756929798848,7986600
2015-06-24,18.880844116210938,19.035532001088374,18.880844116210938,18.925040173041207,9693600
2015-06-25,18.836650848388672,18.99575938833108,18.83223191604445,18.98250090532651,9827600
2015-06-26,18.677534103393555,18.845482120216637,18.624498508701954,18.8233840962594,20348600
2015-06-29,18.279767990112305,18.589145440562152,18.275347372921775,18.478653614399455,26214800
2015-06-30,18.297441482543945,18.425610680296966,18.24882482416789,18.416771134594867,22765800
2015-07-01,18.421194076538086,18.500748311931588,18.341639841144584,18.460971194234837,16299000
2015-07-02,18.447715759277344,18.509590911238323,18.377001059040303,18.47423271813408,10321400
2015-07-06,18.37257957458496,18.45655275028617,18.270927303166225,18.319543973403743,15018000
2015-07-07,18.399097442626953,18.425614399114174,18.054361834551464,18.407936990113125,39319800
2015-07-08,18.09856605529785,18.28861217940111,18.089726504645153,18.24883504444992,32320000
2015-07-09,18.02784538269043,18.354900218977036,18.02784538269043,18.30628354942789,17987600
2015-07-10,18.315126419067383,18.377003264425515,18.213474130650777,18.257671877335156,13496600
2015-07-13,18.593563079833984,18.60682155854139,18.4256150436643,18.43003566054767,14143000
2015-07-14,18.664276123046875,18.71289278862964,18.589142502398023,18.59798204941045,12252800
2015-07-15,18.668697357177734,18.726151885702567,18.615660073348455,18.655437193234786,13077000
2015-07-16,18.90735626220703,18.916195808516882,18.77918705564186,18.8145435549102,10413200
2015-07-17,19.199058532714844,19.199058532714844,19.04437065510335,19.070889299538784,15550000
2015-07-20,19.30071449279785,19.362591341628928,19.199062198675836,19.26535797943755,18619000
2015-07-21,19.17254638671875,19.27419868694636,19.154867285990857,19.203483970006637,11950400
2015-07-22,18.8631649017334,18.95597763208243,18.783610651156664,18.796869130928958,17182600
2015-07-23,18.82338523864746,18.991333265663283,18.779189188050736,18.916197956483337,12645200
2015-07-24,18.721738815307617,18.942722509188073,18.70848033318576,18.916203858972573,19492200
2015-07-27,18.55378532409668,18.690795781289037,18.527266681616172,18.571464419083686,17307200
2015-07-28,18.721738815307617,18.757095329623162,18.505174053477184,18.63334500056108,15775000
2015-07-29,18.845489501953125,18.88526663504523,18.655443386732166,18.721739170542943,16752600
2015-07-30,18.880844116210938,18.911781693186427,18.677537871265812,18.765931670897846,13616400
2015-07-31,18.818965911865234,18.933876652580775,18.783607723355086,18.902939080620005,21824000
2015-08-03,18.717315673828125,18.84106767217782,18.602404910330076,18.810130094083288,18396600
2015-08-04,18.606822967529297,18.71731479438154,18.54052888300084,18.699637383423507,14765400
2015-08-05,18.78803062438965,18.920622173351934,18.686378339897725,18.726155467392093,20785600
2015-08-06,18.602401733398438,18.863162479927716,18.536105971105584,18.788027170264396,13019800
2015-08-07,18.615663528442383,18.642182175278922,18.487494283661377,18.558208989253906,15825000
2015-08-10,18.90735626220703,18.929455970967194,18.69963282482427,18.69963282482427,11144000
2015-08-11,18.6245059967041,18.880847898389817,18.571470380689476,18.85432924739659,54689000
2015-08-12,18.708478927612305,18.743835439271503,18.315126565841474,18.48749525033442,20071400
2015-08-13,18.655441284179688,18.779193287614277,18.62008477317811,18.721737060518635,13287800
2015-08-14,18.74825096130371,18.765930056903898,18.593563089730456,18.606821568444918,11906000
2015-08-17,18.854328155517578,18.85874708744129,18.61566536831529,18.67754053107772,11183400
2015-08-18,18.757097244262695,18.83665151705794,18.73499920981334,18.8101345501075,9383800
2015-08-19,18.633342742919922,18.792451252991533,18.527269840881655,18.699638517440288,18455200
2015-08-20,18.178110122680664,18.51400442910199,18.178110122680664,18.43445020384966,27453800
2015-08-21,17.484228134155273,18.120660480673052,17.484228134155273,17.983650001796253,47332800
2015-08-24,16.79476547241211,17.506333437183027,13.842422354489253,16.357216893276735,72207800
2015-08-25,16.66217041015625,17.475390449325886,16.644491310485407,17.444452867887783,37210800
2015-08-26,17.50190544128418,17.52842408780314,16.847794000893803,16.993644027790754,68776800
2015-08-27,17.908517837524414,17.9129367693482,17.515167152311104,17.740569766701622,40211000
2015-08-28,17.943870544433594,17.974808118553856,17.789182673832286,17.8289597956971,27672200
2015-08-31,17.780349731445312,17.974814796154742,17.736153662275157,17.798028833502162,22100600
2015-09-01,17.2102108001709,17.554946535680447,17.126237596967915,17.40467754481011,42578000
2015-09-02,17.62566375732422,17.643341175368782,17.29860707690353,17.466555193118054,25370200
2015-09-03,17.6389217376709,17.864324406532372,17.585886113110334,17.722894950389463,22062200
2015-09-04,17.36931800842285,17.49307002350384,17.285344811666146,17.404676208723643,27561000
2015-09-08,17.855480194091797,17.86873867402624,17.656594565217635,17.700790622313445,18909200
2015-09-09,17.621240615844727,18.058789104776398,17.5814634804873,17.970395283318574,19304600
2015-09-10,17.79802131652832,17.89967358146453,17.585877239360848,17.594716786655898,28048800
2015-09-11,17.88199806213379,17.88199806213379,17.66985394255102,17.674274560068014,13719400
2015-09-14,17.837806701660156,17.97481553328945,17.793608944705515,17.95713811647963,14890800
2015-09-15,18.067617416381836,18.11623407223977,17.846633843188222,17.895250499046156,17612000
2015-09-16,18.142757415771484,18.16043651249035,18.023426041876327,18.04552575576064,15436200
2015-09-17,18.019010543823242,18.297450469296106,17.957135379489667,18.06762722607727,33565200
2015-09-18,17.785043716430664,17.971506161249586,17.745087236316106,17.80724138458908,36230200
2015-09-21,17.962623596191406,18.015900022690126,17.79835884842008,17.81611765725299,13921200
2015-09-22,17.660730361938477,17.74508385587403,17.549740348716494,17.67405031515489,24576400
2015-09-23,17.705129623413086,17.77172262362766,17.60745785747695,17.722886740659593,11356400
2015-09-24,17.705129623413086,17.753965506381157,17.412116019178082,17.505347235622537,22056400
2015-09-25,17.67405128479004,17.8915907742388,17.594138335400164,17.869393109091234,21657800
2015-09-28,17.27004623413086,17.625213927430657,17.261166830101722,17.59857571534324,25166600
2015-09-29,17.194570541381836,17.429868798680502,17.070262283725633,17.314439944224457,26206800
2015-09-30,17.536420822143555,17.56305903307869,17.35439728135284,17.403233154614043,24933600
2015-10-01,17.545307159423828,17.598581908774378,17.31000879734963,17.536427752269777,27036000
2015-10-02,17.793926239013672,17.793926239013672,17.27893076352527,17.341086616258362,29834000
2015-10-05,18.1446475982666,18.189044621438864,17.86939282889164,17.90491044742945,17137800
2015-10-06,18.16684341430664,18.20679988430885,18.07805276414448,18.08249161922335,19715800
2015-10-07,18.251201629638672,18.326674040536886,18.033660415827377,18.264519891897525,30437800
2015-10-08,18.33555030822754,18.371067926269944,18.091372611692353,18.180164963225124,30749600
2015-10-09,18.415462493896484,18.428780753325146,18.313351886606007,18.388824281465986,22753000
2015-10-12,18.43765640258789,18.46873346397462,18.357743475144066,18.455415207258255,12687400
2015-10-13,18.397703170776367,18.508693179104448,18.33554903708434,18.339989585818415,17903600
2015-10-14,18.362186431884766,18.4731764352752,18.313350559421288,18.344427624884766,25512200
2015-10-15,18.597496032714844,18.60637544162704,18.428790650531266,18.437670059443462,16843800
2015-10-16,18.63300323486328,18.646321493987013,18.5220132259705,18.646321493987013,14972600
2015-10-19,18.704044342041016,18.704044342041016,18.539777843031008,18.593054288232327,14184200
2015-10-20,18.65519905090332,18.708473775696724,18.579724971670778,18.628560841720134,11857800
2015-10-21,18.513134002685547,18.743993426664083,18.490936339405007,18.695157551303005,18834400
2015-10-22,18.93045425415039,18.970410722157403,18.646320123244067,18.646320123244067,28472000
2015-10-23,19.458776473999023,19.534248895452407,19.33890701618444,19.40106117351635,33383400
2015-10-26,19.383298873901367,19.44101416400697,19.31226532206888,19.44101416400697,16576200
2015-10-27,19.272306442260742,19.39217586358907,19.250108777623627,19.33890112974534,15358000
2015-10-28,19.560880661010742,19.560880661010742,19.30338301582669,19.361098297259876,29559200
2015-10-29,19.507610321044922,19.53424854238017,19.38774086539692,19.44545616483642,15218000
2015-10-30,19.378856658935547,19.543121401531334,19.374416110080617,19.538680852676404,18679000
2015-11-02,19.552001953125,19.560881357782797,19.365537842457808,19.414373721289056,27486600
2015-11-03,19.654115676879883,19.72514923181108,19.454333274394155,19.489850898646523,13758000
2015-11-04,19.676301956176758,19.729576668145203,19.627466097883783,19.69849961169923,14597200
2015-11-05,19.618593215942383,19.791739051125727,19.57863674529594,19.694067302084832,13457600
2015-11-06,19.685190200805664,19.694069605718298,19.5253642995249,19.596397845252646,13737800
2015-11-09,19.49428939819336,19.62747709955565,19.401058176597104,19.62747709955565,20292400
2015-11-10,19.36553955078125,19.387737217597266,19.28562659538486,19.38329836166343,34546600
2015-11-11,19.35665512084961,19.507601587019472,19.32557805665931,19.40993153966696,16402200
2015-11-12,19.187955856323242,19.356659473124978,19.183515306970197,19.263428259591382,16068000
2015-11-13,18.81058692932129,19.147997517247333,18.80614807397343,19.121359304440585,30089800
2015-11-16,19.09916114807129,19.10360000330469,18.77062997288554,18.779509376925496,18158400
2015-11-17,19.10360336303711,19.25011101510281,19.063646884616777,19.139120985443384,18788800
2015-11-18,19.39217758178711,19.40993639249958,19.170197528601424,19.192395195205314,20333600
2015-11-19,19.480966567993164,19.574197767727423,19.40549248232273,19.40993303101852,18735000
2015-11-20,19.62303924560547,19.631918651959587,19.538685732028114,19.560885094700215,14576400
2015-11-23,19.507610321044922,19.64523859091642,19.43657675772467,19.63635918380467,14454200
2015-11-24,19.512042999267578,19.57419713040004,19.31669950876778,19.361096526414578,22606800
2015-11-25,19.44989013671875,19.520923676013606,19.445449587877917,19.51648312717277,13153200
2015-11-27,19.49428939819336,19.52980702179584,19.441014656363144,19.472091730228563,7601400
2015-11-30,19.5164852142334,19.57863935606641,19.449892216658032,19.520925763549098,34051200
2015-12-01,19.68963050842285,19.694071057993284,19.556442812058496,19.59639929032515,15558000
2015-12-02,19.56532096862793,19.78730101292239,19.543123302913152,19.711828610777477,19394200
2015-12-03,19.31226348876953,19.67631061904898,19.21903227838479,19.618595334422245,23708600
2015-12-04,19.78730583190918,19.822823460561434,19.330027371240778,19.36998385668769,25680400
2015-12-07,19.68963050842285,19.782863420094003,19.59639929032515,19.76510460895917,25629800
2015-12-08,19.640796661376953,19.69407140213896,19.463211934072294,19.52092722448233,22756600
2015-12-09,19.352218627929688,19.70294747353723,19.258987423980294,19.55643984426831,32507800
2015-12-10,19.40549659729004,19.5520042510023,19.34778300059139,19.40549659729004,18146800
2015-12-11,19.001493453979492,19.24123233352253,18.988175191862716,19.192396447663,33920600
2015-12-14,19.147994995117188,19.15243384988037,18.801705048534746,18.99704852957432,42068400
2015-12-15,19.23234748840332,19.365535152624233,19.205709278129923,19.294501618801544,34043800
2015-12-16,19.49428939819336,19.52980702179584,19.156880441837313,19.352222290930445,36347600
2015-12-17,19.187955856323242,19.574200664943394,19.183515306970197,19.574200664943394,24217200
2015-12-18,18.815826416015625,19.17277968155413,18.784593260592903,19.132622524285015,45627800
2015-12-21,19.007694244384766,19.02108110245063,18.84706726631311,18.971999927728795,22326600
2015-12-22,19.146013259887695,19.17724642441947,18.989847437228832,19.07908407755972,18965200
2015-12-23,19.306638717651367,19.324486723574445,19.186167230789888,19.24863354944113,16090600
2015-12-24,19.297718048095703,19.346799221822476,19.27540888787803,19.320027208313373,4865600
2015-12-28,19.284332275390625,19.297717430677015,19.119240750486245,19.22632709901666,14354400
2015-12-29,19.547584533691406,19.59666400399698,19.36018384840915,19.400341016535364,13618400
2015-12-30,19.38248634338379,19.538653811101064,19.38248634338379,19.538653811101064,14393000
2015-12-31,19.110319137573242,19.328951291508275,19.110319137573242,19.315566135739143,17669000
2016-01-04,18.860456466674805,18.86491761893349,18.565971057275153,18.76675695052042,43277200
2016-01-05,18.811370849609375,18.96307552186751,18.726595360025055,18.91845720147151,32134400
2016-01-06,18.579345703125,18.704278320638508,18.467798236893866,18.53472739746425,27716800
2016-01-07,18.030536651611328,18.436569456948632,18.021612647945933,18.2000893170945,33681400
2016-01-08,17.887758255004883,18.24917278971439,17.865449094065255,18.186704756171608,38466200
2016-01-11,18.003765106201172,18.084079439187025,17.780670115035953,18.012689110097345,38270200
2016-01-12,18.217937469482422,18.258092933176936,17.985918478573744,18.19562660910146,31683200
2016-01-13,17.727127075195312,18.35179370596985,17.695893913864552,18.35179370596985,43924600
2016-01-14,18.061767578125,18.200087064701076,17.588805654869553,17.802978312174268,39591200
2016-01-15,17.55311393737793,17.722666606902088,17.338942950543064,17.472799604554893,40355600
2016-01-19,17.570959091186523,17.789591193409453,17.414791601805007,17.758358035949033,39317600
2016-01-20,17.432645797729492,17.606659651688457,16.968607719118904,17.272017101127364,59263600
2016-01-21,17.530805587768555,17.785133752752174,17.312171737864855,17.530805587768555,44271400
2016-01-22,18.01715850830078,18.02161966082965,17.83868176970027,17.865453791114444,22496400
2016-01-25,17.807445526123047,18.07515888579526,17.776212357563956,17.91899304299981,20961200
2016-01-26,17.981456756591797,18.021613924891632,17.767285759685944,17.878833260287728,22947400
2016-01-27,17.611116409301758,17.941295991729643,17.530802088802123,17.834211365783087,36044800
2016-01-28,17.83867645263672,17.905605635182827,17.624505451400918,17.869909617270284,35133600
2016-01-29,18.400880813598633,18.414265972180804,17.950227851090126,17.985923876749492,32226600
2016-02-01,18.46780014038086,18.552577312785278,18.311634352392876,18.325019505054865,29594600
2016-02-02,18.137619018554688,18.41871741305183,18.079613858481615,18.414256263236652,27902400
2016-02-03,18.11531639099121,18.26255993295766,17.83421786882263,18.25363592719484,43012400
2016-02-04,18.133159637451172,18.253631130471437,17.941297819168486,18.07961731902426,36405800
2016-02-05,17.62450408935547,18.093003224732524,17.553113761127342,18.0617700625127,47554800
2016-02-08,17.37017059326172,17.41925174795453,17.0712225156233,17.33001343961116,49642800
2016-02-09,17.28986358642578,17.535267761430042,17.133697757444857,17.16046806979594,49510600
2016-02-10,17.31663703918457,17.637892728640388,17.307713033633018,17.43710856101051,33950000
2016-02-11,17.28093719482422,17.392484686426812,17.066766215196797,17.102462229507857,49254600
2016-02-12,17.521881103515625,17.535266258543974,17.32109526769174,17.419257610112247,21786800
2016-02-16,17.834213256835938,17.838674407523648,17.620042280153747,17.71820291399999,20586600
2016-02-17,18.200092315673828,18.235786634136605,17.91453095965183,17.936840121451063,22257400
2016-02-18,18.128698348999023,18.284864152423786,18.093002335599305,18.262554995088763,23156800
2016-02-19,18.142091751098633,18.19563409346108,18.01715905155946,18.06177738651477,17158600
2016-02-22,18.383026123046875,18.40979643048677,18.28040263967494,18.307172947114836,13181400
2016-02-23,18.093006134033203,18.325025163602493,18.057311815219446,18.30717715315563,16379000
2016-02-24,18.231325149536133,18.267019467346802,17.802983123328623,17.896682622421533,20288800
2016-02-25,18.45888328552246,18.4678072914458,18.151012740527705,18.293793431140934,18806800
2016-02-26,18.40979766845703,18.57935033598945,18.36964050251724,18.561502328442945,19545200
2016-02-29,18.280410766601562,18.565972186776374,18.280410766601562,18.39195830273737,27203800
2016-03-01,18.824752807617188,18.824752807617188,18.409796030518372,18.43656803945619,24608400
2016-03-02,18.8783016204834,18.8783016204834,18.726596935462602,18.75783010278336,17496200
2016-03-03,18.8783016204834,18.891686777312305,18.731058087045582,18.887225625729325,15767800
2016-03-04,18.927379608154297,19.021080804829783,18.8069098020055,18.88276128751251,15771800
2016-03-07,18.811370849609375,18.896146339193695,18.673051333054076,18.82029485410454,31627000
2016-03-08,18.695362091064453,18.851527913659293,18.628432908763916,18.699823242247245,23401000
2016-03-09,18.855989456176758,18.86045230953198,18.722132790877453,18.722132790877453,24321200
2016-03-10,18.838138580322266,19.02107637568341,18.606119622436033,18.93629920329301,25856800
2016-03-11,19.128164291381836,19.13262714442238,18.980922480558743,19.025540798485807,17640200
2016-03-14,19.150470733642578,19.186166744584142,19.061234110447636,19.070158113183027,20121800
2016-03-15,19.22186851501465,19.239714823753275,19.06570097347172,19.07462497888103,12642200
2016-03-16,19.444957733154297,19.47619089171329,19.12816159307387,19.132624445484858,29513800
2016-03-17,19.51634979248047,19.578816115166,19.386954294300654,19.409263452105534,18734200
2016-03-18,19.54774284362793,19.606041247849493,19.462538799522665,19.59258671722352,18828800
2016-03-21,19.61501121520996,19.623978621770604,19.493930698430887,19.50289981567573,16007000
2016-03-22,19.619497299194336,19.695732238999835,19.52532412272246,19.52532412272246,26225800
2016-03-23,19.50737190246582,19.6149995346283,19.46701175424029,19.592575899527198,21350200
2016-03-24,19.561195373535156,19.561195373535156,19.3952709908707,19.422178341039572,13486400
2016-03-28,19.511863708496094,19.606038567265617,19.47598895666133,19.579131220376627,12816000
2016-03-29,19.81679916381836,19.83025368742217,19.453559529496808,19.475981454592187,20163000
2016-03-30,19.93340492248535,20.0320617796404,19.888559341338507,19.919950392799297,21976600
2016-03-31,19.89303970336914,19.991698246155895,19.857163247561747,19.906492518955126,29189800
2016-04-01,20.045522689819336,20.054491808903578,19.736094068808946,19.75403230697743,19309800
2016-04-04,19.969282150268555,20.058971612987868,19.928921977579073,20.01412773697032,15292400
2016-04-05,19.776447296142578,19.888558679251513,19.736087129796005,19.839231107658097,21452200
2016-04-06,19.969282150268555,19.969282150268555,19.709184590135177,19.780935818173784,22277000
2016-04-07,19.68227195739746,19.866134536834174,19.606037046484467,19.82577437497325,21261800
2016-04-08,19.68227195739746,19.861650834709074,19.61500616141842,19.785414213112325,17525600
2016-04-11,19.628461837768555,19.8840756632286,19.628461837768555,19.767480573470195,16277200
2016-04-12,19.762996673583984,19.780934907438795,19.52980476552385,19.664338098066658,19184000
2016-04-13,19.964792251586914,19.996183297194964,19.85716458758526,19.87958822931988,15753200
2016-04-14,19.960311889648438,20.0230957074348,19.89304607947494,19.937889952923936,13005400
2016-04-15,19.884078979492188,19.98722126743391,19.843718805020707,19.93340827170003,12921800
2016-04-18,19.969282150268555,19.969282150268555,19.794388638842207,19.825779694191336,14225800
2016-04-19,19.8571720123291,20.02758183126435,19.745060604471444,20.00515989182968,12942000
2016-04-20,19.89752960205078,19.9872190588193,19.816809262027522,19.875107665529676,13755600
2016-04-21,19.825780868530273,19.910986632968505,19.77645157557852,19.866141043610405,22555800
2016-04-22,19.4804744720459,19.610524094752996,19.37733219873187,19.511865524329124,29848800
2016-04-25,19.48496437072754,19.493933489256435,19.37733665906524,19.426665955631943,18715000
2016-04-26,19.390792846679688,19.55223186192092,19.328009011620523,19.507387976134677,14734800
2016-04-27,19.301101684570312,19.323523625511964,19.072393439185934,19.14414467660988,25559200
2016-04-28,19.05893325805664,19.399751076558672,18.996151163386564,19.33248527970521,45339200
2016-04-29,18.893014907836914,18.982704376149165,18.753996146418707,18.951311608158203,23792400
2016-05-02,19.032026290893555,19.05444993430717,18.85264911837133,18.933369444745665,25105400
2016-05-03,18.85713768005371,18.94234344134148,18.79435556795804,18.901983267753657,25062400
2016-05-04,18.79883575439453,18.852650449566514,18.745022769906484,18.771930117492474,22491400
2016-05-05,18.807798385620117,18.89748780263264,18.762954532455527,18.85264394946805,27119800
2016-05-06,18.946821212768555,18.946821212768555,18.72708217854685,18.72708217854685,18459800
2016-05-09,18.946821212768555,19.03651064940361,18.933368396012597,18.95579032750043,15082400
2016-05-10,19.193470001220703,19.193470001220703,18.982701747163965,19.005123683465648,27840400
2016-05-11,19.0544490814209,19.25176447556856,19.0544490814209,19.14413680832564,14304200
2016-05-12,19.000638961791992,19.12620488888585,18.87955844853228,19.12620488888585,18673000
2016-05-13,18.92888832092285,19.112750948063116,18.90646638311242,18.99615584503835,21842600
2016-05-16,19.193470001220703,19.238315584508157,18.946825280534,18.946825280534,12788400
2016-05-17,19.000638961791992,19.229347168177277,18.94234226742128,19.135172295185846,19880200
2016-05-18,19.036514282226562,19.184500426834102,18.924402892708954,18.951308531355394,21807000
2016-05-19,18.933366775512695,19.01408709050705,18.821255416985373,18.99166345025473,17269600
2016-05-20,19.162080764770508,19.206926352309193,19.02306200942696,19.036516541030686,11746000
2016-05-23,19.126203536987305,19.233829511821394,19.108265304286945,19.153109175353812,16855400
2016-05-24,19.48496437072754,19.51635543023645,19.20244312446289,19.20244312446289,18923000
2016-05-25,19.619497299194336,19.682279416842253,19.53877694488004,19.565684299879607,19629400
2016-05-26,19.68227195739746,19.713663004324427,19.579129701682596,19.61948986354352,13034200
2016-05-27,19.776447296142578,19.803354643934945,19.6553685077868,19.6777904422718,15576000
2016-05-31,19.81679916381836,19.84370650034275,19.700204126912446,19.79437723872298,24742800
2016-06-01,19.76748275756836,19.821295750273084,19.718153468137285,19.74954452310539,13771000
2016-06-02,19.749549865722656,19.749549865722656,19.5881091332516,19.686767738802725,15529000
2016-06-03,19.704694747924805,19.74954032454851,19.597068785395575,19.722632978574286,16609400
2016-06-06,19.740575790405273,19.812327018970628,19.7002156174195,19.718153852231893,17271200
2016-06-07,19.8212890625,19.86613292284276,19.79886713232862,19.803350834089446,8818800
2016-06-08,19.86165428161621,19.893045333990965,19.78541764678891,19.816808699163666,16317000
2016-06-09,19.86613655090332,19.888558485169515,19.76747969799528,19.78093251641821,25839000
2016-06-10,19.71366310119629,19.78093060818963,19.64639730488671,19.71366310119629,16565200
2016-06-13,19.493927001953125,19.655367660379184,19.48944158883914,19.538770868989754,23566200
2016-06-14,19.538782119750977,19.570173186888898,19.39976331479385,19.449092623349117,16841200
2016-06-15,19.489439010620117,19.610519488422167,19.467017080067958,19.57015932915482,14156200
2016-06-16,19.529804229736328,19.561195282778986,19.28315950839369,19.390787197885725,19192600
2016-06-17,19.399568557739258,19.534756847397006,19.31394970872557,19.48969465718188,22930400
2016-06-20,19.480688095092773,19.651927566805522,19.47618256223769,19.57081422331069,13712000
2016-06-21,19.61587905883789,19.66094298849738,19.521247385072684,19.53927295693648,11487800
2016-06-22,19.548282623291016,19.692483737163013,19.52575152156343,19.620383180227012,12990400
2016-06-23,19.814149856567383,19.832173703000716,19.60235376010977,19.674454302880708,19526800
2016-06-24,19.052583694458008,19.44012470862737,19.012027036719065,19.115671446715844,47246000
2016-06-27,18.669551849365234,18.912891820808174,18.592944057312828,18.912891820808174,36818000
2016-06-28,19.0390682220459,19.0390682220459,18.845297686052,18.876841566887045,26489400
2016-06-29,19.331979751586914,19.363523635848615,19.165245827331912,19.169753078805165,21008400
2016-06-30,19.54377555847168,19.552788343051493,19.331981137391132,19.37704334127732,26710600
2016-07-01,19.588834762573242,19.64741526971112,19.53025253642289,19.55729088364901,14949400
2016-07-05,19.44464111328125,19.512234428660193,19.386058864742328,19.48519779011387,17361400
2016-07-06,19.579830169677734,19.584335703260347,19.313958993960558,19.381552311778908,15701600
2016-07-07,19.579830169677734,19.669956312448726,19.507729599263577,19.561804597320897,12332200
2016-07-08,19.886255264282227,19.899773582167462,19.651928013198077,19.67445911601112,25496000
2016-07-11,20.003421783447266,20.0484857165414,19.93132120950993,19.949346782747586,11663600
2016-07-12,20.165645599365234,20.192683955326395,20.075519465174406,20.138607243404078,32085600
2016-07-13,20.170146942138672,20.23774195849208,20.15662862647306,20.22422364282647,21218800
2016-07-14,20.300830841064453,20.345894760784805,20.237743072468728,20.28280527317631,30976600
2016-07-15,20.282806396484375,20.36842698918852,20.22422587612275,20.36842698918852,9729600
2016-07-18,20.417997360229492,20.44052846284203,20.27830177361107,20.31435291300148,8214400
2016-07-19,20.3729305267334,20.422499976810215,20.341386643777735,20.381943310293973,8915800
2016-07-20,20.638809204101562,20.674860351582378,20.50362083907516,20.530659199685772,10769800
2016-07-21,20.530651092529297,20.670344936321744,20.481081643823856,20.6433083054007,10946800
2016-07-22,20.652326583862305,20.652326583862305,20.472074307701654,20.51713651723526,9414600
2016-07-25,20.625280380249023,20.665837041005528,20.562192623297232,20.61626759796842,8489600
2016-07-26,20.67034912109375,20.733436898032018,20.571211922624904,20.647818017760514,18115400
2016-07-27,20.84158706665039,20.89566205447269,20.74244815646545,20.89566205447269,21820200
2016-07-28,20.8551025390625,20.91819030275169,20.773989208887073,20.868622573433495,12658600
2016-07-29,20.93170738220215,20.981276823535282,20.86861962741903,20.945225695652134,21179400
2016-08-01,20.97226905822754,21.01282572729123,20.895661252657106,20.931712389163852,15683400
2016-08-02,20.814542770385742,20.976769406547508,20.715405607518733,20.93170721606363,22224400
2016-08-03,20.886646270751953,20.886646270751953,20.792014625898478,20.79652187699395,15961800
2016-08-04,20.999303817749023,21.008316601071463,20.873128289260126,20.891153855905014,16752400
2016-08-05,21.202089309692383,21.211102093935025,21.04436988297821,21.0669009840784,12126200
2016-08-08,21.197586059570312,21.27869940747531,21.152522133504753,21.22462269619664,10439200
2016-08-09,21.242643356323242,21.296718336089313,21.197581159686955,21.197581159686955,29836800
2016-08-10,21.1750545501709,21.260673429534847,21.148016195049824,21.251660644494486,7112400
2016-08-11,21.251659393310547,21.310241633117386,21.220115507032915,21.24264660880081,10518600
2016-08-12,21.229124069213867,21.247149634648174,21.1840601556281,21.247149634648174,6937400
2016-08-15,21.332773208618164,21.373329880306166,21.24264708053228,21.25616539809064,16561400
2016-08-16,21.1750545501709,21.296722850683306,21.1750545501709,21.296722850683306,9078000
2016-08-17,21.166038513183594,21.19307514513779,21.04436851235157,21.184062361482155,10575000
2016-08-18,21.1750545501709,21.19758565326531,21.098446736834333,21.161534513103874,7086400
2016-08-19,21.18857192993164,21.206597499214134,21.06690191579417,21.116471371814573,9576200
2016-08-22,21.18857192993164,21.211103032028305,21.09394026971791,21.12998968926999,9257400
2016-08-23,21.265178680419922,21.314748137977762,21.247154829591306,21.251660362545223,16630600
2016-08-24,21.148014068603516,21.26517682432144,21.09844461537227,21.256164040187322,13648800
2016-08-25,21.19308090209961,21.220119260411312,21.075918120775256,21.11196754617768,11825400
2016-08-26,21.202089309692383,21.35530320379165,21.089432085178593,21.17955820859219,24227200
2016-08-29,21.283199310302734,21.31474319069748,21.19307320102665,21.19307320102665,13964800
2016-08-30,21.211103439331055,21.28771125074625,21.139002879829487,21.242647326674682,11436400
2016-08-31,21.1750545501709,21.20659843830567,21.107459521874695,21.184065616198282,22322400
2016-09-01,21.242643356323242,21.260668922582806,21.075911165953837,21.17054281029761,18479200
2016-09-02,21.337278366088867,21.395860606166018,21.242646706819315,21.34629115064019,13814400
2016-09-06,21.445425033569336,21.445425033569336,21.32375504917272,21.35079339648724,30214800
2016-09-07,21.4995059967041,21.50401324868468,21.386848763371113,21.445431006027896,23170000
2016-09-08,21.323762893676758,21.42740735132535,21.269687898167298,21.422901817955026,16605200
2016-09-09,20.80103302001953,21.20659977738001,20.80103302001953,21.1299919592061,33618400
2016-09-12,21.148014068603516,21.1930762702613,20.66584129101143,20.69738517597444,38020600
2016-09-13,20.994800567626953,21.143507211079317,20.90918169527637,21.066901123030824,34717600
2016-09-14,21.093942642211914,21.224623736675795,20.994803719020677,20.9993092523416,34217400
2016-09-15,21.44092559814453,21.48148055212856,21.093941111173102,21.139003317164004,32572600
2016-09-16,21.36219024658203,21.448165005729408,21.267167148062455,21.448165005729408,31766200
2016-09-19,21.321460723876953,21.520558664995647,21.2626379013856,21.41648552583046,14242600
2016-09-20,21.307891845703125,21.43458931197737,21.280741648877136,21.393864879800145,10002200
2016-09-21,21.547712326049805,21.561288287387935,21.307891631266042,21.389340494800813,24095200
2016-09-22,21.678930282592773,21.70608047237734,21.624631629146712,21.674406114023547,20997000
2016-09-23,21.4888916015625,21.674413647599632,21.452691335933952,21.674413647599632,23973000
2016-09-26,21.36219024658203,21.43458904442411,21.321465814913143,21.39839050856482,19240800
2016-09-27,21.597482681274414,21.606532745056338,21.335037736091284,21.38933639265966,17569000
2016-09-28,21.63821029663086,21.64726036174757,21.50246277212706,21.615585996900798,18096800
2016-09-29,21.50698471069336,21.66535824462248,21.44363598757101,21.61105785955483,22813800
2016-09-30,21.62010955810547,21.687984181509396,21.538660700470103,21.556760830194268,18510600
2016-10-03,21.556760787963867,21.611059450906613,21.506986294381612,21.56128668344773,12462800
2016-10-04,21.479833602905273,21.665355580431317,21.40290892991382,21.629155328171098,17804400
2016-10-05,21.556760787963867,21.606535281546122,21.516036359225964,21.538660658275163,18015200
2016-10-06,21.606531143188477,21.62915543790438,21.479833711880985,21.574856785361604,10011800
2016-10-07,21.547712326049805,21.651785490316787,21.443639161782823,21.624637019887533,12147800
2016-10-10,21.69703483581543,21.74680933084742,21.64726034078344,21.660834575383646,13315600
2016-10-11,21.452686309814453,21.724181333925696,21.357663223987846,21.69703286718853,17454600
2016-10-12,21.4888916015625,21.547714444023384,21.362192397986252,21.470791468748224,11040800
2016-10-13,21.353137969970703,21.421012591098272,21.17214185716938,21.34861380075308,19338400
2016-10-14,21.434585571289062,21.579383143511073,21.416487169353722,21.43911146636531,18896600
2016-10-17,21.389345169067383,21.479844117896697,21.375770930886343,21.434593780420098,10150200
2016-10-18,21.50698471069336,21.602009521500133,21.47983624428278,21.547709136432477,10117800
2016-10-19,21.547712326049805,21.57033662678202,21.45268922730041,21.493413659067794,10070000
2016-10-20,21.448158264160156,21.502456913943732,21.344083406734118,21.493406851292644,12296000
2016-10-21,21.50698471069336,21.520560670021897,21.421011690187775,21.47983624428278,16153800
2016-10-24,21.71512794494629,21.728702175157583,21.602004756857873,21.620103155098644,10786200
2016-10-25,21.63821029663086,21.746809351907956,21.597485866667377,21.746809351907956,8724800
2016-10-26,21.516029357910156,21.63367843648036,21.4481564828484,21.457204818625055,12559400
2016-10-27,21.4888916015625,21.615589079015077,21.461741402341087,21.61106318274967,17642200
2016-10-28,21.466266632080078,21.6879889546902,21.411967957080687,21.54771550764104,20837800
2016-10-31,21.457210540771484,21.55223535299538,21.457210540771484,21.52056099096184,11760000
2016-11-01,21.271692276000977,21.525088942925084,21.126894673793934,21.502464641228404,18130600
2016-11-02,21.135940551757812,21.3350385099353,21.08616606221344,21.271688061164042,16334600
2016-11-03,20.93231964111328,21.12236754622563,20.923271302600472,21.077118949168245,20251400
2016-11-04,20.896114349365234,21.06353617566913,20.841815705235845,20.91421447278262,16308000
2016-11-07,21.348613739013672,21.357663803546064,21.15404166687554,21.203816158742036,26452000
2016-11-08,21.452686309814453,21.543185226559288,21.28526443581663,21.307888733472023,19560000
2016-11-09,21.425537109375,21.46173736819902,21.013768658930175,21.12689187857022,54258800
2016-11-10,21.081645965576172,21.54771313747993,20.78752486661107,21.54771313747993,79031000
2016-11-11,21.14499282836914,21.190243153654794,20.96399670559676,20.96399670559676,28183200
2016-11-14,20.8237247467041,21.176668678066083,20.724175750217988,21.16309444259017,37942000
2016-11-15,21.117843627929688,21.190244151797078,20.95494762759854,20.963997693081964,34741600
2016-11-16,21.31241226196289,21.325988221046686,21.04091724601202,21.068067438056396,20248400
2016-11-17,21.448158264160156,21.46625666333938,21.289784756950542,21.330509175818964,17048200
2016-11-18,21.43006706237793,21.54319030343683,21.389342626551777,21.497939971339065,17646000
2016-11-21,21.647258758544922,21.665358887437844,21.475310986308788,21.506985348809746,17951000
2016-11-22,21.71512794494629,21.75132646755069,21.665353466007726,21.719652112975766,16977600
2016-11-23,21.62916374206543,21.701562548626473,21.55224076527344,21.701562548626473,16233600
2016-11-25,21.71965980529785,21.724183974929623,21.620110812164057,21.642736838693356,6219000
2016-11-28,21.737754821777344,21.837302065366938,21.68798033692101,21.701554568746168,14975600
2016-11-29,21.751331329345703,21.855404478514433,21.674408372790957,21.72418113673172,11856800
2016-11-30,21.493412017822266,21.783007187777393,21.48888784847069,21.783007187777393,23633200
2016-12-01,21.049968719482422,21.520561723022045,20.991144162509137,21.466261335297474,43731200
2016-12-02,21.126888275146484,21.17666275947825,20.982090716793916,21.031865201125683,20105400
2016-12-05,21.33051300048828,21.384811660007884,21.158565231532407,21.244539979071977,18010000
2016-12-06,21.39386749267578,21.430067759531646,21.294320211069618,21.380293255666697,18509600
2016-12-07,21.801109313964844,21.819209445275483,21.36671651925068,21.380290754671893,19945800
2016-12-08,21.855403900146484,21.95042698259592,21.75133075373188,21.81015530644386,19354200
2016-12-09,22.01377296447754,22.01377296447754,21.900649777046766,21.93684829944073,24615000
2016-12-12,21.945907592773438,21.995682092359502,21.878032961315427,21.945907592773438,19170200
2016-12-13,22.221921920776367,22.330519227303697,22.027349876614917,22.040924108400066,27934000
2016-12-14,22.144996643066406,22.321470282080924,22.099748054266595,22.235495546789053,35830000
2016-12-15,22.244552612304688,22.35767584603816,22.13595354842619,22.17215381176021,23140000
2016-12-16,22.08365821838379,22.310903105696344,22.051844072859303,22.30635897079609,21131400
2016-12-19,22.24272346496582,22.315441741637002,22.08365277654151,22.101832779144424,13254000
2016-12-20,22.324542999267578,22.36090302280661,22.27000469770038,22.301818851426358,11413000
2016-12-21,22.279088973999023,22.32453725799338,22.233638956263764,22.31544725444633,9247400
2016-12-22,22.233644485473633,22.29272865635246,22.16547204252852,22.279094514511705,22210400
2016-12-23,22.25636863708496,22.26091277276493,22.170014455494787,22.21091861157929,12717400
2016-12-27,22.347261428833008,22.45179560288857,22.2699989991947,22.279089002753484,13681400
2016-12-28,22.147289276123047,22.406348341322342,22.13819927144609,22.37453419182356,15555200
2016-12-29,22.151836395263672,22.210918828385964,22.09729636412449,22.14729052579813,9593000
2016-12-30,21.9791259765625,22.20182499724307,21.910951816257313,22.20182499724307,17003200
2017-01-03,22.174564361572266,22.25182681838496,22.0427618642243,22.120024321036997,27881200
2017-01-04,22.25182342529297,22.283637577216574,22.179105116075984,22.192740991001276,14446200
2017-01-05,22.288183212280273,22.34272151018391,22.201829029046518,22.22909904486895,11005800
2017-01-06,22.451801300048828,22.483615453706985,22.22455635463838,22.28818466195469,17501200
2017-01-09,22.44725227355957,22.519970576515117,22.433618133549498,22.465432282733733,16627000
2017-01-10,22.451801300048828,22.529063749292536,22.374537117063777,22.451801300048828,15471600
2017-01-11,22.556325912475586,22.556325912475586,22.383619328654802,22.410889336755158,15173000
2017-01-12,22.501798629760742,22.529068653292864,22.28818951352181,22.46998446917746,13725400
2017-01-13,22.569961547851562,22.61086569584695,22.50178738994563,22.50178738994563,9665800
2017-01-17,22.48360824584961,22.547236532767787,22.433614096487958,22.510876520962665,9651600
2017-01-18,22.542695999145508,22.574510150133406,22.488157702272133,22.54724186856732,12315400
2017-01-19,22.51087760925293,22.624500051025844,22.469973460865045,22.542691754250075,14500000
2017-01-20,22.633588790893555,22.692672942764535,22.574504639022575,22.610864650555726,17510800
2017-01-23,22.67449378967285,22.683583792897966,22.515423067585402,22.61086550083787,23955200
2017-01-24,22.81538963317871,22.851747917747172,22.64722888284974,22.65631715368603,13021800
2017-01-25,23.033546447753906,23.033546447753906,22.919923981746336,22.938103992405445,18395600
2017-01-26,22.96991729736328,23.04717973920422,22.906288996143406,23.02899972921535,14253000
2017-01-27,23.060810089111328,23.10171423491669,23.01081594048913,23.051720086294495,12046000
2017-01-30,22.874473571777344,22.983550158154337,22.769939387032863,22.983550158154337,16893200
2017-01-31,22.760854721069336,22.824483028823323,22.66086638960373,22.80175714713288,19115600
2017-02-01,22.93355941772461,23.00627773072556,22.806302803408276,22.969919441095755,23362200
2017-02-02,22.888103485107422,22.929007630880676,22.76993518232212,22.86537934495356,17197800
2017-02-03,23.038084030151367,23.06989817288436,22.969911610183846,22.974455744685383,13667200
2017-02-06,23.051729202270508,23.056273338605557,22.947196729149947,23.0062791702128,13453000
2017-02-07,23.14262580871582,23.16989582796201,23.078997497549494,23.097177510380288,20106200
2017-02-08,23.183521270751953,23.219881282768903,23.078988836814425,23.142617124103285,12706200
2017-02-09,23.256242752075195,23.315326912839378,23.183524451804292,23.183524451804292,9739200
2017-02-10,23.324420928955078,23.360780952215073,23.251702616176427,23.31078678710325,8355800
2017-02-13,23.428951263427734,23.456221278391446,23.33350881166651,23.365322962253586,13159400
2017-02-14,23.506208419799805,23.506208419799805,23.333501844083646,23.401675994264952,12467600
2017-02-15,23.583477020263672,23.601657029576156,23.46531042721475,23.488034571984798,11895000
2017-02-16,23.638017654418945,23.70164769331146,23.583479354823783,23.6152935073994,14123000
2017-02-17,23.719816207885742,23.719816207885742,23.5743796463311,23.61073965359005,14175400
2017-02-21,23.8425350189209,23.851625023170744,23.733458435404813,23.76981671866316,15237400
2017-02-22,23.86980438232422,23.88798439032935,23.769816072036992,23.819810227180607,13769600
2017-02-23,23.865264892578125,23.919804931171928,23.76073241921884,23.901624918307327,13405400
2017-02-24,23.919803619384766,23.928893625318562,23.71073695039018,23.724372826161556,15544200
2017-02-27,23.906160354614258,23.915250357738483,23.851622069609725,23.915250357738483,15951200
2017-02-28,23.792539596557617,23.88798376923247,23.756181315233675,23.865257892946445,15243000
2017-03-01,24.128868103027344,24.160682256329498,23.88344314863246,23.937981449473103,18190600
2017-03-02,23.96980094909668,24.110691725314304,23.956165071525408,24.10614758861827,14340200
2017-03-03,24.024328231811523,24.024328231811523,23.901615792440428,23.95160994185911,15714000
2017-03-06,23.987972259521484,24.028876412866744,23.883439808470502,23.92434396181576,13430400
2017-03-07,23.987972259521484,24.087960575196806,23.951613975292965,23.969793984277764,13960800
2017-03-08,24.015239715576172,24.087958010030402,23.98342557011125,24.015239715576172,11361800
2017-03-09,24.01069450378418,24.047052782510146,23.892526197007946,24.019782773160056,15300400
2017-03-10,24.137954711914062,24.187948869707977,24.03796639632623,24.124320572057933,14709000
2017-03-13,24.160676956176758,24.18794696748549,24.115228671069815,24.137952813623286,14922400
2017-03-14,24.10614776611328,24.142506061174007,24.015249427849067,24.142506061174007,14479800
2017-03-15,24.269760131835938,24.31066429012661,24.069783476307627,24.142501787297572,17867200
2017-03-16,24.283388137817383,24.369740568505645,24.256118127933316,24.360650565210957,21956000
2017-03-17,24.335861206054688,24.41342123291824,24.326736189879174,24.37692290863506,13790800
2017-03-20,24.358673095703125,24.413421452830494,24.290238084398638,24.340423063187703,9083600
2017-03-21,24.002798080444336,24.481849959923423,23.99367306725961,24.422538244431863,29811000
2017-03-22,24.153364181518555,24.18986424594578,23.975430718482983,24.007367404647376,22766600
2017-03-23,24.089488983154297,24.189862412301782,24.052990661912585,24.11686402939963,22718800
2017-03-24,24.107738494873047,24.25373525753361,24.025615098324142,24.171611860984704,26281800
2017-03-27,24.107738494873047,24.15792520836612,23.875056698263617,23.906993381319445,13690000
2017-03-28,24.28111457824707,24.335862938779382,24.043869362048373,24.084931067552358,16907800
2017-03-29,24.322174072265625,24.335860726049496,24.21723899894529,24.27198735449963,11410200
2017-03-30,24.367794036865234,24.39973071821691,24.285670644698463,24.30392067416188,17508400
2017-03-31,24.322174072265625,24.404297475806555,24.294799024279033,24.34498574204503,12207000
2017-04-03,24.299354553222656,24.38147793611781,24.15335781483536,24.344979621730193,26035800
2017-04-04,24.31761932373047,24.31761932373047,24.189872535296818,24.19899755453057,15041600
2017-04-05,24.217241287231445,24.504671486365122,24.194427874877558,24.34042466376359,20955800
2017-04-06,24.2218017578125,24.29480014873655,24.162490021305796,24.244613428647718,13870200
2017-04-07,24.208112716674805,24.271986084883594,24.12142593946109,24.18529930766988,12938800
2017-04-10,24.16248321533203,24.28110665493215,24.112296509379554,24.22179493513209,9687200
2017-04-11,24.07123565673828,24.15792242110421,23.875053943638143,24.121422364440978,16914200
2017-04-12,23.989116668701172,24.07580170225556,23.94349159281569,24.04842665672427,17368400
2017-04-13,23.89330291748047,24.121423056919056,23.89330291748047,23.961739655479462,19533200
2017-04-17,24.112302780151367,24.121427796372046,23.966306001458253,23.966306001458253,14132000
2017-04-18,24.107738494873047,24.15336183054746,24.011928445705557,24.04842676616135,12487200
2017-04-19,24.089488983154297,24.230924111460414,24.043865646497476,24.14423733522623,14521000
2017-04-20,24.308486938476562,24.349548642376106,24.116866813891306,24.15336513934705,15163800
2017-04-21,24.25829315185547,24.322168248529835,24.21266982322078,24.31760487141531,15233000
2017-04-24,24.545726776123047,24.563976805068265,24.46816676373371,24.5229151101508,16210000
2017-04-25,24.673477172851562,24.723662145757846,24.605040429150478,24.646102127287392,20089600
2017-04-26,24.646100997924805,24.732786027611134,24.62328933120931,24.673476042234565,16294400
2017-04-27,24.746477127075195,24.76472541819267,24.68716539479171,24.70997706400265,17183400
2017-04-28,24.810348510742188,24.860535223239637,24.751036783207137,24.824035163089253,22836800
2017-05-01,24.99740982055664,25.02934650662337,24.85597468196195,24.90159976235646,15126000
2017-05-02,25.052152633666992,25.088652689906738,24.960904233486108,25.04759099684626,15070200
2017-05-03,25.00653076171875,25.024779050484064,24.892470689947324,24.97003070335098,14309000
2017-05-04,24.988279342651367,25.029341035821915,24.906155956310272,25.015654384904558,15159800
2017-05-05,25.079530715942383,25.088655731108435,24.97003227436842,25.029344002738426,13651600
2017-05-08,25.189027786254883,25.202716179413915,25.052156037595523,25.097779373675742,12140200
2017-05-09,25.220966339111328,25.289403088723272,25.17077962145175,25.216404701332657,15388600
2017-05-10,25.316768646240234,25.335016930933083,25.193583587368007,25.248331922282937,10604000
2017-05-11,25.284835815429688,25.2985242074947,25.13883906313907,25.239212482995836,18196000
2017-05-12,25.34871482849121,25.362401482249375,25.28027807886271,25.30765312679788,9307600
2017-05-15,25.490142822265625,25.490142822265625,25.366957743295714,25.38064613457135,19898600
2017-05-16,25.608766555786133,25.608766555786133,25.46276981025371,25.549454834032808,18122200
2017-05-17,24.910717010498047,25.430832358632657,24.89703035990081,25.408018953746016,37090000
2017-05-18,25.056724548339844,25.15253636506035,24.805792650228167,24.846854360131474,33644400
2017-05-19,25.20271873474121,25.280278762025205,25.166218669841292,25.193593718516233,20438200
2017-05-22,25.403457641601562,25.43539432034879,25.25746089863752,25.26202253542207,21020600
2017-05-23,25.449087142944336,25.5357739266399,25.380652132068708,25.50839887803832,13221000
2017-05-24,25.55402183532715,25.558585213568403,25.45821177728703,25.517523511491373,18643800
2017-05-25,25.73651695251465,25.791265304811933,25.58595854859243,25.636143522954008,12227000
2017-05-26,25.72283172607422,25.75476841172033,25.65895835478199,25.713706710115495,72564400
2017-05-30,25.832326889038086,25.859701935274124,25.700018516610736,25.731955200343414,11850600
2017-05-31,25.7912654876709,25.937262255111264,25.70458045088404,25.928138980012648,28492200
2017-06-01,25.855138778686523,25.855138778686523,25.6954553586562,25.846015503615146,16872400
2017-06-02,26.09238052368164,26.096943901035058,25.868823765082688,25.950947153259023,16982000
2017-06-05,26.115196228027344,26.183631230584954,26.060446137478852,26.09238282008947,13531600
2017-06-06,26.065006256103516,26.197314607338722,26.033069577486213,26.083254543585937,15370400
2017-06-07,26.147130966186523,26.192754297832117,26.010257490412663,26.124317559945187,17407400
2017-06-08,26.20644760131836,26.224697634776483,26.060450814491325,26.192760946434255,14204800
2017-06-09,25.5585880279541,26.288571989240356,25.193596047310972,26.24294864431711,70285000
2017-06-12,25.40802764892578,25.449089355188132,24.988287309727557,25.29396754713248,71412800
2017-06-13,25.59052085876465,25.672644259578586,25.403462388114853,25.53120912697263,36586800
2017-06-14,25.467334747314453,25.695454909322226,25.25746461596779,25.690893271866308,32361200
2017-06-15,25.353273391723633,25.389773451210893,25.0704048923719,25.179901589996415,29501000
2017-06-16,25.308839797973633,25.36380873449851,25.20348194153804,25.3546469538392,43222600
2017-06-19,25.684467315673828,25.70279087930948,25.487493375168587,25.501235174179723,19858400
2017-06-20,25.47832679748535,25.68904424476893,25.47832679748535,25.675300700913578,21915400
2017-06-21,25.620332717895508,25.634074514829585,25.487489522762942,25.56536378272825,24586400
2017-06-22,25.62949562072754,25.716529917506456,25.547041340650246,25.69820635583794,17585600
2017-06-23,25.789819717407227,25.85395042910364,25.56536222646978,25.606589362193308,32847200
2017-06-26,25.652402877807617,25.98222004541458,25.62491753136328,25.927249352525905,19455800
2017-06-27,25.230968475341797,25.560783857501413,25.230968475341797,25.514976699472072,25791000
2017-06-28,25.54704475402832,25.569948335458633,25.157676879987964,25.327167226921045,25952000
2017-06-29,25.088960647583008,25.42793777243672,24.887406728681636,25.42793777243672,41946800
2017-06-30,25.06606101989746,25.235549609024385,25.043155692438,25.194322466000955,30743800
2017-07-03,24.891990661621094,25.21722604128296,24.8645053171336,25.17141888123495,33105200
2017-07-05,25.13935661315918,25.189745543871133,24.90115550724991,24.983609803427402,29618800
2017-07-06,24.91031265258789,25.047735871490655,24.850761950338647,24.919474433505545,25514800
2017-07-07,25.198898315429688,25.28135258783957,24.983602601853537,25.001926161818147,17636400
2017-07-10,25.38213348388672,25.441684187244153,25.16683599689289,25.203483121245483,11188400
2017-07-11,25.43709945678711,25.478326593160784,25.258449114978127,25.354645184039754,13713000
2017-07-12,25.766923904418945,25.789827487292154,25.59743529423955,25.611177094477203,33103800
2017-07-13,25.817306518554688,25.908922575063464,25.75775581970934,25.803564721679198,16250200
2017-07-14,26.04634666442871,26.073830259106472,25.890599887341082,25.92724526272176,13379200
2017-07-17,26.050928115844727,26.124220618073736,26.000539192918954,26.06925167825975,19674200
2017-07-18,26.170026779174805,26.170026779174805,25.936405751465134,26.000536465760053,19840400
2017-07-19,26.302873611450195,26.325778940473416,26.18835395605914,26.211259285082363,13347200
2017-07-20,26.357839584350586,26.385323178367006,26.206672827536472,26.3761631453155,20745800
2017-07-21,26.325777053833008,26.330357070850663,26.215837423666677,26.243322768066044,11610000
2017-07-24,26.38990592956543,26.412809507912915,26.25706272874659,26.31203166626676,10756200
2017-07-25,26.339519500732422,26.39448844345322,26.224999850729237,26.307454138526023,13760600
2017-07-26,26.440298080444336,26.4861052427353,26.353262025687783,26.481525225478695,21205200
2017-07-27,26.339519500732422,26.660174870227575,26.01428411410686,26.628109508021176,46094400
2017-07-28,26.312026977539062,26.362415889382984,26.183765563704146,26.20666913797028,20586200
2017-07-31,26.183773040771484,26.41281234369896,26.156287695344954,26.353261635657077,21965600
2017-08-01,26.316612243652344,26.339515820966998,26.220416170472237,26.316612243652344,16614400
2017-08-02,26.38990592956543,26.591459865426724,26.224997369573906,26.586879848729634,25147800
2017-08-03,26.330358505249023,26.42655459474057,26.252485979688597,26.42655459474057,21375600
2017-08-04,26.38990592956543,26.47236020956119,26.330355227917153,26.38532416543732,9513800
2017-08-07,26.55023956298828,26.55023956298828,26.417396327957942,26.4265581111426,15366000
2017-08-08,26.51358413696289,26.71971981197526,26.440291646673025,26.51358413696289,20921400
2017-08-09,26.499845504760742,26.518169067586726,26.330356917198223,26.344098715602144,13945600
2017-08-10,25.977636337280273,26.385326001500687,25.963894538801743,26.35784240454362,29823800
2017-08-11,26.156282424926758,26.24331846085765,25.986793864192638,26.018859220346908,29936200
2017-08-14,26.57313346862793,26.609780588018754,26.33951419851932,26.39448313017473,19517000
2017-08-15,26.614362716674805,26.673913416696166,26.53190843893168,26.62810626125264,14105200
2017-08-16,26.69223403930664,26.788430103606437,26.605199754573125,26.65558692104151,18111800
2017-08-17,26.170026779174805,26.632685323324512,26.170026779174805,26.591458185930506,25937800
2017-08-18,26.142541885375977,26.325773998577684,26.04176404837194,26.170027226585514,33393000
2017-08-21,26.13338279724121,26.188351737892265,25.959312446509905,26.160868141282297,15957200
2017-08-22,26.522747039794922,26.541068852570127,26.252480642763224,26.27080245553843,16922400
2017-08-23,26.4586124420166,26.531904929490246,26.366998143247596,26.376159922610647,17847400
2017-08-24,26.435714721679688,26.550234367932777,26.302871512642632,26.522750771187955,16187800
2017-08-25,26.431137084960938,26.60062568739813,26.37616813908993,26.52275315970014,16666200
2017-08-28,26.481523513793945,26.531910690084636,26.408231010407068,26.49526531210676,11986600
2017-08-29,26.596044540405273,26.632689920285767,26.234162021642682,26.266227384324814,17379600
2017-08-30,26.788434982299805,26.806758544769448,26.563977458055547,26.623526414935235,15308000
2017-08-31,26.94876480102539,26.994571961924173,26.82050160513268,26.852566967248062,18851600
2017-09-01,26.92586326599121,27.040382931800877,26.893797899359015,27.017479348125228,12026200
2017-09-05,26.687652587890625,26.898370025517668,26.50900225283595,26.847981111029263,23803400
2017-09-06,26.710561752319336,26.80675783157902,26.59604211107751,26.77011070761473,18227400
2017-09-07,26.80218505859375,26.857155762980994,26.701408928747075,26.797605040277297,15387600
2017-09-08,26.582294464111328,26.797591915602567,26.563972652387367,26.760944797293085,12518400
2017-09-11,26.957923889160156,26.985409233193522,26.79301706725331,26.79301706725331,14074600
2017-09-12,27.022052764892578,27.072439934439387,26.89837135433757,27.035794561366174,15723400
2017-09-13,26.985408782958984,26.99457056415058,26.880050920402255,26.98998879983924,16256600
2017-09-14,26.89379119873047,27.01747261668127,26.834242245496778,26.884629418056594,15253400
2017-09-15,27.003665924072266,27.02665132848938,26.824375560801307,26.87034812330948,26247600
2017-09-18,27.026655197143555,27.12779134179049,26.92551729882242,27.04504422477907,20824000
2017-09-19,27.146177291870117,27.201342614848382,26.99906859481207,27.068026563790404,11232200
2017-09-20,27.03584861755371,27.150777405116333,26.847365476097977,27.141582891670428,17901600
2017-09-21,26.88873863220215,27.02665281998975,26.801391635453236,27.02665281998975,16209200
2017-09-22,26.902524948120117,26.939301240225735,26.787596185570223,26.80138707590061,9649600
2017-09-25,26.5853214263916,26.815178944847663,26.465794534737178,26.815178944847663,27146200
2017-09-26,26.681861877441406,26.792192507196212,26.59911302828843,26.727832680893616,18106600
2017-09-27,26.953094482421875,27.03584333358821,26.7600132451425,26.801387670725667,15271000
2017-09-28,26.985271453857422,26.999062342990115,26.828968280217094,26.88413359042145,11178400
2017-09-29,27.16915512084961,27.192142273215083,26.999061066120866,27.031240975024318,24857400
2017-10-02,27.210538864135742,27.29788586423911,27.07722280456985,27.238122404222192,15143800
2017-10-03,27.2748966217041,27.288687512970707,27.201340525151902,27.23352219423042,12932000
2017-10-04,27.25650978088379,27.297884211671672,27.13698286808591,27.2289262424672,13299200
2017-10-05,27.518545150756836,27.52314152997063,27.32546390397387,27.339256548963,12845400
2017-10-06,27.559919357299805,27.573710248504437,27.417407051381133,27.42660156340884,11852800
2017-10-09,27.628877639770508,27.688641095597248,27.58290682985701,27.601295855292005,13898400
2017-10-10,27.656457901000977,27.73920675197983,27.513945601276557,27.716221349746544,10945800
2017-10-11,27.74839973449707,27.757594245618463,27.619680086144903,27.619680086144903,9961800
2017-10-12,27.679447174072266,27.812764980812474,27.647267255710705,27.68404530736622,12212800
2017-10-13,27.812772750854492,27.86334170917124,27.780592823502836,27.780592823502836,11900000
2017-10-16,27.913904190063477,27.918500569900903,27.817362676736465,27.881724270179177,16612800
2017-10-17,27.913904190063477,27.913904190063477,27.821960810247997,27.904709676714518,10263400
2017-10-18,27.98285484313965,28.019632889219356,27.89550961421098,27.996647487256418,12182600
2017-10-19,27.90011215209961,27.93229207268621,27.716227142129622,27.86333585157527,13745200
2017-10-20,28.088592529296875,28.12077244671415,28.024232694462334,28.0702052576827,14814800
2017-10-23,27.955278396606445,28.157552427620967,27.923098476983093,28.134567021272012,14109800
2017-10-24,28.03342628479004,28.079398846497885,27.918497511031305,28.010440880773075,16071600
2017-10-25,27.881717681884766,28.051811754462953,27.697830965705215,27.969062907549525,18451800
2017-10-26,27.99664878845215,28.116173936418836,27.97825976455763,28.0426195945146,18872800
2017-10-27,28.750585556030273,28.82873628882659,28.447173630827095,28.447173630827095,29078400
2017-10-30,28.814939498901367,28.92527012893829,28.447167809322043,28.447167809322043,17149400
2017-10-31,28.939062118530273,28.998825564758487,28.810340714833064,28.925269474832252,20222600
2017-11-01,28.94365692138672,29.113752739569193,28.79195187835817,29.076974696608566,19101400
2017-11-02,28.95745277404785,28.985034555651943,28.73678799917231,28.943660129572002,20449200
2017-11-03,29.187314987182617,29.214896773209436,28.939068390896747,29.109162501533767,15319400
2017-11-06,29.25166893005371,29.26086344143406,29.150531058543596,29.168920081304297,12000400
2017-11-07,29.26546859741211,29.29305213982585,29.14594342096775,29.283857625687936,11551200
2017-11-08,29.42636489868164,29.430959524448266,29.187312833270536,29.26546355947807,18201000
2017-11-09,29.191905975341797,29.242474911949877,28.89768862090253,29.201100486877245,20490800
2017-11-10,29.191905975341797,29.214891377343534,29.086171723194795,29.155127929200006,11966400
2017-11-13,29.182716369628906,29.219494421953346,29.07698209970722,29.081578479410748,8600600
2017-11-14,29.122955322265625,29.155135243876366,28.962055714211907,29.095373534413103,14741600
2017-11-15,28.906885147094727,29.0218139187871,28.828732670433492,28.98043949083089,16985000
2017-11-16,29.311429977416992,29.371193423235063,29.118350503706807,29.118350503706807,15282200
2017-11-17,29.122955322265625,29.293051197835787,29.10456804825534,29.27006403639308,16604200
2017-11-20,29.23328399658203,29.25626940141135,29.150535136257318,29.191909566419675,13159800
2017-11-21,29.541292190551758,29.55968121473787,29.3252255405496,29.348210943945304,16348000
2017-11-22,29.486125946044922,29.55048577882985,29.435557004949928,29.541293020152505,24231600
2017-11-24,29.65162467956543,29.66541557172909,29.522905009573996,29.53209776856712,8678200
2017-11-27,29.65162467956543,29.688402730233825,29.550486793901317,29.60105573673337,13778200
2017-11-28,29.748159408569336,29.775741188238996,29.57806358346258,29.697590474276716,22623200
2017-11-29,29.090770721435547,29.70219264104152,28.888496710464402,29.697594508022902,67280400
2017-11-30,29.34821319580078,29.42636567775138,29.113759257296987,29.21949352396921,42095000
2017-12-01,29.196502685546875,29.34361311810944,28.773565672160075,29.168920904301345,38423600
2017-12-04,28.72759246826172,29.39417784656998,28.700008935646224,29.380386957099052,33611000
2017-12-05,28.736791610717773,29.067787060955702,28.552906613443167,28.67702990728239,27854200
2017-12-06,28.920671463012695,28.985031284390303,28.55289980251665,28.62185600241825,26524200
2017-12-07,29.099971771240234,29.15513710413934,28.9206831240624,29.044806438341126,23371000
2017-12-08,29.23788070678711,29.380393024219178,29.168924491519206,29.29304778341023,20118000
2017-12-11,29.490726470947266,29.490726470947266,29.205701825962485,29.224090852156483,22843200
2017-12-12,29.48152732849121,29.58726334195597,29.362002177237063,29.472334569964953,16794000
2017-12-13,29.490726470947266,29.633237039765596,29.45394841855927,29.582668094569133,20712200
2017-12-14,29.453941345214844,29.619439033868538,29.440150455718246,29.527497432326385,21892000
2017-12-15,29.789867401123047,29.831397858873864,29.471481893472397,29.545310493516578,42610400
2017-12-18,30.052885055541992,30.085184961440802,29.95137358016409,30.002127557640186,21521600
2017-12-19,29.86830711364746,30.0113490077364,29.794476768037274,29.99289142133385,23953600
2017-12-20,29.85907554626465,29.99750567937055,29.716033657033197,29.99750567937055,17930400
2017-12-21,29.799089431762695,29.960588898092837,29.77140129437443,29.909831420042746,31883800
2017-12-22,29.780637741088867,29.808322363532067,29.702195630549774,29.74833784143012,10971000
2017-12-26,29.582218170166016,29.614518064479242,29.476089694535105,29.596060479096764,12438200
2017-12-27,29.61452865600586,29.66990143195716,29.563771158156925,29.58684402824306,10693200
2017-12-28,29.665281295776367,29.72065406265965,29.614523806239635,29.702196473698557,19316000
2017-12-29,29.508399963378906,29.692970601458153,29.48532885364561,29.683743565735107,13386400
2018-01-02,29.872922897338867,29.872922897338867,29.55453917013882,29.628366005277556,27445600
2018-01-03,30.12209701538086,30.140554605465876,29.89599769758375,29.928297600126193,22663600
2018-01-04,30.274364471435547,30.352806575966106,30.172849503019645,30.24206457425092,21493200
2018-01-05,30.59275245666504,30.620437077684286,30.371264927236513,30.431249446253165,19356000
2018-01-08,30.70812225341797,30.763491518022526,30.560465013762002,30.578919088345998,13467800
2018-01-09,30.629671096801758,30.777328309954747,30.578913599740513,30.76810127431891,21212800
2018-01-10,30.523536682128906,30.532763715448294,30.375879506045305,30.463548644066186,20815600
2018-01-11,30.64812469482422,30.66196700668705,30.518925090204213,30.592755447372898,15775600
2018-01-12,30.82807731628418,30.869607766271187,30.56967814454169,30.61120507410401,16308600
2018-01-16,30.70812225341797,31.128021098516438,30.6296765945177,31.017279048881036,36443600
2018-01-17,31.169538497924805,31.197223118618847,30.781936206084154,30.883451175862056,29376200
2018-01-18,31.224903106689453,31.307960476873742,31.14184573650516,31.169533873516116,29845800
2018-01-19,31.284900665283203,31.33565815810134,31.12339763153894,31.284900665283203,23894400
2018-01-22,31.589445114135742,31.594060392220783,31.197230967123907,31.261830778611703,18004200
2018-01-23,31.727863311767578,31.792463098860313,31.626348354786316,31.69094814187905,20460200
2018-01-24,31.48331642150879,31.866299988755365,31.37718615464557,31.810930736848885,37019000
2018-01-25,31.427936553955078,31.709408589019034,31.349494451179797,31.681723969315918,25951800
2018-01-26,31.926294326782227,31.926294326782227,31.575607073796142,31.644822172736657,20097200
2018-01-29,31.63558006286621,31.833994729812773,31.59405313092211,31.833994729812773,55179800
2018-01-30,31.34949493408203,31.53406376217878,31.2664375532686,31.377179554211594,29662400
2018-01-31,31.584827423095703,31.6355849168764,31.377185690665875,31.534069929315002,30135800
2018-02-01,31.612520217895508,31.834004295667963,31.464862992571888,31.469474750557104,32650000
2018-02-02,30.675809860229492,31.284896166025618,30.67119458324831,31.257208024563393,43929400
2018-02-05,29.393037796020508,30.924980703688078,29.37919372429859,30.348194254630428,98559600
2018-02-06,30.237457275390625,30.28821477299069,28.830098457466626,28.996213264080342,90269400
2018-02-07,29.849853515625,30.47278217813868,29.849853515625,30.163625485543573,47425200
2018-02-08,28.61322021484375,29.98827884168026,28.603993181024947,29.932909597917522,55628600
2018-02-09,29.314592361450195,29.52685110115359,28.133334903265904,29.074649000203397,72700400
2018-02-12,29.84063148498535,30.025203905971072,29.411503862587715,29.628374433000918,35629600
2018-02-13,29.914453506469727,29.988280341988574,29.58222394557208,29.669896613149273,19084000
2018-02-14,30.463550567626953,30.514308055150494,29.72987991775485,29.748337505983862,32117600
2018-02-15,31.044960021972656,31.044960021972656,30.394346596571673,30.754260855784032,24305000
2018-02-16,30.99880599975586,31.33103550345897,30.920363900388327,30.952663795446988,20334200
2018-02-20,31.026504516601562,31.27106147737012,30.809632186734774,30.8419320962622,33835200
2018-02-21,30.82807731628418,31.40947897312947,30.823465559949266,31.146464524627383,29102400
2018-02-22,30.864994049072266,31.146466098410407,30.777321388333377,30.934209122264814,21958800
2018-02-23,31.51099967956543,31.51099967956543,31.044955213839227,31.11878557374352,20772400
2018-02-26,32.004722595214844,32.004722595214844,31.64480846118473,31.64480846118473,21594400
2018-02-27,31.681730270385742,32.166228813673925,31.681730270385742,32.01857161184913,25581200
2018-02-28,31.455629348754883,31.995500695822503,31.451017591222257,31.861689318864354,30464000
2018-03-01,30.9342098236084,31.649422875013848,30.69887997758825,31.529453833879995,42973600
2018-03-02,31.22951316833496,31.29411294320007,30.500454542944524,30.58351189926019,38392200
2018-03-05,31.547910690307617,31.654037418113216,31.012651213014617,31.08186628617145,21777800
2018-03-06,31.61711883544922,31.769391275897853,31.478692224479584,31.727864348734307,20303800
2018-03-07,31.79247283935547,31.824772742797798,31.38180112969211,31.38180112969211,22219600
2018-03-08,31.93089485168457,31.95858299377571,31.73248018208524,31.889367919185258,15248000
2018-03-09,32.53536605834961,32.53536605834961,32.11546389746237,32.15699434610239,24685000
2018-03-12,32.63688278198242,32.76608237063357,32.5445948469282,32.63226750512352,27012400
2018-03-13,32.26312255859375,32.918351050547706,32.15238055780182,32.80299377293223,27618800
2018-03-14,32.23543930053711,32.4523115548856,32.0739398091366,32.42462341319917,27762800
2018-03-15,32.253902435302734,32.443086580501216,32.097014673513904,32.24467187967814,23002800
2018-03-16,32.22057342529297,32.42423857177093,32.17891304013205,32.30852038062462,24404600
2018-03-19,31.581809997558594,31.970621421224028,31.32259885034273,31.919705135062284,39736800
2018-03-20,31.567913055419922,31.688260932223724,31.392022721197463,31.503111167472802,18765600
2018-03-21,31.378141403198242,31.794727548068085,31.294824174224274,31.49848929648031,21867000
2018-03-22,30.568113327026367,31.179105145676388,30.544968279606017,30.99858507640059,42390200
2018-03-23,29.753463745117188,30.62829307595268,29.739578125808578,30.54960554557768,41901600
2018-03-26,30.882862091064453,30.924518932205437,29.938601512718915,30.359813764930742,50251600
2018-03-27,29.892316818237305,31.091155296019313,29.66088049142798,31.072639966101995,59497200
2018-03-28,29.69328498840332,30.183928929879123,29.517392864583318,29.822888781892136,53622000
2018-03-29,30.2811336517334,30.58200163751566,29.69791654488761,29.90620786426986,35368200
2018-04-02,29.559051513671875,30.295017426748302,29.23041231367185,30.160787448647906,52034200
2018-04-03,29.850662231445312,29.920093849239304,29.350760586774488,29.78123061365132,36101400
2018-04-04,30.267242431640625,30.350559650257807,29.239664579174754,29.304468233658483,36298400
2018-04-05,30.392221450805664,30.5912533103197,30.188556344313582,30.544966749236476,32738200
2018-04-06,29.64699363708496,30.355188202476437,29.517388098802577,30.077465328206557,40477800
2018-04-09,29.878440856933594,30.46165804628636,29.841410185134908,29.864551706429662,21859400
2018-04-10,30.61440086364746,30.73937847338887,30.18392910058872,30.350563559284915,31297800
2018-04-11,30.433887481689453,30.70698074651032,30.382971189699237,30.424631579254555,17315600
2018-04-12,30.799558639526367,30.93379218446785,30.582007843636358,30.623668234830348,21256000
2018-04-13,30.697717666625977,31.02635686353486,30.549598542224246,31.01247124740946,22421600
2018-04-16,30.933778762817383,31.0494969205133,30.730113675212436,30.910633718703032,19477400
2018-04-17,31.50774383544922,31.609576392177246,31.151333418339476,31.206875880963228,30445600
2018-04-18,31.424434661865234,31.544782580783693,31.23465864687773,31.47535095327538,19764400
2018-04-19,31.0772762298584,31.257796320292734,30.96618775838469,31.225395368969618,25811600
2018-04-20,30.646804809570312,31.00784499491024,30.51720100267279,30.98470347592933,32477000
2018-04-23,30.535724639892578,30.85047834141857,30.392235176301554,30.762531363635766,37920600
2018-04-24,30.0034122467041,30.76252329273353,29.785861483859282,30.711607006474576,34847600
2018-04-25,30.008045196533203,30.10987778002373,29.62385991570596,30.049702054448804,30581600
2018-04-26,30.554231643676758,30.674576017724107,30.257993362048264,30.38296745246324,33086800
2018-04-27,30.498689651489258,30.882874937420247,30.336684871710933,30.859729883977913,26313000
2018-04-30,30.299652099609375,30.76715460152897,30.26262142924287,30.57737506447996,17372200
2018-05-01,30.679203033447266,30.697718365849028,30.183929368875436,30.257990698482487,18547800
2018-05-02,30.646804809570312,30.989329660862182,30.59125880742614,30.87361147164098,26587400
2018-05-03,30.71623992919922,30.83195813160535,30.23948150031623,30.50794857744389,31090800
2018-05-04,31.299463272094727,31.355005753767145,30.563493606978998,30.600524282386996,21682600
2018-05-07,31.517005920410156,31.665128600310556,31.396661540149665,31.447577828505665,26914800
2018-05-08,31.586435317993164,31.614210084236852,31.32259799303041,31.466090946212827,30294800
2018-05-09,31.975250244140625,31.975250244140625,31.56329378138981,31.665126350867773,28826600
2018-05-10,32.39183807373047,32.414979593420874,32.09097006624328,32.123371018961045,23132600
2018-05-11,32.345550537109375,32.4705281728189,32.23909176892346,32.35943968775209,17521200
2018-05-14,32.340911865234375,32.5954896923664,32.30851092245619,32.452000307411296,20261800
2018-05-15,32.03540802001953,32.14187025788705,31.868773623362593,32.11409550415274,28525200
2018-05-16,32.17891311645508,32.25297445405507,32.012282169733,32.08633997589404,13361000
2018-05-17,32.01227569580078,32.28073916171125,31.88266838121165,32.06318844080586,21600200
2018-05-18,31.878047943115234,32.04930860253211,31.850273176406354,31.90581917838524,15765800
2018-05-21,32.15576934814453,32.31314438237969,31.993764597773428,32.16965496511367,22578400
2018-05-22,32.10947799682617,32.359429659344244,32.040046390887014,32.31313956775935,14782000
2018-05-23,32.345550537109375,32.345550537109375,31.84102087170815,31.845650588589056,29387600
2018-05-24,32.30851364135742,32.373315532367144,31.984500654870608,32.33628487137924,22401400
2018-05-25,32.28538131713867,32.401099529744904,32.20669378011194,32.33166789589325,18782800
2018-05-29,32.10947799682617,32.28999805340508,31.896556995000743,32.12336361172637,58660800
2018-05-30,32.345550537109375,32.38721092615897,32.17891604378951,32.27149272421125,19930400
2018-05-31,32.35480880737305,32.567729867527376,32.280747465698944,32.345549373944216,30568000
2018-06-01,32.9056282043457,32.910257921507096,32.51681671733612,32.57236272895441,25445800
2018-06-04,33.169456481933594,33.20185742684798,32.95653195085263,32.988932895767014,19866000
2018-06-05,33.28517150878906,33.34534367754628,33.16019392487463,33.25276703549156,34549600
2018-06-06,33.50272750854492,33.50272750854492,33.16946210355941,33.340722756516115,35379000
2018-06-07,33.23427200317383,33.48422023421065,32.99357614385302,33.48422023421065,39047200
2018-06-08,33.1787223815918,33.238894574158216,32.91488502735563,32.98431665351025,19809600
2018-06-11,33.21574783325195,33.32220658271185,33.12317116911438,33.19723250042444,14647000
2018-06-12,33.37775802612305,33.40552926417533,33.22037943713526,33.27592544467905,15626800
2018-06-13,33.20648193359375,33.52586518264544,33.19259631953724,33.377746080312676,29278000
2018-06-14,33.44255828857422,33.525875530066294,33.285183238777556,33.3360959955525,22654800
2018-06-15,33.31481170654297,33.36590832616223,33.11507134183489,33.324100390134454,33641200
2018-06-18,33.351985931396484,33.37520942098453,32.98037465851023,33.082567935751335,16580400
2018-06-19,33.18010330200195,33.19403809959052,32.757395540767334,32.94320111115677,25913400
2018-06-20,33.249786376953125,33.407718834547794,33.212624547890705,33.25907506224519,22931200
2018-06-21,32.99430847167969,33.39843545302919,32.91534223034227,33.379854535547274,29634200
2018-06-22,32.8874626159668,33.08720298816685,32.752753663185686,33.07791076028039,31385800
2018-06-25,32.20463562011719,32.65521307632346,31.921282859903904,32.62269736009967,36055400
2018-06-26,32.33469772338867,32.54837293124734,32.22785834748574,32.306828122695386,27719000
2018-06-27,31.893407821655273,32.585529974116234,31.884115593491234,32.4368862190116,44109200
2018-06-28,32.28361511230469,32.39045453460371,31.851618394223813,31.851618394223813,35598000
2018-06-29,32.26966094970703,32.548367542337104,32.251080037672146,32.409012474048765,20019200
2018-07-02,32.55765151977539,32.56694374642283,31.944495687049745,31.99094973239476,25091200
2018-07-03,32.172115325927734,32.67843191278663,32.14888829880989,32.65520842961555,12722800
2018-07-05,32.62733840942383,32.64591932410621,32.278954233010154,32.37185880642206,27320000
2018-07-06,33.00823211669922,33.05932873651643,32.56694699349221,32.645913208138275,25603800
2018-07-09,33.25907516479492,33.26836739406272,33.012884248404674,33.184755050388006,17455200
2018-07-10,33.33803176879883,33.43093631491883,33.263711675848896,33.263711675848896,22986200
2018-07-11,33.20798110961914,33.33804397787276,33.050048639296136,33.10114527238825,25949800
2018-07-12,33.73287582397461,33.75145673646835,33.314814152732254,33.351975977719725,23706600
2018-07-13,33.69572448730469,33.779336847578804,33.584242521588465,33.73752889546785,18516800
2018-07-16,33.61674880981445,33.77468125493469,33.55171738606532,33.705003716932964,13332000
2018-07-17,33.86758041381836,33.923319600164405,33.35661424600472,33.375195156102144,14903200
2018-07-18,33.81184005737305,33.86293667774178,33.691065905233636,33.858290563904674,14164000
2018-07-19,33.691070556640625,33.85829523839879,33.63068524420733,33.7282323845751,14910000
2018-07-20,33.70036315917969,33.88616521301781,33.6585552163032,33.821133785385065,14439600
2018-07-23,33.87223434448242,33.89081526081208,33.495980534662245,33.6306895200917,25151000
2018-07-24,34.05802917480469,34.346027970759955,33.918674118451364,34.211319028004084,21557200
2018-07-25,34.48539352416992,34.48539352416992,34.016238634249255,34.06733172883905,30466200
2018-07-26,33.95584487915039,34.067326827215965,33.83507070144346,33.89545956227054,25094400
2018-07-27,33.37520217895508,34.02087387893222,33.16617309828077,33.9976503943834,63550200
2018-07-30,32.854949951171875,33.407717067461945,32.66449824526113,33.35662044119062,35695400
2018-07-31,32.94321060180664,33.15688582893117,32.76205109307176,32.957145403409704,29954000
2018-08-01,33.24048614501953,33.3473254918655,33.059326701888466,33.18010084529125,29322800
2018-08-02,33.658565521240234,33.70037347691668,32.933927366364045,32.933927366364045,26209800
2018-08-03,33.77932357788086,33.77932357788086,33.51455179834905,33.667841655958625,14491400
2018-08-06,33.960487365722656,33.97906827907299,33.68642332373882,33.765393091464446,15000400
2018-08-07,34.09054946899414,34.21132363115416,34.03016415988752,34.081260784495726,20545400
2018-08-08,34.18345260620117,34.24848757750374,33.98371575357119,34.07197066558405,14197200
2018-08-09,34.197383880615234,34.32744670844043,34.16951074326251,34.2159647908683,23446200
2018-08-10,33.92332458496094,34.08590314227042,33.82577745057525,33.9419054977887,23138400
2018-08-13,33.87687301635742,34.23454583126252,33.86758433220715,33.97442014769518,24128800
2018-08-14,34.08591079711914,34.127718746357324,33.80255801476859,33.99300975606382,18359000
2018-08-15,33.77932357788086,33.9976448519406,33.51455179834905,33.87222458882499,35584400
2018-08-16,33.9279670715332,34.13235354683857,33.85364342816894,34.03944899263323,18208800
2018-08-17,33.979068756103516,34.07196978021256,33.71429693905115,33.82577887677139,18048200
2018-08-20,33.9279670715332,34.06731858692165,33.79325812589524,34.0580299034743,21239600
2018-08-21,33.98371505737305,34.19739024915639,33.941907115531244,34.02087334085286,16004600
2018-08-22,34.08591079711914,34.137007432883834,33.83043116224323,33.88152779800792,12742400
2018-08-23,34.16023635864258,34.346041995000085,34.02552736088208,34.02552736088208,18735000
2018-08-24,34.50396728515625,34.51325951420712,34.24848768940944,34.25313025998787,13115200
2018-08-27,34.81982421875,34.83840512675777,34.596860410548416,34.68976140664144,16415000
2018-08-28,34.88022994995117,34.959199741243154,34.782682783711806,34.889522181372776,14770400
2018-08-29,35.196083068847656,35.21931009328128,34.917376495376004,34.922022609052,22364600
2018-08-30,35.0892448425293,35.316854781710425,34.982405499026086,35.09853352529448,21040600
2018-08-31,35.11711883544922,35.21002339447387,34.996344680690456,35.05673353004312,20537800
2018-09-04,34.9824104309082,35.03350705318567,34.74551177556351,34.95454083473744,22147600
2018-09-05,34.545772552490234,34.96383068477943,34.36925565366466,34.93596108767928,32853200
2018-09-06,34.29494094848633,34.56900148032924,34.025522987593526,34.49468136170723,27957600
2018-09-07,34.17881393432617,34.4528744745936,34.03481271965842,34.071974552085415,28462000
2018-09-10,34.28565216064453,34.350683599947565,34.09985007346309,34.3042330781522,33309000
2018-09-11,34.57828903198242,34.65260914054957,34.10448460707293,34.18809694417774,27189800
2018-09-12,34.43429183959961,34.50861550074375,34.15558519820354,34.503969385935434,32536400
2018-09-13,34.838409423828125,34.92666786176463,34.63866906804033,34.647957751216985,25454800
2018-09-14,34.810546875,34.9638332140864,34.65261087746491,34.87093218773422,18878400
2018-09-17,34.3739128112793,34.81984422788161,34.336750973908806,34.75945890011546,29584200
2018-09-18,34.592220306396484,34.75944496356832,34.33209463699427,34.33209463699427,19302000
2018-09-19,34.50396728515625,34.70370768238587,34.30887300245207,34.58757962687905,20870600
2018-09-20,34.91273880004883,34.949897082805634,34.60151293133922,34.708352297125536,27401800
2018-09-21,34.77477264404297,35.10103232139872,34.760790594436834,35.04510412297419,46041000
2018-09-24,34.94723129272461,34.95188960596033,34.471820201322416,34.60698596040876,34513600
2018-09-25,34.9052734375,34.97518723533039,34.76078752969042,34.9052734375,21101000
2018-09-26,34.77477264404297,35.0963740088392,34.71418257709512,34.94256435124415,26641200
2018-09-27,34.979862213134766,35.07774014439443,34.900624649383296,34.900624649383296,28466400
2018-09-28,35.110347747802734,35.14297370781572,34.863322113995395,34.881962471748864,23421200
2018-10-01,35.27814865112305,35.42263457529806,35.17094700817896,35.33407685095138,20668200
2018-10-02,35.282806396484375,35.48322407322906,35.1243384249003,35.23619837872223,28014000
2018-10-03,35.390010833740234,35.548478817844284,35.32475889252514,35.40399288457717,26584800
2018-10-04,34.7514762878418,35.24553136243345,34.523094451717164,35.21756369966785,46584800
2018-10-05,34.3133430480957,34.84468220419812,33.97775967456505,34.73748057700119,44577000
2018-10-08,33.92649459838867,34.25741615081696,33.53964129046513,34.150214508442005,39946000
2018-10-09,34.047691345214844,34.24810910096223,33.84261171906443,33.91252555124891,30277800
2018-10-10,32.397727966308594,33.84725969775285,32.37442217982394,33.84259782926316,88286000
2018-10-11,31.987579345703125,32.85450225824504,31.726571520323596,32.304518943363234,136539000
2018-10-12,33.01296615600586,33.12016424965244,32.36976337026998,32.89178245556859,71818800
2018-10-15,32.4723014831543,32.91974486644469,32.45365756435504,32.89178076622776,38305000
2018-10-16,33.451080322265625,33.558281954243405,32.80321933012606,32.882456865050294,41998600
2018-10-17,33.29728317260742,33.51634480757949,32.99898753740083,33.493039016468416,48329800
2018-10-18,32.64475631713867,33.171433708553266,32.4490004961843,33.14813147613339,45920600
2018-10-19,32.63078308105469,33.190086593713126,32.50959934945819,32.835859139181444,44283400
2018-10-22,32.90110397338867,33.11550728131571,32.588826305701396,32.78458213715035,31962000
2018-10-23,32.77526092529297,32.94771451765545,31.889694286507567,32.21595755130436,48132200
2018-10-24,31.307086944580078,32.77060096240688,31.26979910255491,32.69136696507664,68330800
2018-10-25,32.38374328613281,32.551531422529884,31.70325278046868,31.75452266179904,46754400
2018-10-26,31.735897064208984,32.31384814082271,31.279133292652762,31.577429016597996,85487200
2018-10-29,31.199892044067383,32.40239484703002,30.57067120223386,32.174013014136975,68110600
2018-10-30,31.549453735351562,31.661313703241714,30.90625091906359,31.171920565280367,61121600
2018-10-31,32.29985809326172,32.55620402849941,32.00622075680002,32.02020280978112,42288200
2018-11-01,32.67738342285156,32.700689212045376,32.071468463454245,32.34646184089167,31106200
2018-11-02,32.03885269165039,32.61680373277575,31.768524653150475,32.42570615725076,40426200
2018-11-05,32.00621032714844,32.071462257106795,31.544784949310515,32.0201923755733,28416400
2018-11-06,32.20663833618164,32.360448030215665,31.950292402089563,31.978256507926794,18267600
2018-11-07,33.15278625488281,33.15278625488281,32.537551200351515,32.57950090377784,32629600
2018-11-08,33.12482833862305,33.1667780498784,32.91509045023929,33.02695042031301,20819400
2018-11-09,32.551544189453125,32.868483781999494,32.27655431443157,32.84051967429286,25883600
2018-11-12,31.404964447021484,32.30917504635344,31.367680161454413,32.25324328405639,32862200
2018-11-13,31.442256927490234,31.982920041570644,31.349040865873178,31.47954477452298,31407000
2018-11-14,31.06471824645996,31.85706520831982,30.906246720509717,31.791813272917892,38993400
2018-11-15,31.843095779418945,31.917671481414924,30.934226636125395,31.116000464784104,52602200
2018-11-16,31.79181671142578,31.98291422574552,31.404963369727888,31.47021531218727,35945800
2018-11-19,30.579998016357422,31.675302817585056,30.49610213274192,31.64267683817709,38397200
2018-11-20,29.922813415527344,30.328310784599775,29.54062361975023,29.727057536374488,56129600
2018-11-21,30.141864776611328,30.449484100851883,30.016022770489936,30.32830040742707,33006600
2018-11-23,29.866872787475586,30.197794318830667,29.806280945205195,29.820262994197666,10676200
2018-11-26,30.542701721191406,30.542701721191406,30.099920186524717,30.25838816955437,25069200
2018-11-27,30.603294372558594,30.64990239219994,30.15584742730257,30.332962880289237,23076400
2018-11-28,31.675291061401367,31.675291061401367,30.79438638836609,30.910908208142857,33219200
2018-11-29,31.367679595947266,31.62402550093424,31.19988786804543,31.577417477842445,28230800
2018-11-30,31.665969848632812,31.68927207825064,31.232508550948673,31.386314645509916,33019600
2018-12-03,32.3651123046875,32.49095434627018,32.015546731889636,32.458328368380975,32463400
2018-12-04,31.1392879486084,32.20662817487683,31.06471583791534,32.13671437637718,41982200
2018-12-06,31.209211349487305,31.209211349487305,30.253734329224724,30.407540466090477,43155800
2018-12-07,30.109235763549805,31.199881782169378,29.969411721548624,31.060054184204667,39875000
2018-12-10,30.524059295654297,30.640581132161106,29.768998292925154,29.94145011312024,40895600
2018-12-11,30.56134605407715,31.060059354419916,30.31432033838832,30.999469281730015,31626200
2018-12-12,30.799049377441406,31.283780592065217,30.78506732751366,31.055395256699125,33857600
2018-12-13,30.85032844543457,31.176588227388653,30.673212944403847,30.948206380020796,25638600
2018-12-14,30.095260620117188,30.64990571508329,30.067296516493467,30.482113981412272,31032400
2018-12-17,29.45671844482422,30.18847360371898,29.219012920269712,29.983397604697586,46527000
2018-12-18,29.68976593017578,29.946113628990933,29.45206037496044,29.68510406078916,39253200
2018-12-19,29.102489471435547,30.17448987266926,28.785549975003754,29.647812520112744,67212200
2018-12-20,28.580476760864258,29.270285840014424,28.165659295116985,28.9766503055037,79003600
2018-12-21,27.712125778198242,28.9385740721751,27.590416119263075,28.5874914021448,83227400
2018-12-24,26.972515106201172,27.78702781753846,26.94910994823669,27.449987828612812,42234000
2018-12-26,28.601533889770508,28.601533889770508,27.005278101954424,27.15975533256507,58120200
2018-12-27,28.807506561279297,28.816868981001168,27.655955720973626,28.203643881960843,46877600
2018-12-28,28.741971969604492,29.219442884841342,28.493872306382553,29.01815710684095,39685800
2018-12-31,29.013473510742188,29.12113865555409,28.770055962850485,28.990068355035064,33720200
2019-01-02,29.03220558166504,29.205405919881585,28.381532448146693,28.418980349466782,30885800
2019-01-03,27.5670166015625,28.3113120856372,27.52956870433252,28.292587244172626,49893400
2019-01-04,28.788789749145508,28.910497668068274,27.983639285550453,28.072581404858887,41535600
2019-01-07,29.046241760253906,29.242849001296097,28.723246318319042,28.78878147010012,23817200
2019-01-08,29.28965950012207,29.430092224217585,28.94325889973306,29.327109178920324,26005200
2019-01-09,29.668834686279297,29.823310174274102,29.416054666979484,29.44882224884806,28044800
2019-01-10,29.799903869628906,29.813946608262206,29.299025953783445,29.434778379569394,21868200
2019-01-11,29.743732452392578,29.762457295202665,29.561169699242463,29.62670486337847,15451200
2019-01-14,29.467548370361328,29.57053143826064,29.36456351676265,29.481591110143196,14483800
2019-01-15,29.912246704101562,29.973099752962902,29.50967158973172,29.561164004690507,28654000
2019-01-16,29.940336227416992,30.122898970095275,29.884163487908104,29.945018330700595,18937000
2019-01-17,30.132265090942383,30.30546363805663,29.75309505734582,29.83267296123067,20256800
2019-01-18,30.591007232666016,30.65186385704641,30.235242406512658,30.431851445759442,27303200
2019-01-22,30.076087951660156,30.394403110969456,29.837352475027757,30.342910690243077,29985000
2019-01-23,30.179067611694336,30.4271654663812,29.84202766895079,30.202470980752942,19152200
2019-01-24,30.431856155395508,30.539519540518263,30.272696772459273,30.28673951213627,28341800
2019-01-25,30.86251449584961,30.956135134188443,30.54888142887624,30.661226909162526,20061600
2019-01-28,30.450578689575195,30.45993932485044,30.197798680362517,30.403764799003703,19324800
2019-01-29,30.122896194458008,30.516110691885533,30.076085880130414,30.511428589033358,17147800
2019-01-30,31.059120178222656,31.148062285193376,30.488024995060353,30.623777421500446,33990600
2019-01-31,31.026350021362305,31.194870014578726,30.80165907800584,30.899961812149062,36501800
2019-02-01,31.20891761779785,31.3774376372877,30.993587275427203,31.040397598308,19475600
2019-02-04,31.70979118347168,31.714473286531305,31.227638138878756,31.251045082778656,15208600
2019-02-05,31.97661590576172,32.056197377135696,31.780010421799176,31.817460105810643,24121400
2019-02-06,32.08428955078125,32.17323167602205,31.892362558714083,32.01407227145425,20379200
2019-02-07,31.644250869750977,31.92511629379125,31.428920592273514,31.789367469766596,29264000
2019-02-08,31.826810836791992,31.826810836791992,31.33997581033853,31.3587006465172,16977600
2019-02-11,31.812774658203125,32.02342643007444,31.737878869451905,31.925120127028986,14869400
2019-02-12,32.23408126831055,32.276209488521175,31.9859833366734,32.03279366070703,19418200
2019-02-13,32.276206970214844,32.51026214351995,32.25748569918113,32.3932345568674,18241800
2019-02-14,32.33237838745117,32.44940596284681,32.13109081491474,32.15449775855314,19484000
2019-02-15,32.58984375,32.622611331540796,32.40728099978721,32.57579743956949,14712000
2019-02-19,32.59920883178711,32.69751158981708,32.42600669350629,32.45877427951628,16638200
2019-02-20,32.63665771484375,32.77241015964214,32.46345558084602,32.62729350684445,19704200
2019-02-21,32.65070343017578,32.78177378291605,32.44941579663916,32.55708277004681,19508200
2019-02-22,33.06731033325195,33.08603517326874,32.79112697865002,32.80048761295939,24493200
2019-02-25,33.226478576660156,33.45585167828255,33.203071627527684,33.31541712628573,40341000
2019-02-26,33.29668426513672,33.39030846772773,33.08135395627463,33.10944300275101,28268000
2019-02-27,33.26390838623047,33.30604015973218,32.92218995339241,33.17028777840019,19555000
2019-02-28,33.1702880859375,33.29667626481991,33.08602810955013,33.142202617607474,18876600
2019-03-01,33.394981384277344,33.48392346893454,33.1281587017033,33.432431059016956,24668000
2019-03-04,33.26860809326172,33.619690915508635,32.898800425260404,33.53543089531341,31653000
2019-03-05,33.1702880859375,33.2919977343631,33.06730327353101,33.249865960470764,17907600
2019-03-06,32.99709701538086,33.184341866504774,32.95496879886218,33.14689218200029,26244200
2019-03-07,32.68346405029297,32.93156196099996,32.57579709983976,32.9034764832289,36996600
2019-03-08,32.67878723144531,32.70687628515723,32.224719553259334,32.29025829765442,25781400
2019-03-11,33.380950927734375,33.41371851233517,32.795812937435294,32.795812937435294,29153800
2019-03-12,33.57756423950195,33.689909747809885,33.371594498104635,33.4745793688033,36101200
2019-03-13,33.79755783081055,33.998845376457716,33.70393721155974,33.72266204968944,35667200
2019-03-14,33.86777114868164,33.97075596073895,33.77415054030079,33.85372841456424,21313200
2019-03-15,34.27776336669922,34.432739733414316,33.96311698550472,33.98659955607509,42049000
2019-03-18,34.4233512878418,34.51257717985341,34.21201888658408,34.301248361533176,29675200
2019-03-19,34.493797302246094,34.65816816801651,34.357609827140735,34.564241447156554,32306200
2019-03-20,34.39985656738281,34.681629419948194,34.1932214701313,34.456212571070374,27408600
2019-03-21,35.263973236083984,35.339114601558435,34.39986903075289,34.40456626182942,54548200
2019-03-22,34.43273162841797,35.22639503210754,34.41864352256678,35.08080957812709,53494800
2019-03-25,34.28246307373047,34.51257723360562,34.06173979299947,34.32003375618202,43893800
2019-03-26,34.47031021118164,34.80374193029133,34.26837228744623,34.58301866679714,27930200
2019-03-27,34.273075103759766,34.653468442792246,33.972513201572504,34.52197462598782,31662400
2019-03-28,34.41394805908203,34.55483629069696,34.202619294596204,34.37637738625984,21079400
2019-03-29,34.7520751953125,34.766163301175915,34.53135198228867,34.700416418522394,28694400
2019-04-01,35.22639083862305,35.268655151145296,34.89295923573795,35.090199860047,25181000
2019-04-02,35.34850311279297,35.39546825453708,35.14656518528001,35.254579995179284,23574200
2019-04-03,35.634971618652344,35.813430549913875,35.49408694879741,35.55983384465046,27738000
2019-04-04,35.48468780517578,35.71480549323241,35.273359036811634,35.62087880945318,23006200
2019-04-05,35.65374755859375,35.6913182271586,35.541039135835376,35.60208878505113,13419600
2019-04-08,35.789947509765625,35.808732848753486,35.418945126363795,35.56922425532961,14619800
2019-04-09,35.62089157104492,35.76647708732624,35.54105654843325,35.63497968292487,26880200
2019-04-10,35.869789123535156,35.879183586228876,35.634977717320226,35.65376305976995,17234800
2019-04-11,35.82281494140625,35.95430870930198,35.747677181010026,35.944917832853626,15394600
2019-04-12,36.07172393798828,36.07172393798828,35.82282444232453,36.024762377418455,17110000
2019-04-15,36.0576286315918,36.16094619398734,35.86508519680284,36.071716738657244,19821400
2019-04-16,36.240779876708984,36.278350549480535,36.06702178527954,36.170335760996466,19218600
2019-04-17,36.442718505859375,36.489680056311286,36.26426318096747,36.470898302479824,24495800
2019-04-18,36.5460319519043,36.55542282776271,36.273649973839376,36.52254938785393,22983800
2019-04-22,36.63057327270508,36.6446613814631,36.344103118168185,36.37697656624928,16168800
2019-04-23,37.029747009277344,37.07670855993905,36.649353791099884,36.68692446480391,33385600
2019-04-24,37.04383087158203,37.212895300941554,36.98747845041969,37.05792255980886,21876600
2019-04-25,37.034454345703125,37.31622730950415,36.83721362933617,37.21290972009166,22775200
2019-04-26,36.893558502197266,36.90295296272765,36.49907715040642,36.80902627210824,22100400
2019-04-29,36.902950286865234,37.02035595442365,36.860682383417156,36.89825305694064,21226400
2019-04-30,36.96400451660156,37.01566330335241,36.67753436568763,36.88416951269101,37685800
2019-05-01,36.87007522583008,37.42892374249535,36.86537799611154,37.335000645743534,30893600
2019-05-02,36.677528381347656,37.1283656970293,36.48028772753753,36.86068092887656,49977600
2019-05-03,37.025047302246094,37.057924326740036,36.75736254015295,36.8090213173057,26576600
2019-05-06,36.73858642578125,36.799636088632724,36.001278909461966,36.142163573643124,26045000
2019-05-07,35.949615478515625,36.46619967962754,35.62087747203604,36.3253114507168,41251200
2019-05-08,35.9073486328125,36.2173013123582,35.771157629642715,35.83221086933683,27334600
2019-05-09,35.66315841674805,35.78056412279956,35.062041775034345,35.46122045902193,38601800
2019-05-10,35.775856018066406,35.93552600995821,34.92114288109977,35.43302988409766,39192400
2019-05-13,34.42803955078125,34.97280361145705,34.32941921212861,34.766168473554245,50922400
2019-05-14,34.98219299316406,35.19821899948951,34.5736235480659,34.60179976277977,36808600
2019-05-15,35.36259841918945,35.470609657190366,34.68164320661517,34.73799923270541,30097200
2019-05-16,35.68663024902344,35.94492418369499,35.33911043205025,35.386071988462234,30889400
2019-05-17,35.40015411376953,35.879171223844885,35.31562189334073,35.32031912306913,27087800
2019-05-20,34.78495407104492,35.07612144181088,34.61588960839848,34.803739409443075,29349200
2019-05-21,35.21231460571289,35.325023060039335,35.07142635060196,35.15126135646081,29682200
2019-05-22,35.029144287109375,35.24047658438539,34.96339741673969,34.982182748693276,23042200
2019-05-23,34.41394805908203,34.57362162710806,34.1603513919371,34.55483629069696,32171400
2019-05-24,34.4233512878418,34.7802620217632,34.385780605448765,34.601806654802495,23500000
2019-05-28,34.3247184753418,34.752076815449435,34.30593672193923,34.53135359213552,51545600
2019-05-29,34.12277603149414,34.28714320658179,33.892658403435746,34.07111726461864,29509600
2019-05-30,34.33411407470703,34.40455819258298,34.099302737078304,34.20262029890481,22841000
2019-05-31,33.76116943359375,34.08051295442901,33.74708132844364,33.92084298547948,24079600
2019-06-03,33.1694450378418,34.00067909865435,32.94402818208459,33.81282933023246,39407400
2019-06-04,34.27776336669922,34.27776336669922,33.423050108821236,33.59211458470367,30192400
2019-06-05,34.72390365600586,34.80373865526533,34.3294187240668,34.73329453353297,28791600
2019-06-06,35.127777099609375,35.198217633660676,34.65815443027201,34.817824418037134,23845000
2019-06-07,35.780555725097656,35.99188451321636,35.2404888874269,35.31093301111213,23984200
2019-06-10,36.14685821533203,36.484987117850764,36.038843422552056,36.038843422552056,26927600
2019-06-11,36.14685821533203,36.550734006347554,35.94022308980687,36.51316333208176,23100200
2019-06-12,35.94491195678711,36.07170847426247,35.86037975082491,35.97308816446255,15193800
2019-06-13,36.05293655395508,36.17973670153865,35.921442758636715,36.07172189370588,19734800
2019-06-14,35.73828887939453,35.855694561378705,35.58331251927053,35.724200770826364,16883400
2019-06-17,35.76646423339844,35.94491955797355,35.68662565654162,35.76176700348059,18702200
2019-06-18,36.414546966552734,36.593002314352184,36.03415370124522,36.14686215338502,32362400
2019-06-19,36.5460319519043,36.63995504223333,36.259561868583646,36.50846128259819,24742400
2019-06-20,37.08141326904297,37.20351619174034,36.77146410581102,37.08141326904297,27783800
2019-06-21,36.90608215332031,37.2265539693017,36.89194427249097,36.94378556592879,41430400
2019-06-24,36.9767951965332,37.09932955613349,36.920240046964466,36.972081368503154,16431800
2019-06-25,36.298133850097656,36.990918885082365,36.25572020090066,36.95792929273052,26245400
2019-06-26,36.689300537109375,36.94850705808288,36.642173059367664,36.65159711667758,18138400
2019-06-27,36.783565521240234,36.91081009295616,36.7034448399114,36.811841293711176,13675000
2019-06-28,36.778846740722656,36.93908089060717,36.66574007047499,36.89666723761288,35566800
2019-07-01,37.363216400146484,37.66955025541618,37.2076925603888,37.62242279974263,28553200
2019-07-02,37.46220016479492,37.4857656998829,37.259548788064166,37.34437968054671,15568400
2019-07-03,37.749691009521484,37.749691009521484,37.48106038823517,37.55646724117003,10683600
2019-07-05,37.678993225097656,37.744972415284444,37.306683621442,37.443352232831636,11847800
2019-07-08,37.39151382446289,37.43864490304538,37.217141777855005,37.38680359308182,14919800
2019-07-09,37.52346420288086,37.551739964806146,37.14172343891271,37.198278558358645,18499600
2019-07-10,37.82038116455078,38.04659811058807,37.70256066248053,37.73083643238655,20217200
2019-07-11,37.96175003051758,38.10784623639661,37.83450193231766,37.91461897453553,22704400
2019-07-12,38.23982620239258,38.26339174371857,38.01361282628888,38.07959202728552,15506800
2019-07-15,38.367069244384766,38.414196725140826,38.258672802609155,38.34350370620858,12572000
2019-07-16,38.00889205932617,38.32465012010211,37.94291287037586,38.3199362935782,16011400
2019-07-17,37.90992736816406,38.16442009398534,37.9052135411313,38.079589185378246,13416000
2019-07-18,38.19269943237305,38.249254575259144,37.7968206233641,37.82509999260557,16044000
2019-07-19,38.027740478515625,38.58856353605392,37.98060940854793,38.57442565330193,23359400
2019-07-22,38.466041564941406,38.56029653510885,38.16913157728037,38.173845404467734,13849400
2019-07-23,38.6781120300293,38.715815451445735,38.39062973402227,38.68753608758532,11010800
2019-07-24,38.99858474731445,39.01272263174618,38.626271543028665,38.626271543028665,18514200
2019-07-25,38.83835983276367,38.913763099530556,38.630994556859825,38.913763099530556,19846800
2019-07-26,38.92318344116211,38.99859029632241,38.819504408711836,38.857204240695225,22240400
2019-07-29,38.899620056152344,38.96559925417768,38.597999837866034,38.94203371391294,16946400
2019-07-30,38.64984130859375,38.81478930433406,38.54615868395794,38.630989595423905,14728000
2019-07-31,38.06544494628906,38.89961608641925,37.66485597184513,38.85719883739075,33738600
2019-08-01,37.872215270996094,38.93731341392973,37.68370178441379,38.13142176449621,57666000
2019-08-02,37.25484848022461,37.58003065835567,36.915524819916726,37.565892771775644,44743800
2019-08-05,35.6995964050293,36.312264184211614,35.41211421893858,36.260422898484116,55653200
2019-08-06,36.29341506958008,36.42537340790113,35.87868475417673,36.18030484050914,38301600
2019-08-07,36.51963424682617,36.61860301658395,35.68075302122593,35.87869056074148,41164800
2019-08-08,37.41508102416992,37.42450867854339,36.7175856155918,36.811840585746694,31983200
2019-08-09,36.99092102050781,37.29725502179965,36.708152556083085,37.19357241253816,31145200
2019-08-12,36.50551223754883,36.87311171236735,36.33585038830994,36.73643946739173,21786800
2019-08-13,37.419795989990234,37.56117844952465,36.392400963414495,36.47251805004367,52085600
2019-08-14,36.269866943359375,36.896672946746015,36.17561196950133,36.731724944696055,47138600
2019-08-15,36.20388412475586,36.39239764923094,35.897550096933415,36.30285291609608,31324600
2019-08-16,36.891944885253906,36.96735171172334,36.52434559520389,36.57618688950278,21694000
2019-08-19,37.452789306640625,37.56589600461136,37.2595619184934,37.47164102223526,15756200
2019-08-20,37.26426696777344,37.594162923971744,37.245415256619786,37.40565300362771,16675400
2019-08-21,37.70256042480469,37.79681538762816,37.53289861524536,37.6224433468451,16802600
2019-08-22,37.61300277709961,37.88634710925758,37.27839309970422,37.80151623360838,15188200
2019-08-23,36.36882400512695,37.74968014044287,36.218013938275874,37.405646360874286,40797800
2019-08-26,36.87310028076172,36.88723816454899,36.5667662815186,36.81654874561264,20717000
2019-08-27,36.81654357910156,37.17942906256958,36.6044645652656,37.11344988375721,20066000
2019-08-28,36.84953308105469,36.91079843392204,36.354685645540755,36.618602360163884,14279000
2019-08-29,37.490478515625,37.60358517068815,37.21713413659297,37.34909250009927,16241200
2019-08-30,37.481048583984375,37.782668709538534,37.212418047300346,37.73554123909485,20150800
2019-09-03,37.0239143371582,37.499910184080846,36.891955946865934,37.17001420835018,23675000
2019-09-04,37.65542984008789,37.674281550218225,37.38679926302372,37.42450268328439,15458800
2019-09-05,38.44247817993164,38.598002125464554,38.13143388446266,38.15028200307558,20086600
2019-09-06,38.40947723388672,38.546149424840756,38.30579463415636,38.52729771619926,18300200
2019-09-09,38.12200164794922,38.60742154482174,37.91935023904554,38.58856983287763,25221400
2019-09-10,37.92877197265625,37.947620086062024,37.499903682960095,37.947620086062024,19717000
2019-09-11,38.32465744018555,38.33408149943727,37.96648206347442,38.046602747299694,18818600
2019-09-12,38.53201675415039,38.843060999817936,38.37177900682157,38.56029252313937,25542000
2019-09-13,38.24924850463867,38.47074802236162,38.20683125530702,38.47074802236162,33067200
2019-09-16,38.15498733520508,38.23981823246274,37.895784412626035,37.93348423705475,15451800
2019-09-17,38.31051254272461,38.31051254272461,38.09372326363917,38.183264394733406,15402600
2019-09-18,38.30580520629883,38.334080979267114,37.7873956601653,38.249253660362264,17261400
2019-09-19,38.390625,38.72994855971294,38.3387837008441,38.42361459077233,16387000
2019-09-20,37.942935943603516,38.5338737540586,37.84365882426284,38.51496331130826,30027200
2019-09-23,38.06113052368164,38.174589594305935,37.86730115484959,37.94766784625852,15648400
2019-09-24,37.6923828125,38.45823598621747,37.53164583578989,38.311684548145315,35448200
2019-09-25,38.14149475097656,38.24550039516244,37.29527127222616,37.640380581861244,23913200
2019-09-26,38.18403244018555,38.31640552718939,37.886201109722016,38.12730472398173,18178600
2019-09-27,37.67346954345703,38.264407371121756,37.38981650073935,38.184037085392674,25564200
2019-09-30,38.070579528808594,38.16040323631974,37.7822015690292,37.83420438845161,22002800
2019-10-01,37.716007232666016,38.49604571895524,37.701825304936705,38.240760199435265,22044600
2019-10-02,37.00688552856445,37.47490722234777,36.727964638438365,37.46545380522393,39509600
2019-10-03,37.460731506347656,37.47491343778448,36.53414138222439,36.99270973494015,34944400
2019-10-04,38.08003234863281,38.12730665012351,37.68764879334383,37.725469677255596,21876800
2019-10-07,37.9193000793457,38.23604190593635,37.890936216307274,37.95239245515669,21238800
2019-10-08,37.224365234375,37.78693936074651,37.21964032730246,37.67348027541755,28733600
2019-10-09,37.77748107910156,37.91930401581505,37.55528784410505,37.61201557607092,20503000
2019-10-10,38.0374870300293,38.18876697509505,37.71128818321942,37.73965565259314,18796200
2019-10-11,38.56224060058594,38.90262138285081,38.444053029343884,38.505509267942315,31941200
2019-10-14,38.53860092163086,38.699337891043974,38.51969408456896,38.52441899043525,11325600
2019-10-15,38.96407699584961,39.0586292154042,38.65678859419434,38.694609482016176,16205800
2019-10-16,38.694618225097656,38.77026001783266,38.55279527391832,38.75134956964891,20066000
2019-10-17,38.618980407714844,38.93572230251724,38.41569759629853,38.82698812612279,13731800
2019-10-18,38.25022888183594,38.6189735423881,38.009125216552384,38.56224220738061,17452600
2019-10-21,38.66152572631836,38.68043617444529,38.34005532175883,38.477153365579724,12678600
2019-10-22,38.14149475097656,38.87425916643264,38.11313088685263,38.73716114516931,18916000
2019-10-23,38.174591064453125,38.179319577894226,37.94294440102455,38.02331109552849,17617000
2019-10-24,38.732425689697266,38.765518060843135,38.43931925469241,38.58114576348784,14508200
2019-10-25,39.200443267822266,39.24771756350744,38.70878265774183,38.732421608983195,16305400
2019-10-28,39.696842193603516,39.715752637907485,39.52665180166622,39.54556224597019,14459800
2019-10-29,39.337554931640625,39.73466708846604,39.32337299868236,39.66375381687591,15520800
2019-10-30,39.57864761352539,39.62592191251513,39.19099259093301,39.45573155071381,25558600
2019-10-31,39.55501937866211,39.68266398799925,39.29973376678663,39.640114582620605,22461800
2019-11-01,40.027767181396484,40.027767181396484,39.62593014629022,39.68738638706695,19841200
2019-11-04,40.23577880859375,40.35869489798523,40.15068360929174,40.33505593997966,20363200
2019-11-05,40.18851089477539,40.36342622737678,40.05141285148293,40.34924429303604,15799600
2019-11-06,40.16958236694336,40.2074032460288,39.96629965035608,40.18376429490101,17077200
2019-11-07,40.486324310302734,40.71324597911812,40.372865279293826,40.43905001461549,28085000
2019-11-08,40.7132568359375,40.7132568359375,40.221596094726536,40.38232946428473,12573000
2019-11-11,40.73217010498047,40.788897836146965,40.42960657596446,40.481609400732935,8488000
2019-11-12,40.8692626953125,41.02054264964287,40.689618876669755,40.788896008561686,16562400
2019-11-13,40.95907974243164,40.99690062655899,40.69906567255365,40.7085226969845,15372200
2019-11-14,40.91180419921875,40.9448965701265,40.684882508138536,40.798345157077605,12182600
2019-11-15,41.24272918701172,41.24272918701172,41.07253881512435,41.20018339743889,14124800
2019-11-18,41.365657806396484,41.42711405668973,41.072551275492046,41.228559764850814,13022200
2019-11-19,41.446014404296875,41.5689304817284,41.294734465457395,41.53110959531897,14087400
2019-11-20,41.19545364379883,41.47437814751922,40.88344037593983,41.35146208112729,24759800
2019-11-21,40.98745346069336,41.16237238675645,40.902358254338196,41.11509807362556,18755400
2019-11-22,40.93544006347656,41.171815174890924,40.77470671897782,41.10563043223874,11780000
2019-11-25,41.53111267089844,41.53111267089844,41.1056366842794,41.11982222283213,14739800
2019-11-26,41.56893539428711,41.67294104080516,41.488568706268126,41.55475346190713,19454400
2019-11-27,41.800575256347656,41.800575256347656,41.57365716149105,41.696569626705845,18697000
2019-11-29,41.67766571044922,41.75803239105697,41.606752448290116,41.69184764152137,11360200
2019-12-02,41.081993103027344,41.69656619897362,40.902345718669466,41.69656619897362,23167600
2019-12-03,40.71798324584961,40.74635071731233,40.25941847098637,40.434333778812984,22494400
2019-12-04,40.883445739746094,41.01581524085876,40.821985895087785,40.98272286558059,13829000
2019-12-05,41.034725189208984,41.06781756408744,40.84089584577917,41.029996676569674,15620600
2019-12-06,41.48856735229492,41.52638463514114,41.31364844278677,41.3467408195263,18407000
2019-12-09,41.27110290527344,41.55002385285212,41.27110290527344,41.41765434506573,11370200
2019-12-10,41.30419158935547,41.521656276533015,41.20018595487963,41.337283963343395,12350800
2019-12-11,41.58311080932617,41.62093169427754,41.32782524610162,41.412920433843134,9879000
2019-12-12,42.02750015258789,42.08895638986669,41.36564904648447,41.46492617138023,24189400
2019-12-13,42.306427001953125,42.40097923422298,41.904589933503104,41.984956625833334,26256200
2019-12-16,42.68461990356445,42.83117132482301,42.61843515804136,42.62788857591689,19744600
2019-12-17,42.58534240722656,42.77916812973834,42.528611080082634,42.760257687357026,14919400
2019-12-18,42.58061599731445,42.746077867822855,42.566434066527776,42.63734732725945,12970200
2019-12-19,42.887908935546875,42.89263744857643,42.59480244329155,42.608984375581564,13724000
2019-12-20,43.13691711425781,43.18908959771544,43.02783182598527,43.14166105418103,23400800
2019-12-23,43.26022720336914,43.369316092508036,43.20805472837645,43.269715081676175,15530400
2019-12-24,43.27444839477539,43.336108738090374,43.17484740007205,43.336108738090374,4890800
2019-12-26,43.59697723388672,43.60646511278612,43.336118461202204,43.36457486076928,8269200
2019-12-27,43.59223175048828,43.77246162401155,43.483142867457666,43.77246162401155,19332200
2019-12-30,43.34085464477539,43.58748881269827,43.00885128630061,43.58274487370142,16491200
2019-12-31,43.47840881347656,43.52583735744302,43.13691750721255,43.193833931111875,11601800
2020-01-02,44.294189453125,44.294189453125,43.78669647200198,43.872069292123875,26567000
2020-01-03,43.79617691040039,44.09972750322625,43.64440342327015,43.649147362464475,30023600
2020-01-06,43.900516510009766,43.94794865904056,43.27919443820751,43.35982330185598,15630000
2020-01-07,43.88154983520508,44.09972761591736,43.815149160576254,43.97641052650724,15363600
2020-01-08,44.351097106933594,44.545555169654016,43.84834454622002,43.9289770293626,23254400
2020-01-09,44.85383987426758,44.88229626524458,44.53132084179182,44.75898282530125,15554800
2020-01-10,44.749507904052734,45.10997130789339,44.67362296662421,45.04831457007237,15330600
2020-01-13,45.30915832519531,45.36133078551117,44.929726526655976,44.95343897862225,15524400
2020-01-14,45.09573745727539,45.40876866511063,45.02459284958759,45.36608407163698,16134600
2020-01-15,45.14791488647461,45.366089053729326,44.99614139540327,45.1241988084525,14417000
2020-01-16,45.755008697509766,45.764492957547574,45.37557316181955,45.43723351704435,11543200
2020-01-17,46.06330108642578,46.105985685804846,45.72180981713101,45.96844039019637,21661000
2020-01-21,46.04431915283203,46.30992180864543,45.91151782492533,45.92100208324805,17975000
2020-01-22,46.210323333740234,46.532842412779445,46.17237906124974,46.33364041005184,15491600
2020-01-23,46.428504943847656,46.46644922244403,46.05855727394697,46.25775930872956,14956400
2020-01-24,46.210323333740234,46.874333628063894,46.049061984938135,46.76998868799753,23617400
2020-01-27,45.10997009277344,45.465689547641134,44.92025232646425,45.13368617052412,35574600
2020-01-28,45.973182678222656,46.09649976960838,45.40877331627015,45.503634009092025,31184400
2020-01-29,46.09174728393555,46.41901028099999,45.90677349043776,46.35260961761949,21126600
2020-01-30,46.49015808105469,46.53284629580995,45.792951013328185,46.072781904525414,19933600
2020-01-31,45.21430587768555,46.243519756634086,45.0530445425216,46.219803683691985,26964600
2020-02-03,45.811920166015625,45.92575299456004,45.21431409970146,45.26648657480965,25075600
2020-02-04,47.01188278198242,47.11148379156666,46.49490197768485,46.60873118598608,19097800
2020-02-05,47.286964416503906,47.80868910122866,46.94547682999982,47.78497302699031,32697000
2020-02-06,47.71857452392578,47.73280272168764,47.26799804149673,47.481428245054694,13505600
2020-02-07,47.28223419189453,47.68063827049632,47.18737349325197,47.49566443135039,16598000
2020-02-10,47.922523498535156,47.93200775812105,46.99765078132118,47.007138659472346,16347600
2020-02-11,47.76126480102539,48.330418109186944,47.61897918790911,48.28772989225622,15105800
2020-02-12,48.27824020385742,48.29721234051951,47.81817584085576,48.08852245580162,12152800
2020-02-13,48.150177001953125,48.401555087399544,47.82765793045716,47.89880253507162,14802800
2020-02-14,48.35886764526367,48.43949650977703,48.093264976953826,48.24503844721159,12392400
2020-02-18,48.17863464355469,48.28297957604465,47.917772312329774,47.96994477857476,20633200
2020-02-19,48.752532958984375,48.82367756710943,48.45847026739785,48.49167060204753,16615600
2020-02-20,48.24503707885742,48.76675814191083,47.585770746883284,48.64818500855483,26324600
2020-02-21,47.16365051269531,48.04109097267397,46.869587840342334,47.99840276316498,29899000
2020-02-24,45.21430587768555,45.86882823925001,44.48863891585948,44.90127108396036,42365200
2020-02-25,43.76771545410156,45.788202708098254,43.606457725784686,45.62220104113531,62934400
2020-02-26,43.9669189453125,44.92024800586136,43.63491560012885,43.93371861079414,55759600
2020-02-27,41.5954475402832,43.4262167361829,41.566991150455685,42.52506395171113,67825800
2020-02-28,41.913238525390625,42.31164257400684,39.869034950928125,39.94017956491399,111854400
2020-03-02,44.33687210083008,44.34635636028925,41.917977040871214,42.667360187928544,70008600
2020-03-03,42.65311813354492,44.89652290693222,42.202541775017444,44.588232105462026,94989200
2020-03-04,44.48390197753906,44.49813017611739,42.97090747357875,43.57326108287331,44727600
2020-03-05,43.07999801635742,44.123440295952996,42.80016349882032,43.298172179597756,49019000
2020-03-06,42.16934585571289,42.42072028948541,41.02155531157062,41.63813697893164,57631800
2020-03-09,38.96787643432617,40.78915803283463,38.65484162413979,38.6927858954166,59119800
2020-03-10,41.56699752807617,41.571741466630066,39.18605059167149,40.63738459258214,71164600
2020-03-11,39.60342788696289,40.70378645716345,39.039018595064185,40.45241198487528,63304200
2020-03-12,35.73794937133789,38.844567582169375,35.571947672578986,36.72922286146789,65490600
2020-03-13,39.930694580078125,40.02080771216313,36.18852630915638,37.98609205307523,65849600
2020-03-16,34.4146614074707,37.56870714303566,33.76488302166214,34.016257458674026,81244800
2020-03-17,36.75767517089844,37.20351135671859,34.12060956819163,35.22570853612326,100814600
2020-03-18,35.372745513916016,35.96086736690658,33.32854180065082,34.315071347875104,107412400
2020-03-19,35.50080490112305,36.70550869255982,34.205987964850536,35.045484381445235,123454200
2020-03-20,33.87397766113281,36.53950345746365,33.76014844684443,36.1695557971023,90444000
2020-03-23,33.564544677734375,34.4322642764042,32.46797431528527,33.70280815038818,84958400
2020-03-24,37.00204849243164,37.03065347316936,35.4525489865089,35.5955811651163,75329000
2020-03-25,36.954383850097656,38.661214920451016,36.24399508199567,37.28335214367145,57480800
2020-03-26,39.242855072021484,39.33821105412258,37.331014008494016,37.421597644666576,56425800
2020-03-27,37.46929168701172,38.74226828359892,37.30719189631867,38.027114445330824,58485400
2020-03-30,39.047401428222656,39.137985110221216,37.85070961902753,37.969901928858825,47480200
2020-03-31,38.31793975830078,39.65765997096118,38.11769394109372,38.956808704386766,39988800
2020-04-01,36.49190902709961,37.78395291096684,36.22015077311218,36.99251442262396,54984800
2020-04-02,37.3453254699707,37.39300165374774,36.21538136341075,36.36317862435745,44223600
2020-04-03,36.76844787597656,37.583722901471646,36.305981096245574,37.183234818137045,31572000
2020-04-06,39.90557861328125,40.16780311530887,38.14153411542682,38.3846874139015,35987200
2020-04-07,39.548004150390625,41.326354887799624,39.505096667866674,41.312052393624974,44298800
2020-04-08,40.611202239990234,40.778070739230614,39.691037501367035,40.067685621058445,27428600
2020-04-09,40.620723724365234,41.30250364693484,40.33466300693211,41.09272772746222,39259800
2020-04-13,40.71132278442383,40.76853639943775,39.881745372754274,40.45863568366808,25301600
2020-04-14,42.418155670166016,42.49443684954323,41.450314790667136,41.61718328067379,31779000
2020-04-15,41.49321746826172,41.83172311950273,41.183316801292946,41.574267348672976,25858200
2020-04-16,41.99860382080078,42.10349364362427,41.312058536115885,42.0367462359113,23667600
2020-04-17,42.5564079284668,42.75188135440999,41.94137539569258,42.742347573554426,28284800
2020-04-20,41.874637603759766,42.537346467445516,41.81742399315044,41.97952740448012,20407000
2020-04-21,40.1201286315918,41.38356773039538,39.87697532277504,41.28344299811883,32765000
2020-04-22,41.664859771728516,41.89371058642444,40.94493726686001,41.09273819117916,24032000
2020-04-23,41.3787956237793,42.232212852361585,41.34542192824636,41.76020876737574,21169600
2020-04-24,42.25605392456055,42.26559134577263,41.28344429617255,41.55043752820443,16885000
2020-04-27,42.61840057373047,42.761432795684335,42.36094475668982,42.63747177915502,15598600
2020-04-28,42.05104064941406,43.17621621667369,41.99383067520574,43.14761122956953,25267600
2020-04-29,43.776954650878906,43.92952067326155,42.79481110913194,42.947377131514585,22925800
2020-04-30,43.58147048950195,43.867531256880454,43.25726731648365,43.867531256880454,30861200
2020-05-01,42.3847770690918,43.21912306006817,42.22267367079441,42.62316163794219,23990200
2020-05-04,42.94737243652344,42.99027992056813,41.99383399150717,42.189307481256044,21458000
2020-05-05,43.53855895996094,44.091612924101305,43.362153063648584,43.43843787420311,17374600
2020-05-06,43.877071380615234,44.30139570166579,43.6815978890167,43.95812127621803,16941000
2020-05-07,44.53500747680664,44.7876945410751,44.40627777097862,44.47302516012652,21088800
2020-05-08,45.18819046020508,45.25017279277471,44.69711869810233,44.959343249448864,15221600
2020-05-11,45.48855972290039,45.75554936141863,44.78770828432901,44.8782919759914,20768800
2020-05-12,44.54930877685547,45.80321028224412,44.515935083174696,45.6744842173211,27042000
2020-05-13,43.78171157836914,44.91642083709441,43.20482134783277,44.57314646975973,33942200
2020-05-14,44.33952331542969,44.36812829551718,42.999803398595624,43.47657246650347,30475200
2020-05-15,44.56361389160156,44.57314767430298,43.51471955890476,43.63868055878329,28032800
2020-05-18,45.65541076660156,45.912866521225176,45.28353144463178,45.440862485685415,20033400
2020-05-19,45.48855972290039,46.194176235401734,45.46948851479752,45.67449945507717,20092800
2020-05-20,46.4849967956543,46.57081539677545,46.09404619887131,46.11788611375064,18192000
2020-05-21,45.83658981323242,46.57558351558033,45.81274989865594,46.43732001344929,20581600
2020-05-22,46.00345993041992,46.06067354495146,45.58390433623648,45.76984403663849,18489600
2020-05-26,45.955780029296875,46.9569945593276,45.91763762268654,46.92362086290857,26001400
2020-05-27,46.2180061340332,46.237077338001114,44.97363826544385,45.95101291594269,38856800
2020-05-28,46.127418518066406,46.97129837264312,46.01299493247944,46.04636862983648,21147400
2020-05-29,46.709075927734375,46.81873079929527,45.8794985946708,46.265680456406244,35555000
2020-06-01,46.69477844238281,46.794899541812235,46.284756623313484,46.48976753284815,26719400
2020-06-02,47.133392333984375,47.133392333984375,46.346722611237276,46.79011800860677,22415200
2020-06-03,47.50050735473633,47.65307333161624,47.11909423126644,47.324105103710686,22035800
2020-06-04,47.10956573486328,47.64354857381686,46.847344844833074,47.314576646139514,15138800
2020-06-05,48.349159240722656,48.48741908751935,47.36224364922357,47.44329716582896,20756400
2020-06-08,48.592308044433594,48.611379245810014,47.81994439471721,48.263339823704655,16130200
2020-06-09,48.821163177490234,49.059547759765614,48.306251606785,48.349162723073796,14707800
2020-06-10,49.636444091796875,50.00832350370026,49.08339004719968,49.17397736354658,24389600
2020-06-11,46.79011917114258,48.84499282763464,46.775816680139734,48.77348037262042,39742000
2020-06-12,47.39562225341797,48.282409512968684,46.570810035514164,48.04402494145959,43287000
2020-06-15,47.85332489013672,48.067869570564525,46.3801062021623,46.53267219740125,29924000
2020-06-16,48.87361526489258,49.29317088191964,48.115550290281845,48.99757264693612,27935800
2020-06-17,48.86407470703125,49.32654141697646,48.7830248153292,49.15013550198344,17324200
2020-06-18,49.083377838134766,49.13582273061034,48.66859104532199,48.77348083027314,13717200
2020-06-19,48.74488067626953,49.731792748182606,48.5112647930523,49.67458277369852,31280000
2020-06-22,49.663272857666016,49.70630223486797,48.7310122389454,48.80750364093761,14738000
2020-06-23,50.0218391418457,50.595541115732175,49.95012958665927,50.10789425555442,19028000
2020-06-24,48.89356994628906,50.093559865536214,48.62584450677023,49.816270718899965,25425600
2020-06-25,49.519859313964844,49.57244875838235,48.43460839460579,48.965281044647625,20534400
2020-06-26,48.54458236694336,49.49596718412656,48.396377700004024,49.424253954241394,44275600
2020-06-29,49.07524490356445,49.080026757220296,47.95652823466231,48.53979036616417,18547200
2020-06-30,49.95491409301758,50.15571181532198,49.013089576266516,49.08002458202496,16500000
2020-07-01,50.03618621826172,50.327813595665,49.75889710484569,49.988374983373696,21709200
2020-07-02,50.327816009521484,50.78199723034565,50.22264077118464,50.509489956845265,19144600
2020-07-06,51.20749282836914,51.446534432965215,50.949327457707135,50.97801128306333,16046200
2020-07-07,50.67204284667969,51.6664568860105,50.61945339717277,51.15012609857115,15863600
2020-07-08,51.49911117553711,51.50389302774551,50.801110299976514,51.07361751610281,13327000
2020-07-09,51.685569763183594,51.92939319156852,50.9445394198991,51.919829485953834,17767800
2020-07-10,51.67123031616211,51.69513228636863,51.05928443710078,51.56605143429498,14724600
2020-07-13,50.600318908691406,52.455283867409065,50.47123806292284,52.111063415379604,28910400
2020-07-14,51.18357849121094,51.255291689872486,49.66327399902226,50.198728415212386,30053200
2020-07-15,51.460872650146484,51.90549014866582,50.858486828526864,51.65210664958757,23779200
2020-07-16,50.825016021728516,51.054497527390176,50.432988003815304,50.91107113041603,17180600
2020-07-17,51.07362365722656,51.21704641336302,50.60510056655022,51.12621309538875,12710400
2020-07-20,52.3787956237793,52.50309828039517,50.93020407268681,51.21705327085114,17018400
2020-07-21,51.8528938293457,52.770812527918814,51.66165985527181,52.75168876576296,18794800
2020-07-22,52.268829345703125,52.431375858698075,51.857677563147334,51.900703293945476,15028000
2020-07-23,50.911075592041016,52.33576503905808,50.68159771375371,51.991544574142004,23349600
2020-07-24,50.294349670410156,50.62422823569753,49.467267801843434,50.060089930742066,22911600
2020-07-27,51.08797073364258,51.14056017712213,50.49992679631905,50.6003238300113,16908000
2020-07-28,50.4903678894043,51.087971899412885,50.45212035736725,50.930203565374114,17825400
2020-07-29,51.221832275390625,51.36047683708069,50.681599588103346,50.681599588103346,13187000
2020-07-30,51.5086784362793,51.54214411144942,50.48558076966701,50.75808802390514,21556800
2020-07-31,52.79473114013672,52.813854907000696,51.470442200304866,52.321429764581325,25185800
2020-08-03,54.09511184692383,54.267222081296865,53.487944173584175,53.5118497912691,24327000
2020-08-04,54.23374938964844,54.238527594579224,53.74610257284243,53.98036592389919,17971600
2020-08-05,54.43455123901367,54.558853887274886,54.16204397195056,54.40586741537078,12960200
2020-08-06,55.1994743347168,55.25206376755978,54.27199195274185,54.39151272784235,16399400
2020-08-07,54.37717819213867,54.984345854574364,53.946902613933275,54.97956400162622,27476200
2020-08-10,54.22419357299805,54.57319590040369,53.49272688886474,54.48235892871896,16481200
2020-08-11,53.2489013671875,54.27678089685157,53.13894428231941,54.04730302126637,18844400
2020-08-12,54.458457946777344,54.60188071534697,53.61224865752689,53.67918001235644,14196800
2020-08-13,54.48236083984375,54.936542066713905,54.28634862523574,54.534950283454876,11453600
2020-08-14,54.44410705566406,54.601875368377705,54.14291598842567,54.50626019869454,8334200
2020-08-17,54.80746841430664,54.93177109177499,54.70707136048122,54.77400272969817,8174600
2020-08-18,55.01302719116211,55.16123179849104,54.54928595824715,54.912630168698804,8930000
2020-08-19,54.94609451293945,55.39549382426596,54.855257550653924,55.15167040562234,14239400
2020-08-20,55.67756652832031,55.78752726426467,54.683152641681225,54.74052393619373,12803000
2020-08-21,56.385128021240234,56.447277517803315,55.70146896910644,55.73015279098402,15288600
2020-08-24,56.872764587402344,57.21698499966558,56.39946334428267,57.19786123815267,16440600
2020-08-25,57.15962219238281,57.18352780969049,56.657637056287406,56.74369217211592,18628200
2020-08-26,58.32136154174805,58.47434800147349,57.62814244400446,57.757223287607054,16463000
2020-08-27,58.36917495727539,58.83291623549853,57.84328417740333,58.565190816105904,18174200
2020-08-28,58.880733489990234,59.07196386767952,58.522171060594346,58.598662482172934,13092600
2020-08-31,59.06717300415039,59.44963732505749,58.74685453044105,59.114980588328166,19040000
2020-09-01,60.19544982910156,60.27194123470891,59.22493799228941,59.59784590488675,25612600
2020-09-02,60.730892181396484,61.06077066897129,59.66954717570746,61.05598881694552,40395000
2020-09-03,57.269596099853516,59.80821712955295,56.79629467766069,59.760409531425,54162000
2020-09-04,56.47119140625,57.762014644610346,54.04730962045033,56.94927462749243,62544200
2020-09-08,53.91822052001953,55.61541727000351,53.822605342901504,54.32459049399895,47860400
2020-09-09,55.67756652832031,56.22258105999102,54.630563200249384,55.23294902643261,36783800
2020-09-10,54.42021179199219,56.52855681739579,54.09033321521722,56.44250169508429,32109800
2020-09-11,54.00428771972656,55.14212463091162,53.31584661851287,54.93177046469656,37166400
2020-09-14,55.13733673095703,55.43374598271438,54.64491161498626,54.903073335069955,24730200
2020-09-15,55.68233871459961,56.079148559247486,55.30943448371975,55.97874789940947,18260400
2020-09-16,54.82179260253906,56.007440390612665,54.76920316551856,55.93094533767926,19637000
2020-09-17,54.36762237548828,54.74530854318647,53.45448170786,53.54053683021509,30403600
2020-09-18,53.43058776855469,54.55408273390412,52.770830515487816,54.45846753801792,41837600
2020-09-21,53.8747444152832,53.89869932939982,52.27920018142404,52.4660653271303,38381800
2020-09-22,54.72761917114258,54.86657083892969,53.55851110808177,54.483255641202156,25537400
2020-09-23,53.02186965942383,54.80906775043114,52.85895943494809,54.75636182388584,23707800
2020-09-24,53.318931579589844,53.98015000817837,52.46126679356037,52.528346394204995,31838600
2020-09-25,54.593448638916016,54.756355188085145,53.012278345304225,53.3476763321606,19326600
2020-09-28,55.637977600097656,55.64276638871554,55.03905002211696,55.499025963338475,17473200
2020-09-29,55.451114654541016,55.800886326630646,55.331329134265175,55.56610773044791,20851000
2020-09-30,55.91587829589844,56.4860585309074,55.39840763677675,55.42236254701944,22318400
2020-10-01,56.50523376464844,56.76876340876293,56.14587715298203,56.692098910269806,27076400
2020-10-02,55.07258987426758,56.03087399997642,54.85218496402221,55.115710905253835,37251600
2020-10-05,56.2800407409668,56.3135805477714,55.43196068001335,55.46550048681795,12270600
2020-10-06,55.407997131347656,56.677724541577206,55.21155075358538,56.14587647033224,26862200
2020-10-07,56.42377853393555,56.53397917726946,55.94463640154443,55.987757438788734,12992400
2020-10-08,56.71604919433594,56.91728799013483,56.52439163166673,56.91728799013483,10109600
2020-10-09,57.58329391479492,57.59766759195377,56.96999265225818,56.98436632941703,14425400
2020-10-12,59.154884338378906,59.542988276887755,58.1391017512974,58.431378730232076,19163800
2020-10-13,58.77635955810547,59.45195166260887,58.55116218993767,59.34653981746104,17613800
2020-10-14,58.46491241455078,59.23154263318965,58.028895041874634,58.92009956381308,14534000
2020-10-15,58.20139694213867,58.31639003338872,57.34373206386054,57.49705740404876,13185000
2020-10-16,58.033695220947266,58.75719719426186,57.980989295001926,58.52241857768262,11544200
2020-10-19,56.970001220703125,58.54637930117701,56.79271731276429,58.3259743552761,16616400
2020-10-20,57.16645431518555,57.770174506550745,56.816682558731124,57.18562044172022,14566600
2020-10-21,57.0802001953125,57.62642192689908,56.95083342964802,57.027494268969555,12171800
2020-10-22,56.8118782043457,57.29102030058058,56.16024466102116,57.1041551754941,13486400
2020-10-23,56.74959182739258,56.90291715407136,56.27523851359785,56.89333226489911,10312800
2020-10-26,55.518192291259766,56.57230337020593,54.82822654907604,56.12190866010668,18189200
2020-10-27,55.79610061645508,56.030882896538344,55.479868705653175,55.78651938212477,19064800
2020-10-28,53.429134368896484,54.770729999672064,53.33809620390828,54.73719020029178,32756600
2020-10-29,54.320343017578125,54.948018019880685,53.601629843437145,53.63516964534116,19409000
2020-10-30,53.11769485473633,53.89390639255896,52.499601091286415,53.558504720656444,25848600
2020-11-02,53.25186538696289,53.9609974723372,52.74397580975635,53.524976302799516,24039800
2020-11-03,54.190975189208984,54.67011732820387,53.44830706710555,53.66871201237547,20970200
2020-11-04,56.2992057800293,56.72084957965516,55.27863425933929,55.8392297289198,30763800
2020-11-05,58.048072814941406,58.21577183809462,57.54017964480872,57.77975072233174,22189800
2020-11-06,58.25409698486328,58.44096211010145,57.11852889986168,57.909114090403854,19455200
2020-11-09,57.83245086669922,60.065254840531495,57.779744942471304,59.49028577421773,39768200
2020-11-10,56.75437927246094,57.73182957772855,56.2944033033169,57.32935197556403,23538400
2020-11-11,58.10076904296875,58.258883149503525,57.21435693525661,57.32935000970843,14488600
2020-11-12,57.58329391479492,58.38825273576537,57.314975526326066,58.10076822589676,14352800
2020-11-13,58.07201385498047,58.191799365123224,57.473086304266715,58.019307938072565,11851600
2020-11-16,58.632606506347656,58.73801467324806,57.957014547228596,58.07680004447127,14864200
2020-11-17,58.30680465698242,58.623036549346935,58.05764871214813,58.340344458529636,9939400
2020-11-18,57.68391799926758,58.484084441038085,57.65995943167946,58.20618479706241,9542800
2020-11-19,58.148677825927734,58.25408965881863,57.31497170620721,57.56891640059147,12155200
2020-11-20,57.54975509643555,58.21576229027423,57.530588974709346,58.201388612870566,9915800
2020-11-23,57.5353889465332,58.10556560633855,57.0370806831489,57.72704653330631,9807000
2020-11-24,58.33555221557617,58.45054529905506,57.33893574392127,57.75579069793302,13634000
2020-11-25,58.46013641357422,58.70449628504208,58.23973145695136,58.53679725886867,12186400
2020-11-27,58.771575927734375,59.02072822903652,58.66137162843488,58.771575927734375,7025800
2020-11-30,59.164466857910156,59.250712580298114,58.086397155842704,58.752404368230366,32229200
2020-12-01,59.921512603759766,60.252121837699484,59.40404189026126,59.65319418523726,22681200
2020-12-02,59.83048629760742,59.89756591144417,59.217181226641074,59.66757605288619,16038800
2020-12-03,59.79214096069336,60.194618555638016,59.63402319600911,59.8975528038162,13775400
2020-12-04,60.39107131958008,60.400652553226564,59.74901899834062,59.878389413735235,10358800
2020-12-07,60.56356430053711,60.740844544209274,60.319200797387296,60.42461264798386,8905400
2020-12-08,60.760013580322266,60.95167116736167,60.247331636941425,60.50606883110994,7886800
2020-12-09,59.59568786621094,60.90374729317842,59.389656635020124,60.721674627116414,17271800
2020-12-10,59.68193435668945,59.96463007550668,59.092591664743246,59.231543302051534,9997400
2020-12-11,59.557369232177734,59.557369232177734,58.88656950767843,59.32258695248611,13023200
2020-12-14,59.772979736328125,60.309620229122345,59.70110768689503,59.739439934001254,11055800
2020-12-15,60.76960754394531,60.76960754394531,60.03172809978529,60.419832121204955,9099200
2020-12-16,61.181663513183594,61.397276022721655,60.64981542372083,60.851054253364964,10309200
2020-12-17,61.66558837890625,61.79974758543414,61.373311398014415,61.627256132594226,11505000
2020-12-18,61.449974060058594,61.76620959936592,61.05707768597513,61.75662471029134,17693400
2020-12-21,61.51145935058594,61.54027366456012,60.12831365456787,60.671007661605515,15232200
2020-12-22,62.044532775878906,62.323083297876636,61.56907471327242,61.8524251771793,14334200
2020-12-23,61.573875427246094,62.159783388467346,61.48262524359911,62.11656193142029,11300800
2020-12-24,61.98210144042969,62.135787530671564,61.636315065541574,61.679536530363556,4384600
2020-12-28,62.683265686035156,62.80813010693179,62.30385782597869,62.59681544991111,8171000
2020-12-29,62.38551330566406,63.105900329185154,62.27505601394111,63.02425734589812,8841400
2020-12-30,62.35190963745117,62.731310309841554,62.26065942648011,62.60164589987351,8141400
2020-12-31,62.44315719604492,62.62085033944687,61.938884749784684,62.380721301052155,11058400
2021-01-04,61.42499542236328,62.77452281681036,60.62776542916783,62.760108335731076,21017200
2021-01-05,61.8236083984375,61.92446579974315,61.247300281683835,61.285721799888115,12361400
2021-01-06,60.7574462890625,61.943680582194986,60.57014594466905,60.93994302706486,27258000
2021-01-07,62.39511489868164,62.515179391789054,61.319338066380936,61.34335243063344,19652000
2021-01-08,62.79853439331055,62.9666276271195,62.08775459442523,62.70248425748642,12387600
2021-01-11,62.27984619140625,62.72168994533504,62.02051012798724,62.188603338383274,17853200
2021-01-12,61.98210144042969,62.28466635049581,61.39138610339422,62.20302336311336,17089200
2021-01-13,62.37592315673828,62.56802346172969,61.94368647827226,62.06375100093112,13605200
2021-01-14,61.82841873168945,62.659263035576004,61.73716853745257,62.52959132123119,15624800
2021-01-15,61.19447708129883,62.010914263706816,61.069612632087804,61.73717099824066,12641200
2021-01-19,61.99170684814453,62.09736420007045,61.40098786423051,61.61710617428206,11569600
2021-01-20,63.22116470336914,63.44208661431485,62.38071317842333,62.46716343163017,11770000
2021-01-21,64.03759765625,64.24891234114875,63.22116055126824,63.56214694338308,8945200
2021-01-22,63.79267120361328,64.1144431851639,63.638985125654784,63.76865683791282,11243600
2021-01-25,64.32575988769531,64.7339748047328,62.769721276457716,64.51306022096092,18205200
2021-01-26,64.36898803710938,64.65233853745636,64.12405906144349,64.55148844730545,8593400
2021-01-27,63.1539306640625,64.26813280622089,62.582422438399874,64.06161804359846,24484600
2021-01-28,63.413272857666016,64.46984648284297,63.25959408464905,63.475708752287375,16181600
2021-01-29,61.91965103149414,63.346017661417896,61.58347194811156,63.09628881556478,19023200
2021-02-01,63.470909118652344,63.77827399433912,62.1934208770155,62.65447185462401,11232600
2021-02-02,64.33058166503906,64.51788206187885,63.994402405090504,64.08565263168188,8595000
2021-02-03,64.1096420288086,64.59469996288465,63.91753443499971,64.46022831129612,11574800
2021-02-04,65.13260650634766,65.13260650634766,64.26814771814051,64.45544809933975,8134200
2021-02-05,64.9885025024414,65.33908871732594,64.80119488653771,65.32948150744919,9413800
2021-02-08,65.67048645019531,65.69930075983693,65.16140677662128,65.25265697592376,11713200
2021-02-09,65.59364318847656,65.90580797943493,65.47837862213579,65.49759304727061,10552200
2021-02-10,65.49760437011719,65.93944095857155,64.94050319539578,65.85779795802472,9464400
2021-02-11,66.21797943115234,66.261200895036,65.68489272545273,65.9394288947533,7565800
2021-02-12,66.55896759033203,66.60218906010036,65.86259481860012,66.04509523960901,6755600
2021-02-16,66.34284210205078,66.87112885143017,66.16994892299532,66.82310011852086,9722200
2021-02-17,65.75691986083984,65.90099871634862,65.09416152239245,65.73290549689588,15274800
2021-02-18,65.4351577758789,65.54561507290127,64.6091133630245,65.07496424683737,10954800
2021-02-19,65.339111328125,65.82897660720282,65.04615361481409,65.77134065615121,11685600
2021-02-22,63.89834976196289,64.74840875848828,63.8599282297188,64.53709399522475,14262600
2021-02-23,63.72062683105469,64.11444190182392,61.765980615175465,62.836953884947896,24198400
2021-02-24,64.69556427001953,64.75319289023467,62.76011761263895,63.245182926636986,16472200
2021-02-25,62.43354034423828,64.5466726246272,62.15498982332378,64.11924329539671,34313800
2021-02-26,62.764915466308594,63.730231350864216,62.20781446062497,63.053065852308514,35511600
2021-03-01,64.78681182861328,64.82523335425444,63.4276879158608,63.8311029428578,24773800
2021-03-02,63.75905227661133,64.92127580890548,63.66780940820527,64.87805434574116,24802800
2021-03-03,62.15498733520508,63.634182803526045,62.08775151065209,63.45168242481569,29889600
2021-03-04,60.781455993652344,62.41433771643833,60.013043867224496,61.962893989127835,76955600
2021-03-05,61.929264068603516,62.10215723177489,59.89297129179103,61.5402562835067,46085800
2021-03-08,60.430870056152344,62.16940181604519,60.36843416593869,61.871644176237545,35242400
2021-03-09,62.486366271972656,62.87057412283987,61.76117935797529,61.84282233545934,22987200
2021-03-10,62.23663330078125,63.16833500585428,62.188611897026774,63.158727793841145,18459000
2021-03-11,63.56694412231445,63.960751840382976,63.0386574330281,63.173129076091,13362800
2021-03-12,63.110713958740234,63.12992105691434,62.404734018298726,62.80814903336345,12442200
2021-03-15,63.7830696105957,63.821491133470026,62.90900378171246,63.15873268816128,16585000
2021-03-16,64.2633285522461,64.87805827051255,63.98958527415627,64.27293576513797,13106800
2021-03-17,64.21051025390625,64.59471822197327,63.2596012122624,63.744659283450574,19366400
2021-03-18,62.42874526977539,63.44209002749706,62.3519022246031,63.33162540200334,17584800
2021-03-19,62.2414436340332,62.716894393826216,61.94367867221648,62.44315112730236,27224800
2021-03-22,63.46530532836914,63.773318964358985,62.47388666701509,62.57495696890404,15984200
2021-03-23,63.0706787109375,63.91771454068734,62.902230622515994,63.63857598069999,12929200
2021-03-24,62.305450439453125,63.460499821637185,62.295822947241206,63.45087232942527,14209400
2021-03-25,62.266963958740234,62.54610255626152,61.46805080138208,61.93488515576445,22573000
2021-03-26,63.85033416748047,63.91771193137335,62.20919542968721,62.23326049042585,14883200
2021-03-29,63.518245697021484,63.83588682543417,63.03697393044143,63.657818621759354,17317800
2021-03-30,62.91666030883789,63.1380485678606,62.53645881832862,63.07067080965802,13235400
2021-03-31,63.91770935058594,64.30753835048512,63.34499470880805,63.3979349028453,15430400
2021-04-01,65.20270538330078,65.20752280151443,64.55299281986167,64.61555316401116,14351600
2021-04-05,66.55026245117188,66.66577032433352,65.49627605739911,65.58290879817652,12866800
2021-04-06,66.26631164550781,66.66095068095798,66.04492339857885,66.44437985168202,11315600
2021-04-07,66.6176528930664,66.73797086332775,65.97275033493587,66.21338627545855,10085200
2021-04-08,67.58019256591797,67.59463013398563,67.1277958501294,67.24330373829638,14144600
2021-04-09,68.22990417480469,68.24915181533683,67.21442039745791,67.33473834575196,9401000
2021-04-12,67.90263366699219,68.11920449923302,67.57055496386477,67.95076378243441,15907000
2021-04-13,68.54273986816406,68.5956800684,68.03740292838935,68.16253831637943,11315800
2021-04-14,67.81600952148438,68.56679233702364,67.68606408229498,68.53309978686818,11216200
2021-04-15,68.9806900024414,69.0336301957422,68.42722301000117,68.43685050249907,11028800
2021-04-16,68.96626281738281,69.09620828297804,68.67749674797703,69.03364058776067,11695600
2021-04-19,68.39352416992188,68.9758661801619,67.98444027198583,68.65822508366735,10254000
2021-04-20,67.78715515136719,68.54755834817311,67.40694620933726,68.24917209768908,9873400
2021-04-21,68.47055053710938,68.49461559917148,67.4791316666081,67.6668274008911,9254200
2021-04-22,67.66683197021484,68.64381333817646,67.36843839902177,68.35023718589665,11652200
2021-04-23,68.67747497558594,68.89404578716908,67.77749918293267,67.7919367474633,8886000
2021-04-26,69.02880859375,69.10100376767076,68.65341718896097,68.70154730490813,7735000
2021-04-27,68.86038208007812,69.19246085519251,68.61493606281478,69.13952065417969,10822000
2021-04-28,68.22027587890625,68.552354587265,68.05664523362431,68.460911772659,10691200
2021-04-29,68.16252136230469,68.86517401580058,67.469488856549,68.77854862439324,13416600
2021-04-30,67.23365783691406,67.83524748710768,67.0748372880281,67.46948362349448,10583400
2021-05-03,67.04597473144531,67.72937982097424,66.87753400398134,67.59462430155305,10805800
2021-05-04,65.8427963256836,66.56470405356164,65.11126110521879,66.5454564120133,19919600
2021-05-05,65.68397521972656,66.41070035990654,65.55884719159877,66.38181788237695,11245800
2021-05-06,66.34332275390625,66.38181803678503,65.18345591521091,65.65510023853977,14338600
2021-05-07,66.91122436523438,67.30587080509399,66.62245831930657,67.00747726600177,19196600
2021-05-10,65.2219467163086,66.62244186538528,65.19788166115376,66.58875666306754,20281000
2021-05-11,65.0246353149414,65.15939083585148,63.82145577565497,63.97545893799857,27046800
2021-05-12,63.1957893371582,64.41822363693677,63.027348638776466,64.06688998859657,29414600
2021-05-13,64.03321838378906,64.6107431104648,63.60488674927848,63.88883536621379,22610400
2021-05-14,65.44335174560547,65.66955012899834,64.62519097383147,64.7503190257317,16823000
2021-05-17,64.96207427978516,65.07758217108744,64.37011194206589,65.05832718405746,16267200
2021-05-18,64.44227600097656,65.2845014538686,64.3989633115831,65.14974596889573,11737200
2021-05-19,64.66851043701172,64.71664057010672,63.287262271986876,63.44127282298907,30581200
2021-05-20,65.90536499023438,66.12674591763931,64.918756278766,64.92838377149563,16828200
2021-05-21,65.54440307617188,66.3048133487269,65.48665281413268,66.24224566910151,14148400
2021-05-24,66.7090835571289,66.94009196167744,66.05455362455409,66.088246175022,13229000
2021-05-25,66.72834777832031,67.13262176626519,66.57915466031903,66.97861122921445,11245800
2021-05-26,66.72352600097656,67.0171021100691,66.50695514690428,66.8245963161438,13311400
2021-05-27,66.3722152709961,66.9401126375065,66.35777770022902,66.66579144930502,11354600
2021-05-28,66.6080322265625,66.99305123958852,66.57434701012217,66.70910256313725,9222600
2021-06-01,66.28075408935547,66.97859674332655,66.16043613716649,66.90640890946317,12907400
2021-06-02,66.73795318603516,67.00746419305335,66.29037398015655,66.41550199237952,10098200
2021-06-03,66.11714172363281,66.46365810926713,65.71286771130808,66.19895707251493,12721200
2021-06-04,67.38770294189453,67.4647008755335,66.52141193171624,66.52141193171624,11182600
2021-06-07,67.37323760986328,67.45023551177599,67.04596898814275,67.3299175694834,11784000
2021-06-08,67.3780517578125,67.97964150565012,67.19035605023217,67.69569290714072,8902600
2021-06-09,67.42619323730469,67.8208323597032,67.3876906057199,67.70532446494882,9763400
2021-06-10,67.9218978881836,68.09033862789062,67.32511815620943,67.56575407889852,11275400
2021-06-11,68.32616424560547,68.32616424560547,67.9459553766075,68.00852306625603,12100600
2021-06-14,69.01919555664062,69.02400563128107,68.11440215770872,68.39354070298826,11426600
2021-06-15,68.59567260742188,68.96625396876627,68.47054457666772,68.96625396876627,15079600
2021-06-16,68.22508239746094,68.85555457488023,67.55611494143714,68.72560914281107,19202800
2021-06-17,69.01438903808594,69.2983450464776,68.02778749632158,68.02778749632158,15864200
2021-06-18,68.3839111328125,68.95181569902687,68.30209580465771,68.68230465484046,20816600
2021-06-21,69.11679077148438,69.1553566239045,67.96926169916836,68.41284257287424,12276000
2021-06-22,69.74358367919922,69.78215688786901,68.99625075211999,69.07338981237226,9253200
2021-06-23,69.66643524169922,69.91233113714777,69.51214242778822,69.75321943170943,8271000
2021-06-24,70.10520935058594,70.31735835034115,69.96538788643183,70.11485449341708,12279000
2021-06-25,70.02322387695312,70.22090878411319,69.90751162463405,70.1678715494382,14385800
2021-06-28,70.75611877441406,70.8380840938916,70.29807382105696,70.31253785643015,12557400
2021-06-29,71.27201843261719,71.30576539196147,70.63075263420308,70.79468325293193,9829200
2021-06-30,71.19487762451172,71.36845339833724,70.97308349686718,71.16112330542082,11013600
2021-07-01,71.3154067993164,71.3154067993164,70.83325275270958,71.0984389497607,11636600
2021-07-02,72.255615234375,72.32793540805537,71.63845856200972,71.65774148929519,12780000
2021-07-06,72.53042602539062,72.87275861825769,71.83613041340166,72.4098875198452,11870600
2021-07-07,72.92579650878906,73.07526307987156,72.34238689960065,72.99329777821622,14883800
2021-07-08,72.23633575439453,72.43883960745141,71.45524105593145,71.7782834422666,17086200
2021-07-09,72.90169525146484,72.96919652822105,72.04346157966987,72.14953606558495,9775800
2021-07-12,72.95955657958984,73.22473542942436,72.7232984394074,73.19098847059097,9619600
2021-07-13,73.25849151611328,73.78885658568922,72.77151119060773,72.83419357478266,15202800
2021-07-14,73.79849243164062,74.17457197514508,73.475450124122,73.8467107760228,12886800
2021-07-15,73.19098663330078,73.76957002482318,72.80044302795034,73.71171389279704,12506200
2021-07-16,72.46776580810547,73.68279625217829,72.39543827575217,73.33564469672892,15080400
2021-07-19,71.46968841552734,71.80237586688438,71.05503566351643,71.60469095273216,24254000
2021-07-20,72.53042602539062,72.93061474665181,71.41183251961408,71.8264852729738,14715600
2021-07-21,73.22956085205078,73.24402488525715,72.36650096627328,72.5015035142574,12234000
2021-07-22,73.76956176757812,73.82741789312827,73.38383709737617,73.38383709737617,9577800
2021-07-23,74.50244140625,74.54101461079144,73.83224761115144,74.09742643710821,12576200
2021-07-26,74.46387481689453,74.59887736623959,74.03475799424338,74.31440823419732,8993400
2021-07-27,73.75992584228516,74.39637273119118,72.8293720403664,74.37226355683799,18089800
2021-07-28,73.6683120727539,74.05886302265897,72.96437129873458,73.78403169017986,13941200
2021-07-29,74.01063537597656,74.26135750368377,73.58151863127225,73.59116377078409,12030600
2021-07-30,73.96244049072266,74.03958691711071,73.5188595746236,73.53814985976469,10148800
2021-08-02,73.69725036621094,74.3963722756499,73.59599477738242,74.29511668682137,12205200
2021-08-03,74.16976165771484,74.20833486626243,73.23438158242553,73.83225527928242,10824800
2021-08-04,74.31922912597656,74.50245002948351,73.8756482580379,74.11190640429226,11322800
2021-08-05,74.72905731201172,74.75315912834354,74.23243923935301,74.45422597779587,6674600
2021-08-06,74.66637420654297,74.75315840150196,74.44940636205874,74.46868928635406,7602800
2021-08-09,74.42530059814453,74.8881717303892,74.35298043236585,74.75316182579058,7198200
2021-08-10,73.89010620117188,74.62780128952365,73.67795724766921,74.56030001859887,10421400
2021-08-11,73.89976501464844,74.28066353739256,73.52368538461668,74.14566097056516,10831600
2021-08-12,74.32404327392578,74.36744272946692,73.51884689967605,73.82260630302953,6947800
2021-08-13,74.72905731201172,74.74834023649453,74.29029536988823,74.37226067384205,5630800
2021-08-16,75.06655883789062,75.07620397805474,73.91902994220993,74.5506505168623,9493800
2021-08-17,74.44459533691406,74.72907186732347,73.98173148830472,74.60853333383943,19052600
2021-08-18,73.41758728027344,74.60368192987205,73.33562198799108,74.27099451249404,13481200
2021-08-19,74.13599395751953,74.41082525989802,72.90650718355327,73.01257429155173,19291000
2021-08-20,75.0906753540039,75.15817662758201,74.23726061462663,74.41565526113583,14769400
2021-08-23,76.05979919433594,76.16587367084426,75.28353090193595,75.2883497937457,10802400
2021-08-24,75.9730224609375,76.24302757053664,75.90551382645026,76.1562360098298,9537000
2021-08-25,75.92962646484375,76.35392443189981,75.80426904598073,76.15142059046518,9430400
2021-08-26,75.45228576660156,75.99229591851457,75.38960338929505,75.83800309963283,12056600
2021-08-27,76.18033599853516,76.23337323560241,75.38960369131483,75.51978733813202,14088800
2021-08-30,77.0,77.09161044626083,76.40695258089953,76.40695258089953,10026800
2021-08-31,76.5949935913086,77.07232875505603,76.45034590316509,77.04821958085095,21971000
2021-09-01,76.6142807006836,77.20733551875274,76.55160567283183,76.86018399108359,20289800
2021-09-02,76.53231811523438,77.00000818008164,76.22373978599278,76.89875993920657,21769600
2021-09-03,76.83606719970703,77.03857101126098,76.4165955441372,76.44069736018263,21204800
2021-09-07,76.85535430908203,77.01929228105575,76.49373876366836,76.92768183241702,19721800
2021-09-08,76.56123352050781,76.86981179870928,76.01640448128293,76.84570998340307,11466400
2021-09-09,76.27195739746094,76.87946890806998,76.20927501089855,76.61428268463791,11161000
2021-09-10,75.5197982788086,76.88429525095522,75.44265185788234,76.69625544812725,17080200
2021-09-13,75.54390716552734,76.29124755435782,75.04728898962009,76.09356994823575,22637800
2021-09-14,75.4474868774414,76.02125155045718,75.24498299703981,75.86696603271325,18431600
2021-09-15,76.10801696777344,76.17069198917522,75.27871144336302,75.70300198911517,16339200
2021-09-16,76.15142059326172,76.22856701583616,75.37033329668691,75.83801601046096,16148600
2021-09-17,74.9653091430664,75.95854530242778,74.854415772277,75.95372641051064,22663000
2021-09-20,73.5998764038086,74.24227020382025,72.61938254327201,73.86552171348839,35669400
2021-09-21,73.62886047363281,74.23261325582932,73.34389092924305,74.04907005163227,18455000
2021-09-22,74.6383285522461,74.92813281705757,73.70130311538807,74.02974844017632,27990600
2021-09-23,75.63813018798828,75.816838602752,74.79287653109198,75.02471547051883,19534000
2021-09-24,75.6912612915039,75.81683918256485,75.1454665676111,75.17927288173144,11652400
2021-09-27,74.95710754394531,75.22758757850622,74.4789327449713,75.05370650342732,15015000
2021-09-28,72.73531341552734,74.16500344329064,72.67735549887142,73.9959496930041,38190600
2021-09-29,72.64351654052734,73.41632288735259,72.51793864142995,73.03475445200019,25012000
2021-09-30,72.12187957763672,73.38250802654957,72.08323852391115,73.06855959881707,33415600
2021-10-01,73.20862579345703,73.3680099876808,71.64852383277668,72.38268902780116,45483800
2021-10-04,71.5133056640625,72.87537542684188,70.94336659681981,72.78843119707592,50773000
2021-10-05,72.53244018554688,72.94782237633362,71.59058736051551,71.65820737436319,32967000
2021-10-06,73.00575256347656,73.05888308061478,71.4601475694913,71.69682121311168,40004800
2021-10-07,73.67230987548828,74.24225618707901,73.53706987681126,73.63850356083262,19895600
2021-10-08,73.39701080322266,74.01041823437633,73.27626026433016,73.95728770246251,18426400
2021-10-11,72.99129486083984,73.97178880111493,72.93816432057734,73.06857698668152,14970600
2021-10-12,72.61454010009766,73.36802226075946,72.49378956486268,73.27625804480421,17853400
2021-10-13,73.05890655517578,73.21829815780454,72.4551538346252,72.92850127395725,19521600
2021-10-14,74.70594024658203,74.73975393405746,73.69646754093496,73.80272860153232,15197200
2021-10-15,75.30486297607422,75.31935245020249,74.73975137498908,74.96676296303535,12779200
2021-10-18,75.94243621826172,75.98107727987406,74.67697277308069,74.88466018796446,11630200
2021-10-19,76.6958999633789,76.6958999633789,75.99072102691856,76.14527786599498,13201400
2021-10-20,76.4833755493164,76.87943338746211,76.15010296439766,76.76834498249794,12025400
2021-10-21,76.77803802490234,76.8166717178283,76.09216836998523,76.2515599909142,10023200
2021-10-22,76.51238250732422,77.06783210554897,76.19359927719904,76.7490488754238,12490000
2021-10-25,76.76351165771484,77.03882636163553,76.46405274750751,76.80215270581036,10336800
2021-10-26,76.98089599609375,77.60396561557623,76.9422549341836,77.28035501336126,13189600
2021-10-27,76.91324615478516,77.5025092228595,76.83596406093335,77.11127138649451,17448000
2021-10-28,77.6860580444336,77.7440233095811,77.23686961719773,77.38177172502546,12756800
2021-10-29,78.01933288574219,78.06763604639194,76.8311517820448,76.92291599523524,20131800
2021-11-01,77.9034194946289,78.05798373207506,77.50736153372299,78.01934267271352,24421200
2021-11-02,78.58927917480469,78.78247707721955,78.00967072750495,78.00967072750495,26814600
2021-11-03,79.04813385009766,79.21235281273198,78.26566535337729,78.72452329313192,25978600
2021-11-04,80.28459930419922,80.47779717128823,79.20750682362684,79.34757417176246,28691400
2021-11-05,80.69999694824219,81.15402013067865,80.19767060468489,80.87387801023854,24223600
2021-11-08,81.13468170166016,81.2747564223499,80.77243016681106,80.96080067013155,12781000
2021-11-09,80.80142211914062,81.3423895098937,80.3908747355641,81.2554452951185,16823000
2021-11-10,79.46833801269531,80.57924435988676,79.22683695330707,80.17835171689896,25788800
2021-11-11,79.84025573730469,80.07209470241065,79.70984309504541,80.03828838480436,10103800
2021-11-12,80.81108093261719,80.94632093228827,79.97066198752218,80.10590198719326,12244200
2021-11-15,80.72896575927734,81.2506088797605,80.27011526636049,81.13468572964423,12490200
2021-11-16,81.57907104492188,81.69016686062851,80.584087662697,80.63239083213718,13538800
2021-11-17,81.3327407836914,81.84472194039276,81.07675020534074,81.41968501276963,15417800
2021-11-18,82.1441650390625,82.26008081827852,81.21196721771585,81.80123032881954,19964000
2021-11-19,82.74308776855469,83.05704355252321,82.16348672818668,82.43879409009998,17714600
2021-11-22,81.8205795288086,84.1631434273079,81.7722837250431,83.06672623841992,28451600
2021-11-23,81.63220977783203,81.89303512694534,80.59858523030181,81.50663184272206,29239800
2021-11-24,82.22628021240234,82.24559705360336,80.74828759458745,81.14435285446635,18241000
2021-11-26,80.17353820800781,81.68050272068103,79.85475498570273,81.05259838372429,24767800
2021-11-29,82.177978515625,82.40016272853691,81.11054061211567,81.36653851026458,24979800
2021-11-30,81.49213409423828,82.61753013668941,80.79660972722738,81.86887523136437,54066800
2021-12-01,80.37638854980469,82.97493507283974,80.30393380618983,82.35186554990783,39084200
2021-12-02,81.1153793334961,81.48729303923082,79.45867818615245,79.63255924870123,46872400
2021-12-03,79.75814056396484,81.59837741881346,78.75349529351689,81.34721425869465,48470000
2021-12-06,80.51646423339844,80.75796533030126,79.1592292480091,79.98999361095713,37800400
2021-12-07,83.32752990722656,83.4289562277688,82.11036247052631,82.12002457677765,28691000
2021-12-08,83.70909881591797,83.76705671369406,82.781735601362,83.35650932106724,23261600
2021-12-09,82.80587005615234,84.047181453637,82.73825006605621,83.50139416572753,17201000
2021-12-10,84.4674301147461,84.57369119214802,83.42897092559627,83.67530677322296,24776600
2021-12-13,83.21160888671875,84.80551743799306,83.09085835056203,84.64129847762659,20974000
2021-12-14,81.84471893310547,82.73344118642365,80.85939771660547,82.2069705725586,27094800
2021-12-15,84.01338195800781,84.09549142621123,81.13468635322253,81.91231998741578,28270800
2021-12-16,81.63220977783203,84.4626033324753,81.14920751506034,84.32736328850159,31275600
2021-12-17,81.08639526367188,81.87851841636085,80.31358895225607,80.7337984226988,44821600
2021-12-20,80.12195587158203,80.37358681296105,79.53641440728202,79.84612027541574,32649600
2021-12-21,82.14955139160156,82.21729931470988,80.22840489149527,80.97847592988936,16810800
2021-12-22,83.22386932373047,83.28194426323442,81.82051591591326,82.03827663313014,13376200
2021-12-23,83.68842315673828,84.02232633402748,83.32548620472326,83.3351665909556,9792600
2021-12-27,85.4837417602539,85.50310253149915,84.00296027073334,84.02232104197859,13266600
2021-12-28,85.03854370117188,85.67247238348757,84.82561951206439,85.6434386093313,11422200
2021-12-29,85.11111450195312,85.4546905899162,84.67074934541021,85.06755646750452,9687800
2021-12-30,84.54977416992188,85.43049713837442,84.4481485969618,85.14498857163214,10526400
2021-12-31,84.13845825195312,84.67076871503885,84.09974409245862,84.46752491567091,10243000
2022-01-03,84.93692779541016,85.01434873393649,83.88198720730152,84.24976804717942,20302800
2022-01-04,84.0368423461914,85.16920385253223,83.40291365804259,85.08210252926192,16648000
2022-01-05,81.45271301269531,83.6109733989951,81.42367186144375,83.54806198057068,23628400
2022-01-06,81.0414047241211,81.8785772499738,80.5574887741993,80.8042832504297,23767200
2022-01-07,80.29618072509766,81.37531875366994,79.76871404155494,80.9881844653554,30488600
2022-01-10,80.31068420410156,80.41230240578925,78.05079050410721,79.10089448134978,32501400
2022-01-11,81.27367401123047,81.38981648557855,79.50738392801439,80.10259841811065,19207600
2022-01-12,81.65596008300781,82.43990136733525,81.24946517264395,81.87855723052246,18144000
2022-01-13,79.54125213623047,82.31409549052974,79.33800834937621,82.07697404721453,20942600
2022-01-14,80.21391296386719,80.26230751713153,78.99928647024228,78.99928647024228,22351400
2022-01-18,78.28789520263672,79.51704543306738,78.07013457591331,79.04764653032395,24694200
2022-01-19,77.19425201416016,79.50252510947206,77.11682371247228,78.53469349028138,24961400
2022-01-20,76.19739532470703,78.7573070006984,76.09576974414638,77.88142046679559,37609000
2022-01-21,74.6827392578125,76.88939450724043,74.66337848743062,76.01350793870587,48016600
2022-01-24,75.06988525390625,75.12311630487663,70.76787266393471,73.4390834472529,67413400
2022-01-25,73.33259582519531,74.72627566815994,72.49058707337834,73.59875098742383,48886200
2022-01-26,73.7632827758789,76.20705907335719,72.88739634831619,75.32633614596263,53596200
2022-01-27,73.25518035888672,75.35537327891736,72.98902517686221,74.95855875590453,39446800
2022-01-28,76.45870971679688,76.47806310322123,73.06161814161482,74.16494576706361,44236000
2022-01-31,78.3798599243164,78.48147812960308,76.10545664178528,76.4780665731307,29121000
2022-02-01,78.58308410644531,78.71374343603239,77.44587905701295,78.48630242614591,23389800
2022-02-02,79.22187042236328,79.3525223909626,78.22016102594732,78.75247143717854,25504800
2022-02-03,76.92327880859375,78.63150143582746,76.63776280057427,78.09919096389724,27865400
2022-02-04,77.23297882080078,77.91045811166182,76.18771872864048,76.51194148812186,29721400
2022-02-07,76.72003173828125,77.75077507833639,76.42484271236727,77.29105640098746,14622600
2022-02-08,77.66850280761719,77.8765831026089,76.29901990941886,76.47806643152528,21139800
2022-02-09,79.39124298095703,79.41544025324137,78.34598284362808,78.67021300109084,17795600
2022-02-10,77.31523132324219,79.13475211748585,76.90873642949015,77.8136640187073,31692200
2022-02-11,74.95372772216797,77.73140743392295,74.66821913516047,77.39266042265838,34878800
2022-02-14,74.92955017089844,75.5344451588138,74.0584999115059,74.75534011901993,41030400
2022-02-15,76.89907836914062,76.95230941414182,75.79090680974409,76.05706203475007,24437400
2022-02-16,76.82164001464844,77.08779520487896,75.54410248551166,76.3764383255218,20318200
2022-02-17,74.5230484008789,76.18287638913804,74.38271603920096,76.10545545716259,24906400
2022-02-18,73.76815032958984,74.8859950188723,73.20196954088723,74.77953291665763,25310800
2022-02-22,73.0858154296875,74.25689098385061,72.28735717402142,72.9938702302169,26893600
2022-02-23,71.25662994384766,74.04398340430404,71.17920161284196,73.84558345906355,37879400
2022-02-24,73.69071960449219,73.74395065386649,68.58056840044418,68.80800948559154,50967800
2022-02-25,74.69242858886719,74.71661847878613,72.89709719539839,73.80201764391708,28301600
2022-02-28,74.55693054199219,74.87147294148025,73.27938540396157,73.89880458481174,34822200
2022-03-01,73.06645965576172,74.65853961445696,72.49543509116785,74.27624932722229,29925000
2022-03-02,74.64887237548828,74.95857829056362,73.03259486193797,73.60361952709117,25592400
2022-03-03,73.75845336914062,75.28279273525236,73.38099959482037,75.27794885098548,23450600
2022-03-04,72.46641540527344,73.48747838180176,71.8905542282969,73.18260896246792,26731200
2022-03-07,69.81455993652344,72.73740918309694,69.77584577236046,72.40350597816649,32864200
2022-03-08,69.4758071899414,71.63406790314208,68.44990049210719,69.62581993293428,36898400
2022-03-09,72.22444152832031,72.55350076618731,70.79204734521052,71.36307189511557,35327400
2022-03-10,70.96143341064453,71.1598407189369,69.88713942912399,70.94691652310814,27448400
2022-03-11,69.7129135131836,71.7695557973161,69.6064514395227,71.59050930250896,21457800
2022-03-14,68.42086029052734,70.1823136519521,68.22245302406657,69.3935284702474,27852400
2022-03-15,70.71947479248047,70.8598071653716,68.7354164956585,68.96285757694199,22993800
2022-03-16,73.01805877685547,73.04709254501498,70.47750068732584,71.61470583336977,27176000
2022-03-17,73.5358657836914,73.58425294486898,72.23413078928908,72.62610149949064,18518800
2022-03-18,75.04083251953125,75.17632836341136,72.91643490276375,73.27453528100102,27897800
2022-03-21,74.8983154296875,75.2958558671439,73.91415151301015,74.63651383156358,22341400
2022-03-22,75.97460174560547,76.36729678288816,74.84983864846491,74.95165203476063,17485800
2022-03-23,74.80619812011719,75.96004110013838,74.7334721682878,75.26676622457714,12360600
2022-03-24,76.7502670288086,76.76966357074242,74.97101528346296,75.22311854530987,14263400
2022-03-25,76.70664978027344,76.97814223554741,75.74672791409346,76.87148342845913,14874600
2022-03-28,77.61809539794922,77.65202825619102,76.1588123484159,76.35274081556408,18593000
2022-03-29,79.26644134521484,79.33915989199049,77.96230115720131,78.52468257764673,18829800
2022-03-30,78.20956420898438,79.0822164187419,77.7974726895653,78.8592079287335,18680200
2022-03-31,77.05086517333984,78.3453146423652,76.93451548452138,78.19987013372712,19424000
2022-04-01,76.822998046875,77.30780806070767,75.96488225105932,77.12842332521224,28209600
2022-04-04,78.28228759765625,78.32107329344876,76.99269095361184,77.02177837605245,23048200
2022-04-05,76.6339340209961,78.12229714167695,76.36728699356031,77.94291977668145,23588200
2022-04-06,74.82073974609375,75.533411147997,74.15655231072576,75.3588792251306,34225400
2022-04-07,74.9371109008789,75.44131021851,73.91416115483162,74.42320591098037,23200200
2022-04-08,73.889892578125,74.7770957502618,73.72990439322032,74.60256385742154,26354600
2022-04-11,72.02823638916016,73.05603138086003,71.9312684560744,72.96391628299737,21595400
2022-04-12,71.70825958251953,73.47296795011177,71.4367671255999,72.92028476349263,22172200
2022-04-13,72.86210632324219,73.08512222311906,71.48524742129892,71.75189445453812,14446800
2022-04-14,71.0925521850586,73.07057826455042,71.0586193250967,72.93967746729173,17407000
2022-04-18,71.32525634765625,71.7858318401033,70.72409658507647,70.74348573325675,14060600
2022-04-19,72.66334533691406,72.78939330876122,70.88409303074806,71.14588724846618,13562200
2022-04-20,72.595458984375,73.56022624188303,72.38214138041918,73.36630518244004,15652600
2022-04-21,71.3640365600586,73.99170609472623,71.14587352111803,73.30327672417765,18509200
2022-04-22,69.36662292480469,71.70340352184438,69.2696623942114,71.28646658244037,22094800
2022-04-25,70.40896606445312,70.45745003164872,68.62971395307352,69.0611946297011,28707600
2022-04-26,67.7861557006836,69.87568617037479,67.7522154408417,69.76902735032238,25953200
2022-04-27,68.78968811035156,70.11321729103958,68.39214777152212,68.54243768245568,40048600
2022-04-28,71.54342651367188,71.95066520235471,69.49752739978446,69.8708258322697,27762400
2022-04-29,68.56184387207031,71.587061577646,68.43094307294045,70.76288588214686,29589800
2022-05-02,69.60417938232422,69.69628707379606,67.70857039438,68.48426200185433,37004400
2022-05-03,69.72540283203125,70.15203075511792,69.08060441237485,69.59450201361265,27469800
2022-05-04,72.17366790771484,72.30456868915788,68.83817988044707,69.99687557404431,28650400
2022-05-05,68.70243835449219,71.19920725884795,67.88310815162168,71.11193759938693,36442200
2022-05-06,68.14974975585938,69.24057232796766,67.12680029233327,68.07702381248374,34862200
2022-05-09,65.51239776611328,67.34982497487684,65.2118104435174,66.91834423840524,41124600
2022-05-10,66.51109313964844,67.45162583718685,65.5220764771921,67.07347458319308,36370400
2022-05-11,64.411865234375,67.16073740251801,64.21309133321537,65.90992655288004,34781800
2022-05-12,63.747684478759766,64.67366617323376,62.26415931765069,63.45679545165244,36506600
2022-05-13,65.86629486083984,66.19111671240557,64.19854707554792,64.61548402187091,24495400
2022-05-16,65.28453063964844,66.1620357477591,64.72699457926252,65.3184635003035,17423400
2022-05-17,67.17527770996094,67.27709107293404,65.93416519577634,66.6904676717567,18602200
2022-05-18,64.1015853881836,66.4820045085679,63.859180363238906,66.28807605004357,23670200
2022-05-19,63.39860534667969,64.48942783937322,63.09801811831586,63.62161380252237,20874800
2022-05-20,63.53921890258789,64.45550981653317,61.59028367101756,64.2809778616095,20252600
2022-05-23,64.99848175048828,65.08089856467616,63.53919888234731,63.73797276236063,17219600
2022-05-24,64.03372955322266,64.41672634101643,62.913819219447824,64.09190440766822,17122000
2022-05-25,64.78031921386719,65.2602838465137,63.563448600788035,63.61193256685461,13656600
2022-05-26,66.33655548095703,66.622591615418,64.26641463806082,64.40216085094447,15556600
2022-05-27,68.58122253417969,68.59576624166638,66.95226071715108,67.07830864790685,16281800
2022-05-31,68.09156799316406,68.76060820926,67.42738061189517,68.31458386440073,19420800
2022-06-01,67.88793182373047,69.28903218254932,67.3837327669455,68.82361880668815,13304800
2022-06-02,69.53146362304688,69.53630906090328,67.0928694129517,67.4079930187641,13868400
2022-06-03,67.86856842041016,68.68304583585405,67.55343741749923,68.21277944802691,11263800
2022-06-06,67.8734130859375,69.14846599900297,67.53889293782413,68.72183074951172,12589600
2022-06-07,68.68302917480469,68.81392994110978,67.01528165522932,67.15102785820748,11016600
2022-06-08,67.90734100341797,68.80908051170225,67.71825799961353,68.4794132589033,8814200
2022-06-09,66.09414672851562,68.07217237255925,66.07960302064579,67.41283049121138,9765200
2022-06-10,63.55375671386719,65.15847702387575,63.534367564061114,64.95485766164296,20886400
2022-06-13,60.73700714111328,62.13810799741292,60.51399494482693,61.55148823567565,36332600
2022-06-14,61.1200065612793,61.52724895135029,60.552779656101805,61.1927288129499,18250400
2022-06-15,62.40959930419922,63.33074289147861,61.04243873024111,61.881158094313854,25069600
2022-06-16,59.869197845458984,60.877603734976496,59.37469317397285,60.82427432839958,32690800
2022-06-17,60.41703414916992,60.98911019765798,59.43771570573417,59.859501811428665,27684200
2022-06-21,61.954463958740234,62.39192757476397,61.29827038891399,61.29827038891399,17245000
2022-06-22,61.691986083984375,62.547466372276546,61.10870373211073,61.27882744237232,15163400
2022-06-23,62.61552810668945,62.73704558174497,61.653104364126335,62.22180525736559,16042200
2022-06-24,64.86602783203125,64.88060933594505,63.334910586376076,63.334910586376076,25492200
2022-06-27,64.42857360839844,65.2694725484795,64.1369286705198,65.07504753445298,13917200
2022-06-28,62.498863220214844,65.12850293155425,62.46970021543417,64.48688715902979,15260800
2022-06-29,62.625247955322266,62.99952387786311,61.91558630305199,62.42109947489231,13607200
2022-06-30,61.789207458496094,62.56691856229328,60.812205914253255,61.79406548746863,15720400
2022-07-01,61.9301643371582,62.08570654827736,60.87053186502806,61.400346246883714,13930600
2022-07-05,62.70787811279297,62.72245961713976,60.73929714917259,61.08926808717245,14341000
2022-07-06,63.247406005859375,63.752922799269925,62.53288273869212,62.843967143545825,16167000
2022-07-07,64.55493927001953,64.70076171669567,63.52447350269356,63.52447350269356,13082200
2022-07-08,64.5841064453125,64.79312036297031,63.66543461383562,63.86472505659725,12627000
2022-07-11,63.694602966308594,64.29733237419757,63.25714297816969,64.02027635953328,11416600
2022-07-12,62.82453918457031,64.28760702085701,62.455128703527585,63.92792001524237,16553400
2022-07-13,62.659278869628906,63.06271781708776,61.371192763835126,61.643390748424515,15162600
2022-07-14,63.23283386230469,63.456429288027955,61.356607390281745,62.15861978836976,13728800
2022-07-15,64.34593200683594,64.37509501245198,63.57307527382251,63.840415186699005,13529200
2022-07-18,63.72376251220703,65.21113511810756,63.48072757877655,64.97781624189125,9897600
2022-07-19,65.66806030273438,65.73610980640898,64.04458085762955,64.4334383429871,12330600
2022-07-20,66.69364166259766,66.97069759658334,65.50276469875142,65.67775012641904,12537200
2022-07-21,67.63176727294922,67.64634877696517,66.08120306665543,66.77628689771463,12957600
2022-07-22,66.69851684570312,67.8796632236269,66.31451744493813,67.6026072183815,10583600
2022-07-25,66.27564239501953,66.74226540588123,65.77499092667885,66.66935787819628,13951200
2022-07-26,65.20140075683594,66.24158980155588,64.95836586398701,66.22215027353595,10167800
2022-07-27,68.00603485107422,68.36086376672525,66.17840745868982,66.27562736267079,17076200
2022-07-28,69.0413589477539,69.19690486145154,67.47622083798647,68.08380815679774,12408000
2022-07-29,70.10101318359375,70.3197431914588,68.96361120922403,69.255248747431,10177400
2022-08-01,69.95032501220703,70.65026689415738,69.29899308971821,69.46911311415654,12515800
2022-08-02,69.45452117919922,70.2565334720009,68.8566573351682,69.347585217914,15921800
2022-08-03,71.30160522460938,71.5008956927382,69.78020384216315,69.79478534794436,14243200
2022-08-04,71.62727355957031,71.66129460189364,70.82039560135019,71.27730257568784,11679800
2022-08-05,71.4620132446289,71.6612963071836,70.4218237446807,70.4801497711026,7921000
2022-08-08,70.85441589355469,71.95293126716474,70.47041649477076,71.39881184269404,11102200
2022-08-09,70.14474487304688,70.42180827135272,69.76561095093,70.28084384935356,8565600
2022-08-10,72.05985260009766,72.11817860655474,71.23839339725421,71.81195965581801,19273200
2022-08-11,71.77793884277344,72.93478753947738,71.6466978974474,72.51190169716851,11025800
2022-08-12,73.20700073242188,73.21185876220936,72.02584681219771,72.24944226869145,8093600
2022-08-15,73.66876220703125,73.77569819195016,72.83272127957746,72.91535228304406,7162600
2022-08-16,73.46946716308594,73.81458007778285,72.78411419662126,73.33336817564341,10990600
2022-08-17,72.94450378417969,73.50348112835117,72.41954747174286,72.79868135014105,12632800
2022-08-18,73.32364654541016,73.6152840319809,72.73549870970977,73.01742013851477,9976800
2022-08-19,71.9918212890625,72.80841525289593,71.83141731398688,72.72092622113044,10146200
2022-08-22,69.98433685302734,71.0342495379735,69.80935140553632,71.0099445614369,10744200
2022-08-23,69.79963684082031,70.53845770883514,69.70728237810904,69.8482393780952,14777200
2022-08-24,69.84339904785156,70.13990204266214,69.45939959683415,69.75104456173752,8983200
2022-08-25,71.02452850341797,71.02939394899491,69.93087127324542,70.02322573715404,7126600
2022-08-26,67.991455078125,71.16549070269286,67.94284512489818,70.99536328323654,14321800
2022-08-29,67.09221649169922,67.74841371377563,66.83460008109721,67.25747845004074,13231600
2022-08-30,66.39228057861328,67.58801570088617,65.7895586973438,67.4713562641062,13268800
2022-08-31,65.74581146240234,67.00473812982973,65.71179042643837,66.79086618889727,14171400
2022-09-01,65.42501831054688,65.50764931211944,64.05429748991781,65.10421036314362,15988600
2022-09-02,64.57438659667969,66.47491419280043,64.23413174683039,66.10064572490663,16606600
2022-09-06,64.14664459228516,64.93894089397723,63.72376615731478,64.66187749393596,14990000
2022-09-07,65.17225646972656,65.43473096596145,64.05429415824638,64.27302414124853,11657000
2022-09-08,65.39583587646484,65.7360907128478,64.39939859426111,64.69103606094117,11210600
2022-09-09,66.68878173828125,66.8686326256957,65.81385452751607,65.94023743491604,11418600
2022-09-12,67.75812530517578,67.78729572252287,67.09221207072613,67.10193554317516,10181000
2022-09-13,64.16122436523438,66.19299291005132,63.98623891120113,65.82358247013127,20148800
2022-09-14,64.39453887939453,64.86602728016479,63.77723544072679,64.46258836935941,13229200
2022-09-15,62.91202926635742,64.26816856299787,62.53289530353807,63.87931112458761,14885200
2022-09-16,62.56206130981445,62.693294845244736,61.67254877706568,62.36277086689529,20762200
2022-09-19,63.072235107421875,63.130705132918195,61.897912527699134,61.93689502308026,15683000
2022-09-20,62.701904296875,63.09659926925308,62.15616423899517,62.48263426898762,12109400
2022-09-21,61.72248840332031,63.95418583752588,61.712744639306635,63.02837583565215,16808800
2022-09-22,61.09391403198242,61.7663490417221,60.747952762403784,61.37653153701576,16033800
2022-09-23,60.29479217529297,60.63100968396658,59.50054336861903,60.53842718909697,19396200
2022-09-26,59.875732421875,61.118272329221625,59.70518867632689,60.10962364260872,17193600
2022-09-27,59.953697204589844,61.24008962046725,59.39820973944163,60.66998465111644,18714800
2022-09-28,60.58715057373047,60.87951555048397,59.09610554961805,59.554140543461784,18933400
2022-09-29,59.008399963378906,59.85624877571955,58.311603670903324,59.719813761960744,31096600
2022-09-30,57.8779296875,59.641848416144995,57.7707296932764,58.76963467482351,19513000
2022-10-03,59.67108917236328,60.02679794039668,58.11182651780344,58.33597029204796,17332200
2022-10-04,61.673763275146484,61.741980777213804,60.835658286805035,60.879514519605486,17779000
2022-10-05,61.878414154052734,62.32670536415949,60.484821704055,60.84053042768727,14600400
2022-10-06,61.37166213989258,62.39493223278218,61.29857460546518,61.71762715153461,14348200
2022-10-07,58.84760284423828,60.124251725312206,58.5308802828844,60.119377983846235,15749000
2022-10-10,57.85844039916992,58.93043666010243,57.278591610684224,58.84759793239718,16706200
2022-10-11,56.971614837646484,57.92666371441233,56.54769226235342,57.527102411708505,21044800
2022-10-12,56.79619216918945,57.40527969234077,56.69873965251533,57.015465908069054,14111600
2022-10-13,58.56010055541992,58.867079274142775,55.046884793071314,55.261284752698124,38114600
2022-10-14,56.91313552856445,59.164320471849784,56.82055304212633,59.03763295286334,22484000
2022-10-17,58.64781951904297,58.940180785605875,58.15080202006833,58.306731994315435,14599600
2022-10-18,59.14482879638672,60.382494990907084,58.399306322273745,60.16809872779464,13998000
2022-10-19,58.97428512573242,59.55901133268532,58.37981515490569,58.62832388580005,10984000
2022-10-20,59.008399963378906,60.2899225231319,58.71603868852785,58.993782457272644,12429600
2022-10-21,60.58715057373047,60.71384181581865,58.66243554302882,58.86221802930538,17126000
2022-10-24,61.425254821777344,61.649398574980125,60.10475357194079,60.845406051508746,13385200
2022-10-25,62.59958267211914,62.64343519130993,61.57631633100477,61.57631633100477,10265000
2022-10-26,61.20598220825195,62.49724467534912,60.9233647289128,61.020820955016774,15169400
2022-10-27,60.50918960571289,61.81019963192147,60.367880857602486,61.43500336234049,11694800
2022-10-28,63.140438079833984,63.27200304206356,60.84539716806616,60.84539716806616,14935400
2022-10-31,62.307220458984375,62.68241674866693,61.936894192977654,62.51186926305408,13292200
2022-11-01,61.78583908081055,63.194049119729655,61.51783908686739,63.081979098680826,9413200
2022-11-02,59.65159225463867,62.53622975017913,59.63210100861238,61.74198099187671,18092400
2022-11-03,57.897422790527344,58.925562815266936,57.85357027379754,58.818362817604964,16010600
2022-11-04,58.954803466796875,59.261785983576104,57.60506703751334,59.10098597169894,17896200
2022-11-07,59.9390869140625,60.03653943219155,58.63807311983051,59.05712563942092,10427600
2022-11-08,60.514068603515625,61.24497367736084,59.62236352120635,60.43610361120258,12722000
2022-11-09,58.940181732177734,59.97806554629567,58.85247297904275,59.953704275609724,11962600
2022-11-10,63.78364181518555,63.85185931969316,61.53733047234155,61.84918298368357,27932200
2022-11-11,64.87512969970703,65.0895296965921,63.4133196502002,63.725172163355644,15977800
2022-11-14,64.31964111328125,65.12363365313715,64.01265862871978,64.36349362960424,14526600
2022-11-15,65.09928131103516,66.04945641649826,64.44633379676102,65.78145640338023,12716200
2022-11-16,64.20758056640625,64.78743315161847,63.93958053519665,64.59739811769737,10095800
2022-11-17,64.2904052734375,64.58764027215567,63.159935299574904,63.18430028671249,8149600
2022-11-18,64.36348724365234,65.0359221678223,63.822617290548145,65.01642720573503,11912400
2022-11-21,63.67157745361328,64.26117749402789,63.54488991545234,63.99804749957307,8363800
2022-11-22,64.90436553955078,64.93847801001357,63.491285447716955,63.94932045869979,9019200
2022-11-23,65.47935485839844,65.67425991374454,64.71921473333687,64.76306725551706,9480600
2022-11-25,65.09928131103516,65.2990563797678,64.90924628994254,65.03593382562066,3263000
2022-11-28,63.70568084716797,64.77767333271815,63.44742834858565,64.36349086925219,13030200
2022-11-29,63.08198165893555,63.81288670745404,62.82372170145376,63.62285169224526,11570200
2022-11-30,66.24923706054688,66.25897710791345,62.98939934511408,63.05273939359954,23334400
2022-12-01,66.3418197631836,66.6585497826969,65.52320958105692,66.312584747415,15165800
2022-12-02,65.95687103271484,66.17614105743776,64.9774609568722,65.2308360171451,8934400
2022-12-05,64.86051177978516,65.81556427749624,64.4317117887536,65.45011176745354,11526200
2022-12-06,63.4717903137207,64.88974786049361,63.06248528016269,64.79229534323939,11799200
2022-12-07,63.150203704833984,63.63747377220106,62.69703867590399,63.24277877210674,10413800
2022-12-08,64.18321228027344,64.36837728053963,63.120959693418655,63.50103717689954,8965800
2022-12-09,63.788509368896484,64.68508427039306,63.549744422619476,63.8957093500699,10402800
2022-12-12,65.18212127685547,65.18212127685547,63.87136356009822,63.89085109200902,14806200
2022-12-13,65.95199584960938,67.89132832000001,65.28443091014994,67.5551108386573,18607600
2022-12-14,65.3965072631836,66.65853472648288,64.63148982599338,65.88864726614842,19541000
2022-12-15,62.950408935546875,64.56327135486328,62.7116439723731,64.32450639168951,19223800
2022-12-16,62.1171875,63.106341387365084,61.80046122454442,62.73601882667361,23999200
2022-12-19,61.28888702392578,62.22224693758659,60.88329071396061,62.12451086565225,14276600
2022-12-20,61.38173294067383,61.69448090203605,60.67316415626719,60.96636490401305,12622000
2022-12-21,62.398162841796875,62.69135984796041,61.51366917506352,61.66515914163918,14670600
2022-12-22,60.82465362548828,61.68471242894663,59.793561354133374,61.61629531353803,15323600
2022-12-23,60.888179779052734,60.94682142349372,59.94504810173111,60.38973885017939,8231600
2022-12-27,60.31154251098633,60.78555215874263,59.95481613756633,60.67804435472579,9530200
2022-12-28,59.33910369873047,60.72692249782936,59.270690306000255,60.16495587586695,10362600
2022-12-29,60.89306640625,61.098306565682,59.915728052859585,59.920615788536516,10954200
2022-12-30,60.80999755859375,60.84420425409239,59.88641305188032,60.26268670236534,8905800
2023-01-03,60.23334884643555,61.8655017028312,59.80331769136199,61.45990549184101,15196200
2023-01-04,60.38973617553711,60.77578526244642,59.72514581430715,60.54611015887064,11813000
2023-01-05,59.21692657470703,60.24313102375682,59.11430650262702,60.08675704798018,11341000
2023-01-06,60.95170593261719,61.225359469021846,59.036119993035136,59.739804776075474,13825400
2023-01-09,61.660282135009766,62.78421910052849,61.47947318200772,61.499020398136345,21427200
2023-01-10,62.04143142700195,62.139167488580526,61.181372726358234,61.50878387233452,17209000
2023-01-11,63.11651611328125,63.11651611328125,62.04632936458195,62.23691005568591,13758000
2023-01-12,63.58562088012695,63.87394131594902,62.4421369761505,63.21423504861714,15358600
2023-01-13,63.766448974609375,63.859289862617636,62.837972986022024,62.98457524279903,10153200
2023-01-17,64.05475616455078,64.43103351600915,63.60028995576343,63.67847881309241,10425800
2023-01-18,63.228904724121094,64.75844163929955,63.189810295051046,64.41637470556154,13936000
2023-01-19,62.49100875854492,63.087189438670144,62.26133739271964,62.73534705866165,14645000
2023-01-20,64.18180084228516,64.23067073719776,62.57896671493992,62.803757792439136,14127800
2023-01-23,65.6429214477539,66.01919874457967,64.29419740890275,64.44079217448534,23472600
2023-01-24,65.61360168457031,65.86282023948262,65.17379502375613,65.2715348082695,12575600
2023-01-25,65.4767837524414,65.64292947809273,63.90326845303848,64.50432943495336,14342200
2023-01-26,66.52252960205078,66.55184855617144,65.43279209723974,66.11693333821738,11161800
2023-01-27,66.80107116699219,67.27019683082167,66.07295890725094,66.10227786314663,13549400
2023-01-30,65.52564239501953,66.32217546959853,65.47188849201422,66.03386247006968,9705600
2023-01-31,66.43946838378906,66.4687873430451,65.4816734612568,65.52565190014086,8871600
2023-02-01,68.0031967163086,68.54561973926452,66.0729551782849,66.3905871245613,18852800
2023-02-02,69.86013793945312,70.25106725494017,68.84858932155863,69.16622125451653,18824000
2023-02-03,69.27863311767578,70.41234176049934,68.55539734817619,68.65802115888224,16145400
2023-02-06,68.4332275390625,69.04895546769984,68.17423347452451,68.51141639611166,12977400
2023-02-07,70.14356994628906,70.40745547585583,68.5065326874946,68.53585164489094,15708200
2023-02-08,69.29817962646484,70.6566794366737,69.15646883611949,70.28040951284275,12577000
2023-02-09,68.91702270507812,70.48565425508785,68.64336912219191,70.36837095249338,12624000
2023-02-10,68.59938049316406,68.83393960702101,67.94944960207107,68.40390835120013,9861600
2023-02-13,69.78685760498047,69.93834388639853,68.82417854174165,68.86815698670146,8411800
2023-02-14,70.08493041992188,70.48075124867044,69.02451923163878,69.45943448818346,12622000
2023-02-15,70.41233825683594,70.41722972065003,69.49364529625272,69.65979102293802,10491000
2023-02-16,69.1906509399414,70.177764536438,69.13689704467431,69.3910070456186,13001200
2023-02-17,68.32572174072266,68.77529644820763,67.72954480206887,68.69710759738436,10606600
2023-02-21,66.70335388183594,67.81751919630915,66.6447159568114,67.41192281638672,12277800
2023-02-22,66.60559844970703,67.14312997473854,66.28795906734887,66.84015752505717,14338400
2023-02-23,67.7099838256836,67.96409382494747,66.75708064906671,67.84681056609534,13120000
2023-02-24,66.50300598144531,66.79131909073773,66.11696049943538,66.50789744680755,14347400
2023-02-27,66.85971069335938,67.51452550614641,66.73754341680215,67.17245862308593,9389000
2023-02-28,66.71311950683594,67.35815895639044,66.52742282966871,66.64470611890592,10485800
2023-03-01,66.22444152832031,66.84993740821598,66.01920139177633,66.74242960481212,15069400
2023-03-02,67.04052734375,67.25065151625037,65.93124619505008,66.0436380208875,10969400
2023-03-03,68.48210144042969,68.48698544809322,67.40703069093398,67.47056007306108,14439600
2023-03-06,68.80949401855469,69.7428537788135,68.75574011988799,68.92188582249466,15999200
2023-03-07,67.95433044433594,69.01963306304657,67.78330071664577,68.75574754781115,14120000
2023-03-08,68.51630401611328,68.59937687588005,67.79306831373302,68.19378059125447,13247000
2023-03-09,67.5340805053711,69.39590892454032,67.40213773637089,68.62381071026147,15624600
2023-03-10,66.34661102294922,67.60737829507784,66.0827255125157,67.43634111400058,30556800
2023-03-13,66.7082290649414,67.63181354439836,65.52076650128254,65.93124683515225,34439400
2023-03-14,68.24754333496094,68.48698647456676,67.28974840703658,67.56829343453768,21202200
2023-03-15,68.28662872314453,68.36970158266972,67.17246367368999,67.49987110470082,23060000
2023-03-16,70.20220947265625,70.29994180800696,67.82238572329567,68.04717680545161,26086800
2023-03-17,70.10449981689453,70.9450041380226,69.69401194522537,70.33905898891861,23078600
2023-03-20,70.29351806640625,70.38167657757765,69.45605331155897,69.98007969783274,11981600
2023-03-21,70.86161804199219,70.98894979349924,69.94088968706049,70.67551146651641,13066400
2023-03-22,70.1563949584961,72.27210972332323,70.11721422511476,70.86163321343847,14224400
2023-03-23,71.29747772216797,72.26228137912027,70.62652570184508,71.05260384929596,17595800
2023-03-24,71.48361206054688,71.51789053014369,70.60206428073693,71.07221811466192,11872600
2023-03-27,70.93019104003906,71.83622019408027,70.76367854335604,71.59134623791344,10810600
2023-03-28,70.59716033935547,70.83224472368637,69.96049401576668,70.8077558328652,9968000
2023-03-29,72.07621002197266,72.23782775370239,71.38076878035338,71.48361914525817,14256600
2023-03-30,72.9136734008789,73.01651628018023,72.42392547631194,72.74225863809636,11202400
2023-03-31,73.95682525634766,74.02538966117423,72.7324555466163,72.82550884022942,15069800
2023-04-03,73.83929443359375,73.94213730976712,73.15364287627769,73.50626196907794,21142200
2023-04-04,73.43280029296875,74.20170059925823,73.15854266848434,73.94703707535689,15824800
2023-04-05,72.59532928466797,73.15364159298083,72.07130291645146,73.08507718574802,15737600
2023-04-06,73.00672149658203,73.09976731832863,71.75296062180153,72.06639897225672,15696000
2023-04-10,72.96754455566406,72.98223639527917,71.88519837526997,72.28189299079826,9517200
2023-04-11,72.28189086914062,72.85000022744994,72.15945389396843,72.84020317700738,12791600
2023-04-12,71.8705062866211,72.96754430282903,71.75296409714736,72.77164065370613,13235800
2023-04-13,73.20751953125,73.32016693729294,72.03212747161943,72.14966966676667,13641800
2023-04-14,72.80103302001953,73.39852614346172,72.1643666350384,72.79613823056741,13003600
2023-04-17,73.06549072265625,73.2271084271325,72.49738136261125,72.89407596770752,8306000
2023-04-18,73.29077911376953,73.81970780652343,72.97244592943618,73.62381161200456,9212800
2023-04-19,73.0801773071289,73.2173061120438,72.5316620874693,72.62961016627145,8623200
2023-04-20,72.60023498535156,73.32016503187818,72.2769995618171,72.40923359380125,11416200
2023-04-21,72.36512756347656,72.49736155336356,71.89497389070175,72.28187133960931,12237600
2023-04-24,72.04680633544922,72.42880905967417,71.50808071258884,72.07619001070358,9079800
2023-04-25,70.5090103149414,71.83132823575659,70.48452142376772,71.69419941273637,11022600
2023-04-26,71.55706024169922,72.29657682125523,71.3856455012324,71.7480616084963,13603400
2023-04-27,73.07528686523438,73.12915943272381,71.71868310060766,71.89499264212219,12084800
2023-04-28,73.86868286132812,73.88337470172597,72.99693212390713,73.07529358800262,11792000
2023-05-01,73.91275024414062,74.27026410939051,73.69236518947864,73.80990737267956,8194400
2023-05-02,73.22220611572266,74.08416720567766,72.8402033501144,74.0009109591179,12058800
2023-05-03,72.60514068603516,73.78543515444198,72.57085473916193,73.31037899865935,11630200
2023-05-04,72.25741577148438,72.74716376565264,71.95866919612327,72.31619061239827,10861000
2023-05-05,74.06947326660156,74.31924199919993,72.85489312390901,72.95774346848465,12230000
2023-05-08,74.0302963256836,74.09395847276339,73.57482688063531,73.92744597584685,6795600
2023-05-09,73.46219635009766,73.76094291417316,73.38383488048024,73.6238140788232,12473200
2023-05-10,74.35842895507812,74.5298362464479,73.63849890162821,74.10375793957522,10551800
2023-05-11,74.025390625,74.23598610375481,73.51116131858518,74.23598610375481,8956800
2023-05-12,73.92744445800781,74.26047691796333,73.3544403082937,74.15273178147419,7908000
2023-05-15,74.53963470458984,74.55432654490002,73.73644838480486,74.00091645630897,6796600
2023-05-16,74.61799621582031,75.02448790156893,74.41230297838617,74.43679186990556,9398200
2023-05-17,75.61219024658203,75.73952203097002,74.58371650057687,74.93144085408105,11916600
2023-05-18,77.15978240966797,77.27242233317364,75.7052305625911,75.7052305625911,15491200
2023-05-19,77.12549591064453,77.31160250088148,76.86103533716657,77.1793684776626,9805000
2023-05-22,77.27243041992188,77.47322887154677,76.76799063273977,76.89532240859523,10794200
2023-05-23,76.13130187988281,77.20385086835202,76.10191820452077,76.8855177546511,11691000
2023-05-24,75.57299041748047,75.87663169666787,75.1616040122022,75.52891490397764,10925600
2023-05-25,78.47230529785156,78.7808488715983,77.17447632932327,77.58096799019214,18078000
2023-05-26,80.7006607055664,80.84269178554476,78.66330758894543,78.67310463965845,15160000
2023-05-30,81.13163757324219,82.29723247446042,80.96022282187727,81.88584603873633,18123600
2023-05-31,80.4557876586914,81.42548644736752,80.41171213942435,80.66638315012321,19301000
2023-06-01,81.2736587524414,81.61648077199787,79.94154392819952,80.2011097053608,17419400
2023-06-02,81.7389144897461,82.11602243273656,81.16101560447692,81.75360632764553,14270600
2023-06-05,81.26876831054688,82.23357227837464,81.12673723366017,81.68995180651716,10909000
2023-06-06,81.24917602539062,81.42548557352691,80.66638228442912,81.07286647725434,9975600
2023-06-07,80.03459930419922,81.72422803046942,79.86808681507387,81.0924565403363,13703800
2023-06-08,80.90145874023438,81.02879050702781,80.09337020204507,80.1521450330698,10665200
2023-06-09,81.30305480957031,82.13563230621922,81.02879715216343,81.29326523106342,14413600
2023-06-12,83.07103729248047,83.10532323286684,81.69484687447905,81.86135936874429,13787200
2023-06-13,83.5754623413086,83.97216435206998,82.89961543255377,83.81054667500986,16595800
2023-06-14,84.43743896484375,84.46682264377301,83.18858029962996,83.47752977304773,16769000
2023-06-15,85.5246810913086,85.90668386852744,84.07502396966157,84.09461807118878,17732600
2023-06-16,84.8194351196289,86.34255129996943,84.73617887817126,86.33764903855698,17366600
2023-06-20,84.24622344970703,84.85477810502579,83.79471249980136,84.33455912988694,14137800
2023-06-21,82.9996566772461,84.08426999206013,82.75426979493294,83.92231375109984,12058000
2023-06-22,83.67692565917969,83.71128341674127,82.61194750396916,82.62667011760607,15224200
2023-06-23,82.76898956298828,83.25976331074062,82.42054439570745,82.64629612605019,14729000
2023-06-26,82.17515563964844,83.56895125407374,82.1162651876232,82.84260822084846,10890200
2023-06-27,83.79470825195312,83.98610970458655,82.42544536967247,82.50397096270483,13833000
2023-06-28,83.84378814697266,84.29529911177093,83.26467869927923,83.32847419642013,11371600
2023-06-29,83.99102020263672,84.14315886863808,83.48552383364557,83.93212974834283,9128200
2023-06-30,85.32591247558594,85.54185409339725,84.7615257378981,84.82532122416993,11398400
2023-07-03,85.14433288574219,85.35045694347352,84.71244962843133,85.31119414838957,6182200
2023-07-05,84.61920166015625,85.25230393579315,84.47688058011936,84.5504936407225,9395600
2023-07-06,84.39344787597656,84.4719659758208,83.52968138017947,83.784885798357,12116400
2023-07-07,84.0253677368164,85.04126539284947,83.97628737180088,84.25602448427492,11622200
2023-07-10,84.24622344970703,84.25112849129043,83.40209200334898,83.72109194437168,16877200
2023-07-11,84.42781829833984,84.52106652081915,83.60332188852837,84.4229132561198,9996000
2023-07-12,85.38481903076172,85.78725711963237,84.80570957247095,85.27194315964992,16104400
2023-07-13,86.4988784790039,86.68537491122987,85.7970755701343,85.96884189947765,9349200
2023-07-14,86.37126922607422,87.39207945695821,86.1209698374738,86.71480933055138,11543800
2023-07-17,87.47551727294922,87.73071423516511,86.4350718143135,86.53323255674925,11858800
2023-07-18,88.46686553955078,88.89384375598812,86.81786558799743,87.27428902861408,16406000
2023-07-19,88.24603271484375,89.05581394988661,87.90739760642707,88.68773361267084,20990000
2023-07-20,86.4841537475586,88.05462830292355,86.21422667821147,87.68164293621605,24356000
2023-07-21,86.43998718261719,87.47060761451097,86.33692139512107,87.03381925533881,14871400
2023-07-24,86.59212493896484,87.0338183353054,86.25839488220318,86.8227892093199,11308200
2023-07-25,87.58348846435547,87.87304318535527,86.85713790808758,86.87186052179176,10802200
2023-07-26,86.40562438964844,86.87677048007335,85.79706973825705,86.66573387553922,15501600
2023-07-27,86.15534210205078,87.83869264179606,85.7627215642627,87.5736780847421,13857000
2023-07-28,87.32826232910156,87.58837175810858,86.77368572189988,86.95526957157345,11287400
2023-07-31,87.52948760986328,87.63745841705524,87.02889636639252,87.4067941915644,10138400
2023-08-01,87.67672729492188,87.8632237159651,87.01418722670158,87.24485148790355,8845800
2023-08-02,85.50749969482422,86.96019314250402,85.1983173559337,86.90620773593388,15818600
2023-08-03,85.15907287597656,85.6596567660714,84.75663476070122,84.81062017888172,11321000
2023-08-04,84.00084686279297,85.37992006654348,83.86833583768184,84.86951111206344,14431800
2023-08-07,84.23640441894531,84.6437475217058,83.62784228555381,84.35419281242486,9536000
2023-08-08,83.58858489990234,83.6965482304771,82.74935853051053,83.64747535087272,11461800
2023-08-09,82.50888061523438,83.70146472414883,82.22423094104333,83.70146472414883,14301800
2023-08-10,82.5186996459961,83.85850991299623,82.11135652686292,83.13707188723924,12731400
2023-08-11,81.91014099121094,82.39110468802726,81.62549878842721,81.8610681063164,10772000
2023-08-14,83.21558380126953,83.22540137165952,81.63038691513555,81.8266933912629,10328000
2023-08-15,82.39600372314453,83.26467534833881,82.20460226219797,82.97020810598423,9366400
2023-08-16,81.61075592041016,82.69046405979898,81.605850879272,82.2193180091009,9779400
2023-08-17,80.8353500366211,82.12607994485269,80.71265659551,81.97394127605308,12614800
2023-08-18,80.95805358886719,81.28687115347849,79.96668836406276,80.01576125346807,13658600
2023-08-21,82.50396728515625,82.67082854645277,81.2966606840898,81.37518627362194,13132800
2023-08-22,82.41072082519531,83.29411500456915,82.22913694810077,83.24503463792128,11361800
2023-08-23,83.89775085449219,84.14313767038051,82.60702129517536,82.61192633559305,10113200
2023-08-24,81.96411895751953,84.957841742713,81.90032346409315,84.9529367012534,13929000
2023-08-25,82.79843139648438,83.2548473273752,81.5616796178772,82.29292761321138,15686600
2023-08-28,83.47570037841797,83.65237921746066,82.83278800231092,83.42662749950274,8963800
2023-08-29,85.14924621582031,85.23267685526562,83.14688840329309,83.2352315729849,13713800
2023-08-30,85.79214477539062,85.88048793081111,84.86948787168218,85.16395507160121,12266600
2023-08-31,86.2093276977539,86.53814524585442,85.89523276459715,85.98848098498358,11963400
2023-09-01,86.47433471679688,86.86205017948653,86.03264132976166,86.7491668232733,9244600
2023-09-05,86.78353118896484,87.05345827431235,85.978662463592,86.25839963305117,10060400
2023-09-06,85.86577606201172,86.66082711720209,85.33573952901384,86.4448854753941,18143200
2023-09-07,84.62410736083984,84.81060376730454,83.96156734441068,84.27075717857848,12513600
2023-09-08,84.80078125,85.34554033677139,84.57993459073853,84.6191973839469,8584800
2023-09-11,85.24250793457031,85.6253109237959,84.49652961437573,85.54678531354081,8272800
2023-09-12,83.69654846191406,84.83024206651821,83.54440980407804,84.53086979223633,12243000
2023-09-13,83.9075927734375,84.35910374706451,83.42663657153686,83.66220588633934,10008800
2023-09-14,84.51614379882812,84.72717289935625,83.89285909101915,84.42289559585522,9473200
2023-09-15,82.89169311523438,84.23641604407362,82.67084639951842,84.21187585596874,13116800
2023-09-18,83.2900619506836,83.56548108068938,82.62609922294158,82.65069182482247,9943800
2023-09-19,83.24579620361328,83.45728358426383,82.48347804150113,82.93595342000307,8236600
2023-09-20,81.93756103515625,83.5802449713325,81.90312988755161,83.472043514017,10760400
2023-09-21,80.68831634521484,81.65229076994186,80.64896968455167,81.07685992888345,14741200
2023-09-22,80.86045837402344,81.603106906627,80.678479127395,81.04243011604358,12537800
2023-09-25,81.12112426757812,81.24407977119587,80.44733050922758,80.65389485475238,10577400
2023-09-26,79.66043090820312,80.63423662323328,79.38501171644592,80.58997443268876,14926000
2023-09-27,79.78337097167969,80.20142270250611,78.99153719659823,80.04403604938273,11665200
2023-09-28,80.34896850585938,80.86046765698447,79.03088897143924,79.40467103986977,12829400
2023-09-29,80.62438201904297,81.89328376082602,80.34896288214902,81.14079665302343,15883800
2023-10-02,81.48999786376953,81.72607034995112,80.54077739091203,80.66373290522041,13656200
2023-10-03,80.10797882080078,81.58344498765969,79.69484259057745,81.02768366333461,14838800
2023-10-04,81.10636901855469,81.32277190248695,80.1719027019934,80.1719027019934,15194200
2023-10-05,81.2145767211914,81.34736327007023,80.24076366842691,81.10145224748283,12023000
2023-10-06,82.73429870605469,83.08841115184062,80.42273677161357,80.65880923393478,16625600
2023-10-09,83.16217803955078,83.29005655921033,81.84901423388484,82.22771926543295,13139200
2023-10-10,83.2900619506836,83.95894019695841,82.99005021879691,83.22120716818215,20402800
2023-10-11,84.06222534179688,84.1015720070316,83.28023006985521,83.54581067942839,10389200
2023-10-12,84.14091491699219,85.00160348099014,83.50154476852912,84.13599939828562,15405800
2023-10-13,82.93595886230469,84.45077175300995,82.64577813471404,84.30813914875857,15183200
2023-10-16,83.73271179199219,84.11141690696766,83.05891792236577,83.07367198486783,14544200
2023-10-17,83.34415435791016,83.77695258847913,82.08508381054234,82.68019169641028,15317800
2023-10-18,82.48839569091797,83.43269313626195,82.14903727212378,82.75889932217486,12862800
2023-10-19,82.01624298095703,83.37367665224464,81.87361788739877,82.81791533003724,19991800
2023-10-20,80.62931060791016,82.03592201523442,80.54570175733956,81.97689826424816,15350400
2023-10-23,80.7227554321289,81.54409735471111,79.68008758345785,80.12764744986525,15159000
2023-10-24,81.27852630615234,81.40148184440693,80.40308347414853,81.04245377399448,11180400
2023-10-25,80.31946563720703,81.76542380630877,80.0784776120965,81.66706088761408,15529600
2023-10-26,78.78497314453125,80.81620055460749,78.44561473896698,80.4620880883325,20646400
2023-10-27,79.24234771728516,80.0440198723194,78.89315834622863,79.26694031494155,16231600
2023-10-30,80.09323120117188,80.3784814123172,79.41942982764692,79.66042535594238,14180800
2023-10-31,80.66372680664062,80.7325815892632,79.50794956228965,80.13255812443428,10893600
2023-11-01,82.2228012084961,82.33100265261615,80.80635890252083,80.80635890252083,20945800
2023-11-02,83.61466979980469,83.6884476151709,82.85235157328655,82.96546855131675,16192600
2023-11-03,84.47535705566406,84.81471548877552,83.3490878038713,83.53105957048092,15661800
2023-11-06,85.03111267089844,85.06062079272604,84.32288772860073,84.58847583426677,11099200
2023-11-07,85.96065521240234,86.21148175015568,85.12947476733731,85.25735330018347,13029800
2023-11-08,86.44756317138672,86.59018826277253,85.86229373560683,86.25575287353195,10722400
2023-11-09,86.04426574707031,87.20988910329233,85.93114877738601,86.57543445915714,14374600
2023-11-10,88.2918930053711,88.3509092475488,86.4672299704214,86.56559287558711,13346400
2023-11-13,87.77548217773438,87.99680060010398,87.4066156389154,87.92303029418376,11725000
2023-11-14,89.53126525878906,89.75750665979446,88.84271752461171,89.11813661828265,16508400
2023-11-15,89.64441680908203,90.06738411781802,89.3001428379271,89.92967452935605,13147800
2023-11-16,90.09195709228516,90.19032750332501,89.30504633622739,89.46734850891268,11553600
2023-11-17,89.90506744384766,90.24934135955641,89.51652384249822,89.8903133835036,13277800
2023-11-20,91.20840454101562,91.44447704150512,90.00835744789565,90.01819599092714,11116200
2023-11-21,90.47066497802734,90.93789442657553,90.14114510369106,90.7952693335021,13350800
2023-11-22,90.87396240234375,91.65104214294479,90.62805137701211,91.04118009846312,11213400
2023-11-24,90.69690704345703,90.80018547251687,90.35263310557592,90.72149964715047,4193800
2023-11-27,90.69198608398438,91.21823929748656,90.40673588939738,90.56903056732789,8420000
2023-11-28,90.8641128540039,91.10510833129723,90.3870449222773,90.3870449222773,11012400
2023-11-29,90.93297576904297,91.92153535793037,90.87887504499786,91.52808373353909,10765400
2023-11-30,91.0657730102539,91.43463954950029,90.30344732822292,91.31168403641816,13744000
2023-12-01,91.27233123779297,91.43463340470706,90.3919656207082,90.8296869176795,13992200
2023-12-04,90.16082000732422,90.36246134029382,89.1771759269717,90.36246134029382,18221800
2023-12-05,90.70182037353516,90.8051063047115,89.67882962236881,89.67882962236881,10841400
2023-12-06,89.9345703125,91.40019775641755,89.86571553337926,91.26741122107559,14731400
2023-12-07,91.02641296386719,91.17887657693817,90.17064001696217,90.36245028898821,13928800
2023-12-08,91.80350494384766,91.87727524893334,90.71657491972901,90.82969188906335,12808800
2023-12-11,92.60516357421875,92.62484065732973,91.32150781943245,91.53299518752951,37795400
2023-12-12,93.21995544433594,93.24947107354707,92.18713356023152,92.26582689557551,15055400
2023-12-13,94.04129791259766,94.26753185405127,93.21994848128561,93.44127440848492,29395000
2023-12-14,93.81013488769531,94.46917459403024,93.11666403771484,94.11506213891717,15427400
2023-12-15,94.28228759765625,94.82329486662788,93.71177220576055,93.71177220576055,18131200
2023-12-18,94.5642318725586,94.77617831927458,93.8642971591348,94.2635582352142,10138000
2023-12-19,94.9240493774414,94.93390962528017,94.49028872652104,94.54450880788609,9003600
2023-12-20,93.48969268798828,95.15078727810499,93.47490607605938,94.81561404616218,13734800
2023-12-21,94.53958892822266,94.75153538371639,93.74600814899946,94.44100900657055,11336000
2023-12-22,94.6628189086914,94.93884570710902,94.19455862414966,94.81069255674832,10215000
2023-12-26,95.05713653564453,95.25429636571025,94.72195579913434,94.72195579913434,6207600
2023-12-27,95.05221557617188,95.24938295421347,94.64803561322786,95.10643566498752,11764600
2023-12-28,95.16558837890625,95.4859750223778,95.12122101870534,95.38739509524551,9615400
2023-12-29,94.87476348876953,95.40710409851161,94.40157684977613,95.21487061620192,12190600
2024-01-02,92.3905029296875,93.73121076940642,91.80394230966485,93.58333714333234,23545400
2024-01-03,91.44905090332031,92.05039814887769,91.28639066268609,91.54763081611418,18190000
2024-01-04,90.77870178222656,91.51806244914924,90.68998211235534,90.8871419484018,12127200
2024-01-05,90.7540512084961,91.53777919944747,90.4090177489518,90.88221186573064,16350600
2024-01-08,93.03128814697266,93.09536095515682,91.11880620483525,91.21245975660297,16434600
2024-01-09,93.17915344238281,93.44532748414397,92.11940620213892,92.31656603064208,10633800
2024-01-10,93.97273254394531,94.17482625343875,93.0263518453279,93.22351919160145,9785400
2024-01-11,94.45086669921875,94.90927426469018,93.12494524797117,94.43608008625189,13296600
2024-01-12,94.75647735595703,94.97335019363524,94.28328316200786,94.60366981501345,8834600
2024-01-16,94.9930648803711,95.39231846146838,94.09104390918245,94.63817113691438,11775600
2024-01-17,94.52481079101562,94.63817733502155,93.49956296734624,94.28820993243812,14109000
2024-01-18,96.44220733642578,96.53092700642391,95.42681988911939,95.7866399749434,18918800
2024-01-19,98.66522216796875,98.68494266559298,96.86118021482442,97.07313419787117,18333200
2024-01-22,99.0989761352539,99.70524977564016,98.7243619174822,99.14826233363685,14969000
2024-01-23,99.49823760986328,99.56231794614293,98.61593712058759,99.1926375836057,13263800
2024-01-24,100.18336486816406,101.18889201066467,99.89747785677535,100.18336486816406,17651200
2024-01-25,100.60234069824219,101.61279422204503,100.13900682739668,101.10510051790548,17071400
2024-01-26,99.44400024414062,100.34109471152078,99.21725968520077,99.89747384085541,10553000
2024-01-29,100.35588073730469,100.3755937104536,99.37006661423162,99.56722643038027,7639600
2024-01-30,99.5278091430664,100.47418995252906,99.22220912200538,100.32138994199856,12251600
2024-01-31,97.43787384033203,98.98560938518838,97.38858764205888,98.58142194505416,16295200
2024-02-01,98.66522216796875,98.80323556667383,97.76320119139659,97.82728152692614,14303400
2024-02-02,99.68553161621094,100.0009918498852,97.9652831812824,97.99485640300729,12872200
2024-02-05,99.91227722167969,100.19816426956264,98.97575665057421,100.08972409549786,10086200
2024-02-06,99.4538803100586,100.19324105400565,98.81309949440453,100.02072053861811,12677200
2024-02-07,100.76993560791016,100.79458246882612,99.75454811596644,100.15380169084082,11365800
2024-02-08,101.08538818359375,101.35648859071634,100.81921413981325,100.94244091385393,9948200
2024-02-09,102.4458236694336,102.57891071030112,101.39100263408193,101.50930306164935,11612200
2024-02-12,101.6670150756836,102.75634306889583,101.51914896357981,102.44088282779872,10753200
2024-02-13,99.94184875488281,100.61220276449352,99.16305457304344,99.46372822855632,19459400
2024-02-14,100.98680877685547,101.06566819655269,99.97634772040318,100.6861351458363,11791600
2024-02-15,100.77485656738281,101.2184774765823,100.21294276599592,101.11989003820536,10796400
2024-02-16,99.84819793701172,101.248052339111,99.71511090998027,101.04595861679763,11090400
2024-02-20,98.83280181884766,99.61652983904345,97.84206123636604,99.26163611850797,17447600
2024-02-21,98.21174621582031,98.21174621582031,97.13721227641666,97.87657297565747,15954400
2024-02-22,101.4255142211914,101.70154104319495,100.51855927882244,100.7502262589683,18551600
2024-02-23,101.18891143798828,102.3571065662698,100.8685247801987,102.22894588622063,12324000
2024-02-26,101.28748321533203,101.8838965975926,101.1839694144789,101.63251668289999,18248800
2024-02-27,101.37621307373047,101.56352019830881,100.62206573268203,101.56352019830881,9984400
2024-02-28,100.89808654785156,101.17411333327385,100.53334009047173,101.04103382533756,8329000
2024-02-29,102.02191162109375,102.26343881284826,100.86851078765177,101.4353509562368,11986800
2024-03-01,103.88510131835938,104.0329749577595,102.23386698836082,102.2831531873837,13136800
2024-03-04,103.88510131835938,104.48152223951246,103.50556825333676,103.73723520012497,20443800
2024-03-05,101.33184814453125,102.90914944783952,100.67628076260692,102.8598557266375,18042800
2024-03-06,102.13529205322266,102.90422599022747,101.45015142769493,102.39159835144686,14303200
2024-03-07,103.74708557128906,104.0625458183017,102.49510483128545,103.00772491224392,12120800
2024-03-08,102.20429229736328,104.66882784809627,102.14021196627122,103.93439354635822,14912200
2024-03-11,101.92333984375,102.15008044199294,101.18890548285755,101.7360327200348,15648400
2024-03-12,104.01326751708984,104.02312024471927,101.92826488504983,102.90422644432367,17382800
2024-03-13,102.8894271850586,103.7569409432832,102.46059290857288,103.69779450011214,12815400
2024-03-14,102.90916442871094,103.68795870584643,102.28317017991316,103.32320467088414,16023200
2024-03-15,101.35649108886719,101.89375803184699,100.94244340179968,101.43042414664768,19633400
2024-03-18,101.85465240478516,102.90133860239418,101.7756552300563,102.24468871293287,14176600
2024-03-19,102.3829345703125,102.39774559953689,100.84746176083821,101.35599385377027,13390200
2024-03-20,103.52836608886719,103.56292264420485,102.10151258452936,102.46192683434603,13357400
2024-03-21,103.60242462158203,104.634299820946,103.51355844758993,104.634299820946,12312000
2024-03-22,103.63699340820312,104.01715321451114,103.23708053994474,103.60737134886337,11507000
2024-03-25,102.95071411132812,103.39012553874795,102.35825036578012,102.6544784717615,8777800
2024-03-26,102.52611541748047,103.4888699617042,102.44218374271074,103.32100661216475,8538400
2024-03-27,103.04946899414062,103.22720889217304,102.25951221764404,103.17289926961908,12495000
2024-03-28,102.82728576660156,103.12351387810307,102.61992382847488,102.80753270568356,8854400
2024-04-01,103.11365509033203,103.71599543701612,102.73842223159274,103.04453443744629,11654800
2024-04-02,102.12126159667969,102.26937942046033,101.2918138372449,101.96820927442104,11418200
2024-04-03,102.39281463623047,102.92109980875846,101.58311236513732,101.6077999258922,10670000
2024-04-04,100.77340698242188,103.73079887691267,100.71909736387245,103.37037707490934,16464800
2024-04-05,101.92870330810547,102.44711188702185,100.9313847359943,101.21280933416617,12808800
2024-04-08,101.81022644042969,102.32862754358356,101.43499360101377,101.99290082788065,8125800
2024-04-09,102.32369232177734,102.54586529778541,101.04495655148615,102.33356885263579,9400800
2024-04-10,101.06964111328125,101.44486640532736,100.63516417142802,101.15850728761369,13836800
2024-04-11,103.08895874023438,103.25682209242,101.03014282595157,101.51892185340887,10563600
2024-04-12,101.4201889038086,102.33851046424356,101.04496357455041,101.85960038772936,16186800
2024-04-15,99.49467468261719,102.10645589499453,99.34162235237315,102.04226974350411,17189000
2024-04-16,99.6131591796875,100.23031050980607,99.21818835528006,99.71190941937493,14914000
2024-04-17,98.17645263671875,100.14639518256996,98.1023899448619,99.97853180143332,13090400
2024-04-18,97.0556869506836,98.39860883756464,96.9520022132292,98.1468062752835,15280600
2024-04-19,95.05610656738281,97.00136857496942,94.81418055755512,96.68538742620714,21880000
2024-04-22,95.90531921386719,96.48297196996675,94.83394538073355,95.78682344328813,13293400
2024-04-23,97.32722473144531,97.47040050900813,96.16204285105842,96.30521862862123,12151600
2024-04-24,97.7715835571289,98.4529210491294,97.23342939521422,98.04806615284339,9160200
2024-04-25,97.55928039550781,97.74195476933225,96.12255036284294,96.55208525635885,11568000
2024-04-26,98.6602783203125,99.38110683446658,97.94438430456744,98.32948612086024,10104200
2024-04-29,99.08488464355469,99.31693415359092,98.5072318846089,99.16881632303374,7494800
2024-04-30,96.90264129638672,99.14413174993261,96.87301923609982,98.74421886888737,14929000
2024-05-01,95.9102554321289,98.0036355483766,95.89050990347125,96.38423098935729,20453600
2024-05-02,97.29266357421875,97.42597035981501,95.91024320328346,97.13467676434368,13340000
2024-05-03,100.00320434570312,100.33893105755293,99.56872739287569,99.92420716635529,13316400
2024-05-06,101.17826080322266,101.17826080322266,100.23031720090867,100.38337706920781,8021000
2024-05-07,100.84746551513672,101.5238685204352,100.83759651767677,101.4744933987921,10020800
2024-05-08,101.13381958007812,101.24243881538257,100.46235864073496,100.4870462003197,7176000
2024-05-09,101.10420227050781,101.18319945145498,100.60060465895192,100.9708954693577,9589600
2024-05-10,101.47943115234375,102.0867135269712,101.15851545212814,101.63249102091224,8753800
2024-05-13,101.95834350585938,102.30888880802169,101.63742779844904,102.2249571235234,6582000
2024-05-14,102.8618392944336,103.00502261432473,101.86452822141304,101.92377233525204,9825200
2024-05-15,105.1773910522461,105.21195514067527,103.43455640852669,103.50861155003909,14308600
2024-05-16,104.81204223632812,105.56744240144987,104.76760914825792,105.2415846884304,12066600
2024-05-17,104.58000183105469,105.1181559953021,104.0072835754003,105.0539698447381,7616000
2024-05-20,105.80935668945312,106.00684962898714,104.58986509707744,104.68367330165792,6276800
2024-05-21,105.98216247558594,106.15496032305623,105.21689334083074,105.40450975070998,6140400
2024-05-22,106.21914672851562,106.60918304446032,105.5921188836468,106.28333287596408,11783000
2024-05-23,105.3551254272461,107.44356317834162,105.01939875846381,107.4336941823784,9400400
2024-05-24,106.24384307861328,106.47095056230845,105.27121192390129,105.62174968069608,5906400
2024-05-28,106.69312286376953,106.93010686046539,106.02659642692974,106.84617518525197,8786400
2024-05-29,106.0167236328125,106.52525573405376,105.56744318302249,105.56744318302249,8569000
2024-05-30,103.59749603271484,104.99472760544923,103.27657280773728,104.83673324233673,10450600
2024-05-31,103.76042938232422,103.92335825123611,101.47449825217788,103.90360518819978,12081000
2024-06-03,104.02208709716797,104.64911492721627,102.77790796727277,104.5553067242659,9628000
2024-06-04,104.23933410644531,104.40719746570598,103.43456633471652,103.967786005532,6405400
2024-06-05,106.55488586425781,106.55488586425781,104.89598275337987,105.06384611056981,8788800
2024-06-06,106.19940185546875,106.68818087801692,105.91797723823217,106.61412573326278,7057600
2024-06-07,106.4462661743164,106.90048865668692,105.92291550959915,106.31295937542522,6398600
2024-06-10,106.71780395507812,107.00416307350459,106.01672095489701,106.08584160185613,6734800
2024-06-11,108.70256805419922,108.73219011329157,106.3968915406207,106.44626666149844,12719200
2024-06-12,111.10697937011719,112.22772823874034,109.58138316672934,109.78381060090429,17821200
2024-06-13,111.9858169555664,112.44990843415754,111.30447946674636,112.1388692822235,12693600
2024-06-14,112.40547943115234,112.46966558347131,111.75377151112224,111.82782666103954,7864600
2024-06-17,114.10881042480469,114.50872328310699,112.2968550156363,112.68195684463744,11602600
2024-06-18,114.25198364257812,114.62720890764598,113.79776120583757,114.2223615865971,8677800
2024-06-20,112.96831512451172,114.83458013839306,112.58814779691795,114.76545949097469,13243000
2024-06-21,112.77082824707031,113.43734715274394,112.25735412984922,112.9930012156282,13560200
2024-06-24,110.00608825683594,112.10314078057613,109.97641423120787,111.59865970449295,13748600
2024-06-25,112.02400207519531,112.08335012489432,110.18908022171519,110.81226493076217,9126200
2024-06-26,111.8954086303711,112.4246129995609,111.02493034564526,111.85584074953795,9459600
2024-06-27,111.94982147216797,112.50375674956089,111.54425632493233,111.67779698887603,7923600
2024-06-28,111.89044952392578,113.94793389189253,111.73712871396498,112.3405256444437,12488200
2024-07-01,112.7362060546875,112.92415160312869,110.43142792254632,112.05862401480458,9281600
2024-07-02,113.30004119873047,113.30993505622942,111.7569314881854,111.7569314881854,7076600
2024-07-03,114.82830810546875,114.88271299876615,113.04284803045624,113.13682080495191,6249200
2024-07-05,115.17948150634766,115.68890577148062,114.48211167072982,114.95691120580396,6671800
2024-07-08,115.96586608886719,116.30218177603619,115.35257521915645,115.55041463525768,7671000
2024-07-09,115.87190246582031,116.83634611176817,115.20915734981538,116.55937845414239,8678600
2024-07-10,117.55348205566406,117.63756852083682,116.01532310882759,116.66817428839143,8749400
2024-07-11,114.6106948852539,117.78100079073177,114.27932235200207,117.73153904979182,14106000
2024-07-12,115.63449096679688,116.86106513194059,114.52661290185299,114.92722733363125,9767600
2024-07-15,115.84222412109375,116.98471943962824,115.18442218534308,116.22305840953938,8628000
2024-07-16,115.4564437866211,116.17359375832535,114.63048402094215,116.11424570590358,7652200
2024-07-17,110.965576171875,112.92908781236322,110.91117128208309,112.81533487799875,12440400
2024-07-18,110.9754867553711,112.20206099115751,109.57580396775413,112.1822808222523,10837200
2024-07-19,109.2394790649414,111.06450715095966,108.99713615221742,110.38692506089953,8472800
2024-07-22,111.82616424560547,111.95475419536018,110.21380521131975,110.6836615222405,10601600
2024-07-23,111.38103485107422,112.38504625359866,111.23265718315203,111.36125468385872,5530800
2024-07-24,106.771484375,110.27316256557526,106.51429692458218,109.92694549713524,14300800
2024-07-25,105.6290054321289,108.25031188984624,104.09083874158772,106.65774029847681,21158000
2024-07-26,106.96932983398438,107.82002050779003,106.06423426080268,107.05340876087415,11697800
2024-07-29,106.4945297241211,108.28493314458919,106.1829373433072,107.82001992458196,7343800
2024-07-30,103.81880187988281,106.99405082630192,103.02251617898007,106.89018419279208,10694600
2024-07-31,108.21568298339844,108.60640355843854,106.27195132508992,107.02372599688064,14614000
2024-08-01,104.17984771728516,109.17023076416751,103.07196967019102,107.91892574937543,16991400
2024-08-02,101.25189208984375,102.2460096440339,99.53567390375902,101.4101560693538,18621600
2024-08-05,97.8788070678711,99.76813385623187,94.34251149073978,94.91623447276785,31430000
2024-08-06,99.2092514038086,101.21727436528711,98.07664995914688,99.13011563517834,24575800
2024-08-07,97.60184478759766,102.10753487621012,97.46831166559618,101.61294763287967,17653600
2024-08-08,101.2469482421875,101.49918499536973,97.92826483550272,99.36751538749934,14477200
2024-08-09,101.70196533203125,102.28557458824241,100.57430715324907,101.18759043309109,9535600
2024-08-12,102.53287506103516,103.32421762936592,101.54370062402272,102.01850767438158,8580200
2024-08-13,105.68339538574219,105.71802011420957,103.67537244509631,103.80396995448689,9999600
2024-08-14,106.26206970214844,106.80116797322884,104.832712905044,106.3362547681495,8922400
2024-08-15,109.31861114501953,109.42742093568279,107.40456104464658,107.637017638627,9518800
2024-08-16,109.50160217285156,109.71427859146296,108.44318587531096,108.73994121162399,6706400
2024-08-19,111.30685424804688,111.31179740334828,108.79929344546576,109.2444264670587,13004200
2024-08-20,110.9161376953125,111.68274946793377,110.26328642771178,111.01506118607868,7221600
2024-08-21,111.56898498535156,111.95476240972246,110.63421544986794,110.98536814668662,7538800
2024-08-22,109.00206756591797,112.45428394601733,108.77455414405404,112.19215334612275,9083600
2024-08-23,110.76775360107422,111.25244694820756,109.3532338948345,110.08522084413003,10681000
2024-08-26,109.37796020507812,111.08429214404408,108.81908178075206,110.6688331454947,6268800
2024-08-27,110.04071044921875,110.27316704035205,108.1662207076801,108.70037579708418,7656000
2024-08-28,108.5223388671875,110.10996733895524,107.61230009332331,109.89729088657879,9002200
2024-08-29,107.54304504394531,110.08027986731518,107.26607741153106,108.5519996401404,13314800
2024-08-30,108.97240447998047,109.39279909426838,107.54304769779722,108.71521700919116,10048400
2024-09-03,103.96717834472656,107.89914506447931,103.37366766892848,107.820009301466,14765800
2024-09-04,103.7000961303711,104.88215922295703,102.58727494311984,102.9137043026126,12330000
2024-09-05,103.54183959960938,104.82776186928449,102.85930680736195,102.95327958853251,8874800
2024-09-06,100.85623168945312,103.70505154884782,100.39131846431384,103.45775792243779,12441000
2024-09-09,102.50814056396484,102.62190105389384,101.16286277348031,102.10752613863706,10922000
2024-09-10,104.04136657714844,104.26392931395591,102.23117556375057,103.215406835875,10123000
2024-09-11,107.59249877929688,107.75571346487524,102.74555013907492,104.3974696159441,12768800
2024-09-12,108.48275756835938,108.94272760112632,106.75665302366698,107.51337085637206,10604200
2024-09-13,109.02680969238281,109.29883417700496,108.1761190569111,108.61630138773523,8047400
2024-09-16,108.61135864257812,108.95756819394947,107.60734717020013,108.2404182203655,6897800
2024-09-17,108.39866638183594,109.86759084305929,107.84967433524942,109.69943302077542,6990000
2024-09-18,107.40950775146484,109.43236770938765,107.3056486594534,108.67070669636223,12741600
2024-09-19,110.5995864868164,111.28706238820654,109.82308851250463,110.4264854960904,13934000
2024-09-20,110.06048583984375,110.55507302558765,109.07625462336486,110.16435246944265,14492800
2024-09-23,110.04017639160156,110.30277786002803,109.70325660583092,110.15909325971005,7490600
2024-09-24,110.79329681396484,111.01625931705456,109.31182208038723,110.50096803079484,7025800
2024-09-25,111.11041259765625,111.59597660938782,110.52575496970411,110.57529799763525,6111600
2024-09-26,112.58197021484375,113.40446155293068,111.39778379351924,113.2805926487739,9244800
2024-09-27,111.53157043457031,112.77521157867947,111.11536514793939,112.74052465464426,6093800
2024-09-30,111.85857391357422,111.92794019837173,110.4910639159842,111.04599419436425,5500400
2024-10-01,109.13345336914062,111.59101568149077,108.48438154021146,111.52660143391964,11295400
2024-10-02,109.94108581542969,110.44151347352422,108.53888889343392,109.15823342291837,4532400
2024-10-03,110.39691162109375,111.20453922740204,109.60415523755945,109.61901889997615,5784800
2024-10-04,111.62570190429688,111.90317460916026,110.45142707474503,111.82389669348501,5009200
2024-10-07,110.85771179199219,111.86352663997772,110.58023910948104,111.12526528539527,4430400
2024-10-08,112.92880249023438,113.11708564529411,111.4027366722147,111.65543407723865,7864800
2024-10-09,114.1922607421875,114.35080900086515,112.66619500558257,113.01798600384349,7579800
2024-10-10,114.16253662109375,114.459817449594,113.11212319139108,113.42922727800601,5692200
2024-10-11,114.36072540283203,114.61837483933925,113.72156518651826,113.89002508100619,8849000
2024-10-14,115.85211944580078,116.08994563953287,115.03458009178672,115.08908271538766,9810200
2024-10-15,113.30535888671875,116.22371748810032,112.88420915435579,115.9412927613765,14179400
2024-10-16,113.65715789794922,113.83057739783312,112.43333245003716,113.66210993266994,5758800
2024-10-17,114.00398254394531,115.30708583188809,114.00398254394531,115.24267158256532,6051200
2024-10-18,114.4102783203125,114.83142806511604,114.16749254246713,114.59855391666548,4537000
2024-10-21,114.94539642333984,114.96026008770833,113.84543989792161,114.0535387594388,6322400
2024-10-22,114.82646179199219,115.21788416043258,114.00893013670985,114.33593826260852,6169200
2024-10-23,113.1814956665039,114.57378855146162,112.2153196903902,114.40036905507995,6083600
2024-10-24,113.51347351074219,113.79589069754597,112.83962632983909,113.64229445695956,4832800
2024-10-25,114.10307312011719,115.3863606758674,113.93957282448298,114.15757573878116,8314800
2024-10-28,114.06838989257812,114.92060850442144,114.04361460123296,114.92060850442144,5899200
2024-10-29,115.60437774658203,115.93634551180091,113.8603014101807,114.28641075485947,7451600
2024-10-30,113.76615142822266,114.85619622283106,113.69183311327387,114.54900377389933,8341200
2024-10-31,110.114501953125,112.51755411809945,110.07486299720266,112.51755411809945,12110200
2024-11-01,110.94194030761719,111.769383629232,110.08476210013357,110.23340628804776,11565800
2024-11-04,110.85771179199219,111.65542779836252,110.38700393081282,111.04598737610637,6311800
2024-11-05,112.41846466064453,112.50765420485347,111.19959129217625,111.19959129217625,7273000
2024-11-06,115.61923217773438,115.83228305288122,114.24676267383856,114.58864204126725,10967800
2024-11-07,117.63581848144531,117.76959901311656,116.36740212882879,116.42190474837204,10463000
2024-11-08,117.50699615478516,117.89346652139115,117.08088683258396,117.48717289680869,7236400
2024-11-11,116.85792541503906,117.56645190698731,116.15930299181389,117.49213358977518,7267200
2024-11-12,117.00655364990234,117.15519783401366,116.08496878084091,116.77863911990795,7530800
2024-11-13,116.60028076171875,117.46241107851327,116.23858566919495,116.7588290317239,6329600
2024-11-14,116.20389556884766,116.99169998348445,116.01561241552896,116.78856072687829,6602000
2024-11-15,113.32023620605469,114.91566080083766,112.94366988350072,114.76702415810132,11229800
2024-11-18,113.68688201904297,114.16749398593386,112.82971129432708,113.3202348907381,6166800
2024-11-19,114.61837005615234,114.71251162866044,112.97338745526017,112.97338745526017,6906800
2024-11-20,114.51929473876953,114.75712094494847,112.99322875843376,114.71748198385885,8874400
2024-11-21,115.68363952636719,116.22371366949422,113.86029297011,115.62913690863354,10591800
2024-11-22,115.74310302734375,116.01065652442391,115.0593442809556,115.47554196990592,7090800
2024-11-25,115.7381362915039,116.81827696278029,115.21293339827844,116.61513016510412,11137200
2024-11-26,116.31785583496094,116.67955848725497,115.82238020641822,116.26335321340692,6229400
2024-11-27,114.74224090576172,115.59941158097416,113.72651440881685,115.53004529905566,6369400
2024-11-29,115.80751037597656,116.05029614276378,114.89583708248786,115.00979435408452,4168400
2024-12-02,116.907470703125,117.3434916668319,115.86201684540633,115.89174417286671,9398200
2024-12-03,117.32862854003906,117.3583558676355,116.18408106542859,116.41199561723987,5576000
2024-12-04,119.47402954101562,119.5334841915582,118.44839145701184,118.79522285243918,10840000
2024-12-05,118.86956024169922,119.42449052814294,118.7060523765096,119.28575795653201,5638000
2024-12-06,119.33033752441406,119.84563636422838,118.9488267691878,119.07764769896269,6654200
2024-12-09,118.55245971679688,119.31053684895087,118.25021927087965,118.88442749176197,8032400
2024-12-10,116.907470703125,118.47317547247432,116.53586398915427,118.15111934450952,11234400
2024-12-11,118.60198974609375,118.97855603371663,117.4277150152556,117.83400862866819,8689600
2024-12-12,117.93805694580078,118.37407789489954,117.55653861533938,117.84391537175831,7218200
2024-12-13,118.44343566894531,119.46906616008512,117.50202755649985,119.00331791797677,8677000
2024-12-16,119.62763214111328,119.73167778511116,118.34435212942093,118.59704196805926,9442600
2024-12-17,118.90423583984375,119.36998412708805,118.32453027817516,118.78036693623017,8145000
2024-12-18,115.06925964355469,119.632585827641,114.80169857743518,119.30557010698732,16927200
2024-12-19,115.19313049316406,116.61514311408357,115.04448629395998,116.2385843617435,13383400
2024-12-20,116.91243743896484,117.85383814771508,114.0535408279613,114.41028389999175,14924800
2024-12-23,118.15115356445312,118.20077776442318,116.62258735231306,117.24790679570184,7973400
2024-12-24,119.37202453613281,119.3769846846436,118.39433761455359,118.57300140663776,4653400
2024-12-26,119.4514389038086,119.88817432459085,118.60775167318069,118.98988759361893,7150800
2024-12-27,117.86331176757812,118.80129476538929,116.7019933542559,118.64744686421193,8726400
2024-12-30,116.3645248413086,117.2925799960585,115.42654181669221,116.14615714072136,7950400
2024-12-31,115.39675903320312,116.76154950933547,115.01957572778764,116.68214170053795,9381200
2025-01-02,115.1238021850586,116.63748044581058,114.03693144089986,116.3099289062225,12766600
2025-01-03,116.99976348876953,117.1238353482486,115.60022927892778,115.82852483237723,9117600
2025-01-06,118.4886245727539,119.63504733080288,118.02211317431514,118.33477668023585,8975400
2025-01-07,116.11141204833984,119.10898483467112,115.70445271523697,119.10898483467112,10006800
2025-01-08,116.07171630859375,116.39926028464053,114.95506949722913,116.37941211778,10023800
2025-01-10,113.5406494140625,114.8707038023375,112.87065828492545,114.85084806233934,11665800
2025-01-13,112.7366714477539,112.81607926600915,111.39172897726118,111.71432039914325,10656000
2025-01-14,113.03443145751953,113.92279026968693,112.13615234832767,113.6101267402626,7220200
2025-01-15,115.28260803222656,115.6200874348942,114.20070502986327,114.5778807643784,10465400
2025-01-16,114.39425659179688,116.29503842350499,114.36944070488514,116.22059076276977,5368400
2025-01-17,116.18585205078125,116.59777153176618,115.6746765970549,116.45881165537914,6742600
2025-01-21,117.15361022949219,117.44145784937918,115.7640039024583,116.57295484157616,6744200
2025-01-22,119.798828125,120.07674788738461,118.56803736040577,118.73677327717563,10243800
2025-01-23,120.01223754882812,120.0370458637012,118.76159102575048,118.87573502150194,7604400
2025-01-24,118.76158142089844,120.38940355679561,118.37943798616337,120.38940355679561,6607600
2025-01-27,112.94013977050781,114.63247423678975,111.89793308589813,113.4413873738749,20705600
2025-01-28,115.95259857177734,116.21067016404659,112.50340233688681,113.7044170473867,11260600
2025-01-29,115.0096664428711,115.77890599941851,113.89301958275831,115.72431407223648,9050000
2025-01-30,115.22306060791016,115.62009209710423,114.01708569484418,114.80618095199198,8840200
2025-01-31,114.54810333251953,116.98983663962674,114.24040754160725,116.2950372495844,10741800
2025-02-03,113.00465393066406,113.69449320205747,111.41653556192519,112.01207900360906,13752800
2025-02-04,114.63247680664062,114.81114059735772,113.35205423529236,113.39175814131235,8371200
2025-02-05,116.2255630493164,116.25037893720295,114.37441291871578,114.73670064907289,5398000
2025-02-06,116.54318237304688,116.78139822782131,115.70941552221811,116.22555870909912,6808000
2025-02-07,115.545654296875,117.57546826503321,115.15854309699483,117.0146609914495,8552800
2025-02-10,117.23302459716797,117.52583238158394,116.42407361277726,116.45881736995155,6054200
2025-02-11,117.28761291503906,117.75908447376038,116.5034778423441,116.58288565109065,6456200
2025-02-12,117.03451538085938,117.17347526731714,115.50594905707814,115.63498107371868,8555600
2025-02-13,118.6921157836914,118.76655587674946,117.07918147030182,117.24295724777551,7829600
2025-02-14,119.09410095214844,119.19335692840761,118.37448565833743,118.59285334975496,4557000
2025-02-18,120.18097686767578,120.19586488611901,119.15365815861689,119.7095052805661,6024000
2025-02-19,120.1908950805664,120.66733438072578,119.20824801662332,120.04697504719553,5604200
2025-02-20,119.80876159667969,120.23556912965509,118.5432270162384,120.07675350215452,5987400
2025-02-21,116.56303405761719,119.89312626767193,116.50348198531228,119.84349449225402,9057600
2025-02-24,114.8955078125,117.34220894248246,114.75158778026372,117.01465739950177,7447600
2025-02-25,113.40665435791016,114.7565569691946,112.63244706641538,114.65234083451062,10433600
2025-02-26,114.64241027832031,115.72431337243566,113.76397929997465,114.51833840572472,7630600
2025-02-27,110.4686279296875,115.38683865497806,110.41900372552648,115.26772693404891,10100000
2025-02-28,111.9277114868164,112.04185548351099,109.03435465426273,109.97233766113467,14172200
2025-03-03,108.52318572998047,112.73170157136332,107.71920241056611,112.50341356417597,12516200
2025-03-04,108.43880462646484,110.35447442986964,106.33454317434423,107.71918935973989,17721000
2025-03-05,109.96241760253906,110.31973761154241,107.31720449699854,108.776283287604,11931000
2025-03-06,106.91024017333984,109.40656540840224,106.39410456409189,107.70430311206252,16432000
2025-03-07,108.45865631103516,108.73161592388972,105.5256032281668,106.7861700228785,11263400
2025-03-10,103.84815216064453,106.51321342722329,102.77120926918955,106.31470147011248,21561800
2025-03-11,103.42630004882812,105.16827381958633,102.37913324162643,103.53052374382249,14832800
2025-03-12,105.05413055419922,105.96730527636059,103.79852383056658,105.27249825791725,10981600
2025-03-13,103.05905151367188,104.98464162964521,102.65705989927852,104.75139349998412,12383000
2025-03-14,106.17574310302734,106.28492695282245,104.37421715415392,104.40896091215502,10040800
2025-03-17,106.91519927978516,107.67452602789035,105.78366452541574,106.09136788686381,10148800
2025-03-18,105.2873764038086,106.26506325748505,104.90027280996917,106.15587941586415,11486600
2025-03-19,106.65715026855469,107.90778933758978,105.38665545844174,105.82835103809423,8838600
2025-03-20,105.89781951904297,107.06409049407144,105.28738049731668,105.44619611775637,7145200
2025-03-21,106.1856689453125,106.3295889776148,104.19059122312333,104.5776948385524,10425400
2025-03-24,108.19668579101562,108.45520293784624,107.66969860995955,107.95307521715063,8200200
2025-03-25,108.55462646484375,108.6987991782557,108.07238182440187,108.12706959556667,7481800
2025-03-26,106.13346862792969,108.48005899474157,105.71585701672808,108.22153426997971,7873000
2025-03-27,105.154052734375,106.00419760145509,104.59723731820718,105.40760857184084,6577800
2025-03-28,102.6036376953125,105.02976753102259,102.25562045927593,104.60718709390041,10667600
2025-03-31,102.65335845947266,102.88702372866848,99.79469503756499,100.81387220954049,14219000
2025-04-01,103.40406036376953,103.49354530544926,101.410448743438,102.24567946265459,9480200
2025-04-02,104.16968536376953,105.02976798519994,101.84795461999748,101.92750185063791,9292000
2025-04-03,97.06031799316406,99.77977744879703,96.98077834433285,99.17821950191886,19451400
2025-04-04,90.66685485839844,94.77836057274433,90.63205768448024,94.03262231574539,33804600
2025-04-07,91.2087631225586,95.36003483934215,85.73503949920695,86.96799128477433,44557800
2025-04-08,89.35435485839844,95.87210745717448,87.71870563701577,94.60435091684616,25811400
2025-04-09,101.3508071899414,101.90762269487564,89.42396320905385,89.53831521070751,36988800
2025-04-10,96.63275909423828,98.53687831823507,93.331624775544,97.86571845120294,19747600
2025-04-11,98.6114501953125,99.03403062017763,95.42962935011715,96.15050808692101,14423200
2025-04-14,99.51130676269531,101.73360719517285,98.43744193907371,101.66897412394229,11904400
2025-04-15,99.87423706054688,100.62992060627856,99.40690654655545,99.66543126226082,7200000
2025-04-16,96.40406799316406,98.22863994062428,94.7286376219212,97.19454869128207,13222400
2025-04-17,95.88204956054688,97.09511828539584,95.47437569011272,97.09511828539584,7480800
2025-04-21,93.40620422363281,94.60435124900431,92.06884574548724,94.36571713261205,8973400
2025-04-22,95.68318939208984,96.23503598317672,94.09725154986535,94.64909814095222,9312800
2025-04-23,98.45733642578125,100.4012293718395,98.05463896650947,99.35222388307527,13413800
2025-04-24,102.13133239746094,102.27054384573688,99.2677003351571,99.42679479830586,9317000
2025-04-25,103.6427001953125,103.8365918323874,101.72366683957873,101.82309708673787,6518400
2025-04-28,103.47367095947266,104.02054112742252,101.92750667614183,103.50846813324932,5574400
2025-04-29,103.95591735839844,104.38844312532635,102.97651382842449,102.97651382842449,9144400
2025-04-30,104.38843536376953,104.77621862653604,101.32096643340303,101.91258662778922,10203800
2025-05-01,105.91968536376953,107.65974118851942,105.82522397665934,106.67039243147245,11532800
2025-05-02,107.68956756591797,108.19169522105227,106.84439912630886,107.13275213954796,8125400
2025-05-05,107.11784362792969,107.88346487953906,106.71016975067937,106.7648575247973,6757000
2025-05-06,106.2279281616211,107.008471179731,105.2037821675991,105.5269323783584,7958200
2025-05-07,107.29183959960938,107.75917008618342,105.49709602506681,106.22792006921281,8169400
2025-05-08,108.31598663330078,109.34510900299797,107.3912709507195,108.35576024810487,8704400
2025-05-09,108.1817626953125,108.99710285990332,107.62493965619666,108.79823477948996,7330000
2025-05-12,113.20306396484375,113.24283758153048,111.6320402429057,112.77053821069337,13478200
2025-05-13,115.64907836914062,116.02692391462695,113.48146568381652,113.61073182771081,12757200
2025-05-14,116.3998031616211,116.85718839008801,115.71869038338976,116.19099735641068,10248000
2025-05-15,116.55888366699219,117.21513694976427,115.62919910243994,115.7684029649598,9536400
2025-05-16,116.77764129638672,116.936735768765,115.7684094436181,116.936735768765,8111600
2025-05-19,116.60859680175781,116.87209035603765,115.01271373308151,115.05248734697825,11863000
2025-05-20,116.17109680175781,116.19098740209776,115.29112359472711,115.88274378515901,10273200
2025-05-21,113.98856353759766,116.68813963562107,113.52620951728542,115.08231132742829,18643600
2025-05-22,114.01840209960938,115.04254805631335,113.76485383206978,114.04326155784854,11372000
2025-05-23,112.76058959960938,113.4963825216083,111.91045227426906,112.03474197800058,12004000
2025-05-27,115.44027709960938,115.59937156415388,114.13275455457662,114.51556138605883,14208400
2025-05-28,114.96300506591797,116.04183876494618,114.79396530643433,115.57947713048188,10789200
2025-05-29,115.15689849853516,116.8223759735815,114.56527829618979,116.70306271330443,14011800
2025-05-30,114.7989501953125,115.15690516896107,113.06386310321155,115.10221739281916,13494000
2025-06-02,115.81314086914062,115.88274279765471,114.3564692273668,114.49567308439497,12878800
2025-06-03,117.5531997680664,117.64269229911098,115.882745853635,115.9672619414851,14312400
2025-06-04,117.72721099853516,118.09510367309765,117.14553608498704,117.70235154013567,10899200
2025-06-05,117.39411926269531,119.10434688527477,116.88701512203701,118.07522444564839,15885200
2025-06-06,118.5027847290039,119.04966250275669,118.1647127635816,118.5276441889094,9026000
2025-06-09,119.08445739746094,119.8202503631134,118.87565159312884,118.96513654382461,11100600
2025-06-10,119.75064849853516,119.92962598607359,118.61712693947241,119.06457445133945,9831600
2025-06-11,119.48715209960938,120.5262122399036,118.87068000177138,120.03899870766737,9599600
2025-06-12,120.59581756591797,120.87422528894395,119.44240547219147,119.46228848696126,11210400
2025-06-13,118.90547943115234,120.10860291948256,118.46797722228975,119.19880132752981,13193800
2025-06-16,120.8294677734375,121.18742270553528,119.62137556713824,119.62137556713824,13866200
2025-06-17,119.97437286376953,121.17251988234165,119.69098868850296,120.32238252862537,10525400
2025-06-18,120.11853790283203,120.87422140249195,119.50703470327286,120.2676870599551,11066000
2025-06-20,119.58657836914062,120.95376511435659,119.0247940650692,120.54609882961559,11490600
2025-06-23,120.95006561279297,121.05463774618897,118.89339420504022,119.70510860541036,12277000
2025-06-24,123.12126922607422,123.2706579859918,122.03566277944829,122.18008204552122,11329400
2025-06-25,124.17200469970703,124.35625589002463,123.64912128007137,123.75867809556128,9228600
2025-06-26,125.0285415649414,125.22773163963535,124.23674316128944,124.72974885428621,11288400
2025-06-27,124.879150390625,125.84523825006184,124.3114502957187,125.36717141290227,12196600
2025-06-30,126.10417175292969,126.44778107192464,125.3671593982796,125.97469897127655,13365200
2025-07-01,124.9787368774414,125.9647406382373,124.12220590184447,125.70081037700716,15144800
2025-07-02,126.29840087890625,126.383057046809,124.57538457008118,124.66501783070238,11950200
2025-07-03,127.96165466308594,128.345111141208,126.9358113218448,126.98561264075752,7112800
2025-07-07,126.94577026367188,127.80230885783362,126.37807019440102,127.46865370609315,11560800
2025-07-08,127.62800598144531,127.87201267104945,127.10013787232381,127.61306710651502,15715200
2025-07-09,128.3948974609375,128.87794138040127,127.44375609659834,128.08118106548395,12933600
2025-07-10,127.97161865234375,128.82814963096953,127.29933886842457,128.71360812202005,9988600
2025-07-11,127.40889739990234,128.15587157047372,127.20472263627876,127.36407317472126,9239000
2025-07-14,127.3043212890625,127.618045282557,126.08924205463713,127.09516942719469,8125200
2025-07-15,128.4347381591797,129.09207906355323,128.3899215335035,128.7883016709994,15657000
2025-07-16,128.8331298828125,128.90782426565684,126.8909999427124,128.47956633919634,17782600
2025-07-17,130.00338745117188,130.20756222111012,128.73353740081834,128.98749829255172,11955000
2025-07-18,129.91873168945312,130.54617964326565,129.57013767282436,130.5013630177953,10281000
2025-07-21,130.0880584716797,130.9744672897416,129.91376144398492,130.06315021216346,9246600
2025-07-22,128.88291931152344,130.07807491844204,127.95667865526065,129.98844166729947,13448800
2025-07-23,129.61993408203125,129.78924639314098,128.44967158162683,129.2165692708406,10091800
2025-07-24,130.16773986816406,130.42170077859598,129.4357044965768,129.93865682323255,12159600
2025-07-25,130.4665069580078,130.79517742476065,129.85896734320326,130.12788230640626,8002000
2025-07-28,131.50729370117188,131.54215614518654,130.6955944870188,130.96449426225658,11517600
2025-07-29,131.5122833251953,133.09586507213248,131.28820017075884,132.36382970651363,13739000
2025-07-30,131.80609130859375,132.25427281448682,130.77029371281355,131.65171784764425,13934600
2025-07-31,130.83999633789062,133.46437542671632,130.20257896017696,133.46437542671632,16414400
2025-08-01,128.0164337158203,129.46058070243222,127.37403169038467,129.41576407701504,19438000
2025-08-04,130.61590576171875,130.64079882147297,129.22154487923459,129.22154487923459,12377000
2025-08-05,129.5352783203125,131.21347785759264,129.23648561282468,131.09895154440267,11176000
2025-08-06,130.99436950683594,131.16369703245658,129.5751306841237,129.65977924970502,10167000
2025-08-07,131.1138916015625,132.66759545782764,130.02330808760166,132.45346650780243,10318000
2025-08-08,132.42359924316406,132.57298801147024,131.2632907528103,131.60690011714425,11015800
2025-08-11,131.5272216796875,132.9365215888747,131.22345945024807,132.33893611829154,9425400
2025-08-12,133.56394958496094,133.5988120249163,131.4525075807594,132.18454283368436,11153800
2025-08-13,133.61375427246094,134.4802394192229,133.12572569244887,134.33583535958118,13990200
2025-08-14,133.324951171875,133.78308687404626,132.62776303836446,132.93652516471667,15484400
2025-08-15,132.31402587890625,133.14564858060027,131.78616536721734,133.14564858060027,13373200
2025-08-18,132.59786987304688,132.71739607482502,132.02020802234262,132.1496884087571,12233800
2025-08-19,130.28224182128906,132.57795015197047,130.03823514215003,132.5480724033913,17367000
2025-08-20,129.4008331298828,129.95358674112165,127.40391724632448,129.95358674112165,23064200
2025-08-21,128.9327392578125,129.6050191329779,128.37500090714292,129.0871127228289,15148600
2025-08-22,130.6806640625,131.53221046695268,128.43475658234306,128.79330483641212,13756000
2025-08-25,130.38682556152344,131.20352462141184,130.0282773493919,130.67566408649998,10691800
2025-08-26,130.9844207763672,131.15871780313202,130.30717143459827,130.49639214087162,11081000
2025-08-27,131.69154357910156,131.8409323243742,130.51131170253814,131.11388176866836,11538600
2025-08-28,132.7323455810547,133.01618423959312,131.19358048532249,131.85090626022006,12380600
2025-08-29,130.69558715820312,132.1745966279919,130.21751274568564,132.1496883705656,17481200
2025-09-02,129.37591552734375,129.4954417243744,127.62302167558232,128.38493469378074,18226000
2025-09-03,130.14781188964844,130.40675748274418,129.1767393203878,130.03825506233304,15636600
2025-09-04,130.7902069091797,130.8449777212629,129.08709908517085,129.61495962537558,24397400
2025-09-05,130.89974975585938,132.07998174168586,129.570144208159,132.03018042290867,38561800
2025-09-08,131.88076782226562,132.35884221451576,131.55708206727368,131.58695981713586,20556000
2025-09-09,132.13475036621094,132.27418493814076,131.19854029872698,132.17459749946434,19355000
2025-09-10,134.53004455566406,135.4363768597566,133.88764251625472,134.80891369581124,25957200
2025-09-11,134.98321533203125,135.56586188954515,134.76410168623363,135.3766259956991,23429200
2025-09-12,134.89358520507812,135.38159862975976,134.60474666654116,135.2521334340428,15612200
2025-09-15,136.10865783691406,136.13853558810263,134.94337994887502,135.10770758041207,16268000
2025-09-16,135.6355743408203,136.51701363303115,135.4712467017397,136.42239568418108,16081400
2025-09-17,135.16746520996094,135.7102646280665,133.7681347841042,135.5459369939434,18948600
2025-09-18,137.5030059814453,137.90637082685248,136.25804900247783,136.92037462573663,20882600
2025-09-19,138.89736938476562,139.0268345787636,137.60758055807136,138.0557772362482,15670800
2025-09-22,140.9407196044922,141.05540832419084,138.63708475007527,138.6919259529138,15771200
2025-09-23,139.7240753173828,140.97562335824992,139.1057879426562,140.74624592453688,16456400
2025-09-24,138.86146545410156,140.09805553625844,137.93403430505464,140.09805553625844,13471000
2025-09-25,138.6171417236328,138.96119268122297,136.74730617879965,137.5999469265506,21349600
2025-09-26,139.03598022460938,139.16063592505643,137.8093723929033,138.76671965095085,16534000
2025-09-29,139.77891540527344,140.57173900591735,139.45481364583782,139.83377182307547,16107400
2025-09-30,140.5418243408203,140.68145334208702,139.48474637002735,139.77893201535096,18215200
2025-10-01,141.9180145263672,142.01774516999686,139.78390961682632,139.8238079609821,17411200
2025-10-02,142.68589782714844,143.2692779635814,142.042670174502,143.23936181385457,17607800
2025-10-03,141.96788024902344,143.5435300789104,141.479224440674,142.81554507198967,17458000
2025-10-06,143.40391540527344,144.3213794997975,143.32912503119044,143.88258901616433,17945600
2025-10-07,142.44654846191406,144.35129108437607,141.6936384309428,144.14186282680706,15588400
2025-10-08,144.9446563720703,144.9496474692071,142.70085387388914,142.77564424714328,14037800
2025-10-09,144.70033264160156,145.0094763215446,143.94740739629825,144.87982953314557,11989400
2025-10-10,138.81161499023438,145.26877141761935,138.75675856699215,145.0045019301165,44574600
2025-10-13,142.1922607421875,142.66594323938756,141.16508384577273,141.9728655080126,22030400
2025-10-14,140.3673095703125,141.79835457441357,138.73680327241536,140.32741122484916,26956800
2025-10-15,141.75845336914062,142.8953127237461,140.01327360095402,142.33685763260797,20937600
2025-10-16,141.86317443847656,143.41388400680867,140.89584501135727,142.7806385433893,23166200
2025-10-17,142.11248779296875,142.5363049956705,140.12297249183274,141.02050265365082,25511600
2025-10-20,143.69810485839844,144.31141637577593,142.8404730402391,142.92524561097,13805200
2025-10-21,143.77288818359375,144.28646902983735,143.07981044356066,143.6083493642867,12503800
2025-10-22,142.35182189941406,144.02221136497153,140.5617678281963,143.7080765583527,20723200
2025-10-23,144.14686584472656,144.3762280758823,141.79336558056517,141.79336558056517,11923400
2025-10-24,146.38568115234375,146.87932809272857,145.63277103973007,145.8471752008232,14359600
2025-10-27,149.0882110595703,149.2178578515939,148.20066312079575,148.4400075329717,15167000
2025-10-28,150.5641326904297,151.15251914456422,149.29764176593034,149.81122262851326,15055200
2025-10-29,151.6461639404297,152.57359510151662,150.51927147364728,151.93038260596066,21506200
2025-10-30,149.78131103515625,151.56138287639087,149.73144571152486,150.78353252137396,19218600
2025-10-31,149.9259033203125,151.40183779852364,149.05830449760504,151.29214017131554,16303800
2025-11-03,150.53921508789062,151.69103256696573,149.71649049094563,151.36193968483562,13983600
2025-11-04,146.565185546875,148.789038951385,146.32086524674284,147.81673363140843,16722600
2025-11-05,147.1385955810547,148.330311339479,146.08151771310662,146.3059040527272,14447000
2025-11-06,144.18177795410156,147.06381727495236,143.43883481395181,146.90425431887317,24797400
2025-11-07,143.68313598632812,143.71804323146253,140.4121719062935,142.9501599223008,25547000
2025-11-10,147.3579864501953,147.63721398375284,145.49314216177345,146.25104329332112,18286400
2025-11-11,146.10147094726562,146.64994385179233,145.1291504042225,146.38567437745775,14871600
2025-11-12,146.5552215576172,147.32308972133688,145.6726494539403,147.32308972133688,13179200
2025-11-13,142.90029907226562,145.93690994198883,142.12244876163504,145.73746387560448,22385800
2025-11-14,143.67816162109375,144.97957508568928,139.75899358499476,140.26259228257777,27429600
2025-11-17,141.4293670654297,143.8875736222061,140.2875166834088,142.3318730444227,24675400
2025-11-18,139.13072204589844,140.93075830245866,137.8542488698203,140.20774914135697,36747600
2025-11-19,140.09805297851562,141.66871180285403,138.78168144250128,139.1406904780724,27668800
2025-11-20,135.7001953125,143.85767243374664,135.38606050609613,143.32414237260866,56551800
2025-11-21,136.2237548828125,138.03873395991354,133.3716318615735,135.92457815982038,44959000
2025-11-24,139.4697723388672,139.9634192342368,137.05643993034303,137.1412124975914,20124800
2025-11-25,139.84375,140.20275903435572,136.27859992717174,138.2431750295127,21303400
2025-11-26,141.49917602539062,142.10250534608906,140.40219979070247,141.49418492808203,13358800
2025-11-28,142.71580505371094,142.74073010467163,141.41439175492425,141.79834101367882,6792200
2025-12-01,142.7806396484375,143.20944794586072,140.89584610181814,141.32964549652863,12846600
2025-12-02,144.25157165527344,145.11419458748495,143.24935016284553,143.66819149377608,15719000
2025-12-03,144.5956268310547,144.69535748184774,142.8354888835595,143.55350696233901,11623200
2025-12-04,145.13414001464844,145.39341838898218,144.0969960837934,144.7900890701279,9995200
2025-12-05,146.19619750976562,146.90423329881978,145.28870044577224,145.8072723704483,6628000
2025-12-08,147.22335815429688,147.97129227990618,146.5153071533462,147.0238968807274,8272800
2025-12-09,147.6123046875,147.8416669252407,146.5552267380957,146.93416973593665,6978200
2025-12-10,148.32032775878906,148.80898356082943,146.41560030545867,147.28319907259763,8961100
2025-12-11,147.56243896484375,147.72200191969532,144.71031581810576,146.65494177798143,9769300
2025-12-12,143.29421997070312,146.674881881673,142.86539645815157,146.53526810900132,14873200
2025-12-15,141.90805053710938,144.23163458842245,141.62882298917785,144.02220631909375,10790300
2025-12-16,142.16732788085938,142.57620222192057,140.91080392428591,141.51912433859943,10790900
2025-12-17,139.0060577392578,142.44655187145904,138.93625846290362,142.32688727384635,18178700
2025-12-18,141.15013122558594,142.0277121961957,140.40219704838714,141.46925711190212,12319500
2025-12-19,144.20172119140625,144.22165514752476,142.17731382186918,142.19724777798768,14265900
2025-12-22,144.979736328125,145.8286716094758,144.47035991947462,145.8286716094758,8864500
2025-12-23,145.7687530517578,145.79871457791484,144.1807312060748,144.56026419051742,7546100
2025-12-24,146.1183319091797,146.31808050695474,145.49909144428355,145.608955459036,3676300
2025-12-26,146.34803771972656,146.79747586142955,146.0584045474684,146.427940204449,5052900
2025-12-29,145.68885803222656,146.19823448267135,144.859886873121,145.16951472567268,9822300
2025-12-30,145.22943115234375,146.07836646460183,145.19946962601938,145.6688871915552,6387400
