Date,Close,High,Low,Open,Volume
2015-01-02,170.12498474121094,171.32579919572484,169.08980858140774,170.91172873180355,121465900
2015-01-05,167.05259704589844,169.2471655561333,166.7461889314505,169.0815398898487,169632600
2015-01-06,165.47911071777344,167.88071412827958,164.68408994172034,167.35898134910641,209151400
2015-01-07,167.54122924804688,167.8807701425897,166.35699350286723,166.80418415106138,125346700
2015-01-08,170.51425170898438,170.72957648769642,168.93251177202868,168.9490654962137,147217800
2015-01-09,169.14781188964844,170.94487647756347,168.53498295474012,170.92831011812547,158567300
2015-01-12,167.82273864746094,169.43762341842782,167.21819936354106,169.2802746346781,144396100
2015-01-13,167.35073852539062,170.1664129335598,166.05055106093315,169.0401406430063,214553300
2015-01-14,166.3404083251953,166.53916672214785,164.4439709204368,165.3383521156499,192991100
2015-01-15,164.8166046142578,167.29273780529536,164.70066539430715,166.97805285767345,176613900
2015-01-16,166.97808837890625,167.13543720440362,164.42741236095966,164.60960440770086,211879600
2015-01-20,167.3341827392578,167.88075887871344,165.76899662094755,167.61574767057863,130991100
2015-01-21,168.17889404296875,168.65921739145298,166.40667261614846,166.87042960463523,122942700
2015-01-22,170.67982482910156,170.81231775411237,167.55773045853948,168.93244722648654,174356000
2015-01-23,169.7440185546875,170.67982169003744,169.61151299568783,170.42308743081597,117516800
2015-01-26,170.1416015625,170.23269759703916,168.81658326680397,169.528785181447,92009700
2015-01-27,167.8972930908203,169.04011895690113,167.06915217860907,168.0877619624292,134044600
2015-01-28,165.74412536621094,169.18090517407325,165.55365649034815,169.08153230604532,168514300
2015-01-29,167.27621459960938,167.53293630229993,164.53505711997988,165.9429070087455,173585400
2015-01-30,165.17271423339844,167.42525868672465,164.9077156934692,166.1002407142217,197729700
2015-02-02,167.21817016601562,167.30926614931067,163.85592091491122,165.6695510864243,163107000
2015-02-03,169.63638305664062,169.64467255315608,167.7399459094598,168.11260679625465,124212900
2015-02-04,168.9904327392578,170.0835848102543,168.53495270967596,168.87449351685765,134306700
2015-02-05,170.69638061523438,170.84545253276332,169.57839809768427,169.65292773823575,97953200
2015-02-06,170.22438049316406,171.62394076730268,169.70264763355704,171.06079833152506,125672000
2015-02-09,169.4625244140625,170.2989424108796,169.05673070900008,169.57846366744735,87219000
2015-02-10,171.2678680419922,171.5245897749129,169.50392336086054,170.49770284322997,96164200
2015-02-11,171.36721801757812,171.79785489325087,170.45627046247458,171.10221945776905,91087800
2015-02-12,173.01524353027344,173.07321947491621,171.40037085250046,172.16225917646435,97545900
2015-02-13,173.7274627685547,173.7771492195388,172.88275519252807,173.13948958333293,93670400
2015-02-17,174.00070190429688,174.1746170702164,173.1642840631735,173.41271624816068,76968200
2015-02-18,174.01727294921875,174.09180260672233,173.3630344806547,173.62804566701706,80652900
2015-02-19,173.89300537109375,174.25738935272804,173.28018925327794,173.42097167592283,91462500
2015-02-20,174.9365234375,175.01105310074223,172.8578812732589,173.4789870731372,140896400
2015-02-23,174.91160583496094,174.91160583496094,174.30705401526993,174.68800430389132,74411100
2015-02-24,175.40853881835938,175.60729720252223,174.538988262736,174.83711952076607,72472300
2015-02-25,175.25949096679688,175.76465750269924,174.919950110312,175.28433418688803,73061700
2015-02-26,175.05242919921875,175.3257172152652,174.4478772380732,175.16836842089657,72697900
2015-02-27,174.4561767578125,175.21806492067336,174.4064903222998,174.95305374936794,108076000
2015-03-02,175.55758666992188,175.61554995957928,174.50584423227698,174.555530662391,87491400
2015-03-03,174.83714294433594,175.60732072927564,173.97588177043423,175.1269973805194,110325800
2015-03-04,174.10006713867188,174.3153918714502,173.1311437504533,174.2408495827965,114497200
2015-03-05,174.29058837890625,174.57215333133064,173.78542178241264,174.42308135647423,76873000
2015-03-06,171.83920288085938,173.8598683004189,171.50795164071923,173.42923157909684,188128000
2015-03-09,172.55140686035156,172.90750131671726,171.88061487590454,172.0379636399452,89818900
2015-03-10,169.7523193359375,171.26781870995183,169.71090976336123,171.18501220122667,157121300
2015-03-11,169.35487365722656,170.18301484870443,169.27205448350605,170.0090996384641,110145700
2015-03-12,171.5080108642578,171.57425102601943,169.93453533919217,169.98422177872797,93993500
2015-03-13,170.45619201660156,172.19527980495823,169.42101620099993,171.23464625176177,162410900
2015-03-16,172.73365783691406,172.82475385582055,170.48111322070739,171.18503815193296,136099200
2015-03-17,172.2201690673828,172.60110676504362,171.40858197224705,171.99656750962697,94510400
2015-03-18,174.29058837890625,174.96138067468297,171.11051682508818,171.74818903558065,228808500
2015-03-19,173.4955596923828,174.29885756678942,173.10633236616806,173.87651015674865,117917300
2015-03-20,175.02700805664062,175.53442966152787,174.26171874469958,174.44472409025488,177715100
2015-03-23,174.6859130859375,175.60925341996233,174.6859130859375,175.0352833889691,71784500
2015-03-24,173.70433044433594,175.0186226578226,173.63778191445252,174.56112214072957,77805300
2015-03-25,171.1588897705078,174.14519622246746,171.11730804726218,173.9122827238235,159521700
2015-03-26,170.7512664794922,171.66628000286894,169.79464585475975,170.4933989166057,153067200
2015-03-27,171.1422882080078,171.3169670121619,170.44353491288456,170.6348667174056,118939000
2015-03-30,173.23013305664062,173.52959501885752,172.15706842951477,172.17369603814885,96180400
2015-03-31,171.71624755859375,173.10542766496235,171.65802552080422,172.40667436163744,126768700
2015-04-01,171.1090087890625,171.7079329360202,170.11911991581752,171.6829788209666,137303600
2015-04-02,171.72454833984375,172.17373503850223,170.85943016732784,171.0424354464049,86900900
2015-04-06,172.88082885742188,173.39656416417543,170.701418168536,170.83450255255133,114368200
2015-04-07,172.42330932617188,173.65442551024032,172.39004140458533,172.90577669260682,81236300
2015-04-08,173.0055694580078,173.44644234245783,172.2569207428978,172.64788540538498,89351900
2015-04-09,173.77084350585938,174.00375698350715,172.34840853114136,172.8391895952683,85548900
2015-04-10,174.71922302246094,174.76081745509825,173.82084928025708,174.02048224837404,72722900
2015-04-13,173.92897033691406,175.21000771421382,173.87906209753527,174.5778028345144,74436600
2015-04-14,174.26171875,174.44472409556087,173.1054646264137,173.72934302459709,75099900
2015-04-15,175.04359436035156,175.55101584547447,174.644315833761,174.72750467768364,99529300
2015-04-16,174.9936981201172,175.50111964000402,174.51123071654968,174.71087633994063,68934900
2015-04-17,172.9805908203125,174.04534171399567,172.19866160620694,173.80411444443402,191113200
2015-04-20,174.56114196777344,174.8938719621486,173.82080694137838,173.90398309355433,92189500
2015-04-21,174.3531951904297,175.4013061722621,174.05373309664378,175.24325497098113,72559800
2015-04-22,175.20997619628906,175.3929815029831,173.7708878579371,174.69422819886228,78264600
2015-04-23,175.65084838867188,176.29968076672418,174.6942274364306,174.81068420446982,102585900
2015-04-24,176.0584259033203,176.32462003232672,175.60923917666534,176.06675240287345,61327400
2015-04-27,175.326416015625,176.74885121588545,175.13508422713673,176.62408065194492,79358100
2015-04-28,175.88375854492188,175.93366677414596,174.1285805578068,175.30147471591496,86863500
2015-04-29,175.16006469726562,175.7589761437368,174.35318113994506,174.9936870085861,125684900
2015-04-30,173.4048614501953,174.9770339137259,172.7061082608666,174.58606924936552,161304900
2015-05-01,175.28485107421875,175.3264455001387,174.08700268761004,174.18681915554853,103399700
2015-05-04,175.78390502929688,176.366188735552,175.60089976549773,175.7090300084097,70927200
2015-05-05,173.77084350585938,175.90035810451877,173.62943265820414,175.5426613898816,113326200
2015-05-06,173.05545043945312,174.62762264797675,171.99069956240174,174.31984686576348,135060200
2015-05-07,173.74600219726562,174.1702477084947,172.623028492294,172.95575862128393,88244900
2015-05-08,176.03343200683594,176.2330775584709,175.33469161536124,175.41788043508376,155877300
2015-05-11,175.1933135986328,176.25806468783728,175.11845126255614,175.99188326195326,75708100
2015-05-12,174.6692352294922,175.2099372218434,173.53793571832358,174.3614594152587,119727600
2015-05-13,174.70252990722656,175.70073245209886,174.46961640318415,175.07685427494943,94667900
2015-05-14,176.5242462158203,176.61574885099893,175.44285489811853,175.71736280365437,95934000
2015-05-15,176.7156219482422,176.8570328492495,176.23315450742103,176.7156219482422,76510100
2015-05-18,177.2646026611328,177.51414379393768,176.482673264118,176.54922179714424,74549700
2015-05-19,177.2063751220703,177.65557456500738,176.9235533648642,177.38106661495368,72114600
2015-05-20,177.08160400390625,177.830252816043,176.7655016333957,177.30619103184608,76857500
2015-05-21,177.5973358154297,177.80529522504963,176.7738119839141,176.9401896658781,64764600
2015-05-22,177.17312622070312,177.63062682707135,177.1065776778336,177.21470795376445,57433500
2015-05-26,175.26815795898438,177.1065244109385,174.85223921076997,176.68227916434677,124308600
2015-05-27,176.93182373046875,177.16473720190314,175.31805704065025,175.72566196207657,93214000
2015-05-28,176.73223876953125,176.84036903661448,176.04181197319468,176.62409580961238,74974600
2015-05-29,175.63421630859375,176.70728138630633,175.36803483753582,176.66569965442963,124919600
2015-06-01,175.99192810058594,176.63243406287347,175.20167204232382,176.29970402253807,93338800
2015-06-02,175.8172149658203,176.50764177283756,174.9105149284553,175.5343931970188,91531000
2015-06-03,176.2830047607422,176.90688289736408,175.7922236728796,176.34955328512183,87820900
2015-06-04,174.79403686523438,176.2331123420793,174.47793451929695,175.57596623076313,151882800
2015-06-05,174.49456787109375,175.16835426135324,173.83740909313252,174.64429253878083,121704700
2015-06-08,173.42149353027344,174.53616552378108,173.3466311950418,174.38642816048372,89063300
2015-06-09,173.3965606689453,173.93726277294067,172.7643686058993,173.3965606689453,105034700
2015-06-10,175.47613525390625,175.85878612618887,174.1036083217601,174.16183035218305,134551300
2015-06-11,176.04180908203125,176.42444729989205,175.6841122858548,175.91702581659672,73876400
2015-06-12,174.6942138671875,175.91701618303716,174.41970592966666,175.21827562907586,135382400
2015-06-15,173.94558715820312,174.22840893838293,172.8475552687948,173.55462241208073,124384200
2015-06-16,174.89389038085938,174.97707923463193,173.62117961372883,173.79585843667937,85308200
2015-06-17,175.17666625976562,175.78391680889797,174.1535096292943,175.17666625976562,126708600
2015-06-18,176.99835205078125,177.46417894048983,175.20990680790064,175.77555011888083,165867900
2015-06-19,176.212646484375,176.83120503412866,175.83650135806235,176.75597855978083,130478700
2015-06-22,177.1154327392578,177.7005488974588,176.90646177171635,177.13215398794233,70696000
2015-06-23,177.24078369140625,177.5751448421762,176.8479300654339,177.32437716774217,68476800
2015-06-24,175.95358276367188,177.34950751918115,175.92850726392928,176.97336226846414,92307300
2015-06-25,175.41859436035156,176.5804724618703,175.34336787105184,176.4550949797041,97107400
2015-06-26,175.38519287109375,176.02046014070368,174.83350635153408,175.77804663002834,104174800
2015-06-29,171.70726013183594,175.39351099709683,171.6320336459103,173.90563875410464,202621300
2015-06-30,172.0667266845703,173.2954771862415,171.59026668186704,173.245313432343,182925100
2015-07-01,173.44590759277344,173.88892503517445,172.66017469354873,173.63815731665525,135979900
2015-07-02,173.28707885742188,174.08953296522503,172.86913693253123,173.92235874618385,104373700
2015-07-06,172.79391479492188,173.57128067258205,171.79921094792178,171.99982766856422,117975400
2015-07-07,173.88058471679688,174.00596220881198,170.61227537611487,172.99454976101808,173820200
2015-07-08,170.96334838867188,172.8273660816652,170.72930189603494,172.54316859125993,164020100
2015-07-09,171.27259826660156,173.32052393269564,171.1639420376246,173.06138922156467,144113100
2015-07-10,173.4291534423828,173.8470953091017,171.3143686171512,173.27033349229785,129456900
2015-07-13,175.34336853027344,175.45202476370065,174.64958336566815,174.69138011140603,106069400
2015-07-14,176.10400390625,176.41328960475772,175.24304455862048,175.30156255048627,81709600
2015-07-15,176.0455322265625,176.6055729838911,175.569072217663,176.14583422650855,97914100
2015-07-16,177.45809936523438,177.45809936523438,176.85626212392506,177.09866276757114,106683300
2015-07-17,177.60858154296875,177.6670995296128,177.04018669623701,177.44976158444834,89030000
2015-07-20,177.7005615234375,178.1937299807778,177.38293430331788,177.834306013265,70446800
2015-07-21,176.99835205078125,177.8258814052618,176.69743344502209,177.5667467757866,77965000
2015-07-22,176.68077087402344,177.01513207733043,176.27955018463078,176.3129799276736,88667900
2015-07-23,175.68609619140625,176.91484671410856,175.32667218706996,176.81454471375014,90509100
2015-07-24,173.8638458251953,175.84488652548933,173.52949737736176,175.7863812866775,117755000
2015-07-27,172.85240173339844,173.4876815708872,172.40938434913616,172.97779195349062,132361100
2015-07-28,174.97557067871094,175.11766940495826,172.86078552440136,173.6883023863461,123544800
2015-07-29,176.17929077148438,176.40497028935027,174.95889440503456,175.10099316780972,105791300
2015-07-30,176.22100830078125,176.3881824903833,175.05076346442095,175.6693219959788,91304400
2015-07-31,175.95358276367188,176.74767001620285,175.66938526353704,176.72259451646022,103266900
2015-08-03,175.3600616455078,175.97862026628187,174.4071545973059,175.9201150310407,113965700
2015-08-04,175.0173797607422,175.7445946917955,174.53256555518115,175.28485598354138,81820800
2015-08-05,175.59414672851562,176.63063465904023,175.30993649328377,175.91177395501018,85786800
2015-08-06,174.15643310546875,175.88670631934494,173.5713041132177,175.77803731999936,116030800
2015-08-07,173.82203674316406,174.1480309207651,172.91928069259777,173.99757795629148,117858000
2015-08-10,176.0120849609375,176.09566570104846,174.93378755052083,174.93378755052083,80270700
2015-08-11,174.42388916015625,175.09259882063466,173.6632317619298,174.67465687715764,126081400
2015-08-12,174.6328582763672,174.8167537499092,171.65711371116103,173.119910497788,172123700
2015-08-13,174.4154815673828,175.15941748905362,173.872149554297,174.47398678919612,89383300
2015-08-14,175.05079650878906,175.12602299512452,174.08116816965813,174.2232668953725,72786500
2015-08-17,176.02879333496094,176.02879333496094,173.99760151213454,174.457340223446,79072600
2015-08-18,175.51882934570312,176.10394529675045,175.2847829652842,175.75287572612206,71692700
2015-08-19,174.13133239746094,175.543965411561,173.32052403028706,174.77495378843668,172946000
2015-08-20,170.49526977539062,174.10628221945106,170.43675177000995,172.6184096388763,194327900
2015-08-21,165.3629150390625,170.4701662267819,165.10379306833215,168.62285717821266,346588500
2015-08-24,158.3999481201172,165.07029592613802,152.46516923647926,156.71982661296926,507244300
2015-08-25,156.53598022460938,163.3735043476429,156.243415760208,163.35678309850042,369833100
2015-08-26,162.5459442138672,162.82177460117012,157.45540296590627,160.55653699616815,339257000
2015-08-27,166.56654357910156,166.69192102859066,163.17285789748786,164.6858053093289,274143900
2015-08-28,166.574951171875,167.04304413931038,165.438148498999,165.922962716579,160414400
2015-08-31,165.2291717529297,166.44956787940615,164.67748530858103,165.5969627158288,163298800
2015-09-01,160.2974395751953,162.8050909701567,159.42811328238028,161.4258750501832,256000400
2015-09-02,163.3400421142578,163.3818388515123,160.84074517949205,162.67968682752803,160269300
2015-09-03,163.45712280273438,165.54683285453467,162.96395429160822,164.050593314882,152087800
2015-09-04,160.9828338623047,162.0444097005393,160.16367143231324,161.20017178067064,207081000
2015-09-08,165.02854919433594,165.17901492592512,163.1394562070167,163.7830903693618,116025700
2015-09-09,162.82183837890625,166.73378212241914,162.45406013358513,166.60840462453442,149347700
2015-09-10,163.70785522460938,164.8530120043565,162.3704359782991,162.6295579280601,158611100
2015-09-11,164.45184326171875,164.51871552060823,162.60453377931222,163.31504036975608,119691200
2015-09-14,163.84158325195312,164.6774670734092,163.35676910495962,164.62731608485382,79452000
2015-09-15,165.8895263671875,166.33254381905883,163.79981659248259,164.34313603207536,113806200
2015-09-16,167.32716369628906,167.51942609697565,165.84765898918783,166.19037430738135,99581600
2015-09-17,166.95106506347656,169.59246088923587,166.57491991056307,167.19347850406095,276046600
2015-09-18,164.22283935546875,166.9367768216482,163.81113514057012,164.441307212403,223657500
2015-09-21,165.0714874267578,166.09655558562346,164.02120058856195,165.05467924749908,105726200
2015-09-22,162.9289093017578,163.3910381019392,161.79459432139305,162.90370344182836,153890900
2015-09-23,162.66842651367188,163.56746535756787,162.08866614231047,163.09693891729887,92790600
2015-09-24,162.0802459716797,162.54237470540022,160.11411225463215,161.45007392230164,159378800
2015-09-25,162.0382537841797,163.84474196466735,161.16440798067316,163.54225885128184,155054800
2015-09-28,157.97154235839844,161.2484450735252,157.66066154868136,161.1392111367556,178515900
2015-09-29,158.06393432617188,159.42511453201104,157.0640593919351,158.18997641570465,159045600
2015-09-30,161.01319885253906,161.18124220471094,159.17309401717506,159.95450137417293,163452000
2015-10-01,161.43331909179688,161.73580226426947,159.49239074380048,161.39130504711446,131079000
2015-10-02,163.84469604492188,163.86990189556607,158.90414418457794,159.4503008639225,211003300
2015-10-05,166.7603759765625,166.98724156689823,164.96228507812722,165.0715190328975,126320800
2015-10-06,166.18898010253906,167.18885521639652,165.52520446693177,166.62590301382218,110274500
2015-10-07,167.5501708984375,167.90306575672685,165.92852126535018,167.1216456398194,124307300
2015-10-08,169.06256103515625,169.34823595046055,166.8611513173425,167.16363441027735,153055200
2015-10-09,169.16343688964844,169.64236112305122,168.53326465245897,169.20545093630514,107069200
2015-10-12,169.32305908203125,169.52470596458713,168.8105185540597,169.23903100037617,56395600
2015-10-13,168.25596618652344,169.86080769258092,168.0879228419,168.59205287577035,88038700
2015-10-14,167.4493408203125,168.77690504339486,167.15526817132374,168.19714460448515,99106200
2015-10-15,170.0204620361328,170.02885971648277,167.7434342144632,168.11313728403783,134142200
2015-10-16,170.79344177246094,170.81023713021614,169.65912690067984,170.4237387677061,114580100
2015-10-19,170.87750244140625,170.87750244140625,169.83562586477734,170.14650673736665,76523900
2015-10-20,170.65902709960938,171.27239109091616,170.1885005955447,170.44057202868953,78448500
2015-10-21,169.6002960205078,171.2303301572377,169.43223989717623,171.07909503129787,102038000
2015-10-22,172.4654998779297,172.67555724966974,169.60032707126769,170.54977767333122,174911700
2015-10-23,174.35604858398438,174.72575167820509,173.3393778957643,174.137593492348,144442300
2015-10-26,173.9275360107422,174.23841687580705,173.55783291667214,174.17960746768875,69033000
2015-10-27,173.5914306640625,173.9275173566874,172.91083395703598,173.25533115055208,77905800
2015-10-28,175.56594848632812,175.5911543452303,173.2637279006993,173.92750355326413,135906700
2015-10-29,175.46511840820312,175.83482141928536,174.9441802494331,175.0618118601516,90525500
2015-10-30,174.70895385742188,175.9777088988275,174.54932098534687,175.65841751290222,131076900
2015-11-02,176.77589416503906,176.9691433713122,174.91058354202576,175.0366256668099,86270800
2015-11-03,177.28842163085938,177.84297616889708,176.19612073435962,176.42298628553587,95246100
2015-11-04,176.75067138671875,177.7085324673243,176.21292504007855,177.58250317548837,96224500
2015-11-05,176.57421875,177.2716107515993,175.68357755931885,176.809481976939,78408700
2015-11-06,176.48178100585938,176.7170570376993,175.15422981012625,176.22972243760842,110471500
2015-11-09,174.83493041992188,176.01965691928476,173.88546712060347,175.86840896446597,131008700
2015-11-10,175.23829650878906,175.2719128750145,174.08718597286835,174.35605279823582,75874600
2015-11-11,174.54928588867188,175.55755875304874,174.48206598826206,175.50714703296265,67846000
2015-11-12,172.1125946044922,173.97790497820498,172.0957992468074,173.50737854535558,121315200
2015-11-13,170.1801300048828,171.96982349695267,170.09611472138852,171.7009566405268,153577100
2015-11-16,172.7679443359375,172.82676654088328,169.87755349640048,169.99519790629205,117645200
2015-11-17,172.6419677734375,173.96112150855294,172.1462354127648,173.07889073209276,121123700
2015-11-18,175.38108825683594,175.52392572381035,173.0788677856342,173.12086900112726,121342500
2015-11-19,175.2299041748047,175.650019019232,174.93581865535054,175.26350772116834,88220500
2015-11-20,175.86837768554688,176.54896130897967,175.49027709707093,175.98600926464783,94011500
2015-11-23,175.6667938232422,176.43139295093874,175.2046650180068,175.92726292595165,64931200
2015-11-24,175.9020233154297,176.305329822214,174.27197629020296,174.65847461978046,98874400
2015-11-25,175.87689208984375,176.22978703563413,175.61641010569755,176.02812728623044,51980100
2015-11-27,176.0784912109375,176.2801509055882,175.49033312764547,175.96925727372445,37317800
2015-11-30,175.34750366210938,176.35577653965413,175.23826971990624,176.238144917622,112822700
2015-12-01,177.01950073242188,177.13714514111413,175.70034741346424,175.97762461777847,97858400
2015-12-02,175.2130584716797,177.2884263844097,174.96098705482348,176.9691350683328,108441300
2015-12-03,172.7595672607422,175.73397369234962,172.03696946468523,175.46510695149848,166224200
2015-12-04,176.1288604736328,176.42294585483205,172.75954562082165,172.75954562082165,192913900
2015-12-07,175.0618133544922,176.22132129264844,174.09554178166388,175.80120656208416,102027100
2015-12-08,173.885498046875,175.01140253603222,172.90243103880024,173.49899964415422,103372400
2015-12-09,172.53274536132812,175.33910918693573,171.55807593490235,173.24694565951123,162401500
2015-12-10,172.97804260253906,174.2887985677135,172.3646786590171,172.599941892721,116128900
2015-12-11,169.62551879882812,171.5244326656426,169.3146251963517,170.8606570674319,211173300
2015-12-14,170.4825439453125,170.60858605066196,168.0038697240416,169.78516481008944,182385200
2015-12-15,172.2722625732422,173.17971202028292,170.45736367916072,171.99498528490597,154069600
2015-12-16,174.79293823242188,175.09542135898081,172.0790005935831,173.39815421435094,197017000
2015-12-17,172.12939453125,175.17102084127197,172.11258635348722,175.10380095110403,173092500
2015-12-18,169.0629119873047,171.52252154037956,168.9023162201679,171.38729453922076,251393500
2015-12-21,170.4575958251953,170.63509986584572,169.12213038181602,170.2378405866105,99094300
2015-12-22,172.0043182373047,172.30015391894648,170.3561221898982,171.3450398183421,111026200
2015-12-23,174.1343536376953,174.17661773301222,172.91721991683897,173.0101957676597,110987200
2015-12-24,173.846923828125,174.39633114107903,173.6271686412562,173.8807402551436,48539600
2015-12-28,173.4496612548828,173.49191243890718,172.3762154986154,173.15382558359133,65899900
2015-12-29,175.30067443847656,175.63031358046268,174.51461682958066,174.54842035049876,92640700
2015-12-30,174.05819702148438,175.1401032204624,173.91450947796972,175.05557506677826,63317700
2015-12-31,172.3170623779297,174.0244308507707,172.3170623779297,173.38206059532405,114877900
2016-01-04,169.9081268310547,169.9165744875018,167.85421136208558,169.4601559928339,222353500
2016-01-05,170.19554138183594,170.6519599823393,169.08829196279575,170.22934491264832,110845800
2016-01-06,168.04861450195312,169.09669132121843,167.01743299467392,167.642894864962,152112600
2016-01-07,164.01693725585938,166.8822673689492,163.62812565503964,165.09883097484848,213436100
2016-01-08,162.216552734375,165.53831360060605,161.92917760723282,164.98045866166842,209817200
2016-01-11,162.3771514892578,163.4759531747563,160.44158027718976,163.13785340380966,187941300
2016-01-12,163.68722534179688,164.4394794360477,161.55724238502535,163.82246522096628,172330500
2016-01-13,159.6047821044922,164.70151796175867,159.22443118474726,164.3549705671791,221168900
2016-01-14,162.22499084472656,163.34914831411587,158.61586796094596,160.21335217593364,240795600
2016-01-15,158.74261474609375,159.5455805174858,156.8070440804357,157.86358138415784,324846400
2016-01-19,158.9539337158203,160.6866575988184,157.38180557816526,160.55987827206593,195244400
2016-01-20,156.91697692871094,158.48065791232142,153.0035699860845,156.3929383469813,286547800
2016-01-21,157.79600524902344,159.63860062752195,156.0632810105243,157.39029842299223,195772900
2016-01-22,161.03326416015625,161.23611115753874,159.64708712355448,160.40778915811794,168319600
2016-01-25,158.59896850585938,160.72049132100767,158.40456920258129,160.52609201772958,130371700
2016-01-26,160.76275634765625,161.04168381774744,158.92016099014072,159.2582478584521,141036800
2016-01-27,159.0131378173828,161.9122707781583,158.10873544829985,160.23871884423306,185681700
2016-01-28,159.84144592285156,160.76274352814337,158.19325000118587,160.55989658220685,143798800
2016-01-29,163.73800659179688,163.87324652838623,160.4923254967938,160.61065721701192,210529300
2016-02-01,163.67881774902344,164.4648885160024,162.14895320031806,162.73216408290494,136061600
2016-02-02,160.72894287109375,162.25880713586815,160.2048914913047,162.2503594786988,182564900
2016-02-03,161.6925506591797,162.09825757111477,158.1425861610698,161.7855265032888,205054900
2016-02-04,161.94606018066406,162.91806944389361,160.55988360763845,161.19380605683648,139531800
2016-02-05,158.8610076904297,162.00526495100985,158.22708506365447,161.43051462671764,180788300
2016-02-08,156.72256469726562,157.31422319199183,154.5080659467813,157.0184003932227,191526700
2016-02-09,156.7310028076172,158.0073084440495,154.8461433973868,154.9813833014251,184513100
2016-02-10,156.5957794189453,159.19062903955063,156.46898716953467,157.559341187404,148214100
2016-02-11,154.5587921142578,155.6068821864375,153.06273107589232,154.11926880693227,219058900
2016-02-12,157.74530029296875,157.7621956092723,155.48853743639367,156.33376755034035,127632400
2016-02-16,160.40774536132812,160.43310122907792,158.5905060542674,159.55406772031768,120250700
2016-02-17,163.02796936035156,163.39987263036465,161.44738046279596,161.57417270331123,136009500
2016-02-18,162.36021423339844,163.3575922577956,162.0474832862532,163.29841997201936,102343000
2016-02-19,162.28421020507812,162.43634546149406,160.97410072033864,161.58266754038291,114793000
2016-02-22,164.63392639160156,164.77761396839716,163.79714390618048,163.86476386535287,103640300
2016-02-23,162.55467224121094,164.24513257867517,162.43632763628713,163.97465273403023,111455300
2016-02-24,163.2984619140625,163.57738941039415,160.01897771192097,161.1262271415721,150812200
2016-02-25,165.27627563476562,165.28473618932878,162.9857094586589,163.74641133250677,110728300
2016-02-26,164.8959503173828,166.23986318866883,164.7353545219734,166.14690025152532,129833700
2016-02-29,163.6027069091797,165.85946932595837,163.408307632069,164.91281590992145,125918100
2016-03-01,167.44851684570312,167.53304500509748,164.354971931353,164.82829867071416,141799700
2016-03-02,168.20079040527344,168.25150214787573,166.72163772583008,167.13580511906184,102415000
2016-03-03,168.8600616455078,168.87696985804945,167.4485289821829,168.02327923672547,95172200
2016-03-04,169.4094696044922,170.18709267747013,168.2261525755054,169.05447449579614,129293600
2016-03-07,169.54469299316406,169.95041270399778,168.4120878190908,168.48815542842698,100219000
2016-03-08,167.6936492919922,168.97840267520743,167.53306640412978,168.47127234562447,123974900
2016-03-09,168.5220184326172,168.86855304777137,167.71903934372293,168.50511021569557,94801200
2016-03-10,168.65711975097656,169.9503329890471,166.83143349730847,169.01212755573695,156838700
2016-03-11,171.37876892089844,171.42103298523415,168.6402329536162,170.11092437391764,137964500
2016-03-14,171.1590576171875,171.61547609607194,170.54204339106326,170.87168254169785,73612000
2016-03-15,170.88018798828125,171.1844713761723,169.93353429137107,170.19555358982376,93169100
2016-03-16,171.8690643310547,172.27478401520258,170.3561083126268,170.3983723918738,129303200
2016-03-17,172.95945739746094,173.46658777165402,171.38732873280304,171.7845879527083,134278500
2016-03-18,173.6391143798828,173.97894501049038,173.14635089090652,173.4606948724039,138372400
2016-03-21,173.88546752929688,174.114860305824,173.14632887168338,173.37572164821052,72926700
2016-03-22,173.7920379638672,174.36126141225773,172.9509525979609,173.11236372451606,97471900
2016-03-23,172.64512634277344,173.59666264571933,172.47519803406752,173.4097518771107,81052500
2016-03-24,172.56858825683594,172.60257909122618,171.39616374447115,171.617052313188,84360900
2016-03-28,172.6705322265625,173.1972734387705,172.2202509392807,172.98487611595067,62408200
2016-03-29,174.26779174804688,174.37824252994776,171.95690730202728,172.26276003646242,92922900
2016-03-30,175.03244018554688,175.7545835143622,174.66710994321056,175.27032421900458,86365300
2016-03-31,174.60765075683594,175.36378494996057,174.44622666554395,174.93899016812185,94584100
2016-04-01,175.7970733642578,175.9839841079192,173.2992779386992,173.6136348968796,114423500
2016-04-04,175.2278289794922,175.9244985706201,174.92197625036152,175.72059242996414,63497000
2016-04-05,173.4777069091797,175.23635068476798,173.2228274299572,173.88550629771035,99662200
2016-04-06,175.37225341796875,175.4317309022867,173.29925307744682,173.47767256669442,91839800
2016-04-07,173.27371215820312,174.64155126831295,172.54306493857234,174.28472536528892,113859000
2016-04-08,173.7410430908203,174.88799403753805,173.2057975871912,174.45469511985496,95040600
2016-04-11,173.33328247070312,175.07494383034904,173.2398270914916,174.378274101007,83757500
2016-04-12,174.94744873046875,175.22781478977706,173.06135921418053,173.50314933463957,115350600
2016-04-13,176.71458435058594,176.79954847085173,175.72905759580317,175.86499500274658,96336400
2016-04-14,176.72308349609375,177.2243510861963,176.37476170028683,176.7740697487607,65212900
2016-04-15,176.52767944335938,176.8590187813295,176.2048313322123,176.72308136993018,75761600
2016-04-18,177.7681121826172,177.80209005868852,175.86502702994795,176.52770580484832,82531000
2016-04-19,178.32882690429688,178.58370634137805,177.5132282620851,178.1929024397327,88316100
2016-04-20,178.49874877929688,179.19540538775044,177.89553456526323,178.3713025834669,81100300
2016-04-21,177.53871154785156,178.6261850260145,177.2668366964576,178.5157342471724,85695000
2016-04-22,177.53871154785156,177.81057343553908,176.63814878909537,177.18188552817682,99251700
2016-04-25,177.2328643798828,177.27534644720865,176.32379740119583,176.93550287230877,66166500
2016-04-26,177.49623107910156,178.0059899481992,177.0204630485873,177.59817766743848,75864200
2016-04-27,177.86155700683594,178.25236089517963,176.75708812621428,177.11391414050013,77329400
2016-04-28,176.24732971191406,178.20987927726677,175.83103917605519,177.10542335757836,97216200
2016-04-29,175.29579162597656,175.975465774266,174.19132275546949,175.62713099075808,142424100
2016-05-02,176.6891326904297,176.86753922912456,175.36377511958173,175.79706110583365,62188000
2016-05-03,175.15138244628906,175.6951192326224,174.4037395036904,175.45723519883327,106422100
2016-05-04,174.17434692382812,174.88801198982688,173.6730922065313,174.15736446689803,92243800
2016-05-05,174.14036560058594,174.9984463520497,173.71557083900257,174.64162030796456,67619200
2016-05-06,174.7775421142578,174.82002417935882,173.21430064270663,173.36722052062296,89315000
2016-05-09,174.92193603515625,175.35522190026623,174.47165475463896,174.65007420715693,74374900
2016-05-10,177.09693908691406,177.1139345077505,175.55918407576223,175.62715279540032,77472200
2016-05-11,175.4402618408203,177.1734190140535,175.4402618408203,176.63818635257326,81727000
2016-05-12,175.49122619628906,176.28135126764383,174.48021249524697,176.1114229761982,89586300
2016-05-13,173.9619140625,175.7460569180924,173.63907891846603,175.19382901520686,96474600
2016-05-16,175.67813110351562,176.15389919084058,174.07240732693987,174.13188481970954,77486800
2016-05-17,174.03842163085938,175.69511863327767,173.51166730323104,175.40626130233449,114924900
2016-05-18,174.08935546875,175.2702841375371,173.00188214628582,173.6900474402525,120062100
2016-05-19,173.4861602783203,173.77501757533724,172.27974483456785,173.36721827580124,115430500
2016-05-20,174.58216857910156,175.1004187447686,174.0469229918874,174.0978962928205,104990400
2016-05-23,174.34423828125,174.8794707627664,174.15732758494116,174.59910471830312,58682600
2016-05-24,176.60415649414062,176.9185134089353,175.13437036157126,175.15985700821594,93537800
2016-05-25,177.80210876464844,178.21841233163534,176.60418432871938,177.28385859501512,76621400
2016-05-26,177.85305786132812,178.16741478288665,177.5387139034762,177.93802199444266,55280700
2016-05-27,178.61770629882812,178.62619752713854,177.96351873512137,178.01449203239846,64211200
2016-05-31,178.2779083251953,179.00006479127913,177.71717598426272,178.8896139764471,109879400
2016-06-01,178.64317321777344,178.82157973853978,177.47073565505667,177.66613759427415,69936200
2016-06-02,179.18692016601562,179.20390262173052,177.76810729142292,178.24387532557296,63044700
2016-06-03,178.65171813964844,179.00005302220788,177.4453023411421,178.62623148616456,101757100
2016-06-06,179.56072998046875,179.9175559829688,178.84706501176282,179.00848907654503,64887000
2016-06-07,179.8411102294922,180.40184244536616,179.68819033263986,179.71367698211526,60974800
2016-06-08,180.42727661132812,180.5547227853407,179.849562106324,179.97699531663255,66170900
2016-06-09,180.18092346191406,180.2998654606559,179.42478940626114,179.69665127608295,73786900
2016-06-10,178.4732666015625,179.14443658039636,177.9295168943366,178.8046059770867,113829200
2016-06-13,177.09693908691406,178.72814946710477,177.01198791014727,177.87006868862602,117751200
2016-06-14,176.74862670898438,177.34334984042636,175.7970904406122,176.71464882670367,125059300
2016-06-15,176.50221252441406,177.87005209068462,176.31530180377783,176.74858776686733,109124500
2016-06-16,177.0289764404297,177.19890472720832,174.66711844773843,176.50223504979886,149533100
2016-06-17,176.3696746826172,176.95039366641055,175.71208510180838,176.92477447777986,117055700
2016-06-20,177.50550842285156,179.00855730706354,177.42010243907166,178.3338969472471,82789600
2016-06-21,178.00933837890625,178.41925836011498,177.44569026029347,177.88977784142367,72461700
2016-06-22,177.718994140625,178.91459961774572,177.57380137521815,178.18868791520092,95560500
2016-06-23,180.0333709716797,180.08460935149466,178.71820477564012,179.17936322509908,102731400
2016-06-24,173.56854248046875,180.06754207953452,173.1244547948989,173.90160498686507,333444400
2016-06-27,170.4599609375,172.16797652592734,169.6486431080972,172.15942810806536,230775800
2016-06-28,173.5343780517578,173.5599972426327,171.75804030805926,172.06548362968255,159382400
2016-06-29,176.48924255371094,176.71981526094208,174.83246545427784,174.93494221304724,137328600
2016-06-30,178.89755249023438,178.94879087388307,176.40385124737338,176.95896414285914,165021900
2016-07-01,179.27333068847656,179.7601214298107,178.7353015598706,178.89756514031532,106055300
2016-07-05,177.9837646484375,178.55594829759565,177.3859618083562,178.4449231161789,109803700
2016-07-06,179.05126953125,179.17083009603255,176.83084414971785,177.488433771584,96021500
2016-07-07,178.940185546875,179.89666975080144,178.1715840303084,179.2305449614784,85593800
2016-07-08,181.60476684570312,181.8524364233916,180.00777631193074,180.23836208364483,133971000
2016-07-11,182.2452392578125,182.8174358882521,181.86093839631639,182.06590493697192,73633900
2016-07-12,183.56895446777344,183.86786237841264,182.27085910120599,183.21027279368047,101275600
2016-07-13,183.54335021972656,183.99597329991124,183.05657256209142,183.98743791332976,87324100
2016-07-14,184.5681610107422,185.03786790555398,184.175324721354,184.80728215153275,91230900
2016-07-15,184.32049560546875,185.3282185029604,183.87640792347915,185.13180036772673,107155400
2016-07-18,184.8158416748047,184.9781052510467,184.1838711755267,184.44007613637592,58725900
2016-07-19,184.6279296875,184.6620842623495,184.1496874528655,184.39734395611424,54345700
2016-07-20,185.39651489257812,185.6356359885821,184.6279132312971,184.6279132312971,58159500
2016-07-21,184.69622802734375,185.50753264431123,184.25214042488253,185.28549535864153,67777300
2016-07-22,185.5246124267578,185.57585079687013,184.5510443012593,184.81578456758726,62787500
2016-07-25,185.02078247070312,185.37092879203456,184.44006342850685,185.31969040962014,55873100
2016-07-26,185.10617065429688,185.46485232781606,184.2606983324223,184.9182879161025,70080500
2016-07-27,184.90966796875,185.55017345664965,184.14105356459993,185.48185130753959,84083900
2016-07-28,185.12326049804688,185.41362000068634,184.25216895900456,184.71332740254232,65035700
2016-07-29,185.42213439941406,185.78081604403943,184.5766751767694,184.85849926135842,79519400
2016-08-01,185.26844787597656,185.87478609579406,184.81582479995802,185.48194981866922,73311400
2016-08-02,184.08131408691406,185.17444261387604,183.2443904090163,185.02071449198954,92295500
2016-08-03,184.61936950683594,184.67915629791753,183.72267188959395,184.0215667516337,53993600
2016-08-04,184.8158416748047,185.13182040888088,182.97118159404107,184.73043567747973,46585500
2016-08-05,186.32736206054688,186.3700650445132,184.81577807088328,184.81577807088328,71892200
2016-08-08,186.2163848876953,186.61776955629065,185.95164458098853,186.51527976931246,39906500
2016-08-09,186.32736206054688,186.82268800608992,186.00284805086918,186.28467210770165,51251700
2016-08-10,185.8662567138672,186.515297949416,185.51611038906955,186.43844037503354,57941100
2016-08-11,186.72872924804688,186.97639871329264,186.1309266216052,186.39566685394936,72504300
2016-08-12,186.5665283203125,186.7800302458213,186.16514365786608,186.42133554357792,61313500
2016-08-15,187.10455322265625,187.4546995246367,186.9252188941168,186.93375428033923,49813500
2016-08-16,186.1395263671875,186.75439993028866,186.1395263671875,186.68609078081792,53213600
2016-08-17,186.4897003173828,186.6263447083874,185.33679747498837,186.1737215654203,75134300
2016-08-18,186.90814208984375,186.94229666713656,186.35304224874523,186.46405439829022,52989300
2016-08-19,186.63485717773438,186.81420454779516,185.9516613688594,186.43843903423905,75443000
2016-08-22,186.6262969970703,186.85688271905013,186.0284942281625,186.3957112750905,61368800
2016-08-23,187.00209045410156,187.54011954222074,186.94230365269942,187.24121159746008,53399200
2016-08-24,186.04554748535156,186.95079339123419,185.62707910025904,186.85685204074895,71728900
2016-08-25,185.91754150390625,186.33601012076218,185.5076213070876,185.66133649422156,69224800
2016-08-26,185.5673370361328,187.13017277202832,184.6791747157033,186.10536608503304,122506300
2016-08-29,186.48110961914062,186.7458499037358,185.66125654740873,185.6954241505889,70502200
2016-08-30,186.17367553710938,186.67753694435032,185.6185757536911,186.39571284425205,58114500
2016-08-31,185.64419555664062,185.96017423152927,184.86704543238258,185.8406136763452,85269500
2016-09-01,185.65274047851562,185.9430999801453,184.49128944087306,185.63565667514803,97844200
2016-09-02,186.4897003173828,186.91670426592736,185.9175165900683,186.50678412403997,79293900
2016-09-06,187.0533447265625,187.13020230821525,186.05415707169837,186.7715205627096,56702100
2016-09-07,187.03622436523438,187.21557171849793,186.42988618697717,186.89104461788935,76554900
2016-09-08,186.60916137695312,186.97639135303137,186.30171817672553,186.703102716776,74102900
2016-09-09,182.14276123046875,185.34529010576694,182.11714204195624,185.2940517287419,221589100
2016-09-12,184.7560272216797,185.15741189301355,181.31437714876296,181.38269933017335,168110900
2016-09-13,182.10006713867188,183.73976043922337,181.47664513586105,183.4750201242403,182828800
2016-09-14,182.03173828125,183.35545283875425,181.4766384818725,182.1512988394755,134185500
2016-09-15,183.85079956054688,184.2351004672881,181.69016085236018,181.8695082254394,134427900
2016-09-16,183.14007568359375,183.41474488225282,182.45342888084258,183.23449158351426,155236400
2016-09-19,183.1743621826172,184.43609561305325,182.84819587906532,183.79235460148155,80250500
2016-09-20,183.18296813964844,184.18720269659795,183.148641043208,184.03271111719636,69665300
2016-09-21,185.24293518066406,185.42317534460352,183.20012600971364,183.88678576521295,110284400
2016-09-22,186.4102783203125,186.71069611831638,186.00687921854612,186.25578671924643,76678700
2016-09-23,185.38893127441406,186.1528371565639,185.29451535203816,186.01550252457145,73630900
2016-09-26,183.8868408203125,184.73657089861007,183.68941740477214,184.5563306807073,89827300
2016-09-27,185.02841186523438,185.12281467748386,183.3546741024381,183.72375923728868,78494800
2016-09-28,185.94683837890625,186.10134311676984,184.29028355446454,185.25159980089904,87411000
2016-09-29,184.2644805908203,186.14420704939064,183.71515527343914,185.74079483696008,128070600
2016-09-30,185.65496826171875,186.35878517681044,184.84814384672578,185.09705135284455,117202900
2016-10-03,185.2086181640625,185.431777046321,184.57345551878453,185.24295835945435,83512100
2016-10-04,184.2644805908203,185.54338452990322,183.6722496696497,185.3202256217932,119948100
2016-10-05,185.0799102783203,185.50907112348864,184.82241115182939,184.89107845869026,72816000
2016-10-06,185.2086181640625,185.431777046321,184.3159695380813,184.85670319450523,62927400
2016-10-07,184.57347106933594,185.65496466719526,183.8439055676314,185.48330296661467,89788300
2016-10-10,185.5347900390625,185.99827791502386,185.38887694668674,185.5347900390625,51855000
2016-10-11,183.19155883789062,185.17429258419546,182.4619933916699,185.10562528979577,130367400
2016-10-12,183.4319305419922,183.95550728652148,182.83109489319347,183.32892303528274,73866100
2016-10-13,182.83106994628906,183.32889802045077,181.28610162289814,182.10150448178726,101357000
2016-10-14,182.92550659179688,184.27307787424564,182.84826078625434,183.8095768470923,93346200
2016-10-17,182.2903594970703,183.1572596642625,182.11010618467034,182.8997605452408,58275700
2016-10-18,183.4319305419922,183.9469156877419,183.0542669102728,183.88683998103164,76869700
2016-10-19,183.92117309570312,184.23016943203046,183.33752062539025,183.6980141682805,66519200
2016-10-20,183.57781982421875,184.13572360059572,182.91690855450392,183.56922822655446,73639800
2016-10-21,183.66363525390625,183.74947264471845,182.6164819513431,183.57781096004106,89089100
2016-10-24,184.44468688964844,184.81377190559687,184.0927719690092,184.53910276843104,60146600
2016-10-25,183.82676696777344,184.52200548727242,183.6636837403452,184.26450634380416,66542300
2016-10-26,183.45762634277344,184.04127862602974,182.7623749861479,183.00271703466322,75705500
2016-10-27,182.9684295654297,184.21299337259487,182.89118375808377,184.17866626831315,77220200
2016-10-28,182.4276885986328,183.62075523934593,181.71529311199853,182.94268685809953,140623200
2016-10-31,182.4362335205078,182.98555874481494,182.27315034350397,182.76238677756908,61272500
2016-11-01,181.1144561767578,182.81394256294035,179.90423254029105,182.76243225979417,122781800
2016-11-02,180.0243682861328,181.19168612886682,179.58661590951533,180.80543095021665,103330800
2016-11-03,179.2003631591797,180.4535183218848,178.92570708738964,180.23893794516417,88939300
2016-11-04,179.0029754638672,180.15312328493232,178.85706236092147,179.31197176920767,109122100
2016-11-07,182.95126342773438,182.98560362970932,179.00299150234346,179.00299150234346,109794900
2016-11-08,183.77520751953125,184.34170282391705,182.29031506738008,182.55639262330328,106772100
2016-11-09,185.72361755371094,186.34161010540024,182.25599122512685,182.2817398233683,258429000
2016-11-10,186.18716430664062,187.3802310913132,184.72801985801934,186.5133307834559,172113300
2016-11-11,185.7579803466797,185.99830937441178,184.81383433686068,185.46615411256926,100552700
2016-11-14,185.9038848876953,186.4875504259405,185.15714923575797,186.2815485129806,94580000
2016-11-15,187.35440063476562,187.35440063476562,186.08408858590283,186.290077346994,91652600
2016-11-16,187.0025177001953,187.23426819301946,186.6162756101203,186.73644010696472,65617700
2016-11-17,187.9638671875,188.02394289397336,187.04545671426322,187.15704272236283,69797200
2016-11-18,187.54327392578125,188.20418524017103,187.3630206229664,188.0325235356012,86265800
2016-11-21,188.95948791503906,188.98523651431762,187.97242335083433,188.11833644572866,72402600
2016-11-22,189.32858276367188,189.508822967917,188.5990041546267,189.2684939642912,67429000
2016-11-23,189.4315948486328,189.48309205465273,188.61619186043498,188.81360218249452,56620200
2016-11-25,190.13540649414062,190.16973359584355,189.69765409150062,189.77491298999192,37872300
2016-11-28,189.2427215576172,190.1010430617208,189.13972716814772,189.82638699081997,76572500
2016-11-29,189.61183166503906,190.06674107455783,188.97666895318812,189.27708675809228,69886700
2016-11-30,189.15692138671875,190.39290660575261,189.0968325872345,190.22982340366502,113291800
2016-12-01,188.46165466308594,189.45729763155808,188.10114811423543,189.45729763155808,79040500
2016-12-02,188.5561065673828,189.0453562275838,188.1956130215794,188.54752806520293,74840300
2016-12-05,189.68907165527344,190.03239505297432,189.19124356074346,189.38865385957408,67837800
2016-12-06,190.28988647460938,190.32422667116327,189.39723781842213,189.87789579459584,59877400
2016-12-07,192.77899169921875,192.8390673868136,190.01519574317007,190.135360215305,110738100
2016-12-08,193.25112915039062,193.72320871365824,192.48722334690305,192.7533140803448,99714400
2016-12-09,194.41844177246094,194.43561187344972,193.43995556729564,193.47429576927317,88005800
2016-12-12,194.19529724121094,194.80471145046042,193.77471486598523,194.32404026579505,102016100
2016-12-13,195.4912872314453,195.98911524024462,194.83896764936995,194.85613774538257,110477500
2016-12-14,193.87770080566406,195.8947488490547,193.43994837689505,195.19093189807282,142501800
2016-12-15,194.67593383789062,195.5342554988994,193.88627948139643,194.1180299970146,124972600
2016-12-16,194.295166015625,195.19308922448477,193.9757194067393,195.1326462584023,156420200
2016-12-19,194.7182159423828,195.14127715795195,194.32969732660885,194.47647044038382,90341100
2016-12-20,195.46932983398438,195.6161161046466,195.02038148255485,195.25348472013317,89838800
2016-12-21,194.92544555664062,195.5125380525151,194.92544555664062,195.33986456397218,67909000
2016-12-22,194.58872985839844,194.8995474109714,194.19156897349964,194.77867465020097,56219100
2016-12-23,194.87368774414062,194.8823168095182,194.44199734064162,194.6319289979672,36697800
2016-12-27,195.35716247558594,195.75431023591776,195.1240459885206,195.14131729197032,42672500
2016-12-28,193.74264526367188,195.63345131390588,193.6304147186624,195.61619318337856,64095000
2016-12-29,193.6994171142578,194.1656367796198,193.25908463537854,193.81164761891233,48696100
2016-12-30,192.9915008544922,194.11389848095968,192.30079360942415,194.0275551350218,108998300
2017-01-03,194.46786499023438,194.9772564188593,193.29366676331898,194.29517831857413,91366500
2017-01-04,195.62478637695312,195.77155950439442,194.78730610485513,194.79593516853652,78744400
2017-01-05,195.46932983398438,195.62474516651017,194.6750213959088,195.3570993331971,78379000
2017-01-06,196.168701171875,196.63492087370182,195.03766158158038,195.5815955454964,71559900
2017-01-09,195.5211639404297,196.04782659963823,195.48662134112396,195.90968255069856,46939700
2017-01-10,195.5211639404297,196.3759022481929,195.13263215601918,195.53842206594092,63771900
2017-01-11,196.0737762451172,196.0737762451172,194.77006286354137,195.43486973878854,74650000
2017-01-12,195.58160400390625,195.77154878764264,194.22610332812465,195.55570364013695,72113200
2017-01-13,196.03062438964844,196.3327997822943,195.71980675705944,195.75433619439323,62717900
2017-01-17,195.33990478515625,195.7974955523788,194.9513860624016,195.3917055249708,61240800
2017-01-18,195.77154541015625,195.81471707374104,195.03766665164105,195.59022969275696,54793300
2017-01-19,195.0463104248047,195.98739209731042,194.61462013384144,195.84924804240805,66608800
2017-01-20,195.76287841796875,196.2549983998891,195.09807181516732,195.72833582413674,129168600
2017-01-23,195.25352478027344,195.8233591595471,194.49375878205151,195.7629293658233,75061600
2017-01-24,196.50543212890625,196.91985113299535,195.35713433657327,195.46936485746957,95555300
2017-01-25,198.20628356933594,198.20628356933594,197.2910890998224,197.455133515812,84437700
2017-01-26,197.9990692138672,198.32715804870278,197.72278110576516,198.05949900367568,59970700
2017-01-27,197.68824768066406,198.22353941160668,197.50693196662186,198.07676629744958,59711100
2017-01-30,196.46224975585938,197.02344185218226,195.47799644095304,196.99754148922224,79737300
2017-01-31,196.44497680664062,196.5054197691345,195.40029371164522,195.97011486612374,75880800
2017-02-01,196.52268981933594,197.36017006320674,195.9355973293586,196.4449887263935,79117700
2017-02-02,196.65219116210938,196.93710832392662,195.8319822761067,196.52267617538791,69657600
2017-02-03,198.0077362060547,198.1890519584961,197.24797011152236,197.55878770560432,80563200
2017-02-06,197.65371704101562,197.99907719005563,197.3169991295408,197.6019163121953,57790100
2017-02-07,197.66236877441406,198.2840038984072,197.47242397685267,198.0422583695369,57931200
2017-02-08,197.92138671875,198.05088854775087,197.11843585651454,197.66236988660492,51566200
2017-02-09,199.0955810546875,199.39775637450677,197.92138285613618,197.92138285613618,65955200
2017-02-10,199.8812255859375,200.1057129594876,199.1128174264858,199.44090624989494,66015900
2017-02-13,200.96913146972656,201.2281483174449,200.34749630486021,200.37339667221764,55182100
2017-02-14,201.7720489501953,201.78069118787627,200.44244858746455,200.78779556699018,71109000
2017-02-15,202.8253631591797,203.01530793966828,201.50439193296327,201.55619265961616,86785800
2017-02-16,202.6527099609375,203.0325995599349,201.90157300101112,202.85128382436127,84722400
2017-02-17,202.97218322753906,202.97218322753906,201.97065836677095,201.9879296710311,77204100
2017-02-21,204.18089294433594,204.35356643805537,203.33477042906745,203.34341266694642,88946100
2017-02-22,203.99954223632812,204.2240164222622,203.61102364853645,203.77506805039403,62115200
2017-02-23,204.13768005371094,204.53482769165115,203.37790102580385,204.51756956766448,74615900
2017-02-24,204.39674377441406,204.43990226843368,203.2484459068218,203.29161757498488,82381600
2017-02-27,204.7161865234375,204.8888600186721,204.06002197188874,204.31039656385744,56515400
2017-02-28,204.1636199951172,204.57803901152806,203.77510134384804,204.33629348744313,96961900
2017-03-01,207.0214080810547,207.4876410025438,205.80403822111904,205.82130952261866,149158200
2017-03-02,205.7176971435547,206.84009454688626,205.66589641594808,206.8314523095236,70246000
2017-03-03,205.8472137451172,206.0112581770802,205.25147898657502,205.63136858182762,81974300
2017-03-06,205.23422241210938,205.5881984702343,204.62984541100997,205.05290667695087,55391500
2017-03-07,204.6212158203125,205.28602261532427,204.41399971982818,204.9320333839673,65103700
2017-03-08,204.2412872314453,205.1737397443952,204.10314319082886,204.91472296177454,78168800
2017-03-09,204.50033569335938,204.82842454711275,203.5333536075299,204.3621916313429,90683900
2017-03-10,205.2169189453125,205.50183609925148,204.26719509884924,205.45866443820472,81991700
2017-03-13,205.32052612304688,205.36369778529854,204.82840606097443,205.1564817109755,57256800
2017-03-14,204.53485107421875,204.82841047937762,203.9218582491036,204.7765965790729,59880800
2017-03-15,206.3048095703125,206.72787084357762,204.87159448861624,205.10471095952914,96081800
2017-03-16,205.8990020751953,206.52063716195985,205.57092640517246,206.4429360696499,78344000
2017-03-17,205.53746032714844,206.35257113802876,205.53746032714844,206.16179995967553,89002100
2017-03-20,205.31199645996094,205.82360402785622,204.92178752226891,205.53744727849318,52537000
2017-03-21,202.6758575439453,206.04035217995005,202.54579233129812,205.918953570994,131809300
2017-03-22,203.1527862548828,203.4389429554005,202.086211812194,202.7105512985133,97569200
2017-03-23,202.93600463867188,204.07195161988832,202.56314220179587,203.15278881772713,100410300
2017-03-24,202.78858947753906,203.8118044338847,202.00817173901973,203.23950426698332,112504900
2017-03-27,202.58047485351562,202.8406185139592,200.83753482201902,201.115011690091,87454500
2017-03-28,204.05459594726562,204.47948442330474,202.16423123366232,202.27696322842604,93483900
2017-03-29,204.24539184570312,204.4795224816916,203.543013169195,203.7684772006866,61950400
2017-03-30,204.8957061767578,205.0951571260625,204.01123635075146,204.18466102851025,56737900
2017-03-31,204.4188232421875,205.0865090164155,204.36678392250064,204.55755506698202,73733100
2017-04-03,204.06326293945312,204.67025592884897,202.8319305234059,204.47081821050207,85546500
2017-04-04,204.193359375,204.280078343088,203.39559514812635,203.77713743738263,56466200
2017-04-05,203.58636474609375,205.84959218884566,203.37824716313773,204.86972342901407,108800600
2017-04-06,204.15863037109375,204.67890435947453,203.2828139920876,203.72506209838295,69135800
2017-04-07,203.9505615234375,204.6442735716667,203.4649670591141,203.90720203952503,74412300
2017-04-10,204.0719757080078,204.86973999332233,203.54302171941845,204.08932214918752,67615300
2017-04-11,203.8291015625,203.93315370740874,202.33762573869492,203.6903565483198,88045300
2017-04-12,202.93600463867188,203.7424486651146,202.7105538557787,203.55167752902952,81864400
2017-04-13,201.61793518066406,203.33487525261768,201.61793518066406,202.59780381684874,92880400
2017-04-17,203.4042510986328,203.4042510986328,201.9387880376458,202.13822576308058,68405400
2017-04-18,202.79722595214844,203.33485962442262,202.11219388179552,202.6671607588707,83225800
2017-04-19,202.4243927001953,203.7337643495707,202.198928690804,203.3609019208942,68699900
2017-04-20,204.0719757080078,204.5142239536143,202.7192443880633,203.04008077686973,92572200
2017-04-21,203.42161560058594,204.04595514547796,203.02274008835104,203.99392905531317,110389800
2017-04-24,205.65878295898438,205.86690050339837,203.39555593536755,205.6674495615396,119209900
2017-04-25,206.85543823242188,207.2022875792635,206.213752386165,206.30047133860262,76698300
2017-04-26,206.72537231445312,207.70524096418976,206.68202606706552,206.82075787532534,84702500
2017-04-27,206.8988494873047,207.2023394338791,206.36121566426073,207.04626115817643,57410300
2017-04-28,206.4479522705078,207.18501068781663,206.3178737981882,207.1589976396445,63532800
2017-05-01,206.96817016601562,207.39307188967717,206.55194827702297,206.96817016601562,66882500
2017-05-02,207.04624938964844,207.22834070095143,206.63869405097995,207.10694208293043,57375700
2017-05-03,206.7947540283203,207.1416166430293,206.11838846895753,207.0462310779163,73137700
2017-05-04,207.03756713867188,207.17631219520794,206.18777682243794,207.09827306270273,61462700
2017-05-05,207.85269165039062,207.8700380914772,206.9682083953838,207.41045663861607,62001300
2017-05-08,207.8179473876953,208.04339812589566,207.39304571765436,207.89598650113538,48385700
2017-05-09,207.627197265625,208.27754973957022,207.28033467398123,208.07811201903442,51363200
2017-05-10,208.0000762939453,208.0000762939453,207.37573681053132,207.58385438215467,54293800
2017-05-11,207.57516479492188,207.739922866949,206.49124403837968,207.54915175528123,62358300
2017-05-12,207.2283477783203,207.61855669018183,206.95953748862587,207.3237333551271,53912700
2017-05-15,208.37295532226562,208.4943539331432,207.63588382171568,207.65323026082854,61918900
2017-05-16,208.18218994140625,208.69379744200063,207.7919810550454,208.66778439834033,51241800
2017-05-17,204.4881591796875,208.18215632905066,204.4274532666438,208.18215632905066,172174100
2017-05-18,205.31199645996094,206.16178687138375,204.1500230206345,204.4101667229153,107047700
2017-05-19,206.64732360839844,207.3150225035401,205.74550735498167,205.79753343459836,115011400
2017-05-22,207.69656372070312,207.86132179299227,207.08957074236508,207.15893002721407,61010600
2017-05-23,208.1561279296875,208.32088598841491,207.68786679104613,208.06940898358252,48341700
2017-05-24,208.64173889160156,208.745791050053,208.05207912031636,208.3902750981925,46927700
2017-05-25,209.63900756835938,209.9164977213546,208.94530864878885,209.15341303207651,64071700
2017-05-26,209.59561157226562,209.76035642612135,209.37014756859512,209.44818669380922,46629900
2017-05-30,209.41351318359375,209.66497700491354,209.11868988095512,209.2747681359558,35201900
2017-05-31,209.36148071289062,209.74302296652962,208.6677687273157,209.7083300899503,91796000
2017-06-01,211.0264129638672,211.04375940473994,209.53493660379107,209.82109333663263,68962000
2017-06-02,211.72877502441406,211.88486651709152,210.78359915869203,211.0784224730804,88666100
2017-06-05,211.5726776123047,211.84148785882437,211.373226654634,211.55533117436477,44698800
2017-06-06,210.8963165283203,211.56400224135808,210.81826417167153,211.00903529866966,50375400
2017-06-07,211.28659057617188,211.51204141788685,210.56686532615214,211.23456447665762,54144300
2017-06-08,211.390625,211.86755292454336,210.86167098031711,211.3819583946296,65950700
2017-06-09,211.06976318359375,212.4571740689785,209.80373768461638,211.65940983280444,132256400
2017-06-12,211.0264129638672,211.07843905502793,210.17662260150766,210.82697520393188,86108100
2017-06-13,212.0582275390625,212.11025361051327,211.2171041000679,211.56395339737486,60067000
2017-06-14,211.78952026367188,212.33580751081473,210.96572962722183,212.3271409051791,78602300
2017-06-15,211.38194274902344,211.50334137251647,210.15927667790672,210.43675357526607,66464900
2017-06-16,211.4281463623047,211.59370795186902,210.54807190239046,211.54142814379264,84553100
2017-06-19,213.1882781982422,213.24926686697899,212.16006003399033,212.2559107671326,65123800
2017-06-20,211.75051879882812,212.83972564003517,211.7331010624758,212.83101677185903,56906400
2017-06-21,211.69822692871094,212.25590026777624,211.22769545036692,212.14263180401596,55977600
2017-06-22,211.60240173339844,212.2036460753738,211.4281312869086,211.7069746380786,44148100
2017-06-23,211.85507202148438,212.18618182919283,211.27996767170237,211.66337057155704,66986800
2017-06-26,211.99449157714844,212.9442900095876,211.7853723814404,212.5260250262087,56700500
2017-06-27,210.28659057617188,212.0728921099807,210.26915954720386,211.77661780144203,82247700
2017-06-28,212.1687469482422,212.3691572493409,211.07081813357178,211.30609049328396,70042600
2017-06-29,210.30401611328125,212.36914757675268,209.09281890323146,212.31686778719327,106949700
2017-06-30,210.69615173339844,211.48909742094958,210.50445028594692,211.11440339330144,86820700
2017-07-03,211.05343627929688,212.07293228339097,211.05343627929688,211.6372495485141,39153800
2017-07-05,211.54136657714844,211.7504857485922,210.60899928452872,211.41937596181293,54427600
2017-07-06,209.60694885253906,210.896565916886,209.42395626898553,210.77457529317726,65400800
2017-07-07,210.9662628173828,211.11439332953753,209.61564388235107,210.18203933045078,57972300
2017-07-10,211.19281005859375,211.56750406312796,210.66127667726363,210.96625986011753,36663300
2017-07-11,211.0359649658203,211.34965700689543,209.868338650255,211.19280433836818,50354600
2017-07-12,212.62188720703125,212.78744877653742,212.00322515843493,212.00322515843493,59610400
2017-07-13,212.97915649414062,213.0924382652271,212.40405206613906,212.63061560831196,39471600
2017-07-14,213.97250366210938,214.32976669747507,212.88329681963978,212.97914755361637,60262700
2017-07-17,213.9463348388672,214.27745792892873,213.77206442682748,213.89405504485327,33531900
2017-07-18,214.05963134765625,214.11191114527443,213.19697479901293,213.53680677951223,42742500
2017-07-19,215.21856689453125,215.22727576286687,214.36461914228397,214.37334130660176,51034300
2017-07-20,215.3143768310547,215.59320682076344,214.7654124223429,215.4712162072697,47135200
2017-07-21,215.12274169921875,215.14888160331117,214.51277514777215,214.73933871121818,82340800
2017-07-24,215.07040405273438,215.20981240507535,214.59985931364557,215.04425085969152,46622300
2017-07-25,215.5931854248047,215.92430846970336,215.36663524965095,215.81973559995842,54915600
2017-07-26,215.6019287109375,215.9156207782958,215.34052973478933,215.8807720134695,47575400
2017-07-27,215.4015350341797,216.09863004837075,214.07705583681485,216.06378128085285,70766600
2017-07-28,215.1488037109375,215.27950318408122,214.46913985863216,214.9222402295164,50088400
2017-07-31,215.02684020996094,215.6455021888008,214.8177077305891,215.5496514644196,65838700
2017-08-01,215.506103515625,215.66294291021597,214.9832789416926,215.62809414341172,55050400
2017-08-02,215.61065673828125,215.75007839333924,214.67828937805945,215.63679663660702,47211200
2017-08-03,215.19241333007812,215.52352315357572,214.91357000925768,215.49738325424647,40856000
2017-08-04,215.58448791503906,215.9155976814008,215.20108506306107,215.68033862803355,60191800
2017-08-07,215.98532104492188,215.98532104492188,215.54963837800045,215.65421125932787,31995000
2017-08-08,215.45384216308594,216.89160330522697,215.07916135682032,215.6716835516543,61719400
2017-08-09,215.44509887695312,215.49737867450057,214.40817190565855,214.76543491687417,62632600
2017-08-10,212.40399169921875,214.7392575177136,212.35171191080104,214.60854475069058,120479500
2017-08-11,212.71771240234375,213.31024777490836,212.3953114663189,212.6305838418946,74869900
2017-08-14,214.82638549804688,215.04422681319684,213.96374239947946,213.9985911596728,73291900
2017-08-15,214.80029296875,215.2272668271467,214.49532303787947,215.20983579521703,55242700
2017-08-16,215.1749725341797,215.72393698714532,214.7479987045419,215.3231030556506,56715500
2017-08-17,211.8202667236328,214.8787685787392,211.8202667236328,214.56507642170223,128490400
2017-08-18,211.48910522460938,212.7787223128841,211.04470035458272,211.65465348444366,136748000
2017-08-21,211.6546630859375,211.91607538087405,210.72230896570784,211.42811285484936,65469700
2017-08-22,213.86788940429688,214.0247287674596,212.22100961119543,212.23844063909527,63140100
2017-08-23,213.10113525390625,213.52810911682874,212.75259438750788,212.90072492052627,50203800
2017-08-24,212.6044158935547,213.64132939076856,212.39528344330432,213.48449002506484,50741700
2017-08-25,213.10113525390625,214.01607164817918,212.95300472088786,213.39739631994303,64445900
2017-08-28,213.10984802246094,213.65879919803734,212.69158304604505,213.632659299009,40565600
2017-08-29,213.3538360595703,213.61523505816322,211.68080269268597,211.79408445606398,51135700
2017-08-30,214.36459350585938,214.63472794374306,213.15339615295224,213.3363887339727,62030800
2017-08-31,215.65426635742188,215.89824764955492,214.39949782874712,214.98331115606433,103803900
2017-09-01,215.959228515625,216.38620240941034,215.81109797189936,216.02893935313992,62007000
2017-09-05,214.40817260742188,215.68037196782498,213.4409564616852,215.4538084497364,91398800
2017-09-06,215.14010620117188,215.4712292990506,214.55629299426707,215.08782640592375,57916900
2017-09-07,215.11395263671875,215.46250674286236,214.7044098719873,215.44507571356027,58034700
2017-09-08,214.86129760742188,215.32312023944576,214.61731634129535,214.82643554312847,63832800
2017-09-11,217.15301513671875,217.23143484538897,216.11608800213492,216.13350574007288,71364800
2017-09-12,217.8848876953125,217.91973645576547,217.33592332233192,217.5189158786517,56896000
2017-09-13,217.98947143554688,218.0243334958429,217.4840779290966,217.5973596810883,59228000
2017-09-14,217.9197540283203,218.1201776290177,217.492793522443,217.66706393071823,95446300
2017-09-15,218.213134765625,218.3006957249808,217.67021138693656,217.7752898829497,95432400
2017-09-18,218.67726135253906,219.02753193324287,218.29195569658518,218.5809349385506,46235200
2017-09-19,218.89617919921875,218.98375352353474,218.57217825078814,218.92244882412038,47108100
2017-09-20,218.97500610351562,219.08885006210673,217.9767201891611,218.98377155384847,59574100
2017-09-21,218.38827514648438,218.9049289132353,218.21313986171728,218.81736795183463,48211400
2017-09-22,218.43202209472656,218.59840526131208,218.0642340558359,218.09050367561645,51214000
2017-09-25,217.98544311523438,218.52837984652382,217.24111484470356,218.17809592924593,57064400
2017-09-26,218.11683654785156,218.65975999671107,217.8803965392975,218.41456789967987,54082000
2017-09-27,218.9662628173828,219.35156851244136,217.93294178409238,218.81739713737701,81001400
2017-09-28,219.22894287109375,219.30775174481863,218.59844515736341,218.6860061186247,44778800
2017-09-29,219.99954223632812,220.07836447253501,219.03629148435007,219.2201788575793,85578000
2017-10-02,220.95407104492188,220.95407104492188,220.0520981995578,220.22724686046223,59023000
2017-10-03,221.4269256591797,221.45319528449488,220.87523680362833,220.95405904154,66810200
2017-10-04,221.68960571289062,221.93479775778118,221.16418655271696,221.27803048854625,55953600
2017-10-05,223.00315856933594,223.02066274400573,221.72464563427442,222.0223769472458,63522800
2017-10-06,222.74920654296875,223.03818577572494,222.29385747495817,222.5565537211313,80646000
2017-10-09,222.38140869140625,223.03817600199042,222.11869909477954,222.97688466789108,35803100
2017-10-10,222.9681396484375,223.34469322256305,222.4076986932,222.95063547249964,43057400
2017-10-11,223.3184051513672,223.3184051513672,222.70542499501343,222.87179482447962,47674300
2017-10-12,222.9856414794922,223.3534295777759,222.74920150132218,223.0031590161625,47065100
2017-10-13,223.25709533691406,223.53732246594643,222.98563365689205,223.42347852453142,54800400
2017-10-16,223.55484008789062,223.7474929101981,223.14327818056006,223.48479666338406,38221700
2017-10-17,223.7124481201172,223.7562352773911,223.28335535797586,223.50227778238104,31561000
2017-10-18,223.93136596679688,224.1327708517824,223.7387131683015,224.0889836954036,40888300
2017-10-19,223.99266052246094,224.02769559285423,222.73167858955216,223.15200590052174,61903800
2017-10-20,225.1486053466797,225.17490169725397,223.9751975121371,224.78959602390063,89176400
2017-10-23,224.2729034423828,225.49889055023027,224.19409456669527,225.47262092500108,63915300
2017-10-24,224.6669464111328,224.90337300858928,224.3079104286724,224.7019814816952,66935900
2017-10-25,223.55484008789062,224.44804741295565,222.425206140693,224.3342034646924,103715300
2017-10-26,223.84381103515625,224.43927365517973,223.72121500385936,224.16782533084222,69798000
2017-10-27,225.67398071289062,225.8316251660089,223.85255793086253,224.58813405767742,85562500
2017-10-30,224.83334350585938,225.5776851387856,224.53561219747496,224.58815144460573,54285700
2017-10-31,225.18368530273438,225.43764289349784,224.8859539001567,225.2099549346107,60304800
2017-11-01,225.48135375976562,226.30450429401682,225.1135790161657,225.96299917495975,54202700
2017-11-02,225.56893920898438,225.7090527881011,224.34297879662896,225.41132145395284,56449500
2017-11-03,226.32203674316406,226.36581054305816,225.31497210628373,225.72654737622838,59589700
2017-11-06,226.67225646972656,226.80360456387805,226.12056775036473,226.19061115927033,49652600
2017-11-07,226.51467895507812,227.1101415701888,226.00676393565465,226.77737519000038,57502200
2017-11-08,226.8999481201172,226.9962878847408,226.05929348051524,226.33952060169227,50469600
2017-11-09,226.07681274414062,226.2694655395448,224.49178986326726,225.6915071533323,95085500
2017-11-10,226.0067596435547,226.18190827946347,225.37626196778473,225.6915241676346,59984700
2017-11-13,226.21690368652344,226.4445915553938,225.28867476195268,225.32370983191618,50228600
2017-11-14,225.69154357910156,225.7966220801126,224.6319396713987,225.41131642711738,61315200
2017-11-15,224.5618438720703,225.24488069327333,223.85253743174124,224.71946158682658,80811500
2017-11-16,226.47091674804688,226.83871826309365,225.46387871189867,225.507652517148,67777000
2017-11-17,225.8053436279297,226.44460675902482,225.72653475816674,226.12060583091156,75756800
2017-11-20,226.190673828125,226.38332666089917,225.80536816257666,226.05058697150102,48075500
2017-11-21,227.67063903808594,227.85455318294814,226.15571241153137,226.9613322620132,69176800
2017-11-22,227.46917724609375,227.8106823510006,227.3027940562393,227.67933423372872,45033400
2017-11-24,227.99456787109375,228.0996730879914,227.8194459574578,227.9595595227246,27856500
2017-11-27,227.88076782226562,228.33611690074267,227.67934954628222,228.03838557359245,52274900
2017-11-28,230.1925506591797,230.2188202816215,228.24851842669787,228.34485819160403,98971700
2017-11-29,230.05252075195312,230.8581673396739,229.6059370080515,230.32398252387298,77512100
2017-11-30,232.06649780273438,232.97719569980967,230.89307700448683,230.97188585766116,127894400
2017-12-01,231.58489990234375,232.32924152209492,228.3448639162651,231.84762285727766,164390900
2017-12-04,231.30471801757812,233.63402938279867,231.2521520432385,233.20494992982626,94040600
2017-12-05,230.4728240966797,232.18916879696056,230.34147595807508,230.4728240966797,77994500
2017-12-06,230.5165557861328,230.94566192575616,230.05244129856732,230.5690950319757,75898600
2017-12-07,231.243408203125,231.55864369859842,230.25387446911444,231.243408203125,77218600
2017-12-08,232.50442504882812,232.51316377521968,231.2083944255536,232.19792825071,76563900
2017-12-11,233.20489501953125,233.26619970521597,232.47808441073974,233.20489501953125,83077500
2017-12-12,233.6165008544922,234.08938078279797,233.23996069117888,233.99304101780547,85195800
2017-12-13,233.59030151367188,234.2996082575791,233.50272717112858,233.86176326879996,102905400
2017-12-14,232.6356658935547,234.00173931760446,232.58312666370057,233.88789541161339,100666700
2017-12-15,234.57302856445312,235.03951542888447,233.58724702909123,233.64005483559046,144610300
2017-12-18,236.06056213378906,236.41262320670688,235.8669245146035,235.97254015042506,83653600
2017-12-19,235.15394592285156,236.35095870776016,235.0835176057788,236.3069611549893,82382900
2017-12-20,235.03073120117188,236.17493628273866,234.73147797769343,236.1221284703916,76751500
2017-12-21,235.5147705078125,236.22772957066448,235.2683251398561,235.65560026957766,67032300
2017-12-22,235.45323181152344,235.56765769725496,234.91631654629163,235.53244353382914,78720900
2017-12-26,235.1715087890625,235.39155024518007,234.90746978593313,235.04827268058258,45244400
2017-12-27,235.28591918945312,235.64679037704607,235.01306995063143,235.33872698661037,57751000
2017-12-28,235.77005004882812,235.8140744628945,235.4003953896571,235.787670558668,45116100
2017-12-29,234.8810272216797,236.36850953912682,234.68741653613384,236.35091589331208,96007400
2018-01-02,236.56211853027344,236.59733267818024,235.35629585458207,235.74357089998256,86655700
2018-01-03,238.05838012695312,238.2080200908072,236.72932153576673,236.72932153576673,90070400
2018-01-04,239.06182861328125,239.54593593694952,238.12007158752897,238.70098425961316,80636400
2018-01-05,240.6549835205078,240.77819278482892,239.36113851220546,239.85402929055562,83524000
2018-01-08,241.0950469970703,241.25347040718765,240.26768893019437,240.55813184874282,57319200
2018-01-09,241.6407470703125,242.26565732120056,241.23585142785015,241.517510954642,57254000
2018-01-10,241.27102661132812,241.53509244774,240.21484384726023,240.8837515396786,69574300
2018-01-11,243.0313262939453,243.0313262939453,241.6582700778627,241.8255036942274,62361500
2018-01-12,244.61572265625,244.78292946823333,242.99619373709777,243.29547378514889,90816100
2018-01-16,243.77947998046875,246.525592497555,243.08414159937195,245.8742785150605,106555100
2018-01-17,246.10321044921875,246.49048565078004,243.77958610038664,244.71255994218367,113258800
2018-01-18,245.6895751953125,246.4112909749268,245.19665747333914,245.98882844257452,100728000
2018-01-19,246.8072052001953,246.80720520019534,245.68940471160434,246.27029029051263,140920100
2018-01-22,248.8140411376953,248.8140411376953,246.54319861484595,246.5960332679467,91322400
2018-01-23,249.3422088623047,249.63265179478304,248.53244440420556,248.85810149413138,97084700
2018-01-24,249.24539184570312,250.58326130498125,248.06597267433622,249.98472803399878,134816100
2018-01-25,249.35093688964844,250.20469870958607,248.558793116429,250.10789337376553,84587300
2018-01-26,252.2379150390625,252.2819394474555,249.93188483201155,250.18714044699553,107743100
2018-01-29,250.56561279296875,252.10590306158304,250.40718938329576,251.66582012769325,90118300
2018-01-30,247.99549865722656,250.61837527818918,247.52020165362248,248.7348346292075,131796400
2018-01-31,248.11875915527344,249.35098602984448,247.04495569446198,248.84931188627255,108364800
2018-02-01,247.8371124267578,249.13976768175868,247.04496845650746,247.38824606458448,90102500
2018-02-02,242.4416961669922,246.64888789097682,242.4064820117474,246.5168415239415,173174800
2018-02-05,232.30218505859375,242.79377465444557,231.75648648531626,240.68138181637397,294681800
2018-02-06,236.87901306152344,237.38071398653761,227.6988907174772,228.79028765425716,355026800
2018-02-07,235.593994140625,239.72194707712518,235.5147555804733,236.32451994416607,167376100
2018-02-08,226.75711059570312,236.0340652904315,226.7218964441149,235.89323554460609,246449500
2018-02-09,230.16331481933594,232.02045142635646,222.61149201783874,229.54718812723533,283565300
2018-02-12,233.54322814941406,235.01311709321766,230.30422392491064,232.2141689797888,143736000
2018-02-13,234.12413024902344,234.66982881131727,231.7564818205949,232.33739453996532,81223600
2018-02-14,237.28387451171875,237.64474568212884,232.62779030685115,232.63660055946704,120735700
2018-02-15,240.3115997314453,240.32040998233728,236.56208588232263,239.02656554570487,111200300
2018-02-16,240.3820343017578,242.32721978062207,239.64269835895715,239.68672275896623,160420100
2018-02-20,238.8769989013672,240.8749925095738,238.08485503306727,239.4315076673359,86369700
2018-02-21,237.6887969970703,241.79918368018073,237.59199163850008,239.31710932833758,98883700
2018-02-22,237.996826171875,240.32926016216408,237.3279184312155,238.61295297407747,110511300
2018-02-23,241.79039001464844,241.79039001464844,238.74502323006428,239.22032038251334,92766400
2018-02-26,244.5980682373047,244.6949004419044,242.2744445137796,242.86414055255415,86491400
2018-02-27,241.5438690185547,245.49583131620943,241.48225097241271,244.7828723804004,99099200
2018-02-28,239.0970458984375,243.09300634693332,238.78019908798586,242.64411317159698,121907800
2018-03-01,235.62034606933594,240.43485306168157,234.12405377842256,238.88575298266753,176855100
2018-03-02,236.8349609375,237.39827984572887,233.085473539132,233.948018684137,139083200
2018-03-05,239.57228088378906,240.18840755846762,235.5411073253965,235.6467497620305,97307400
2018-03-06,240.1797332763672,240.62862658948757,238.68344013965796,240.54938800202316,79213200
2018-03-07,240.09164428710938,240.4437052620397,237.82082816735752,238.0144657326488,87063500
2018-03-08,241.2534942626953,241.37670352923723,239.77482190099204,240.769386869871,66901200
2018-03-09,245.45187377929688,245.45187377929688,242.3448890552754,242.66176276423687,113625300
2018-03-12,245.1437225341797,246.36716565760406,244.75644750665856,245.74225557886365,71924800
2018-03-13,243.55947875976562,246.80729267739554,242.9521622151338,246.30559172999912,91968900
2018-03-14,242.30958557128906,244.7036371432696,241.7551037909438,244.51880988315452,105895100
2018-03-15,242.04559326171875,243.46264729648829,241.54389231279492,242.8201434578408,83433000
2018-03-16,242.3081512451172,243.35974598879872,242.25513192763046,242.5732478325509,100343700
2018-03-19,239.02952575683594,242.48476016403774,237.37702820732727,241.55689557287,109208400
2018-03-20,239.43605041503906,240.07230891591502,238.75559119009515,239.4272048766045,59757300
2018-03-21,238.97657775878906,241.48625724722612,238.76450052453336,239.3919136546146,78709600
2018-03-22,233.0028076171875,237.5979844347918,232.72883860854253,236.74964866306775,148785900
2018-03-23,228.0364532470703,233.77162621271538,227.8420401470805,233.4446648554846,183534800
2018-03-26,234.27529907226562,234.55808665375656,229.23827674648547,231.64191725294216,141956100
2018-03-27,230.28988647460938,235.74224499591256,228.73458164104392,235.21205195547876,129941400
2018-03-28,229.6094512939453,232.0926481458643,228.50483739658975,230.4224589883686,146452300
2018-03-29,232.54327392578125,234.40787590041907,229.61825896543695,230.74938233105553,111601600
2018-04-02,227.5238800048828,232.52557335921296,225.04954297400147,232.01301757358857,186286300
2018-04-03,230.44004821777344,230.91724881743016,226.96714972539726,228.76104103303032,119956900
2018-04-04,232.90554809570312,233.61248995758348,226.75506759941308,226.8876158275027,123715300
2018-04-05,234.7436981201172,235.62738914999005,233.5772194883386,234.6641421954918,82652600
2018-04-06,229.5122528076172,234.27533379736204,227.9923030419464,232.7819206539907,179521200
2018-04-09,230.6433563232422,234.03672660538797,229.70664599907167,230.970317685891,105442900
2018-04-10,234.3107147216797,235.09721282912287,232.39311993262967,233.5330621559743,103529000
2018-04-11,233.08236694335938,234.7437104819056,232.75540555998597,232.82608898012964,91140200
2018-04-12,234.99989318847656,235.94544883781194,234.23108649030613,234.40783544147104,68890500
2018-04-13,234.3107147216797,236.42274962027108,233.30332078382685,236.30786545013984,85079200
2018-04-16,236.23719787597656,237.00603200742833,235.1237651078946,235.94559159503413,63405300
2018-04-17,238.7644500732422,239.36535342206966,237.49193300036845,238.00446186422565,64682000
2018-04-18,238.9412384033203,239.74537353512525,238.48170179301928,239.20633493379327,57303900
2018-04-19,237.61563110351562,238.4904763618451,236.58170100613293,238.28721777022892,77655900
2018-04-20,235.6009063720703,237.76596067728715,234.71721514024568,237.545037869331,99953100
2018-04-23,235.56553649902344,236.73201519118192,234.48743230804874,236.17528549864664,65558000
2018-04-24,232.39306640625,236.81152135905498,230.89078093505276,236.59059861141472,112885500
2018-04-25,232.96746826171875,233.4093137723716,230.5108083012133,232.33120964765425,103840900
2018-04-26,235.3357391357422,236.16641080171698,233.5506930918964,233.99253857515498,67731900
2018-04-27,235.5566864013672,236.24596434828754,234.61997603678594,235.9455126245644,57053600
2018-04-30,233.74514770507812,236.73202801738444,233.67443731305542,236.17529829468543,82182300
2018-05-01,234.160400390625,234.26643897285976,231.62418511436118,233.1794895687467,74203400
2018-05-02,232.58750915527344,234.7790458316721,232.19868291240678,233.96606511885076,86368900
2018-05-03,232.07492065429688,232.7288433491431,228.9201373860479,231.75680484646094,136311500
2018-05-04,235.0794219970703,235.75988118738852,230.77585202279235,231.10281331097474,91222100
2018-05-07,235.87478637695312,236.84682479033765,235.1589719388645,235.84827672873547,55304900
2018-05-08,235.87478637695312,236.23707591322565,234.31063622779368,235.5036243338,67499200
2018-05-09,238.15469360351562,238.48165491620054,236.0249953336343,236.54636971982185,59666100
2018-05-10,240.381591796875,240.7085800870118,238.79095894501123,238.89699753938797,72063900
2018-05-11,241.1151123046875,241.38020883675154,239.99280739335714,240.5053633128291,59871500
2018-05-14,241.22991943359375,242.20195771953226,240.6820084954234,241.54803517049672,54790600
2018-05-15,239.568603515625,240.01926752715545,238.6230477994931,240.00160341803257,87036100
2018-05-16,240.57606506347656,241.03560171155155,239.5774897697605,239.60402639310004,53942600
2018-05-17,240.37283325195312,241.4509375108513,239.59518074151995,240.3109684004157,56536400
2018-05-18,239.77191162109375,240.39050622303347,239.4184405491771,240.02818960968182,64368000
2018-05-21,241.57452392578125,242.1135892797227,240.86758214839264,241.25640821638643,58025900
2018-05-22,240.90298461914062,242.35225076806103,240.57602327210842,242.09597283331613,52966400
2018-05-23,241.56570434570312,241.59224095910426,239.47136146284487,239.63044630273646,64694200
2018-05-24,241.07090759277344,241.44206969964975,239.2858613807374,241.16812763166678,76043800
2018-05-25,240.4964599609375,241.12387291474323,239.9927497029885,240.4964599609375,56374800
2018-05-29,237.73048400878906,239.630440760924,236.61705196391603,238.87045266644952,115908600
2018-05-30,240.90298461914062,241.34483010823462,238.96772618756867,239.03840959985598,69678400
2018-05-31,239.42723083496094,240.7969410355754,238.8263274545693,240.4964893453796,93519900
2018-06-01,241.77783203125,242.0782836966007,240.65552734538392,240.72623771846978,71258400
2018-06-04,242.9266357421875,243.18291366768244,242.3610875599762,242.5996744069565,45385200
2018-06-05,243.1034393310547,243.48342005097604,242.29043161185885,243.059238592946,51135000
2018-06-06,245.13583374023438,245.24187232618866,243.0945100563013,243.71310443184038,62732200
2018-06-07,245.10934448242188,245.91350645027276,244.19914391979617,245.6219003146421,72969400
2018-06-08,245.83399963378906,245.8870189359492,244.48195349248826,244.64985693869826,72139700
2018-06-11,246.1609649658203,246.87675252466192,245.94004221387883,246.0549263597859,58892500
2018-06-12,246.4791259765625,246.84141558459777,245.83402178467537,246.57631904991064,72329000
2018-06-13,245.692626953125,246.97398979103377,245.48936829863752,246.71771182982977,79070600
2018-06-14,246.31121826171875,246.8414113219372,245.71913338699366,246.55865067919098,77097600
2018-06-15,245.99693298339844,246.3342477239301,244.41690111133036,245.526474816131,120041600
2018-06-18,245.49098205566406,245.61526732414296,244.06186400338112,244.54118038098923,52917600
2018-06-19,244.55007934570312,244.77199411824915,242.80138985447235,243.21859071042707,97531500
2018-06-20,244.96728515625,245.63302948735304,244.62997036088478,245.23357205300874,53785500
2018-06-21,243.43161010742188,244.97615528081644,242.93452320471235,244.95838476265965,71061400
2018-06-22,243.87550354003906,244.80756204376263,243.65358871856367,244.69216200232157,54898500
2018-06-25,240.55563354492188,242.88129622130432,238.86908655045588,242.72152407312717,137854200
2018-06-26,241.08816528320312,241.94031025150673,240.36916373350945,241.12367922456582,68547400
2018-06-27,239.0909423828125,243.10315106426856,238.94002844283239,241.67403316486272,105110700
2018-06-28,240.45797729492188,241.22135108855673,238.32757386601412,239.03771737205167,76650500
2018-06-29,240.80418395996094,242.91681716626175,240.68878393099698,241.549814428795,97592500
2018-07-02,241.31895446777344,241.4787536700917,238.99329230174064,239.23297756061706,63554800
2018-07-03,240.46682739257812,242.31317335709,240.04076839246304,242.21551677676098,42187100
2018-07-05,242.42852783203125,242.49067046122133,240.52006646800746,241.59415332388662,56925900
2018-07-06,244.47911071777344,244.8519124147663,242.07353476250805,242.45524880932732,66493700
2018-07-09,246.680419921875,246.73367729241565,245.4377027939233,245.48207490630662,50550400
2018-07-10,247.56809997558594,247.66575655603182,246.84021306391304,247.13315571604667,51966800
2018-07-11,245.75729370117188,246.80475206225054,245.45549284771084,246.01472243382065,77054700
2018-07-12,247.98532104492188,248.03857842434638,246.41417417348606,247.0177758664348,60124700
2018-07-13,248.1806182861328,248.48241914617054,247.35510177874667,247.80781661340694,48216000
2018-07-16,247.9586639404297,248.36697949896225,247.5148344366151,248.22497789624032,48201000
2018-07-17,248.96165466308594,249.35222668644502,247.13307977608457,247.18633713479755,52315500
2018-07-18,249.48541259765625,249.59192733323326,248.5977536822475,249.04158313995188,44593500
2018-07-19,248.54446411132812,249.20132295507938,248.06512077413834,248.81963617231565,61412100
2018-07-20,248.2603759765625,248.97051918224665,248.10060391373108,248.3402620079782,82337700
2018-07-23,248.72207641601562,248.9262206602363,247.71013209713192,248.05633212913037,47047600
2018-07-24,249.97364807128906,250.81693499098898,249.10375955328703,250.13344728552968,68026900
2018-07-25,252.10400390625,252.42354809608824,249.68068544318126,249.72505755092584,78882900
2018-07-26,251.5093231201172,252.19281086678743,251.28740834778463,251.38506493399785,57919500
2018-07-27,249.80508422851562,251.9354610633286,248.88191100071924,251.8378044570254,76768700
2018-07-30,248.5001678466797,250.04468596219957,247.97642515611105,249.8849138307744,63742500
2018-07-31,249.7250518798828,250.33753865236255,248.8817922274935,249.26347903086543,68570500
2018-08-01,249.30789184570312,250.4352361042399,248.65991811770908,249.92926397666997,53853300
2018-08-02,250.6660614013672,250.8346917050347,247.7989128117331,248.00308415289646,63426400
2018-08-03,251.74020385742188,251.79346125271906,250.61285911546483,250.79040182593164,53935400
2018-08-06,252.6632080078125,252.97386690929056,251.38497719815572,251.77554922828398,39400900
2018-08-07,253.4976806640625,253.8793946751064,253.19587981266517,253.32905035260498,43196600
2018-08-08,253.39109802246094,253.7905553568563,252.92952515383473,253.32898248823008,42114600
2018-08-09,253.044921875,253.84380944427295,252.91177846165436,253.45323737232636,35717000
2018-08-10,251.34951782226562,252.14840547941606,250.63937439097478,251.6069465091837,77076000
2018-08-13,250.40863037109375,252.23720589769607,250.11568770651078,251.62471896906465,65732900
2018-08-14,252.00640869140625,252.24609398133148,250.74594796127278,251.13652012561974,43842000
2018-08-15,250.12460327148438,250.79923291848888,248.686599730624,250.65720419863487,102925400
2018-08-16,252.14840698242188,253.0183225324878,251.52703486248876,251.5625488065655,69967900
2018-08-17,253.03599548339844,253.47982484853304,251.53585006210795,251.94416549305728,65618500
2018-08-20,253.57757568359375,253.8438625660107,253.03608957040626,253.48880435971984,39807500
2018-08-21,254.1722412109375,255.03327141068831,253.61301178058812,254.09235516220178,67272000
2018-08-22,254.0214385986328,254.54515426235224,253.49769584570512,253.76400985232723,44993300
2018-08-23,253.6841583251953,254.70496109991126,253.36458689156945,253.84393049740228,49204900
2018-08-24,255.2108917236328,255.3529204388044,254.2078325465637,254.2610899286021,57487400
2018-08-27,257.2258605957031,257.3323753566109,256.2494301387038,256.4092022800655,57072400
2018-08-28,257.3501281738281,257.7939577065519,256.8885281227042,257.68741586376615,46943500
2018-08-29,258.7348937988281,258.9656667527116,257.32351902828185,257.5631772420402,61485500
2018-08-30,257.6874084472656,258.6283248624232,257.09269206048697,258.25552323561953,61229500
2018-08-31,257.69635009765625,258.140179714729,256.7909474309434,257.27914917403945,66140800
2018-09-04,257.2524108886719,257.60746901323,256.24935204712614,257.27903957078377,57594400
2018-09-05,256.5600280761719,257.1015140436307,255.54811110611712,256.8973427625893,72452400
2018-09-06,255.78787231445312,256.96844710347045,254.7581844159346,256.66664623326454,65909900
2018-09-07,255.29075622558594,256.2671866291312,254.50072664342497,254.7404119315528,73524800
2018-09-10,255.73455810546875,256.5689597155982,255.53927204588095,256.30264576750454,50210900
2018-09-11,256.5778503417969,257.0216798888951,254.74041660460662,255.08658956495626,50530500
2018-09-12,256.6399841308594,257.24358579269136,255.8499816506508,256.58672675418035,59810800
2018-09-13,258.1578674316406,258.3442953348075,257.4211223455566,257.70517974058833,51034200
2018-09-14,258.2022705078125,258.5484434532182,257.4211262043679,258.3620426364613,55079900
2018-09-17,256.83526611328125,258.1844981163113,256.5600939750923,258.149011258561,68244000
2018-09-18,258.2288818359375,258.8235981934395,257.02165151471684,257.0482802010348,61930400
2018-09-19,258.5040588378906,258.92125965755014,258.15785882001853,258.28214408465055,49080600
2018-09-20,260.5989074707031,260.9184787850341,258.52178873975845,259.7645329642432,100360600
2018-09-21,260.36083984375,261.45761269257395,260.200344464458,261.34169029247494,105479700
2018-09-24,259.49603271484375,259.92404780423277,258.9164476561053,259.7813761077698,53409600
2018-09-25,259.255126953125,260.05763093211067,259.0143839229773,259.9506340298228,44370000
2018-09-26,258.4794616699219,260.58380737485373,258.06037218301276,259.397888348233,79739700
2018-09-27,259.20166015625,260.28950748207143,258.67557384787006,258.95199161647935,59249500
2018-09-28,259.2284240722656,259.727761180098,258.54184235195396,258.5774898512052,70091400
2018-10-01,260.1290588378906,261.19905539547744,259.4603007849608,260.4678733934338,62078900
2018-10-02,259.9774169921875,260.6907479078921,259.6029277855832,259.9774169921875,47258200
2018-10-03,260.12017822265625,261.4487690758505,259.76351264194153,261.0296795352548,64694600
2018-10-04,258.0871276855469,259.69213623805473,256.49994288608053,259.6386377670936,111545900
2018-10-05,256.6426086425781,258.82720205480575,255.2159192888122,258.3100411101316,105951700
2018-10-08,256.6426086425781,256.9992741780606,254.57391044020932,255.95599959464238,87742200
2018-10-09,256.2680969238281,257.5699383979539,255.7063357693403,256.25919865326443,74339000
2018-10-10,248.15379333496094,255.83114939791164,247.77930409003628,255.75979997194213,214731000
2018-10-11,242.68780517578125,248.68877555553425,241.07384434453292,247.0659164559745,274840500
2018-10-12,246.0582733154297,247.07477092165485,242.866054491008,246.78942775744986,183186500
2018-10-15,244.67628479003906,247.03032630002048,244.58711160341807,245.70170840659046,102263700
2018-10-16,250.02627563476562,250.40079202327806,246.16532542157915,246.63791323813768,118255800
2018-10-17,250.07081604003906,250.69497358924752,247.49385654620625,250.06189056259473,110626000
2018-10-18,246.45957946777344,249.732046855668,245.18448756727568,249.13461114190665,134557500
2018-10-19,246.3258819580078,249.04548714557046,245.63037467389387,247.11056242456397,139901600
2018-10-22,245.22021484375,247.31563500155545,244.6852029518663,246.99464419352634,82415800
2018-10-23,243.9718017578125,245.09532381186685,239.51341546309573,241.59996419543393,146352700
2018-10-24,236.57984924316406,244.1056085152865,236.02701362087163,243.7221665604862,177806700
2018-10-25,240.82420349121094,242.36681508232206,237.39126750912948,238.4166910055369,138061500
2018-10-26,236.58877563476562,241.64459895888504,233.87809566701173,237.11488929847306,201574600
2018-10-29,235.27798461914062,240.97581624058947,231.70237676564972,239.68287313180807,160749100
2018-10-30,238.76443481445312,239.07652733010562,234.6181405688793,235.10857943971416,157116000
2018-10-31,241.3146514892578,243.6330180983539,240.8598873218433,241.332475240434,128296300
2018-11-01,243.88267517089844,244.07884527191928,241.0917207748512,242.17956820563373,99495000
2018-11-02,242.43820190429688,245.41640140740168,240.3873273833,244.98838642284932,122634100
2018-11-05,243.77566528320312,244.3285008443668,241.95663600789746,242.92856098023867,65622500
2018-11-06,245.31826782226562,245.47876321419287,243.6508355340776,243.713259479327,60085900
2018-11-07,250.5701904296875,250.6504381032207,247.06587874778523,247.49389355178778,102752100
2018-11-08,250.11550903320312,250.7575178453981,248.97416305728257,249.76774178784,65584900
2018-11-09,247.6721954345703,248.9918598895251,246.26333063147663,248.80461535153137,98812600
2018-11-12,243.04446411132812,247.40475152616438,242.52727608994468,247.16400847527626,99673600
2018-11-13,242.58973693847656,245.50551206799565,241.86748046408346,243.50816351775626,98176600
2018-11-14,240.9311065673828,244.86337770595793,239.37067200985265,244.46213943254168,125335900
2018-11-15,243.44577026367188,243.90945995831532,238.0868072346455,239.6650665421353,135101400
2018-11-16,244.0787811279297,244.9882819690097,241.83173743188132,242.34892538585214,126668000
2018-11-19,239.95034790039062,243.7667253541707,239.03192144248044,243.4724566298117,103061700
2018-11-20,235.5098114013672,238.0778464586344,234.64488330516025,236.6154825797557,136021300
2018-11-21,236.312255859375,238.21153244119893,236.30335759239327,237.06126135990087,75563700
2018-11-23,234.73406982421875,236.13400983891086,234.57357442697398,234.6716458769011,42807900
2018-11-26,238.52366638183594,238.74658569621147,236.59764024021155,236.98998041045894,79981400
2018-11-27,239.32618713378906,239.32618713378906,236.88299998591717,237.48933403239405,75502400
2018-11-28,244.8367462158203,244.8367462158203,239.26376297348142,240.39621058389733,127629600
2018-11-29,244.30174255371094,245.70165515408803,242.91962649023046,244.06097228083433,82346400
2018-11-30,245.79080200195312,246.35256296273798,243.82912859069464,244.15011930438473,98204200
2018-12-03,249.04551696777344,250.02636766842159,247.44943382182208,249.91937072141235,103176300
2018-12-04,240.97573852539062,248.6441670993686,240.66364609511098,248.2161522911143,177986000
2018-12-06,240.61019897460938,240.7261213773136,234.01179240772498,237.1148392029293,204185400
2018-12-07,235.01942443847656,241.84075126834617,234.1812454855948,240.27139029923381,161018900
2018-12-10,235.46530151367188,236.43722679572443,230.60564789156925,234.84111633239345,151445900
2018-12-11,235.5187225341797,238.85358682830298,234.04746047570356,238.6663422202357,121504400
2018-12-12,236.70462036132812,239.8611652482189,236.62437267926674,238.49690022951813,97976700
2018-12-13,236.6243896484375,238.51474108187907,235.50979307571671,237.64981305297454,96662700
2018-12-14,232.25521850585938,235.42958794178887,231.7023828597577,234.47548657224678,116961100
2018-12-17,227.69871520996094,232.4156821266384,226.06694412299714,231.30108550488026,165492300
2018-12-18,227.4490509033203,230.00817404669752,225.8440290168278,229.33941606115198,134515100
2018-12-19,224.04286193847656,231.30111553755748,222.3397684197925,227.52932388944615,214992800
2018-12-20,220.39588928222656,224.3638507742223,218.1488585473539,222.79450353410618,252053400
2018-12-21,215.88006591796875,223.96100288010308,215.234308074358,221.29725519655113,255345600
2018-12-24,210.17587280273438,216.00562100861876,210.11309801537055,214.39122646068466,147311600
2018-12-26,220.7949676513672,220.7949676513672,209.65566642653576,211.63778672637773,218485400
2018-12-27,222.49012756347656,222.68742954792995,214.31950984244187,217.55726318862372,186267300
2018-12-28,222.20309448242188,225.47671683818686,221.03714210729703,223.84439446130722,153100200
2018-12-31,224.14938354492188,224.39154620365275,221.9520191496797,223.826504561738,144299400
2019-01-02,224.38253784179688,225.30634138582334,220.5887205734624,220.6156260112586,126925200
2019-01-03,219.0281524658203,222.93856912435655,218.54382721026855,222.633618017562,144140700
2019-01-04,226.3646697998047,227.01042771007872,221.68293179300352,222.05962162643488,142628800
2019-01-07,228.14947509765625,229.55757659447116,225.73685369173648,226.6337381587478,103139100
2019-01-08,230.29298400878906,230.77730922015044,227.80862422016872,230.33784464859812,102512600
2019-01-09,231.36929321289062,232.21236682399817,229.77283991391428,231.0015672871316,95006600
2019-01-10,232.18540954589844,232.43653605245433,229.15393626414303,229.8355770836818,96823900
2019-01-11,232.27516174316406,232.3020671838069,230.52622598914851,231.10919545023927,73858100
2019-01-14,230.85801696777344,231.66520737629008,229.97011025547886,230.3736917743686,70908200
2019-01-15,233.5038604736328,233.81777548974284,231.22576641958676,231.23474402227959,85208300
2019-01-16,234.06890869140625,234.95681551959413,233.72808822825598,233.93435413014328,77636700
2019-01-17,235.84469604492188,236.70572470971874,233.1540430515914,233.1989036905895,96118400
2019-01-18,238.98382568359375,239.4502231203334,235.880613114038,237.65645419931408,127900300
2019-01-22,235.75503540039062,237.72819215552116,234.14065432491404,237.512948644322,115531200
2019-01-23,236.24835205078125,237.48605705383304,233.78191964841497,236.7864882309007,86030300
2019-01-24,236.37387084960938,236.95686760170713,235.05544969694287,236.06893344044875,59204100
2019-01-25,238.37393188476562,239.19907756601734,236.4725413588362,238.22144949546475,96883400
2019-01-28,236.56222534179688,236.62498644464915,234.7953620742769,236.2303825110158,85613700
2019-01-29,236.24835205078125,237.2707861593394,235.4142560255048,236.70577190949425,66136300
2019-01-30,239.98828125,240.83135465460592,237.0016686699602,237.7640257746446,92473700
2019-01-31,242.09600830078125,242.5803335581487,239.71029242579274,239.92556330170092,104012100
2019-02-01,242.21258544921875,243.23504674650184,241.42332284164686,242.2933017562561,85782500
2019-02-04,243.9166717529297,243.97946022939053,241.5847668579717,242.25743015243614,60744800
2019-02-05,244.93907165527344,245.24400898778143,243.84487187592939,244.3471248201464,79552800
2019-02-06,244.6162567138672,245.15439285929028,243.88083226488828,244.6611173589182,58347800
2019-02-07,242.28436279296875,243.5489456994387,240.62512119361995,243.00185935827335,95482000
2019-02-08,242.5802764892578,242.6789206156725,240.21248900649337,241.03763453341458,75788900
2019-02-11,242.71482849121094,243.49511346448097,242.18567003084087,243.23503672054903,68021400
2019-02-12,245.8360595703125,246.21273575207329,244.25753401047314,244.32930010178086,72270200
2019-02-13,246.6342315673828,247.47730509020485,246.24857784565816,246.6701146070692,65277200
2019-02-14,246.0870819091797,247.21716471726242,244.73277805953973,245.54894593529588,83234400
2019-02-15,248.7688446044922,248.80472764761052,247.6567166045043,247.8629825182646,97088700
2019-02-19,249.19943237304688,249.85414072093204,247.96172704314026,247.97070464924838,59120800
2019-02-20,249.70159912109375,250.15901894210884,248.66120989080383,249.16346298532434,76610800
2019-02-21,248.813720703125,249.4235956203003,247.8540476779926,249.06484727906448,64214700
2019-02-22,250.3563232421875,250.55361153324364,248.79572578226137,249.43250603911778,78114600
2019-02-25,250.69708251953125,252.3025130344666,250.6163662193259,251.78233219845353,69030700
2019-02-26,250.51779174804688,251.39672106406434,250.1410882049369,250.34738149887136,56844100
2019-02-27,250.4101104736328,250.7598811219917,248.8674683645355,249.80020834065053,56921600
2019-02-28,249.9437713623047,250.63438995969776,249.62090607319368,250.19489793297214,69268300
2019-03-01,251.50436401367188,251.91692322065217,250.06934333678146,251.52229185023873,78880500
2019-03-04,250.58950805664062,252.80481372706458,248.29348607078518,252.56266478077004,106494600
2019-03-05,250.24864196777344,250.91235494711546,249.70155569489256,250.7150393106737,59114600
2019-03-06,248.7329864501953,250.37430054550006,248.41012114205046,250.36532294113658,75039800
2019-03-07,246.6522216796875,248.4280355197575,245.8091480375507,248.28453071144233,94885100
2019-03-08,246.15884399414062,246.3292541915784,244.32921982807497,244.79558978537372,85795800
2019-03-11,249.7284393310547,249.88987191839757,246.849448707172,246.8763541383958,65098900
2019-03-12,250.6702117919922,251.19042007076519,250.09622000970506,250.28455806959337,79667500
2019-03-13,252.3294219970703,253.26218931927139,251.39665467486924,251.5581146482741,80639200
2019-03-14,252.1680908203125,252.77796581174132,251.7286261015987,252.35642893251165,67518400
2019-03-15,253.4138641357422,254.22461004945322,252.53103603472826,252.72023115792376,81309000
2019-03-18,254.33270263671875,254.62999354582587,253.4048437987981,253.63005252150992,62199800
2019-03-19,254.39578247070312,256.16141126187534,253.50396467411883,255.395723553168,90268100
2019-03-20,253.6300048828125,255.38664358653912,252.52199576961652,254.17952835848922,84609200
2019-03-21,256.4947204589844,256.9000796525872,252.76525093004852,252.81030916798105,79550400
2019-03-22,251.55819702148438,255.65698565413965,251.49513196773768,255.13451340197918,122659300
2019-03-25,251.36891174316406,252.4048661060454,250.10774871481755,251.21575775447917,85575200
2019-03-26,253.2427215576172,254.19760442345822,251.83742120821717,253.12560861328362,68125900
2019-03-27,251.91851806640625,253.8192943312084,250.36908066948524,253.23372955140647,72224700
2019-03-28,252.8734130859375,253.3238306356926,251.39605781821967,252.54912564594048,56238500
2019-03-29,254.4678192138672,254.7921065396896,253.2607039044795,254.38674738241158,82186800
2019-04-01,257.4856262207031,257.78291713150287,256.19743891736897,256.4677058809414,77617900
2019-04-02,257.6117858886719,257.8460117857423,256.8190466905588,257.67485093654506,40070400
2019-04-03,258.01715087890625,259.22426637741154,257.4135793840035,258.82789681177695,68243200
2019-04-04,258.7017517089844,258.95398437326423,257.64779030482515,258.34142325877013,48997500
2019-04-05,259.9539794921875,260.00802739640625,259.08016838557876,259.3684422022816,58621700
2019-04-08,260.1521301269531,260.2602259211894,258.87293241545575,259.5305518187939,53566300
2019-04-09,258.81890869140625,259.51254176340643,258.2694125222834,259.18825435041,66142300
2019-04-10,259.7016906738281,259.7917796584995,258.81886261012613,259.2332389500564,52601500
2019-04-11,259.629638671875,260.1971691008526,259.0621082428974,260.1881519539477,55093100
2019-04-12,261.3862609863281,261.6655176093397,259.67468015426687,261.24212410166086,69727800
2019-04-15,261.21514892578125,261.5574706543688,260.4133925097416,261.45836450021216,49596700
2019-04-16,261.3862609863281,262.15197615867913,260.7917066463132,262.0979282633414,52153200
2019-04-17,260.7467041015625,262.53033982323853,260.33230020408183,262.50331587264657,58268300
2019-04-18,261.2601623535156,261.53042935403886,260.0350399233135,261.33224455017637,68708500
2019-04-22,261.48541259765625,261.6385666713837,260.4044268979548,260.4945159124234,40160100
2019-04-23,263.8365783691406,264.07080428337645,261.62053180568597,261.8547302286173,52246600
2019-04-24,263.2509765625,264.08874637015623,263.1068396883929,263.7554418762262,50392900
2019-04-25,263.0888366699219,263.7464560815874,261.89975542696516,263.1519017144585,57770900
2019-04-26,264.31396484375,264.386019537816,262.35914106238647,263.1338733529149,50916400
2019-04-29,264.7283630371094,265.2508627045785,264.3139866566105,264.4040756501018,57197700
2019-04-30,264.86346435546875,265.15173811806574,262.9717330802613,264.3860229636108,81111700
2019-05-01,262.87261962890625,265.7012542994581,262.86360248304516,265.4940523837412,71671900
2019-05-02,262.3050537109375,263.67434011390185,260.8096647395023,262.75547108216637,65030200
2019-05-03,264.87249755859375,265.1517541920076,262.4132082639191,263.7824949736138,56543700
2019-05-06,263.7824401855469,264.22384041933424,260.2511558413628,260.5664535046231,107198100
2019-05-07,259.3773498535156,261.97175840097896,257.46758453143724,261.377204151244,144729900
2019-05-08,259.01702880859375,260.7286094294374,258.4224745419498,259.01702880859375,91568300
2019-05-09,258.2332763671875,258.8368202163099,255.20645750355328,256.9450893542433,103471100
2019-05-10,259.53057861328125,260.28727674235887,254.30571892493052,257.2964978336447,112429300
2019-05-13,253.00845336914062,255.3776533351691,252.1706835876977,254.41378097488916,127290500
2019-05-14,255.2966766357422,256.8281073910082,253.90039314635217,254.02649577218074,77003200
2019-05-15,256.79193115234375,257.43151607626385,253.45883184669495,253.66603371953337,73956400
2019-05-16,259.1701965332031,260.5304384583781,257.4225747303499,257.4946294219541,76749600
2019-05-17,257.49468994140625,259.98100350122996,256.846087599335,256.8641218949481,100353000
2019-05-20,255.79217529296875,257.60283541640194,255.04446665477832,255.89125397272602,62877600
2019-05-21,258.0982360839844,258.4765713763025,257.2334147189398,257.48564741091906,46847100
2019-05-22,257.30548095703125,258.2603637668367,256.82803955212853,257.14333727037746,49482500
2019-05-23,254.1615753173828,255.12544778002413,252.74725790735332,255.08041703093522,98733800
2019-05-24,254.73809814453125,256.01729582994847,254.11651984904475,255.6028919720907,55268100
2019-05-28,252.36891174316406,255.97225162881708,252.35090494060438,255.01736875842317,70029400
2019-05-29,250.6752471923828,251.65715365814296,249.26994734310304,251.25179456198055,104972900
2019-05-30,251.35987854003906,252.26973028760173,250.2608592231333,251.4319332122158,62523800
2019-05-31,247.97280883789062,249.6393588730026,247.94578489099905,248.81060617412786,86862800
2019-06-03,247.34222412109375,249.12585947744446,246.00897868525928,248.00883309336243,96428000
2019-06-04,252.71119689941406,252.84631662733304,249.18892937140495,249.639346792,77231900
2019-06-05,254.90036010742188,254.9273840679692,252.52216910531772,254.33282944461496,71169700
2019-06-06,256.55780029296875,257.2334265516314,254.5489558116457,255.19755811961392,69430400
2019-06-07,259.12518310546875,260.2061961055513,257.4045849508437,257.5757458007118,74272200
2019-06-10,260.31439208984375,261.9809429849706,260.2243030566155,260.67472073144364,60799100
2019-06-11,260.2512512207031,262.50333893893577,259.6026488581999,262.13399325418897,58641300
2019-06-12,259.79180908203125,260.5755311039681,259.27832655341695,260.0170178235672,47096300
2019-06-13,260.8638610839844,261.22421717908406,259.99906693662774,260.7017173359757,48945200
2019-06-14,260.57562255859375,261.1791668026081,259.80990707036693,260.57562255859375,52324700
2019-06-17,260.674560546875,261.44027562181344,260.5033997363136,260.8096802680297,39205700
2019-06-18,263.4041442871094,264.458133316418,262.1339636584768,262.49431964575285,85434800
2019-06-19,263.9986267089844,264.53011590663687,262.56630277131865,263.53919219436335,78674400
2019-06-20,266.52093505859375,266.92632166085167,264.0616739781933,266.68310619427257,116570000
2019-06-21,266.13360595703125,267.50952485915224,265.9163628738044,266.251288502116,83309500
2019-06-24,265.8077087402344,266.6585865868795,265.65380982514523,266.34178300435536,47582700
2019-06-25,263.20074462890625,265.8892385984447,263.0921230745837,265.86208320986407,82028700
2019-06-26,262.9381408691406,264.6037352997455,262.82951934921067,264.09681645673555,51584900
2019-06-27,263.8704528808594,264.37737160949854,263.31828440412704,263.69845963810695,40355200
2019-06-28,265.2284240722656,265.7262820776857,264.3322686125038,264.84822100220697,59350900
2019-07-01,267.6362609863281,268.7768423916626,266.43230780847284,268.55957168944997,78705600
2019-07-02,268.3332824707031,268.38759324301185,266.7491538200057,267.5909984158022,61504500
2019-07-03,270.4786071777344,270.496729182922,268.86732334148513,269.01216125794673,40898900
2019-07-05,270.17083740234375,270.333797324257,267.95307413888946,269.2475267615392,51677300
2019-07-08,268.68634033203125,269.9898541670269,268.143204963281,268.85833365921906,45841800
2019-07-09,269.0212707519531,269.31998001630495,267.47335840483174,267.5276691801684,41101300
2019-07-10,270.30657958984375,271.25707311636285,269.5552623450755,270.0893365552128,58448500
2019-07-11,270.94024658203125,271.18464500017757,269.9354699046471,270.9493075836309,50826100
2019-07-12,272.15325927734375,272.2256920471457,271.12132712023003,271.4290973293695,40326000
2019-07-15,272.2437438964844,272.58773043678633,271.736825087093,272.58773043678633,33900000
2019-07-16,271.36578369140625,272.36152730192515,271.05801341633924,272.15331757540326,36650100
2019-07-17,269.51910400390625,271.5015299968323,269.51910400390625,271.33859768577247,36036300
2019-07-18,270.5057067871094,270.885909692556,268.5776197577081,269.02116679322734,51392600
2019-07-19,269.003173828125,271.62829590298804,268.83118049951213,271.60114051557616,58678600
2019-07-22,269.6639709472656,270.20710633424665,268.8854980717697,269.401450445639,43638100
2019-07-23,271.592041015625,271.592041015625,269.95360174897894,270.78641288658775,44564500
2019-07-24,272.868408203125,272.868408203125,270.7411443378768,270.83167149437855,47213200
2019-07-25,271.56488037109375,272.4700966389974,270.75922463265556,272.41578587292383,55394100
2019-07-26,273.3844299316406,273.5835786563894,272.1261658014066,272.2529093648894,45084100
2019-07-29,272.886474609375,273.384360106589,272.3343059738363,273.2666775777019,38126500
2019-07-30,272.2166442871094,272.62400266829127,271.10321830355207,271.48342130098905,45849000
2019-07-31,269.23846435546875,272.6511473201297,267.21984978486825,272.46103201638994,104245200
2019-08-01,266.8939514160156,272.3524042081393,266.09735670920367,269.3923570646518,142646600
2019-08-02,264.88433837890625,266.24216256795125,263.3273655371344,265.99776415892455,116749700
2019-08-05,256.9184875488281,260.892372596246,255.01752786298675,260.78375106419935,178745400
2019-08-06,260.52117919921875,260.738449845443,257.33482851295753,258.81033515709356,120711700
2019-08-07,260.67510986328125,261.4445491572325,255.30718443460782,257.4434814036897,140572300
2019-08-08,265.7897033691406,265.7897033691406,261.6166679508993,262.16883683703594,87713900
2019-08-09,263.97918701171875,265.4456330756324,262.1959097009694,264.8481869708878,93730000
2019-08-12,260.7657775878906,263.970224769042,259.8152834917694,262.47662276087533,65527600
2019-08-13,264.8210144042969,266.26936599228577,260.1229396524817,260.46692626244254,94299800
2019-08-14,256.9909362792969,261.37218043993045,256.86422034542153,260.76570090814516,135622100
2019-08-15,257.6697692871094,258.5659520526638,255.62399959125736,257.8779789447643,99556600
2019-08-16,261.4718017578125,261.906288014765,257.72419204149924,259.3264429890606,83018300
2019-08-19,264.62188720703125,265.30079947919467,263.81625900906977,264.4951712812332,53571800
2019-08-20,262.5941467285156,264.64897742124305,262.46743083392226,264.114903213662,51596400
2019-08-21,264.7305603027344,265.10167473504976,264.069742353098,264.75771569107485,49524700
2019-08-22,264.6491394042969,266.0703362439167,262.87492241901947,265.4367011331139,51666400
2019-08-23,257.85089111328125,265.0111559870093,256.60168809011344,263.34556116445606,149161500
2019-08-26,260.7023010253906,260.7023010253906,258.5116653687146,260.04148316459356,72423800
2019-08-27,259.6794128417969,262.46749470133955,258.9190344141973,262.0963526786402,66668900
2019-08-28,261.50799560546875,261.670927937777,258.21299444093967,259.0186503479312,59696700
2019-08-29,264.8481750488281,265.37321597709513,263.0648978183525,264.0697022845135,57899400
2019-08-30,264.7305603027344,266.35087784873895,263.7981884696932,266.3327834648498,62901200
2019-09-03,263.18255615234375,263.94293446557975,261.85188719792905,263.02868486425206,69101400
2019-09-04,266.1698303222656,266.18792470473994,264.60379605038094,265.3551411107405,46887300
2019-09-05,269.59149169921875,270.505741263956,266.1335592315825,268.65912013072057,83258100
2019-09-06,269.7996826171875,270.4424060217157,269.22941960508075,269.9083317683097,49584300
2019-09-09,269.9355163574219,270.8769214356232,268.99408365421084,270.7864219040724,51260300
2019-09-10,269.8721008300781,269.9354725918967,267.91683059042794,269.175066700084,57947100
2019-09-11,271.79107666015625,271.87254277696144,269.5280368877986,270.17979344723744,68821100
2019-09-12,272.7326354980469,273.79172313296596,271.9360407085292,272.69641910988423,72908700
2019-09-13,272.5516052246094,273.52925441617066,272.18046318198077,273.1762067567145,62104800
2019-09-16,271.7097473144531,272.5968692967688,271.0670514305876,271.4200714477773,58191200
2019-09-17,272.3977355957031,272.48823513713944,271.33862023577393,271.5106135645232,41475500
2019-09-18,272.5606994628906,272.6693210251948,269.9717658529061,272.0085030211567,73375800
2019-09-19,272.5425109863281,273.9456128239517,272.20758537589813,272.9498693706403,76560500
2019-09-20,271.2548828125,273.42835453717225,270.4637120181929,273.14641599012,89565000
2019-09-23,271.1911926269531,271.90962381846845,270.33635747567814,270.5909874514248,43476800
2019-09-24,269.0631408691406,272.67344612254635,268.09918278912005,272.2824122840167,94869400
2019-09-25,270.65460205078125,271.1001974881487,267.6626795721894,269.14500041802086,71854000
2019-09-26,270.0907897949219,270.87285754850967,268.6812361680686,270.6637140924757,56179700
2019-09-27,268.6357421875,270.9547201008358,267.08068181796534,270.8455691998778,84746600
2019-09-30,269.88165283203125,270.59098115887195,269.1086878271732,269.1541465618406,51662400
2019-10-01,266.67144775390625,271.4184990741899,266.4532014526551,270.7637324178549,88242400
2019-10-02,261.96075439453125,265.0981834304404,260.66942690190984,265.08908058458655,122539500
2019-10-03,264.1069641113281,264.1342448983291,259.01433776802537,261.7334246319195,85278800
2019-10-04,267.680908203125,267.9355381538089,264.7071634101348,264.7617527412515,65091200
2019-10-07,266.52593994140625,268.5084455962607,266.2440292191831,266.88061793215365,59610500
2019-10-08,262.3882141113281,265.4074176476115,262.35183047463295,264.67080858188825,95708100
2019-10-09,264.8799133300781,265.81659063182866,263.7795513160013,264.407037132498,62359400
2019-10-10,266.67144775390625,267.55356355823847,264.63440826867793,264.7980929946163,55296300
2019-10-11,269.4360046386719,271.6731123470301,269.3087035549438,269.4269017924842,98720400
2019-10-14,269.1358947753906,269.7906613399473,268.790319678461,269.11768908445055,40394800
2019-10-15,271.8004455566406,272.54615738895194,270.06349481421915,270.1817208062417,46754500
2019-10-16,271.36395263671875,272.0551029660115,270.927460009867,271.3366718475405,48928200
2019-10-17,272.16424560546875,273.0372586742496,271.47309522670037,272.5279987380787,45736600
2019-10-18,270.9728698730469,272.2733001769917,270.1180349628478,271.62763644782535,64304000
2019-10-21,272.809814453125,273.0098827692464,271.8549593436127,272.2914796022164,39048600
2019-10-22,271.9186706542969,273.637415698397,271.8277254489955,273.34640214246485,48594700
2019-10-23,272.7098693847656,272.76443096306724,271.45489757866204,271.664068797207,34352200
2019-10-24,273.15545654296875,273.792045273886,272.32790229380925,273.64653848531685,35453100
2019-10-25,274.2740783691406,274.8197219955573,272.52802431512487,272.5825859025078,45205400
2019-10-28,275.82000732421875,276.3201921595279,275.4653570434433,275.4926378342722,42147000
2019-10-29,275.7381591796875,276.6657615536214,275.4198647916236,275.5471936478828,44284900
2019-10-30,276.5838623046875,276.95669044401245,274.6286376454852,275.9381708137291,49643900
2019-10-31,275.84722900390625,276.57476285774817,274.39221680138,276.57476285774817,69053800
2019-11-01,278.4026184082031,278.44807712573447,277.1294412864276,277.29315372520506,71141500
2019-11-04,279.52117919921875,280.0941033965786,279.1483233286738,279.95769948115407,60606900
2019-11-05,279.2120056152344,280.0213818195309,278.92099207531345,279.72126543380665,42933200
2019-11-06,279.2757263183594,279.54853422165763,278.3299459992849,279.2120618900617,46487100
2019-11-07,280.2578125,281.5946264927241,279.78493630115787,280.6124904635661,54272300
2019-11-08,280.94903564453125,281.0035972296116,279.212084512575,279.9123100228309,49032100
2019-11-11,280.4124755859375,280.5852631776595,279.4303116169297,279.56674332282523,35797300
2019-11-12,281.0035400390625,281.9038337622453,280.2305474042965,280.7761908966361,46484600
2019-11-13,281.09454345703125,281.4946802507706,279.78500990526373,280.0123590947708,53917700
2019-11-14,281.5036926269531,281.585562739211,280.17598142677315,280.8125701165942,51219900
2019-11-15,283.54083251953125,283.58629125793124,282.1494565429236,282.8405792305761,62023600
2019-11-18,283.7498474121094,283.98629935082965,282.84955388017454,283.3042520684366,49228000
2019-11-19,283.6681213378906,284.3592717481603,283.02245741663603,284.35016889984007,67804700
2019-11-20,282.6131286621094,283.5952923830595,281.0580684819456,283.07692973881234,79406200
2019-11-21,282.15838623046875,282.83135837905434,281.35814078098775,282.72223526106023,54664700
2019-11-22,282.7859802246094,283.0406101816487,281.77656324396247,282.90420623191045,44850200
2019-11-25,284.97760009765625,284.97760009765625,283.713553290501,283.713553290501,48647200
2019-11-26,285.6233215332031,285.8052119858325,284.69574683100126,285.0140412468093,37569000
2019-11-27,286.8965148925781,286.8965148925781,285.8870700046556,286.10531635768183,44444600
2019-11-29,285.83245849609375,286.57817040881315,285.6051093338683,286.3326155519564,36592700
2019-12-02,283.40435791015625,286.1507255365374,282.9769404159021,286.08706111657636,75767800
2019-12-03,281.5036926269531,281.585562739211,279.30296850429954,280.6852412775978,73941700
2019-12-04,283.24066162109375,283.8408667166338,282.2039639124934,282.5495390662209,49080000
2019-12-05,283.7498474121094,283.9590185696369,282.4403144097088,283.9408406330334,40709000
2019-12-06,286.3416748046875,286.7418114894914,285.6505245759209,285.6596274218507,48927000
2019-12-09,285.4414367675781,286.62364136052076,285.3686694911169,285.9506966924689,34838500
2019-12-10,285.12310791015625,286.05068242852656,284.4683412640769,285.3868406884249,52649800
2019-12-11,285.9324951171875,286.1871250585876,285.04127644599606,285.5778171170683,53429100
2019-12-12,288.3969421386719,289.17900987699994,285.7051360299545,285.94156026923116,96389600
2019-12-13,288.5697021484375,289.79739296590316,287.3874700546423,288.16046262508945,81503900
2019-12-16,290.55218505859375,291.14328723980907,288.5060429102938,290.2975551457974,82749700
2019-12-17,290.6158752441406,291.2342582653961,290.53403288126106,290.9341696015044,61097700
2019-12-18,290.6340637207031,291.23426882282587,290.5795021434722,291.00691966683615,48133000
2019-12-19,291.8252868652344,291.89805411559865,290.57031544590774,290.82494531703384,85310500
2019-12-20,293.10479736328125,294.237984386414,291.8802179923732,292.85803523538505,147142100
2019-12-23,293.5525207519531,293.9454770853097,293.4062986046296,293.8906472661912,52990000
2019-12-24,293.5616149902344,293.8266164381294,293.2600231508809,293.7809342268421,20270000
2019-12-26,295.12445068359375,295.1335982854988,293.93643377520567,293.9455534880805,30911200
2019-12-27,295.05126953125,295.91030727604016,294.52123861313635,295.8554774530982,42528800
2019-12-30,293.42462158203125,295.2706521393171,292.94027282858093,295.1335775655158,49729100
2019-12-31,294.1374816894531,294.38424384860156,292.5747755339869,292.9220497660977,57077300
2020-01-02,296.88812255859375,296.9064177570936,294.74967601076855,295.67269108630387,59151200
2020-01-03,294.6400451660156,295.76411231173057,293.442880886225,293.49771070903796,77709700
2020-01-06,295.7640686035156,295.84631332558087,292.76655665791674,292.88536388612897,55653900
2020-01-07,294.9324645996094,295.6726950341624,294.48465056571524,295.19746609117453,40496400
2020-01-08,296.5044250488281,297.7198569770003,294.87774144646704,295.12447571756087,68296000
2020-01-09,298.51483154296875,298.58795656529105,297.4821567426061,298.0670453650865,48473300
2020-01-10,297.6557922363281,299.25506045062673,297.18973874984056,299.09971858480566,53029300
2020-01-13,299.702880859375,299.7120005705417,297.8477308070792,298.2772496807154,47086800
2020-01-14,299.2459716796875,300.31518120708546,298.6884979136288,299.264238992548,62832800
2020-01-15,299.9222412109375,300.68073912701385,299.07235094750735,299.15459569341715,72056600
2020-01-16,302.4170837402344,302.4170837402344,301.07369722923175,301.3021641332184,54050300
2020-01-17,303.3583068847656,303.56847854631405,302.35304712620507,303.1298400255028,95846000
2020-01-21,302.7643127441406,303.5685206625626,302.32567416247394,302.39877129641013,77742400
2020-01-22,302.8008728027344,304.2722140708887,302.64553093599403,303.6233480257216,48914900
2020-01-23,303.1481628417969,303.55941441938006,301.0371309067921,302.1520504997015,51963000
2020-01-24,300.4523620605469,303.88851454770645,299.16380487786205,303.80626977719936,87578400
2020-01-27,295.63616943359375,297.116630487524,294.86852399411237,295.2066505448216,84062500
2020-01-28,298.7341613769531,299.6114663707145,295.72752948381543,297.0617682289767,63834000
2020-01-29,298.4874572753906,300.3243402372707,298.28640527016483,300.0958733171972,53888900
2020-01-30,299.4561767578125,299.6663763797536,295.6727787860852,296.42212914324796,75491800
2020-01-31,294.0186767578125,298.9901194730198,293.1048090217675,298.8347496867189,113845600
2020-02-03,296.202880859375,298.067179320089,295.38040526727787,295.4992125651767,69083000
2020-02-04,300.7172546386719,301.5854399692841,299.492675464825,299.8125346860519,62573200
2020-02-05,304.19000244140625,304.4002020615823,302.1886577494263,303.65082382168174,65951100
2020-02-06,305.2134704589844,305.4053748205114,304.1350856388759,305.1494930421346,50359700
2020-02-07,303.58685302734375,305.222656086769,303.03852684411055,304.15344652404104,64139400
2020-02-10,305.85321044921875,305.91718787642037,302.66382135820703,302.7003838721832,42070000
2020-02-11,306.3832702636719,307.99165832638704,305.8532114209266,307.2057455520756,54864500
2020-02-12,308.3572082519531,308.5673799444257,307.4524603916157,307.81800184241695,43992700
2020-02-13,308.0281982421875,308.99689562686603,306.6573968990736,306.9315460120865,54501900
2020-02-14,308.5216979980469,308.6405052446944,307.2422889745831,308.4394532632197,64582200
2020-02-18,307.7266540527344,308.58569184757795,306.3375574198674,307.5256020605576,57226200
2020-02-19,309.197998046875,309.87425122864335,308.4120852020123,308.69538196134926,48814700
2020-02-20,307.927734375,309.4721730276708,304.9393691304808,308.6496697818951,74163400
2020-02-21,304.756591796875,306.8858911350751,303.93408860649663,306.5751794829659,113788200
2020-02-24,294.6492004394531,304.82967088286625,293.5708154883239,295.3071862193686,161088400
2020-02-25,285.7207336425781,296.6505836333486,284.8434284508616,296.0383078861717,218913200
2020-02-26,284.6698303222656,290.71048331893326,283.93874721059854,287.1189894242867,194773800
2020-02-27,271.884765625,284.72459458112405,271.884765625,279.1499964992916,284353500
2020-02-28,270.742431640625,272.23204033235453,260.9457695802284,263.833594623337,384975800
2020-03-02,282.46734619140625,282.53132361972916,269.0974581232793,272.5244617816566,238703600
2020-03-03,274.37957763671875,286.80818159326185,271.9395669552168,282.8419998690826,300139100
2020-03-04,285.9126281738281,286.1319753809504,277.20347032348707,279.753168952443,176613400
2020-03-05,276.4084167480469,281.9007705498337,274.1694576163429,278.7113812011502,186366800
2020-03-06,271.8390808105469,273.0453928793516,265.231835125878,267.9003132173233,228667200
2020-03-09,250.60992431640625,259.71203788804456,249.8971086973447,251.58774146183126,309417300
2020-03-10,263.5777282714844,263.6690927281698,249.94281022843532,260.1233095601224,276444100
2020-03-11,250.7286834716797,257.65581500361225,247.54844229941548,256.5226281848996,255316300
2020-03-12,226.73973083496094,243.6919805975519,226.34676044641748,233.95014691450632,392220700
2020-03-13,246.1228485107422,248.0968060321082,227.11439811378423,240.42944286501015,329566100
2020-03-16,219.19114685058594,234.7725780910604,216.91561153342053,220.4065784730682,297240000
2020-03-17,231.02574157714844,234.10548499816915,216.65060754197967,223.93411978479276,262070500
2020-03-18,219.3282470703125,226.97731522464503,208.38011597518343,215.90124320983887,327597100
2020-03-19,219.7942657470703,226.0725449069811,212.2183103648007,218.64279772577996,289322000
2020-03-20,210.32244873046875,224.72696071707477,210.0466734873275,222.94363004147445,347158800
2020-03-23,204.9448699951172,211.13136077030381,200.63362552870024,209.761700043424,326025200
2020-03-24,223.5135498046875,224.3868403910806,214.91865078430803,215.48857598678674,235494500
2020-03-25,226.85960388183594,235.6475644145072,220.38814988584195,225.09466188292848,299430300
2020-03-26,240.1058349609375,241.57659857512195,228.93704492773614,229.3690894539827,257632800
2020-03-27,232.9541778564453,239.74737193984004,230.77558000293203,232.8162972428731,224341200
2020-03-30,240.51956176757812,241.23656910161978,233.05532437908624,235.05007699061377,171369500
2020-03-31,236.93450927734375,242.06386477792154,235.52807082936067,239.517575786038,194881100
2020-04-01,226.27130126953125,236.85178045649488,224.20300778799435,227.95351498436278,189554600
2020-04-02,231.49256896972656,232.27391576246694,224.8372560253544,225.38880648912135,177660400
2020-04-03,228.14651489257812,232.8622275477319,225.41636693712175,230.50895788891833,135561200
2020-04-06,243.4702911376953,245.43748142052502,228.12816222742413,237.01722588258153,188061200
2020-04-07,243.71849060058594,252.81897536266575,243.49788162912452,252.0651906394755,201427200
2020-04-08,251.8997344970703,253.71064128342437,243.8287956537258,246.31993213901734,153774500
2020-04-09,255.73297119140625,258.4906954182596,253.223432045882,255.1630179533185,189999200
2020-04-13,253.39810180664062,255.09870410198187,249.4913256390023,254.75858925351815,114839100
2020-04-14,260.8715515136719,261.89189610685975,253.26023306323893,258.2884851590157,134143400
2020-04-15,255.3285675048828,261.0094741207393,253.2142948960848,255.15390934862907,121775000
2020-04-16,256.5603332519531,257.4152211975013,253.49006970924398,256.60628411021946,131798300
2020-04-17,263.4914855957031,264.09816050296996,259.5938812495026,262.333231939399,146684800
2020-04-20,258.8491516113281,263.629217542873,258.628542678586,259.78676762850023,100109300
2020-04-21,250.98968505859375,255.5858921565235,250.05204085668208,254.38168814110765,126385700
2020-04-22,256.5603332519531,258.3068866614787,254.5471919266126,255.87090205979615,92951600
2020-04-23,256.5419006347656,261.00942882801934,256.2385632888214,257.83803449166567,104709700
2020-04-24,260.11773681640625,260.7887931290741,256.00872668784143,258.0586450832086,85063200
2020-04-27,263.8682556152344,264.98973134296574,261.6345055515394,262.09412629154366,77896600
2020-04-28,262.6548767089844,267.86696016171067,262.35151131258954,267.51764391278255,105270000
2020-04-29,269.53076171875,271.0659071925588,266.9568970325676,267.98644290704055,118745600
2020-04-30,267.0212707519531,269.63191314520935,265.2838909183048,268.1519197995434,122901700
2020-05-01,259.9522705078125,267.1866954796315,258.78481603360234,262.2687486221893,125180000
2020-05-04,260.66937255859375,260.97270997271914,256.5879372139992,258.0679028682671,80873200
2020-05-05,263.0777282714844,265.8906050294555,260.7979992424974,263.4913981694902,79569900
2020-05-06,261.2943420410156,265.1643400964349,260.86229750373474,264.77827445640764,73632600
2020-05-07,264.4473571777344,266.3777697134358,263.9417856328459,264.51171080796263,75250400
2020-05-08,268.8230895996094,269.2919119213735,266.4514299103692,267.58210748808,76452400
2020-05-11,268.87811279296875,270.2569749098558,266.4697047839562,266.89254797828886,79514200
2020-05-12,263.5189514160156,270.47758767684087,263.3810427599695,270.0639458677684,95870800
2020-05-13,258.8583068847656,263.9968614165666,256.4314968448742,262.95811445493183,144721100
2020-05-14,261.9562683105469,262.08494754129237,250.94374432958452,256.42244422191715,121977900
2020-05-15,263.1603698730469,263.20632071188606,258.61931609633353,259.56613341114536,111146300
2020-05-18,271.17626953125,272.7849423166049,269.0620250917087,269.383737206358,119703800
2020-05-19,268.3908386230469,272.2884121066228,268.37246389920466,270.5786370398511,95189300
2020-05-20,272.9503479003906,273.81443707877554,271.70019303559144,271.93000339041674,85861700
2020-05-21,271.0659484863281,273.6306402253111,269.97204881480235,272.82170318555836,78293900
2020-05-22,271.58062744140625,271.7552855169075,269.5399108171948,270.7808920709613,63958200
2020-05-26,274.9267883300781,277.7856445322527,271.5991379488366,277.546632719336,88951400
2020-05-27,279.01739501953125,279.05417253749494,272.8952427443175,277.72126102832135,104817400
2020-05-28,278.5025634765625,282.06002314727544,277.8315071665672,280.04688227031033,90405200
2020-05-29,279.7436218261719,280.3319218865328,275.28529427417817,278.03381779303385,119090800
2020-06-01,280.8741455078125,281.4808480836038,278.5852438310212,279.1000166735685,55758300
2020-06-02,283.1998291015625,283.24580799540894,280.4605081581099,281.79339112536235,74267200
2020-06-03,286.9688415527344,287.9248606902296,284.90974930553955,285.1855105697075,92567600
2020-06-04,286.21502685546875,287.722596417164,284.1191573072027,285.98521647494385,75794400
2020-06-05,293.55059814453125,295.324727633124,291.5466582645759,291.6110119068838,150524700
2020-06-08,297.09881591796875,297.291848746868,293.8171175615824,294.3594665924078,73641200
2020-06-09,294.8834228515625,297.1723246989423,293.56888647953616,294.4329755410005,77479200
2020-06-10,293.2380676269531,296.35431008693706,292.52106030785467,295.4626446212481,95000800
2020-06-11,276.33319091796875,286.941246338049,275.78166842632197,286.3069674196292,209243600
2020-06-12,279.6424255371094,284.11912678025476,274.48549461766504,283.3469673510181,194678900
2020-06-15,282.25311279296875,283.3837900229407,272.7757344523348,273.95236253958734,135782700
2020-06-16,287.6858215332031,290.149410155266,282.82305403498947,290.0023281440216,137627500
2020-06-17,286.4908142089844,289.000353646456,285.75540416445665,288.7061896286449,83398900
2020-06-18,286.60107421875,287.07906963373426,284.51440640064004,284.9740270872474,80828700
2020-06-19,284.96319580078125,290.26285198086515,283.01504638164135,290.0689696801593,135549600
2020-06-22,286.79132080078125,287.18832733403883,283.21820564851276,284.36307218217655,74649400
2020-06-23,288.11163330078125,290.37369722062647,287.7053848565929,289.44116854058365,68471200
2020-06-24,280.76226806640625,286.6897814759057,278.92493642655745,286.0711669477362,132813500
2020-06-25,283.7721252441406,284.03988623160495,278.16776915357684,280.18976894126644,89468000
2020-06-26,277.0321044921875,282.8857657278593,276.45045766240185,282.6733996882287,127961000
2020-06-29,281.1038818359375,281.2423692160098,275.9981071297797,278.2878684607212,79773300
2020-06-30,284.7046203613281,286.40349236880866,280.51291980961736,280.66986274061657,113394800
2020-07-01,286.698974609375,287.96390105074033,285.360225806475,285.8218691543317,72396500
2020-07-02,288.2777404785156,291.4815456098737,287.61297310272624,290.13352709622495,69344200
2020-07-06,292.72808837890625,293.309763610307,291.35239997075325,292.1002600749888,61713800
2020-07-07,289.7089538574219,293.16203774566503,289.3304028583476,291.1862184893879,82910000
2020-07-08,291.9247741699219,292.0355640626978,288.71175457352604,290.4752073276655,54638600
2020-07-09,290.2627868652344,292.7741270342519,286.8466158684542,292.5340635505369,83354200
2020-07-10,293.2265930175781,293.49435402565143,288.767131059591,290.1982140439162,57550400
2020-07-13,290.6875305175781,297.95379107027304,290.03200496438967,295.57172419762725,102997500
2020-07-14,294.4544982910156,295.2300554521404,288.06534428299244,289.2656052802528,93657000
2020-07-15,297.1597900390625,298.25850331831754,294.77769489481517,297.6768282673625,87196500
2020-07-16,296.18109130859375,296.63349268794474,294.61149295046425,295.2578047865102,54622500
2020-07-17,297.03973388671875,297.8245330469586,295.21161647331553,297.1874631078848,62774900
2020-07-20,299.4403991699219,300.1882592673395,296.0242265404626,296.77208663788025,56308800
2020-07-21,300.07733154296875,301.8500257092292,299.089408300806,301.406866255897,57292200
2020-07-22,301.7854919433594,302.099434231955,299.6065487498866,299.71733865104954,57792900
2020-07-23,298.18463134765625,302.1270831480681,296.8181852176336,301.42537631818345,75738000
2020-07-24,296.26422119140625,297.2890558358542,294.75925946179956,296.328858018481,73766600
2020-07-27,298.4246826171875,298.6001093174505,296.1626192778823,296.95666037009426,48293000
2020-07-28,296.5320129394531,298.8125323008997,296.23655442203676,297.6953350650081,57495000
2020-07-29,300.178955078125,300.74217459378013,297.37215573588736,297.4090950917843,48454200
2020-07-30,299.10791015625,299.5234003844888,295.11933357691976,297.2059420708996,61861700
2020-07-31,301.4715270996094,301.5731032762325,296.6796674453573,300.8990939222795,84986800
2020-08-03,303.5674743652344,304.33379001033194,302.5887926129522,303.1335284428846,53077900
2020-08-04,304.739990234375,304.739990234375,302.70874832852365,302.70874832852365,41917900
2020-08-05,306.6327209472656,306.89126826301356,305.7740711107244,306.0418321331255,42697700
2020-08-06,308.6824035644531,308.8024353334043,305.7279032834886,306.0510592360944,43679400
2020-08-07,308.9039611816406,309.19017773336356,306.8080828607746,307.71291374534616,57308300
2020-08-10,309.82733154296875,310.0119719811735,307.41753855083357,309.3564462990686,44282100
2020-08-11,307.269775390625,311.64617312266336,306.5403992490115,311.00910310173,69601100
2020-08-12,311.5538635253906,312.3294209653016,309.67959266815404,309.70729014184826,53774400
2020-08-13,310.9906311035156,312.3017105491452,310.0673444500074,310.78750691268493,41816100
2020-08-14,310.9999084472656,311.5354305461862,309.87349747449144,310.6029019033432,47260400
2020-08-17,311.9877624511719,312.38476890654016,311.0090809592796,312.0154599206983,35481000
2020-08-18,312.66180419921875,313.0865081681524,310.7875052531915,312.38480129876183,38733900
2020-08-19,311.3599548339844,313.5573533060185,310.79673534794836,313.04031505654325,68054200
2020-08-20,312.329345703125,312.8094445236258,309.50409136122613,309.63333681516343,42207800
2020-08-21,313.4373779296875,313.6589577204171,311.65541319099066,311.99705293699736,55106600
2020-08-24,316.6134033203125,316.68725383901455,313.40959819669,315.87475725095965,48588700
2020-08-25,317.7213439941406,317.8044363974734,316.01325834394123,317.176608343536,38463400
2020-08-26,320.9067687988281,321.17450165786835,317.76759961775787,318.3123353958914,50790200
2020-08-27,321.60845947265625,323.0580264245903,319.9465546023267,321.7746725008695,58034100
2020-08-28,323.685791015625,323.8150646592131,321.4422114288014,322.6332589850596,48588900
2020-08-31,322.51324462890625,324.3505759728523,322.28242297558756,323.473470596124,66099200
2020-09-01,325.5507507324219,325.6522986993843,322.4484941534743,323.3440829797506,54908700
2020-09-02,330.2596130371094,331.2290526523332,326.31716140186785,327.46205589368293,69540000
2020-09-03,318.89404296875,329.04095593493463,316.3088230099574,328.57007064811114,148011100
2020-09-04,316.29034423828125,321.1468133146193,309.1810250931994,319.5772427676945,139156300
2020-09-08,307.6483154296875,316.35492934972956,307.34364325395643,310.87981848066687,114465300
2020-09-09,313.7235412597656,316.188700542301,310.7874686489755,311.6553602505374,91462300
2020-09-10,308.2761535644531,316.25333454581227,307.3159276821659,315.59780899777945,90569500
2020-09-11,308.4330749511719,311.11984195166,305.60782061590953,310.0580681497682,84680200
2020-09-14,312.4955749511719,314.2682976219797,308.58084878107974,311.59998582152673,65605700
2020-09-15,314.0744323730469,315.78249013570075,312.504833796234,314.9515377853473,52920900
2020-09-16,312.8280029296875,316.7427294770832,312.5510000169259,315.3116463788061,82096000
2020-09-17,310.0765686035156,311.79389633261354,307.44519615617884,307.9714762809404,91523300
2020-09-18,306.50677490234375,310.99336705552685,304.02246845450276,310.8821336756627,105877900
2020-09-21,303.095458984375,303.2437795741085,298.2380798999571,301.9182014330189,99450800
2020-09-22,306.18231201171875,306.7385071760695,302.066507400489,304.5786503731086,63612100
2020-09-23,299.0816650390625,307.0166334444668,298.5810865385112,306.7385217044883,93112200
2020-09-24,299.8788146972656,302.937845386202,296.448968406663,297.7652958983576,76681300
2020-09-25,304.7268981933594,305.514810507984,298.15459715590544,299.02593448186957,71069400
2020-09-28,309.78839111328125,310.5021577010837,307.897338238055,308.88921664563026,64584600
2020-09-29,308.1011657714844,310.3259180903288,307.40592890376666,309.58434341380087,51304000
2020-09-30,310.437255859375,313.5889914411936,308.57401154453265,308.7686699942234,104081100
2020-10-01,312.43017578125,314.0060289873834,310.5484025217798,313.03270872151455,88698700
2020-10-02,309.4638366699219,312.40238366370073,307.00733868479756,307.48010881582076,89431100
2020-10-05,314.95159912109375,315.1369786568774,311.47541457094957,311.5217523825799,45713100
2020-10-06,310.4742126464844,317.1855845500535,309.96438363528426,315.0905952451243,90128900
2020-10-07,315.87860107421875,316.6850714131168,313.40354507518236,313.43135342172144,56999600
2020-10-08,318.6780090332031,318.74290459076605,316.89819037406056,317.8159221887509,45242500
2020-10-09,321.5238952636719,321.9873865273389,319.7070174310904,320.3280798824177,59528600
2020-10-12,326.6965026855469,328.1704017681075,323.5725755461636,324.0638752403505,80388500
2020-10-13,324.56439208984375,326.73352777746965,323.6003223544785,326.55739883670304,73255500
2020-10-14,322.5250244140625,326.23295452878085,321.7927285846741,325.13912193436175,57727900
2020-10-15,322.1264953613281,322.6085161918332,318.07558539918216,318.61322292977366,60357700
2020-10-16,321.93170166015625,325.13905260448615,321.7555727541224,323.47974631097276,89501900
2020-10-19,317.0373229980469,323.8228140214689,316.13814875888556,323.19247265299344,68425600
2020-10-20,318.3072509765625,321.55168968171705,317.6212929886074,318.38139712826285,60051900
2020-10-21,317.7046813964844,320.430011857811,317.39876136898965,318.26084819327986,63575000
2020-10-22,319.44744873046875,320.0314522737697,315.7766056873438,317.9179331532719,55399300
2020-10-23,320.53192138671875,320.72657973829666,318.07542408120116,320.67096306641724,49143900
2020-10-26,314.6086120605469,317.9364759234132,311.1138698437013,317.14853512100905,91473000
2020-10-27,313.5240783691406,315.28533977636755,313.3108621718636,314.9516395955158,65994100
2020-10-28,302.8080749511719,313.5517975998681,302.3167754094889,307.85086148317663,127094300
2020-10-29,305.8856506347656,309.05591447743296,301.3526932962897,303.0398079880695,90597700
2020-10-30,302.6968994140625,305.6168888814722,299.0445857878949,304.3098400497384,120287300
2020-11-02,306.0897216796875,308.09197956643357,303.3458323148136,306.0897216796875,86068300
2020-11-03,311.4939270019531,313.55182927466103,306.1730565274314,309.324791356006,93294200
2020-11-04,318.4556579589844,322.5343763512185,314.7940648255847,315.97132271954166,126959700
2020-11-05,324.6662902832031,326.4739171873728,323.38705010969915,323.739307930143,82039700
2020-11-06,324.5922546386719,325.843686899162,322.2655190878707,324.3790384407535,74973000
2020-11-09,328.6708984375,337.77387297534375,328.20740720794697,337.3938067723991,172304200
2020-11-10,328.1889343261719,329.24567980133196,324.91668681292754,327.67907691220296,85552000
2020-11-11,330.6268005371094,331.45180010151614,329.13434427337086,330.37649720254603,58649000
2020-11-12,327.41937255859375,330.6730891094792,325.6117742552975,329.6163158303278,67546200
2020-11-13,331.952392578125,332.69396715892105,328.809908762868,329.32901662727664,62892200
2020-11-16,336.0960693359375,336.2907277500925,333.33365115779196,334.62217047881086,74541100
2020-11-17,334.2884216308594,335.49351584362677,332.17490268135197,333.68588866910596,66111000
2020-11-18,330.2654113769531,335.1042624391809,330.22832414614453,334.5573460141445,70591300
2020-11-19,331.6558532714844,332.0266406757399,328.29090170656616,329.63503787241615,59940900
2020-11-20,329.3846435546875,331.60014506825297,329.3104974100037,331.39620780880034,70417300
2020-11-23,331.3591613769531,332.6198723058136,328.9582800615384,331.1923113139346,63230600
2020-11-24,336.6985778808594,337.2454941499389,333.05554351994675,333.9083515604822,62415900
2020-11-25,336.1795349121094,336.643026242167,335.08570216259716,336.6152178939342,45330900
2020-11-27,337.11566162109375,337.58840335197755,336.10522603114066,337.27323276830356,28514100
2020-11-30,335.623291015625,336.6058902297958,332.9443262265779,336.3370573763305,83872700
2020-12-01,339.2940979003906,340.83289212462,338.2836904492131,338.87697278160647,74231400
2020-12-02,340.0079345703125,340.16550576049775,337.6070531807557,338.18177783063066,45927000
2020-12-03,339.9151916503906,341.30566530410596,338.81208028863574,339.90591277346965,62882000
2020-12-04,342.844482421875,342.844482421875,340.40651392671566,340.499217834335,50749900
2020-12-07,342.1400146484375,342.6313143095269,340.8700529748252,342.07511907507774,48944300
2020-12-08,343.14111328125,343.7065590089636,340.8236571068303,340.8699949146147,42458900
2020-12-09,340.0635681152344,343.95687801184386,339.2292894437654,343.7993068138485,74098300
2020-12-10,339.9522705078125,340.9997368715385,337.8201939843313,338.6915597157027,57735400
2020-12-11,339.5537414550781,339.9616160939201,336.7357345003271,338.2559713720657,57698600
2020-12-14,338.0334167480469,342.79809173388674,337.85728782298236,341.7228170082681,69216200
2020-12-15,342.6034240722656,342.6034240722656,339.2014144838981,340.5733303397869,63865300
2020-12-16,343.14111328125,344.058816873757,341.9360190969958,342.81666375897925,58420500
2020-12-17,345.0599060058594,345.26384325744056,343.9567947299327,344.7818226124563,64119500
2020-12-18,343.6822204589844,345.51616164558806,341.67139953282106,345.3486003375375,136542300
2020-12-21,342.4533386230469,352.3212438699424,337.0260063626711,339.7629543638441,96386700
2020-12-22,341.8761291503906,342.8908436114936,340.74970717574905,342.7791360979551,47949000
2020-12-23,342.1833801269531,344.0917832562604,341.8575475802829,342.84433524058835,46201400
2020-12-24,343.51458740234375,343.54251428118584,342.07165131242414,342.65811576810853,26457900
2020-12-28,346.46563720703125,346.85661348489737,345.4416043676414,346.0653140903759,39000400
2020-12-29,345.80474853515625,348.1693289377811,345.2182555477863,347.9924491984202,53680500
2020-12-30,346.298095703125,347.3314471151924,345.90711937087656,346.6239282532309,49455300
2020-12-31,348.0576171875,348.7837445893019,345.59064770765076,346.10265005654054,78520700
2021-01-04,343.3191223144531,349.5191455225328,339.6233135802176,349.38880113928235,110210800
2021-01-05,345.6836853027344,346.7728905061342,342.6302231348059,342.67678687742756,66426200
2021-01-06,347.7503356933594,350.9434604581976,343.62630546858566,344.17555304257576,107997700
2021-01-07,352.91705322265625,353.66178899148537,349.9473717579539,350.12425147477427,68766800
2021-01-08,354.9279479980469,355.14204466111744,351.0552586898645,354.3042096437855,71677200
2021-01-11,352.53533935546875,354.294789546003,351.6323323911676,351.7533583363595,51034700
2021-01-12,352.60992431640625,353.6246391495682,350.36636956405766,352.7216602807601,52547700
2021-01-13,353.5594482421875,354.55552607698144,351.7534339254866,352.5354151126377,45303600
2021-01-14,352.32122802734375,354.80683398556437,351.9861054675014,354.3041217359534,49989100
2021-01-15,349.7518615722656,351.50199335982205,347.88999385755534,350.70140387922305,107160000
2021-01-19,352.4981384277344,353.0380960342888,350.72936958492306,352.2095511727949,51233300
2021-01-20,357.3763122558594,358.2141472802293,354.39731171381646,354.7882881339236,61836100
2021-01-21,357.7020568847656,358.36304045364824,356.78044135246313,357.934790375537,47840100
2021-01-22,356.43597412109375,357.5996414893799,355.4677949159223,355.8494812219019,52860500
2021-01-25,357.8417053222656,358.1954363497445,352.3212455515999,357.1714317593944,70402000
2021-01-26,357.2831726074219,359.2008944003585,357.0504391042999,358.79128116207573,42665300
2021-01-27,348.5509338378906,354.0527561056327,346.3166983590229,353.95965704196203,123351100
2021-01-28,351.548583984375,355.55158851320573,349.9287680398475,350.36627971281166,94198100
2021-01-29,344.5107116699219,350.6548810290884,342.83501362114134,349.6867018282273,126765100
2021-02-01,350.24530029296875,351.27862337041176,344.7993308471236,347.9086469202224,75817600
2021-02-02,355.1978454589844,356.75251769171075,350.32907897038325,353.42907659511883,64450700
2021-02-03,355.47711181640625,357.19934519602856,354.20173693182824,356.02635940269215,52427100
2021-02-04,359.51739501953125,359.563930354463,355.5888524983493,356.5104680448607,47142600
2021-02-05,360.9324035644531,361.6399224767463,359.47085881489795,361.3885805309923,48669800
2021-02-08,363.53900146484375,363.58553679527535,361.52818085884974,362.3846241257551,38365200
2021-02-09,363.2970275878906,363.89283904052365,362.2916312738895,362.70121613525754,35551100
2021-02-10,363.1387634277344,365.1868298240842,360.7369659355189,365.0378769579993,59154400
2021-02-11,363.7251892089844,364.637514691375,361.29546527923713,364.2185830573535,42913300
2021-02-12,365.5219421386719,365.7639656617887,362.8501376743546,362.92462830443,50593300
2021-02-16,365.205322265625,366.94619235443565,364.48851345953494,366.75067579926497,50972400
2021-02-17,365.2891845703125,365.54052650809217,362.44050055956217,363.4552435609881,52290600
2021-02-18,363.7344665527344,364.47920225148306,360.96027351668073,362.6825067811136,59712800
2021-02-19,363.0921630859375,365.27986352452217,362.645304567679,364.9912762762247,83241000
2021-02-22,360.2993469238281,362.71046232061997,360.02936813751376,360.3272738044918,67414200
2021-02-23,360.73687744140625,362.08674292738397,353.9410715012877,358.0930286391464,107284100
2021-02-24,364.7119445800781,365.1401946066292,358.6608745485557,359.64766215783163,72433900
2021-02-25,355.9239501953125,364.81438610383606,354.4810139951626,363.4459121163381,146670500
2021-02-26,354.09002685546875,358.9495032557424,352.1071613879296,357.8044726689712,152701600
2021-03-01,362.6733093261719,363.9207860729494,354.2856120535268,358.9588912031776,105348800
2021-03-02,359.8431701660156,363.1293654455315,359.3404579436692,362.8966319883141,79595300
2021-03-03,355.0767822265625,360.11310908007255,354.9743647355209,359.1449583838965,119940200
2021-03-04,350.6828308105469,357.47863729094,346.19572234702065,354.8906420427798,183433000
2021-03-05,357.13421630859375,358.18617627812586,346.9032607012722,354.1831430171617,152039600
2021-03-08,355.35614013671875,360.90449901744677,355.07687129081967,358.0930884659382,123149200
2021-03-09,360.4296875,362.9804372731695,358.69813568759565,359.2008479440805,113633600
2021-03-10,362.6733093261719,364.3676162773064,361.36071719101784,362.7757268545739,109899400
2021-03-11,366.3504638671875,368.32403944461987,364.6840840161151,365.14026100475496,86245000
2021-03-12,366.8438720703125,366.98350649683164,364.1814143051709,364.9913223888349,64653600
2021-03-15,369.0315246582031,369.29218502366257,364.95402947649114,367.09516616349055,73427200
2021-03-16,368.5660705566406,370.353447865086,367.7933794539433,369.645957368341,73722500
2021-03-17,369.82281494140625,370.6234044689322,366.13629619510306,367.28135513431295,97959300
2021-03-18,364.4420166015625,369.32010118927036,363.76242462104625,367.23481832610025,115349100
2021-03-19,363.7677001953125,365.7197211971754,361.59150389696646,364.1412876855865,113624500
2021-03-22,366.6723937988281,368.0546989422797,364.2253628242193,364.28139952570655,73778600
2021-03-23,363.7864074707031,367.4849724644324,363.00186510857276,366.0373101003052,90686600
2021-03-24,361.9371032714844,366.821844910974,361.8904155198871,365.18737456445785,97588600
2021-03-25,363.9731750488281,364.76703777153006,358.556056717537,360.4987572580339,116128600
2021-03-26,369.8385009765625,370.2401067198568,364.5241368291376,365.12187096984906,114409100
2021-03-29,369.6518249511719,370.557789685478,366.87789404327793,368.362923730932,108107600
2021-03-30,368.671142578125,369.3436115196959,367.0740110275809,368.3816101105084,76262200
2021-03-31,370.1653747558594,371.72513850644276,369.2127226016327,369.240740944319,112734200
2021-04-01,374.1628723144531,374.2189375105821,371.893300729822,372.0987781059756,99682900
2021-04-05,379.5332946777344,380.0750207457854,376.7500437520767,376.82474984617124,91684800
2021-04-06,379.3091735839844,380.35522998954474,378.63670467999566,378.9729533834397,62021000
2021-04-07,379.74810791015625,380.0936770263506,378.68338221439245,379.1410247193097,55836300
2021-04-08,381.5506896972656,381.60672639186373,380.06566028462163,380.9996431984528,57863100
2021-04-09,384.3246765136719,384.49281512504706,381.3079295009663,381.4293518580536,61104600
2021-04-12,384.4647521972656,384.7355867285504,383.11981447960585,383.7268976917543,56704900
2021-04-13,385.604248046875,386.2300292636302,383.9791265777558,384.3620630681728,56551000
2021-04-14,384.28729248046875,386.6315702804382,383.7455664130594,385.5761649966313,61659900
2021-04-15,388.41552734375,388.6863904096903,386.3794511307246,386.4261388821726,60229800
2021-04-16,389.7137145996094,390.32079778500326,388.28472190043465,389.70436564966764,82037300
2021-04-19,387.799072265625,389.2280651111477,386.4728323712962,388.7797715143714,78498500
2021-04-20,384.9598083496094,387.68702290879025,383.4840991609738,386.5849297445035,81851800
2021-04-21,388.602294921875,388.80777231208793,384.2032146818028,384.34333492736897,66793000
2021-04-22,385.0531311035156,389.26540322576255,383.98840538810305,388.43417324213044,97582800
2021-04-23,389.2280578613281,390.63838128168265,385.53884219304297,385.6135482901479,73209200
2021-04-26,390.04058837890625,390.61033277407387,389.29341345395136,389.88182724622914,52182400
2021-04-27,389.9565734863281,390.5356668911207,388.8171130815738,390.3395099382348,51303100
2021-04-28,389.844482421875,391.34820981136744,389.37749094113417,390.22741885643023,51238900
2021-04-29,392.3288879394531,392.94532012603673,388.94787411541165,392.5717326349584,78544300
2021-04-30,389.7510986328125,390.9092569470682,388.8544829241141,390.0593289877053,85527000
2021-05-03,390.5917053222656,392.1234226337819,390.09669546817264,391.740486180178,68128300
2021-05-04,388.1820068359375,389.0973204297574,384.49279111679294,388.6023105837801,101591200
2021-05-05,388.303466796875,390.05935955355847,387.74307124643747,389.8258637827846,60162200
2021-05-06,391.404296875,391.5350396849246,386.3701143834206,388.3781723084249,74321400
2021-05-07,394.25286865234375,394.9066681025146,391.4882871687611,392.17010496663084,67733800
2021-05-10,390.348876953125,394.8319841776763,390.2274545965479,394.60783736731895,81852400
2021-05-11,386.8651428222656,387.8551626560607,382.98911854811655,385.8284352333097,116888000
2021-05-12,378.64599609375,385.3519862126641,377.32907683593066,384.0817831997545,134811000
2021-05-13,383.19451904296875,385.1278705672436,380.14972554113865,380.1964417898234,106394000
2021-05-14,389.07855224609375,389.9284800362055,385.9030163453545,385.9310346899563,82201600
2021-05-17,388.08856201171875,388.9011510722619,386.0711555395105,387.96716817788194,65129200
2021-05-18,384.74493408203125,388.59293922934893,384.5861444411635,388.3500945443385,59810200
2021-05-19,383.7362060546875,383.9136650884359,378.5712816845553,380.05633959916474,106467100
2021-05-20,387.86444091796875,389.1253236094422,384.49277612741383,384.61416996928796,78022200
2021-05-21,387.5469055175781,390.59169919664373,387.0892629717918,389.3494858539395,76578700
2021-05-24,391.4976806640625,392.5717554519268,389.54563104164197,389.7884757512618,51376700
2021-05-25,390.6290588378906,392.9359980945385,390.0499939116139,392.5810799776849,57451400
2021-05-26,391.404296875,391.90862721701114,390.180781318248,391.2174888575059,43088600
2021-05-27,391.6097106933594,392.9452994425397,391.3294987126263,392.4316202322079,56707700
2021-05-28,392.3101806640625,393.4402919789062,392.0766849418198,393.1787779101102,58520200
2021-06-01,391.9646911621094,394.81332815085875,391.52571797502355,394.67323638964024,54216600
2021-06-02,392.5810546875,393.42166217448545,391.60973290730567,392.61842198763014,49097100
2021-06-03,391.1240234375,392.2634837583409,388.79841505022597,390.26477509890356,58138800
2021-06-04,394.70123291015625,395.0001143194918,391.18944760771376,392.973358609629,55938800
2021-06-07,394.3182678222656,394.86931434784225,393.38428486307185,394.69185530536356,51555000
2021-06-08,394.40234375,395.2709411073429,392.57174503386995,395.17753710589864,47134300
2021-06-09,393.81396484375,395.317692442625,393.58981802271103,395.2429578336774,48436300
2021-06-10,395.6445007324219,396.59718157596666,393.72049815041606,395.0374175201594,51020100
2021-06-11,396.2983093261719,396.410382721431,394.90668383020704,396.1955848814836,45570800
2021-06-14,397.18560791015625,397.2883323557152,395.1682012696967,396.4103860815458,42358500
2021-06-15,396.4571228027344,397.37240792096816,395.5791764832327,397.335069122236,51508500
2021-06-16,394.2434997558594,396.82130162532735,392.19810347152844,396.5971548550764,80386100
2021-06-17,394.1127624511719,395.0934330875437,391.63771348560346,393.8325789844645,90949700
2021-06-18,388.7960510253906,391.52280806426444,388.5899013988071,390.82940868218697,118676300
2021-06-21,394.3620300292969,394.5494491775668,389.74243684552914,390.5576558078238,72822000
2021-06-22,396.4703674316406,397.3043454678535,393.6311417670724,394.352679752593,57700300
2021-06-23,395.9925231933594,397.3512120232172,395.9081931498081,396.5453725429614,49445400
2021-06-24,398.3351135253906,398.75676373658587,397.88532470396706,398.1383434268328,45110300
2021-06-25,399.74993896484375,400.1997276924306,398.75668054638095,399.08464970632076,58129500
2021-06-28,400.5558166503906,400.7244767038043,399.0753085212979,400.2747165613677,53159600
2021-06-29,400.77142333984375,401.5772628150839,400.2373044711945,400.9400834258965,35970500
2021-06-30,401.1087341308594,401.78340305544015,400.2841356012442,400.3122456149289,64827900
2021-07-01,403.32952880859375,403.4888379572731,401.80215127327483,401.8677508401516,53441000
2021-07-02,406.412353515625,406.7684327334074,403.41381877275404,404.49143596219454,57697700
2021-07-06,405.67205810546875,406.68407566728763,402.93592178588835,406.468546524495,68710400
2021-07-07,407.1058349609375,407.3869637350962,404.34158789003436,406.3562154221525,63549500
2021-07-08,403.7886657714844,404.5476647115918,400.60271181491555,401.7833895422592,97595200
2021-07-09,408.0990295410156,408.39888874783514,403.59187628680496,405.29729335492465,76238600
2021-07-12,409.5608215332031,409.8138402584851,407.58368379970483,408.0147135517589,52889600
2021-07-13,408.1646728515625,410.27300986948524,407.9023031665115,408.77374227084334,52911300
2021-07-14,408.773681640625,410.3479281135863,407.52743297051677,409.8606497735151,64130400
2021-07-15,407.3775634765625,408.1084524983558,405.47537611239835,407.4337835093042,55126400
2021-07-16,404.1821594238281,408.60498202795424,403.7886192907794,408.5581415441631,75874700
2021-07-19,398.21331787109375,404.24784908958907,395.40220190953943,399.35650617263855,147987000
2021-07-20,403.9197998046875,405.19418699140346,398.08203985333273,398.8785282705121,99608200
2021-07-21,407.19012451171875,407.3307031828911,403.8730283565818,405.11927714998365,64724400
2021-07-22,408.0427551269531,408.2863942745382,406.38420736629706,407.36808629960854,47878500
2021-07-23,412.2407531738281,412.5780733348413,409.28908738037114,409.9731072389194,63766600
2021-07-26,413.2527160644531,413.26209560038063,411.6035477215418,411.6503882088871,43719200
2021-07-27,411.3692321777344,412.24067101615924,408.53935794230335,412.2125610083437,67397100
2021-07-28,411.2005920410156,412.57803977875034,409.7763038167769,411.9970804846023,52472400
2021-07-29,412.9060363769531,413.9836250033735,412.11892741688575,412.12830695326727,47435300
2021-07-30,410.9007263183594,412.35312442953557,410.20729844283443,410.33849754765976,68951200
2021-08-02,410.03875732421875,413.1684631203234,409.68267804628834,412.6156137242241,58783300
2021-08-03,413.37457275390625,413.49639234731455,408.642539261414,410.8352061543172,58053900
2021-08-04,411.3412170410156,413.34646478534535,411.1069573898092,412.0908364864167,46732200
2021-08-05,413.9461669921875,414.0304970317783,412.18452990878626,412.5031195904007,38969700
2021-08-06,414.6302490234375,415.0519278807742,413.9836900268023,414.26481879707745,46930000
2021-08-09,414.29290771484375,414.92070760379596,413.5245291498375,414.6021178906313,41222600
2021-08-10,414.8081970214844,415.5203554334606,414.0585776586694,414.742597463298,43339300
2021-08-11,415.8389892578125,415.9326988371535,414.75202104898426,415.87647880877864,44034300
2021-08-12,417.0852355957031,417.22581426197354,414.78950819398324,415.68905723891174,38909400
2021-08-13,417.84423828125,417.86296875743454,417.0477498031309,417.5349995492506,39470300
2021-08-16,418.8280944824219,418.95926500085824,414.98623095911614,416.54171828206023,73740000
2021-08-17,416.08270263671875,416.94476228961304,413.0935466784809,416.2700932326657,92673900
2021-08-18,411.5285949707031,416.6354666486862,411.2849843863083,415.07059964436183,89351900
2021-08-19,412.1657409667969,413.36517769933806,408.6612261268582,408.80177618265736,92812200
2021-08-20,415.44537353515625,415.7733427277286,412.02518874666305,412.51246706573465,72008700
2021-08-23,419.09991455078125,420.00884318252696,415.52042005494565,417.1321276721808,54973000
2021-08-24,419.7651672363281,420.2992860816183,419.24980746387826,419.7651672363281,38744700
2021-08-25,420.6459655761719,421.1613253238744,419.57772793688787,419.952566221922,40529700
2021-08-26,418.1628112792969,420.59908850889707,418.06910170981706,420.36482888327043,57829600
2021-08-27,421.9016418457031,422.2764515773078,418.9124863376052,418.9687063675384,77235100
2021-08-30,423.7569274902344,424.5440363918998,422.3326106810009,422.5762498396636,48357400
2021-08-31,423.1291198730469,424.0005588501911,422.5294300788062,423.6632387027082,59300200
2021-09-01,423.3540344238281,424.5815527206417,423.11977477029654,424.06619292133183,48721400
2021-09-02,424.65655517578125,425.462394702092,423.45714682758916,424.7783747777005,42501000
2021-09-03,424.5534362792969,425.068824666954,423.11976836523195,423.52271669627993,47170500
2021-09-07,423.035400390625,424.30040810634716,422.3607315153163,424.20669853552585,51671500
2021-09-08,422.5201110839844,423.2322696255754,420.5991646484169,422.501380605156,56181900
2021-09-09,420.7115478515625,424.0755125696742,420.467908695529,422.3232551840981,57970400
2021-09-10,417.3945007324219,423.0635731561892,417.27268113189905,422.6419229191683,89948200
2021-09-13,418.462646484375,420.65534176904265,416.1481602138,420.3929721292917,83738600
2021-09-14,416.20440673828125,420.11184130334044,415.31420871709963,419.9056916877061,78197100
2021-09-15,419.68084716796875,420.17747647552517,415.52039355154807,416.62609222178327,78792200
2021-09-16,419.0155029296875,420.1305523944603,416.0638088883506,419.15605298019295,77786700
2021-09-17,414.9338684082031,418.6658303177403,414.5766484303606,418.24282930799984,118425000
2021-09-20,408.0152587890625,410.38415094028574,403.14582633545695,408.80488950613693,166445500
2021-09-21,407.6297607421875,411.6531328768098,407.1033403647797,410.3558724154265,92526100
2021-09-22,411.60614013671875,413.64604074631075,407.74258725869817,409.9046690416803,102350100
2021-09-23,416.60711669921875,418.2146065121486,413.24178453544346,413.4767946462248,76396000
2021-09-24,417.2934265136719,418.00786655031254,414.7553054165893,414.97152508235223,62094800
2021-09-27,416.09954833984375,417.4249802239827,415.40389884937827,416.25933916263614,61371100
2021-09-28,407.71435546875,413.65541814858807,406.9811250466519,413.3263982451864,130436300
2021-09-29,408.4006042480469,410.83530568589765,407.8365742138815,409.09622503378733,82329200
2021-09-30,403.4090270996094,410.58151260645667,403.0705975741562,409.8764821735044,140506000
2021-10-01,408.20318603515625,409.8858665977476,401.61352150069314,405.1386734490561,129240100
2021-10-04,402.93902587890625,407.9400201839394,400.79570572105376,407.0375892196289,128570000
2021-10-05,407.13153076171875,409.37821255340737,403.6439886722877,404.4430001166101,90682500
2021-10-06,408.8236389160156,409.0304489893108,401.90495407806975,403.5312059070278,113032200
2021-10-07,412.3581848144531,415.1970969045478,411.92577420062315,412.1043841974191,72437500
2021-10-08,411.60614013671875,413.51444998736724,410.9763290353788,413.1290299205683,74557400
2021-10-11,408.62615966796875,413.86219152845484,408.56034995556803,410.9480605801646,65233300
2021-10-12,407.6203918457031,409.951702812476,406.8307612007708,409.5474922480039,71181200
2021-10-13,409.0868225097656,409.90465316392994,405.6650899688843,408.645002322282,72974000
2021-10-14,415.9679260253906,416.1183359496485,412.28295460047235,412.7529748558683,70236800
2021-10-15,419.1358337402344,419.50246328838506,417.46256287521214,418.0829930190192,66260200
2021-10-18,420.37677001953125,420.7151708749127,416.6917981413863,417.34983805497893,62213200
2021-10-19,423.6199035644531,423.6856846027925,421.39198327728565,422.00303260856737,46996800
2021-10-20,425.2837829589844,425.58460284430237,423.9677318204224,424.0805321054758,49571600
2021-10-21,426.39306640625,426.61866699878703,424.24977471384966,424.6821854121344,41305400
2021-10-22,425.951171875,427.40825194853414,424.0052810402493,425.96058146063757,58845100
2021-10-25,428.2355041503906,428.56452411353644,425.2650009588396,427.041662859405,45214500
2021-10-26,428.620849609375,430.99915087837957,428.2448391545924,429.78651931328756,56075100
2021-10-27,426.72198486328125,429.7489164065924,426.6467655584889,429.0814956872959,72438000
2021-10-28,430.83941650390625,430.9146071296096,428.14150456050857,428.1508854588699,51437900
2021-10-29,431.7136535644531,432.005063860842,428.2449013910372,428.53631168742606,70162400
2021-11-01,432.4563293457031,433.0767596469139,430.72665790949367,432.7007204187144,48433600
2021-11-02,434.2047424316406,434.51497189123603,432.4938616741639,432.6254811267831,48908400
2021-11-03,436.85565185546875,437.25986241274643,433.19888029300824,433.6407005054024,52509800
2021-11-04,438.9143371582031,438.9989373652711,437.10944667746986,437.4572570913363,52847100
2021-11-05,440.4372253417969,442.43010684262913,438.9237737315892,441.14225579847414,66390600
2021-11-08,440.81317138671875,442.0352412122443,440.1269602027339,441.5370209098921,50405200
2021-11-09,439.35614013671875,441.41483115793073,437.946079365355,441.1798210293701,51149100
2021-11-10,435.8215637207031,439.35612511347824,434.3363123816006,437.6640350330447,69429700
2021-11-11,435.9625549316406,437.39143479469317,435.94376444998505,437.3162154925545,34848500
2021-11-12,439.2527160644531,439.80733651939306,436.2821846286871,437.2316347180003,53466700
2021-11-15,439.40313720703125,440.7003977259758,438.2751057858588,440.54060690132917,46980500
2021-11-16,441.14227294921875,442.27971409763927,439.06479115534836,439.1399817843683,48857500
2021-11-17,440.07061767578125,441.0576488248933,439.4501874408848,440.87903881691875,47858300
2021-11-18,441.5652770996094,441.82848731755604,438.37852572627077,441.1046377023812,50625600
2021-11-19,440.775634765625,442.70270645083684,440.4090051747564,441.4524364328998,57315600
2021-11-22,439.5346984863281,445.1467408444797,439.3278884499835,442.65563951198084,72762000
2021-11-23,440.1175842285156,440.9730245653836,436.60184177692975,439.20574375407494,73206500
2021-11-24,441.2926025390625,441.4148123907597,437.29743052339023,438.1152611459688,61858800
2021-11-26,431.4504089355469,436.08480192497507,430.32234880945094,434.6183409737067,112669600
2021-11-29,436.7427978515625,438.5852690969573,434.0448863560093,436.2445775616634,86268800
2021-11-30,428.2449035644531,436.20704878218436,428.00048382259115,434.29876746658414,148559600
2021-12-01,423.48828125,436.80866888995706,423.290880760792,433.9603470803366,131939200
2021-12-02,429.97454833984375,431.54442870471775,423.3096641820062,423.7044938415965,127637800
2021-12-03,426.2331848144531,432.7006394884692,422.0030024782896,431.638417799551,137331600
2021-12-06,431.2811279296875,433.1612086633439,426.36470648358403,428.7806171113938,98977500
2021-12-07,440.2021789550781,440.7662090115453,431.1495840464495,436.5642266881175,95484700
2021-12-08,441.3677978515625,441.8190276116101,438.83908665382853,440.5969864571496,72238800
2021-12-09,438.3879699707031,441.471302205169,438.19056946357745,440.08003169302344,61272600
2021-12-10,442.5146484375,442.665058357532,438.53829554873346,441.0952068137605,77159800
2021-12-13,438.5946960449219,442.3454484006168,438.3126666867193,441.99763801115,87724700
2021-12-14,435.5771484375,437.8144493976514,432.6536362786152,435.3233478323497,97264100
2021-12-15,442.3830871582031,442.6274781927471,433.11427244709614,435.63360291576834,116899300
2021-12-16,438.4819030761719,444.5169470262026,436.93081329963405,444.23494635106454,116568600
2021-12-17,433.8151550292969,438.4092309837767,432.1077064463905,435.3999644120147,135511600
2021-12-20,429.20233154296875,429.5985195949592,425.5798968391535,428.730659907755,107134800
2021-12-21,436.8244934082031,436.96598912839397,430.45692690267214,432.62660471506297,69806300
2021-12-22,441.192138671875,441.30533523820264,436.37164043974565,436.56976321936594,58890200
2021-12-23,443.9372253417969,445.43713726995674,442.08828110682884,442.19203501921226,56439700
2021-12-27,450.2198486328125,450.2670042631259,445.2672983311792,445.3144539614926,56808600
2021-12-28,449.85205078125,451.6821388256294,449.0879451201847,450.65389822973356,47274600
2021-12-29,450.427490234375,451.44628815269533,448.955877247608,449.9558186671151,54503000
2021-12-30,449.18218994140625,451.8612805090057,448.7199611006096,450.85189662659343,55329000
2021-12-31,448.05023193359375,449.84257807075835,447.77668316160356,448.6917271226337,65237400
2022-01-03,450.6444396972656,450.7765215542985,447.0031490248722,449.31432242601716,72668200
2022-01-04,450.4935302734375,452.7858761115812,448.6351430318022,452.0689260726104,71178700
2022-01-05,441.8430480957031,450.89914766079016,441.74870802750024,450.12559940549204,104538900
2022-01-06,441.42791748046875,444.14474987590535,439.06011738234776,441.38076184676675,86858900
2022-01-07,439.6827697753906,442.6165817047028,438.32435344615055,441.43740286255314,85111600
2022-01-10,439.13568115234375,439.3526316532516,430.7304901894249,436.48488919074714,119362000
2022-01-11,443.1353759765625,443.22971603463884,435.8716233328437,438.87147596382505,74303100
2022-01-12,444.3334655761719,446.38997545502053,442.3713245554861,444.87117806328797,67605400
2022-01-13,438.211181640625,446.0881025089078,437.18294108680465,445.4371934481838,91173100
2022-01-14,438.390380859375,438.7394131797268,433.8434604749311,435.06038106331687,95890900
2022-01-18,430.626708984375,433.90011089418675,429.51357096718334,433.6925742478842,109709100
2022-01-19,426.1552429199219,433.5699058238336,425.88166536173696,432.17377646871046,109357600
2022-01-20,421.4385986328125,432.7492750334753,419.3160763117743,428.04200140937587,122379700
2022-01-21,413.1654052734375,422.6742906855869,413.1371061330772,420.3159330270776,202271200
2022-01-24,414.9200134277344,415.4294267475225,396.9210402768621,407.5525063368311,251783900
2022-01-25,409.854248046875,414.8067989622443,402.9489701470522,408.52413091783615,167997300
2022-01-26,408.8260498046875,418.8820910132849,404.56212043743244,415.7501849161173,186391100
2022-01-27,406.80731201171875,416.57091988117384,405.1187484129023,413.42959969479165,149878300
2022-01-28,416.91046142578125,416.95761706161477,403.5810198759928,408.1656531591192,164457400
2022-01-31,424.4194641113281,424.7684964246404,414.891693794857,416.24066741224294,152251400
2022-02-01,427.2873229980469,427.92878947837016,421.617821033728,425.14591546405666,123155400
2022-02-02,431.4379577636719,432.16432156191325,427.3815652994968,429.6927673307446,117361000
2022-02-03,421.2970275878906,427.30611843415994,420.45743842360054,425.40057576602374,118024400
2022-02-04,423.278076171875,427.12690349554987,418.68397092224063,421.0612140470099,118454400
2022-02-07,421.9196472167969,425.43829858096694,420.58952998140325,424.04216920738406,84472900
2022-02-08,425.3912048339844,426.31569157716,419.99528032572806,421.4197378367775,81012000
2022-02-09,431.6172180175781,431.93795122288446,429.23056108197864,429.4286550758493,92589900
2022-02-10,423.8629455566406,431.7775795121979,421.86306271080866,425.7684883309894,140103700
2022-02-11,415.5048828125,426.0231523425291,414.0710117021737,423.94781485036305,153214600
2022-02-14,414.146484375,416.5803257355876,410.67498861776903,414.9955162101405,123006300
2022-02-15,420.82537841796875,420.99517327307245,418.0708037959125,418.5896597934599,88482700
2022-02-16,421.2970275878906,422.67430043142383,416.9010453564432,418.77828888356663,84863600
2022-02-17,412.2975158691406,421.2687175900961,411.6937912802445,418.10851257856154,102259100
2022-02-18,409.6279602050781,413.8069639993618,407.3544994602663,412.55230132343786,132642900
2022-02-22,405.23199462890625,410.8260135761554,401.7321702034038,407.4205580283925,124391800
2022-02-23,398.04364013671875,408.71284849771104,397.477628508236,408.1468368692283,132578000
2022-02-24,404.03387451171875,404.4678331044579,387.3744592030102,387.7329054308326,213942900
2022-02-25,412.9484558105469,413.0333532377554,403.6187784215898,405.2696289017005,121804500
2022-02-28,411.8919372558594,413.37299295759,406.29791910816897,407.55255287050466,145615000
2022-03-01,405.61871337890625,412.4013531876371,402.9112942533806,410.39202759579075,137785900
2022-03-02,413.08056640625,414.8068717900214,407.11863049118716,407.87329353346485,117726500
2022-03-03,411.0240478515625,416.1180952528959,409.22225892771945,415.51437058927706,105501700
2022-03-04,407.6846008300781,408.8165952787163,403.63765086397046,407.2883840604993,113978200
2022-03-07,395.6662902832031,407.8071083288902,395.6002493735162,407.09960118134626,137896600
2022-03-08,392.66656494140625,403.0055972451965,391.60058263341585,395.84562657872834,164772700
2022-03-09,403.1941833496094,405.17520915312696,398.86424298982183,401.05280537825155,116990800
2022-03-10,401.37359619140625,402.2697547820951,396.61913933731984,398.5812801406087,93972700
2022-03-11,396.27020263671875,404.47727157024167,395.76078922516666,403.8641042205582,95636300
2022-03-14,393.3741149902344,400.4963446455009,392.23267777731564,397.0437338622443,95729200
2022-03-15,402.02447509765625,402.6564987485311,394.7135672819069,395.9870572254296,106219100
2022-03-16,410.9390563964844,410.99565467110665,400.7320786409721,405.5337196502568,144954800
2022-03-17,416.080322265625,416.080322265625,408.646774491688,409.02410595061707,102676900
2022-03-18,420.6375732421875,420.9593028336933,413.7297868077792,414.4678791360529,106345500
2022-03-21,420.5146484375,422.47341335215924,417.00395167542,420.46731741839125,88349800
2022-03-22,425.4351806640625,426.37198236705336,421.90556943878335,421.90556943878335,74650400
2022-03-23,419.9562683105469,424.39429439850414,419.8711071405114,422.8991946168003,79426100
2022-03-24,426.2868347167969,426.29630669485863,420.8647048360825,421.9813008840571,64736900
2022-03-25,428.36865234375,428.64307980820996,424.33751705816746,426.92085470819296,77101300
2022-03-28,431.4156188964844,431.4156188964844,425.87991232408183,427.7724596050413,68529800
2022-03-29,436.7526550292969,437.24473588066155,432.61744319877937,435.30485728967426,86581500
2022-03-30,434.05572509765625,436.4214091697429,431.94552450928234,435.6075988323958,79666900
2022-03-31,427.3750915527344,434.11255605182595,426.9208697553412,433.2893025074121,121699900
2022-04-01,428.5862731933594,429.09724017093697,425.0093599604166,428.9553048993876,89048800
2022-04-04,432.2578125,432.36191762304253,427.96175071510544,428.78500420961205,59601000
2022-04-05,426.7978210449219,433.23247058270414,425.65283796639494,430.76271011439627,74214500
2022-04-06,422.5301513671875,424.81067460735846,419.64402793365923,422.88029691792224,106898000
2022-04-07,424.6591796875,426.47603764852965,419.70071542078097,421.6500366650855,78097200
2022-04-08,423.5237731933594,426.4193687220367,421.981342273067,423.90227693918933,79272700
2022-04-11,416.2847595214844,421.0918174503352,415.7832355906516,420.24961995400275,89770500
2022-04-12,414.7423095703125,421.80150331220403,413.19040683522564,419.2749398176844,84363600
2022-04-13,419.4925231933594,420.24953047865523,414.31640574376314,414.4962000276668,74070400
2022-04-14,414.2691650390625,420.8363067294956,414.16505991706254,419.71968183285964,97869500
2022-04-18,414.4394836425781,416.123849633217,412.2062627473825,413.34180271144544,66002500
2022-04-19,421.1296081542969,421.84875644836103,414.16501948930335,414.3353418054255,77821000
2022-04-20,420.8174133300781,423.5237714134591,419.6535150384919,422.90869921932216,65224400
2022-04-21,414.5246887207031,425.83267191463915,413.61627398000866,424.4416483063958,85417300
2022-04-22,403.1504821777344,414.54359749502777,402.5827121441921,413.43647336370464,132471800
2022-04-25,405.48779296875,405.6581153210633,396.33731266857023,400.9078312682018,119647700
2022-04-26,393.7445373535156,403.15050131692556,393.71615029439,402.95176302506155,103996300
2022-04-27,394.8515930175781,400.19806220831515,392.71303421926314,394.8232059633786,122030000
2022-04-28,404.8254089355469,406.55710623337256,395.16396112082083,399.601987737978,105449100
2022-04-29,389.8648376464844,402.9896517108529,389.11727319719967,400.8321484246278,145491100
2022-05-02,392.2115783691406,393.57421496301487,383.2598073525532,389.93105502630925,158312500
2022-05-03,394.0094299316406,396.4224162058567,391.1516650055243,392.71303964199615,100028200
2022-05-04,406.00823974609375,406.57600980928174,391.4829309462933,394.67186907445193,144247900
2022-05-05,391.5775451660156,402.16635092774,387.44233342518896,401.7405161814466,172929100
2022-05-06,389.240234375,392.5143334096191,383.9316525873715,389.01313791973797,151770800
2022-05-09,376.77777099609375,384.5750561979862,375.19748138207063,383.3354400955876,155586100
2022-05-10,377.6484069824219,384.26285159656214,373.60782825671424,382.75827972149085,132497200
2022-05-11,371.6490173339844,382.3324561154293,370.9014529815829,376.6832006420824,142361000
2022-05-12,371.260986328125,374.5350849474075,364.4572767318207,368.45055253884505,125090800
2022-05-13,380.1370544433594,381.5186058960115,374.35530738560897,375.3962141833524,104174400
2022-05-16,378.5946350097656,382.26618152652463,376.2384227760437,378.49055876588955,78622400
2022-05-17,386.3825378417969,386.6191062996921,380.9509064114928,384.68869959743125,83029700
2022-05-18,370.80682373046875,382.1053347959958,369.56720740842707,381.82146421765935,117674500
2022-05-19,368.53570556640625,372.9642879303813,366.31195684652164,367.7408392133795,98510700
2022-05-20,368.6966552734375,375.69907542713753,360.09503013105126,372.12216171567013,131432200
2022-05-23,375.5949401855469,376.36141951205695,369.40630258818845,371.7246556441584,76414900
2022-05-24,372.7278137207031,373.92009911254564,366.17011411463403,371.46925335188774,91448800
2022-05-25,376.020751953125,377.98901729728556,370.83519088442847,371.2326096418207,91472900
2022-05-26,383.5341796875,385.1712435361306,377.0427561590206,377.2509375219795,82168300
2022-05-27,392.9496765136719,393.06322475181946,385.79584873051925,385.99455814727753,84768700
2022-05-31,390.744873046875,394.08521874551013,388.000684523354,391.33155824207057,95937000
2022-06-01,387.584228515625,393.87694263717856,385.06713709140746,392.8644517588874,86585800
2022-06-02,394.9652099609375,395.01251209671574,385.1712709822698,387.42340710258367,79609600
2022-06-03,388.48321533203125,391.795173302903,387.50855457000824,390.24327056369185,71874300
2022-06-06,389.66607666015625,394.22709420031765,388.49267756993027,392.49542593941146,57508900
2022-06-07,393.4038391113281,393.8580609068562,385.71062891259504,386.17432268656637,59272400
2022-06-08,389.1267395019531,393.4796050518694,388.33187292156634,391.6911335875091,64350000
2022-06-09,379.8720703125,389.61867668783157,379.8720703125,387.34762585918884,86289800
2022-06-10,368.8575134277344,374.51624111312117,368.81021128921816,373.6646004739386,132893900
2022-06-13,354.8526306152344,361.2967520769685,353.2439538052529,359.4420637467876,170004900
2022-06-14,353.7833251953125,357.6346658846879,350.679548775885,356.60323107069917,104011800
2022-06-15,358.8269958496094,363.27446487884,352.1273619331276,357.08582684228884,125666800
2022-06-16,346.9512023925781,351.0107241373277,344.51927236083463,350.6038334285706,134473300
2022-06-17,347.69915771484375,351.0444479219139,344.19235133733406,347.3665544750161,111113900
2022-06-21,356.4520568847656,357.8395764065463,353.3538694431423,353.4299145965904,76811900
2022-06-22,355.8057556152344,359.9208069891218,351.8047139460426,352.22287520839393,90059400
2022-06-23,359.2936096191406,360.0253774175742,354.380257681737,357.944112743824,79292100
2022-06-24,370.7169189453125,370.72643183907684,362.43928023680013,362.4677899153683,98050300
2022-06-27,369.3008728027344,371.9333630110348,368.2079631712672,371.63875334523215,66009600
2022-06-28,361.7550354003906,373.6440649503389,361.6409966809316,370.859513206885,86548900
2022-06-29,361.4604187011719,363.2946090766125,359.6357412197438,362.3062541919747,65676000
2022-06-30,358.5238342285156,361.7645700473963,354.06663699104956,357.5639599441416,112508300
2022-07-01,362.3157653808594,362.7529525002182,355.2450743514729,357.8680810567147,74839700
2022-07-05,363.0000305175781,363.0190563072348,354.38975859425415,357.221845993929,81438000
2022-07-06,364.2259521484375,366.715894004098,360.7571393570924,363.14252639295074,70426200
2022-07-07,369.6810607910156,370.47936086311995,364.2449925833958,366.0031669220348,64525900
2022-07-08,369.3769836425781,371.2491967887842,366.516386504775,368.04645446042775,72397800
2022-07-11,365.15740966796875,367.66634894711177,364.4636353318297,366.6969906578774,58366900
2022-07-12,361.92608642578125,366.99152847059673,360.17742508846254,364.6061122917404,62219200
2022-07-13,360.02532958984375,362.96197129328345,356.0623395287953,356.48050078741414,84224600
2022-07-14,359.15106201171875,360.234458871572,352.6220841639683,355.064490796516,89704800
2022-07-15,366.0127258300781,366.1267645686113,361.6505700647993,363.5607769406915,79060400
2022-07-18,362.9905700683594,369.77613578928634,361.76459566817937,369.10138727564373,63203600
2022-07-19,372.7982482910156,373.3684709198661,366.25978635540963,366.91550902545094,78506000
2022-07-20,375.17413330078125,376.5901914099878,371.619791193265,372.98831383414614,71843800
2022-07-21,378.9945983886719,379.0421048535145,372.1900078667484,374.59442084284586,64903900
2022-07-22,375.4782409667969,380.3155764832449,373.2543990144218,379.1181409721045,72197300
2022-07-25,375.9344482421875,376.78976766133366,373.6915803624673,376.10550632547137,53631500
2022-07-26,371.48675537109375,374.4993845551237,370.59341339787153,374.29030390175836,52946400
2022-07-27,381.1329345703125,382.8815960228277,374.4898888264092,374.78449853291994,82342100
2022-07-28,385.91326904296875,386.6070143182949,378.38639383024014,381.9407652653173,73966600
2022-07-29,391.5393981933594,392.5277822061919,386.5785103442153,387.3483007860886,87003700
2022-08-01,390.3798828125,392.88885045045953,388.1275312754867,388.84030221771746,69997500
2022-08-02,387.804443359375,392.49923066625485,386.6260045869153,388.81182405248916,63435400
2022-08-03,393.8772888183594,395.04621476373677,389.6481690410905,389.9332658563709,67820600
2022-08-04,393.61114501953125,394.48546115765066,391.96700956030446,393.8011998743411,45656600
2022-08-05,392.9458312988281,393.59206992913533,389.2679382377692,389.3249575873421,56814900
2022-08-08,392.4897155761719,396.88989316531894,391.387292955347,394.63754145835884,53886100
2022-08-09,390.93115234375,392.26165245097286,389.8572393634721,391.7579620888554,44931800
2022-08-10,399.14227294921875,399.28485036063125,396.03460162898654,397.9923437821938,68665700
2022-08-11,399.14227294921875,403.85608634972215,398.40099222133176,401.993357133819,59489700
2022-08-12,405.8993835449219,406.0039093837423,400.1306825479558,401.0810440036907,61694500
2022-08-15,407.5719299316406,408.0946460440883,403.6279363687809,403.6849557261061,54048300
2022-08-16,408.3702392578125,410.2994714282671,405.69021358179475,406.49802644193505,59289000
2022-08-17,405.4716491699219,408.1801847177208,403.4664007169476,404.76839107782297,63563400
2022-08-18,406.650146484375,407.3343788381746,404.3787688555106,405.67124641632466,49023200
2022-08-19,401.1855773925781,404.1507003354797,400.31123213885485,403.88460030221233,68016900
2022-08-22,392.8319091796875,396.51931622755393,391.9290542056425,396.34822912534094,77695600
2022-08-23,391.8815002441406,394.7991164880296,391.3302744311885,392.4041873745743,49105200
2022-08-24,393.135986328125,394.50447996842576,390.9691636437866,391.6533959625738,49177800
2022-08-25,398.6860656738281,398.73357213624024,393.53509482903235,394.62800448902925,50942300
2022-08-26,385.1910095214844,399.1137994167783,385.13399015284614,398.5721154147152,103087000
2022-08-29,382.64398193359375,385.69463364222986,381.28497221012304,382.2353335276929,65370800
2022-08-30,378.44342041015625,384.0410632057968,376.3431297512481,383.80347284610536,85652400
2022-08-31,375.56378173828125,381.3229690519403,375.4307462340977,380.07799803546214,76029700
2022-09-01,376.74224853515625,377.08436469022797,370.678938652205,373.3874742240931,78740100
2022-09-02,372.76971435546875,381.62708880615634,370.95452075647603,380.4106274783638,99632100
2022-09-06,371.36322021484375,374.5564205138696,369.1393780774377,373.61557203339373,76637400
2022-09-07,378.03472900390625,378.80451936163286,370.8310028776724,371.04956742201074,70964200
2022-09-08,380.5056457519531,380.96180059480923,374.5563749860969,375.7633523475096,80821700
2022-09-09,386.41693115234375,387.28176346215974,382.4824212375365,382.74852125573165,76706900
2022-09-12,390.57000732421875,391.2922912350759,388.1845910416869,388.488713636019,69256300
2022-09-13,373.58697509765625,383.09058662899974,372.4655558976107,381.88360940277784,122947100
2022-09-14,375.0125732421875,376.53315711649486,371.7053054907733,374.88902163325827,85023700
2022-09-15,370.7549743652344,376.30508130578556,369.4814936051546,373.4539971854713,87633800
2022-09-16,367.9264831542969,368.58492846304785,364.6342566105422,366.5714428970576,103084800
2022-09-19,370.77972412109375,370.77972412109375,364.7010595826664,364.77741710532587,73278500
2022-09-20,366.5237121582031,368.4608693228223,363.7659009113071,367.44935055441204,77274900
2022-09-21,360.1301574707031,371.50498233585387,360.1206054997159,368.45132204995605,106746600
2022-09-22,357.1051330566406,360.99852235439477,356.3608073472819,359.3571850053135,89472600
2022-09-23,351.1219177246094,353.66978968711527,346.67503807204696,353.63161092219536,122346900
2022-09-26,347.6483459472656,353.27850469382014,346.42688767980343,349.65230865281546,92581200
2022-09-27,346.76092529296875,353.459857136267,344.3657100991575,351.18870108949443,108294100
2022-09-28,353.5838623046875,355.27290112408883,346.01654670922136,347.71513749904915,110802200
2022-09-29,346.19793701171875,350.32034122123895,343.2492605532847,350.034073262893,112952300
2022-09-30,340.8444519042969,349.17519794486384,340.7108699138818,345.25315265968237,153711200
2022-10-03,349.8431701660156,351.6944470852205,342.78161312339256,344.5660844856892,89756500
2022-10-04,360.6836242675781,360.71225105913686,349.80500664731017,355.3683600338881,103602800
2022-10-05,359.8439025878906,362.1055067151951,353.9847287224127,356.3131384107271,88065700
2022-10-06,356.1318359375,361.3993701215644,355.6355993235401,358.44114174816866,82333500
2022-10-07,346.19793701171875,356.21772325997466,344.43254027693825,352.09528992858685,107789500
2022-10-10,343.5545959472656,347.5529700367685,341.31209570408595,347.3144037026543,76042800
2022-10-11,341.3787841796875,346.4268546628964,339.4416272107152,341.85591672497,92482800
2022-10-12,340.2528381347656,343.36375237835983,340.0047198340521,341.7892204341487,76991800
2022-10-13,349.2324523925781,350.7020290219594,332.18925999717504,333.23895758959026,147254500
2022-10-14,341.27386474609375,353.3262387618921,340.6344942548241,351.6944243183575,123737000
2022-10-17,350.0436706542969,351.1506221066431,340.93996981339313,347.36218698301394,93168200
2022-10-18,354.1564636230469,358.27889645424324,350.71155095897484,357.97352458781444,97162900
2022-10-19,351.6466979980469,354.8434919860376,348.8316042350714,352.11427858955096,79746900
2022-10-20,348.69805908203125,355.6260339289677,347.9346294295258,351.1982293100266,88283100
2022-10-21,357.1719970703125,357.65865261101857,346.913644240023,348.42137072610865,131038400
2022-10-24,361.54248046875,362.67805847697105,356.0459031598392,358.698788584184,85436900
2022-10-25,367.3157958984375,367.63069061993605,361.351638036336,361.46614520779,78846300
2022-10-26,364.54840087890625,369.85411334727513,363.90905946867207,364.16670060269513,104087300
2022-10-27,362.6016845703125,367.3920851710098,361.9813889212359,365.55036040862007,81971800
2022-10-28,371.2283020019531,371.70543468470186,362.3154669828309,362.49677973202483,100302000
2022-10-31,368.5467529296875,370.63659603718315,367.6402184672529,368.7662444084812,96631300
2022-11-01,366.9340515136719,372.53561281137877,365.7603239323339,372.2970465066368,85407600
2022-11-02,357.72540283203125,370.85610174230845,357.62044763501416,366.34241671143474,126990400
2022-11-03,354.0419616699219,357.08607016392386,351.92349163838855,354.4809155332156,87100100
2022-11-04,359.13775634765625,361.5424944523819,353.07816578614245,359.75802297669105,103505200
2022-11-07,362.5731201171875,363.1647599563083,358.3552545876023,360.43554599672575,68286900
2022-11-08,364.52935791015625,367.50666109536877,360.44510344190144,363.68004778364957,84641100
2022-11-09,357.019287109375,363.7086962893126,356.52305050737357,362.55401428993724,78495500
2022-11-10,376.638916015625,376.9729146439448,368.0028280194402,370.30258141366954,141455800
2022-11-11,380.2842712402344,381.085850591747,375.60834800694585,377.4978037709963,93839900
2022-11-14,377.04925537109375,381.877834879153,376.77251031322436,378.5188319106351,71903500
2022-11-15,380.2651672363281,383.91046764433503,376.44810606485254,382.8035164099832,93194500
2022-11-16,377.3642883300781,379.5877140413443,376.73446963097854,378.63344858001847,68508500
2022-11-17,376.20953369140625,376.88708300619,372.2970693510568,372.60241210724644,74496300
2022-11-18,377.9176025390625,379.6161932348881,375.0643592381177,379.54938768932215,92922500
2022-11-21,376.5435485839844,377.7173054097724,374.70182350827446,376.59127932303574,51243200
2022-11-22,381.61065673828125,381.7728946397623,377.07789693039774,378.49021994388283,60429000
2022-11-23,384.01544189453125,384.5020973782574,381.0476617682043,381.2766761134872,68261600
2022-11-25,383.9295654296875,384.4830556409012,383.17571677097555,383.45243275471506,30545400
2022-11-28,377.80322265625,382.4791173493977,377.0397928537372,380.8377796763317,67881600
2022-11-29,377.154296875,379.12960397556105,375.3125426554069,377.93677231301285,52310000
2022-11-30,389.034912109375,389.034912109375,375.4843608737041,377.4024145289087,144566700
2022-12-01,388.7486267089844,391.2487972907091,386.2389041546695,390.07504041496463,76398200
2022-12-02,388.3000793457031,389.20661386702676,383.7482445522166,383.8531997520255,85342700
2022-12-05,381.3148498535156,386.4106228219642,379.9598094992948,385.4754615098056,77289800
2022-12-06,375.8182373046875,381.69651421862574,373.728423384414,381.15260520692095,77972200
2022-12-07,375.1789855957031,377.5455742554093,374.043407447711,374.96904604426254,65927900
2022-12-08,378.1180725097656,379.18684498444895,375.2839034087124,377.068403979044,60737900
2022-12-09,375.29345703125,379.43496494979524,375.1693978824169,376.877540928146,81447700
2022-12-12,380.7040710449219,380.7040710449219,375.41743426802935,376.08540236096786,75405800
2022-12-13,383.58599853515625,391.7163278716569,380.8186351718438,391.45868674150205,123782500
2022-12-14,381.1335754394531,386.9545999060633,378.1848989989114,383.2424937114521,108111300
2022-12-15,371.81036376953125,377.17332966722427,370.1499515992905,376.2667660559643,117705900
2022-12-16,367.4207763671875,370.5938969026141,365.28301140098097,369.25179640139993,119858000
2022-12-19,364.30517578125,367.9480534682601,362.6371386607899,367.6125210258833,79878100
2022-12-20,364.8036193847656,366.4237355185501,362.22485603598886,363.5477938735729,74427200
2022-12-21,370.2583923339844,371.38958923394796,366.8647723784969,367.40161257697446,78167400
2022-12-22,364.9762268066406,370.2391914907207,359.27226326962426,367.2098622997301,100120900
2022-12-23,367.07568359375,367.2194748542559,362.3974795479765,363.9504836726347,59857300
2022-12-27,365.6280822753906,367.30571508666856,363.95044946411275,366.960616093891,51638200
2022-12-28,361.0841064453125,367.5358135013805,360.854040448147,365.56097308852884,70911500
2022-12-29,367.5837097167969,368.45608223881914,363.40399242752494,363.93126597675223,66970900
2022-12-30,366.6154479980469,366.7592392294088,362.78085913190785,364.8994905444754,84022200
2023-01-03,365.0720520019531,370.45004902050835,362.20567683665195,368.4752380300906,74850700
2023-01-04,367.8905334472656,369.92286124255634,364.2860098824275,367.3345015753635,85934100
2023-01-05,363.691650390625,366.0499147712704,363.09729369153195,365.93488176571645,76970500
2023-01-06,372.0317687988281,373.1533988238213,363.7203144875391,366.78796777872327,104189600
2023-01-09,371.8208923339844,377.4194177778674,371.6387762794701,374.2271061896771,73978100
2023-01-10,374.428466796875,374.4955791323068,370.2966990841329,371.2361840133922,65358100
2023-01-11,379.1641845703125,379.24089274048094,375.1953998041472,376.01025589251583,68881100
2023-01-12,380.5446472167969,382.011376504994,376.19240927348505,380.26666054687666,90157700
2023-01-13,382.02093505859375,382.5961292686462,377.07431166109114,377.3427317250366,63903900
2023-01-17,381.32110595703125,383.6793992551705,380.64047460135316,382.00176656830166,62677300
2023-01-18,375.3008117675781,383.57394241937,375.0995040316948,382.5098579883935,99632300
2023-01-19,372.5687255859375,374.9077982389386,371.24578754272824,373.25892360264237,86958900
2023-01-20,379.50927734375,379.66266441415144,372.31942298138915,373.96829741871426,91806400
2023-01-23,384.06280517578125,385.999261850418,379.3558442469694,380.31449137897374,84178800
2023-01-24,383.65069580078125,384.56139326464876,381.1965608316531,382.385274229188,59524900
2023-01-25,383.79443359375,384.12996598342204,377.2852105542449,379.57639153162364,84800300
2023-01-26,388.0124816894531,388.1754645974599,383.4876654146606,386.4594777963223,72287400
2023-01-27,388.90399169921875,391.28144730327597,386.7566313185161,386.96753487416305,68346200
2023-01-30,384.0245056152344,388.3767724039486,383.7273273025726,386.1431078861568,74202000
2023-01-31,389.67095947265625,389.7188801347345,384.19706240377985,384.5421906397612,86811800
2023-02-01,393.8123474121094,396.5636900750736,385.71179428748286,388.4535118588833,101459200
2023-02-02,399.5450134277344,401.01174260046105,395.8062948752539,397.704397771963,101654500
2023-02-03,395.2981872558594,399.72713273402843,394.09028239614366,394.56960600643197,94736800
2023-02-06,392.8824157714844,394.2820619137646,391.22397464206705,392.8440909429574,60295300
2023-02-07,398.020751953125,399.26698166926644,390.7158646278332,391.9620943439746,90990700
2023-02-08,393.66851806640625,397.38807436741587,392.9782908223468,396.0459739638543,76227500
2023-02-09,390.2557067871094,397.42639877292254,389.02863947326034,397.27301170174235,78694900
2023-02-10,391.1664733886719,391.54992647804596,388.26177308465975,389.0765999287314,70769700
2023-02-13,395.7583312988281,395.8925559564968,391.358143932513,391.8183051444725,64913500
2023-02-14,395.576171875,397.8864857490615,391.6169544860613,394.2340424678017,88389300
2023-02-15,396.86077880859375,396.93745771221506,392.5372705702228,393.3808847880114,61555700
2023-02-16,391.39654541015625,395.835087395517,391.2623499918296,391.8854649285943,76431500
2023-02-17,390.418701171875,390.6583629922171,387.34142233465536,389.26831273199565,89257800
2023-02-21,382.58660888671875,387.44695849959504,382.32778460616737,386.392440449129,82655900
2023-02-22,382.059326171875,384.54221931792307,380.6021634644275,382.9987818589444,83742300
2023-02-23,384.0915832519531,385.56790810303414,379.8639456708509,384.95435986418846,96242400
2023-02-24,379.9886169433594,380.8226354035622,377.36193273433554,379.0683237378521,108194400
2023-02-27,381.28277587890625,384.69555770016393,380.3432910551879,383.3342657519672,80444700
2023-02-28,379.8735656738281,382.76866981415725,379.7680992642455,380.8034546692743,96438600
2023-03-01,378.41644287109375,380.2858168924637,377.1126965271028,379.05874946346245,99706800
2023-03-02,381.3594970703125,382.20311141280865,376.10609910014693,376.4416315212209,85127800
2023-03-03,387.4756774902344,387.724935164796,382.5290536184137,383.1809267997028,90120000
2023-03-06,387.74407958984375,390.60085911261217,387.3031100177366,388.3000821585358,72795900
2023-03-07,381.80047607421875,387.93584262349646,381.1869569726485,387.6961807819027,108310600
2023-03-08,382.42352294921875,383.1808331119088,380.1898587708449,381.91544114455843,74746600
2023-03-09,375.36798095703125,384.8777762237913,374.3805752859118,383.20970982130785,111945300
2023-03-10,369.9515380859375,376.9017301661393,368.42729257488133,374.82145290553643,189253000
2023-03-13,369.42431640625,374.24634050095773,364.90909573022645,366.021130129731,157790000
2023-03-14,375.5309143066406,377.1797888194533,371.0444227448801,374.3517676052174,149752400
2023-03-15,373.18218994140625,373.38349766674736,367.8425178859198,369.9323910671056,172996900
2023-03-16,379.7297668457031,380.0748950855989,370.31587262158683,370.82395451887174,143254200
2023-03-17,375.2897033691406,379.5334763060183,373.9039803951704,378.3979622867853,140553400
2023-03-20,378.8983459472656,379.31215983644114,375.3666994576997,376.06916402579844,93055800
2023-03-21,383.87347412109375,384.35462710121084,380.66897882785537,382.2664102459138,91524200
2023-03-22,377.3297424316406,387.3184821097673,377.2912713410689,383.7002319906284,111746600
2023-03-23,378.3498840332031,384.2391923827506,375.6361739137841,380.19749521054143,119351300
2023-03-24,380.8326110839844,380.91921510254883,374.7219619246639,377.069990985465,107682400
2023-03-27,381.5447082519531,383.8831342228275,380.64977069262744,383.1132717788515,74010400
2023-03-28,380.688232421875,381.54466943004763,378.8502245684134,380.8518079845922,62871700
2023-03-29,386.2215270996094,386.46210360467114,383.65215710396006,384.8550396292689,77497900
2023-03-30,388.4828796386719,389.1083725616801,386.6160039583287,388.85816364557934,69840000
2023-03-31,393.9584655761719,394.25677808538353,389.3008787149844,389.4067476454537,112062600
2023-04-03,395.45965576171875,395.8638078292274,393.0442583450311,393.43880732243116,67391100
2023-04-04,393.26556396484375,396.39305813101834,391.8894442126204,396.10434874148575,66601500
2023-04-05,392.2359313964844,393.2944738697264,390.5807639021192,392.53424390704595,65200200
2023-04-06,393.7659912109375,394.0450681714436,390.38828778154027,391.43719778873736,63743300
2023-04-10,394.1701354980469,394.2471364215444,390.6673570273508,391.2832175790923,63681000
2023-04-11,394.2760009765625,395.6809594619992,393.5061679518089,394.7956544202573,59297900
2023-04-12,392.6689453125,396.6336706379783,392.08195275810823,396.34496122221753,86420400
2023-04-13,397.8846130371094,398.2406615136449,392.6111662470231,393.75631259262076,85814800
2023-04-14,396.9127502441406,399.443619886818,394.6032215680084,397.2495632394048,78161500
2023-04-17,398.3368835449219,398.3561190896004,395.5943060151768,396.8260563212096,66436400
2023-04-18,398.5967712402344,400.04986273859487,397.22068066969723,399.9151257985286,63560000
2023-04-19,398.5294494628906,399.4339901497687,396.6240728742949,396.6818088890477,55227300
2023-04-20,396.35455322265625,398.1059569841909,394.805225474454,395.709795357126,75840400
2023-04-21,396.6624755859375,397.124363590132,394.70899592221565,396.6528431301023,73457400
2023-04-24,397.0762634277344,397.49968034668166,395.1227837473728,396.4603735939043,64332100
2023-04-25,390.77313232421875,395.6616623087063,390.71539632471433,395.1035084905065,97766700
2023-04-26,389.1180419921875,392.46687746099377,388.5599174310108,391.38909943441206,80447000
2023-04-27,396.8646240234375,397.1340685308111,391.40833604006144,391.65854499949717,92968400
2023-04-28,400.2519226074219,400.26155506482286,395.92154566069996,395.97928167060974,89433100
2023-05-01,399.8477478027344,401.8781992260224,399.61677440898023,399.8092473425676,62122300
2023-05-02,395.3537902832031,399.1837787040956,392.4476367591756,399.13564578414,103998500
2023-05-03,392.6401062011719,398.2696024994155,392.3995296872918,395.85420490253955,91531800
2023-05-04,389.8590087890625,391.91832822239473,388.5213894409254,391.59114772802405,94901900
2023-05-05,397.0762634277344,398.1251732691853,393.2366725239446,393.4964845285171,87891800
2023-05-08,397.18218994140625,397.6633429667236,395.77723133030975,397.40353090526224,50046800
2023-05-09,395.44036865234375,396.55664705489033,395.20942462672946,395.6328415851866,49220100
2023-05-10,397.2880554199219,398.91435498071894,393.4580667995226,398.2792294687583,96142900
2023-05-11,396.5951843261719,396.8838643849846,394.5165998009732,396.4219762908843,70157100
2023-05-12,396.0754699707031,398.04821462684833,393.65046974768575,397.8365061605119,70481500
2023-05-15,397.4419860839844,397.8461381335402,394.7667767427343,396.68175616777665,54289400
2023-05-16,394.7860412597656,397.2591747577228,394.77640880213,396.3353398421656,57705500
2023-05-17,399.5782775878906,400.1845056184392,395.16129716185526,396.80683197926186,87287000
2023-05-18,403.42755126953125,403.850968255046,399.03943829896787,399.26074988190857,97177200
2023-05-19,402.84051513671875,404.86136352045077,401.6183971431854,404.3321069908471,103793300
2023-05-22,403.0041198730469,404.54381527738377,401.6183969458684,402.85977985297563,60745400
2023-05-23,398.4812316894531,402.93671253841774,398.0866827611539,401.358516825221,86383500
2023-05-24,395.5943603515625,397.25916026310097,394.42997834283796,396.8742437459542,89213700
2023-05-25,399.0201416015625,400.4732329300767,396.86458575045214,399.10674560980397,90961600
2023-05-26,404.1877746582031,404.90950419232723,399.5975853933837,399.6745569554337,93830000
2023-05-30,404.3416748046875,406.65120302721357,402.95595199772293,406.12194654378385,72216000
2023-05-31,402.099609375,403.41796403198254,400.5310457347356,402.513393949465,110811800
2023-06-01,405.9198913574219,406.9784337458306,401.0794937409788,402.3304796935779,88865000
2023-06-02,411.78997802734375,412.5790465929496,407.9696222034908,408.49887873292437,91426200
2023-06-05,411.00091552734375,413.4259161757562,410.29842154598526,412.13642960632063,65460200
2023-06-06,411.8958740234375,412.42513062538865,409.932761379412,410.58715183892133,64022200
2023-06-07,410.4715881347656,413.4258744271593,410.0481711705742,412.2903604628489,85373300
2023-06-08,412.954345703125,413.4066306619177,409.76911544531237,410.5389484373123,61952800
2023-06-09,413.6952819824219,415.7064976991499,412.7041081245656,413.7530179844528,85742800
2023-06-12,417.4482727050781,417.52527361997466,413.9551270818145,414.67685648093624,76104300
2023-06-13,420.2005615234375,420.84529012852545,418.247081424966,418.9110749460117,95899700
2023-06-14,420.7008972167969,422.5100370544421,417.2462224703346,420.5373216552151,100612100
2023-06-15,425.9166564941406,427.1676425913594,419.78677175671936,419.88297886631347,110303100
2023-06-16,424.46588134765625,428.474279953013,423.9926092848296,427.904413934663,114165800
2023-06-20,422.2636413574219,423.41304154167295,420.1870041214196,422.52444796434224,76160400
2023-06-21,420.1000671386719,422.0801103736596,419.51086470582334,421.2784425280354,76982300
2023-06-22,421.61651611328125,421.7227488220665,418.80580025695025,419.14386433493524,70637200
2023-06-23,418.4290771484375,420.21596194306784,417.71433502111864,418.1586317913709,92074500
2023-06-26,416.71954345703125,419.781368562751,416.47807329831915,417.8592755318311,72823600
2023-06-27,421.28814697265625,421.90629521825156,417.1445110170716,417.59847607026,72813700
2023-06-28,421.5006103515625,422.5147730975973,419.58815632826764,420.2063045276252,75636000
2023-06-29,423.161865234375,423.32607787868903,420.67957490667465,421.0852281845511,67882300
2023-06-30,428.1554870605469,429.1406745135059,426.05951350289007,426.3782705598957,104964000
2023-07-03,428.64813232421875,428.92821645735074,427.5277073626863,427.8078209721531,32793400
2023-07-05,428.01068115234375,428.7447598513333,426.8226373857692,426.8323056243361,58418400
2023-07-06,424.6590270996094,425.08401688065084,422.1477318870011,424.42722521043544,80658300
2023-07-07,423.5868225097656,427.53729914392636,423.3453524183848,423.664109445752,86134200
2023-07-10,424.6590270996094,424.8328785164898,422.6596473764828,423.2295133382579,62443500
2023-07-11,427.36346435546875,427.85607282742535,424.44651594855435,425.4220646553444,64463800
2023-07-12,430.8020324707031,432.2122392972248,429.729919208418,431.15943303446664,91924500
2023-07-13,434.2212829589844,435.0133121303779,432.1832890285731,432.61791761555475,72425200
2023-07-14,433.9508056640625,435.9598242076378,433.18775178790105,435.1098740968055,69815800
2023-07-17,435.4575500488281,436.51035622999115,433.75759097947645,433.80590268905246,52680200
2023-07-18,438.6932678222656,439.3403912522435,434.69450839296843,435.1291664096603,80668200
2023-07-19,439.6688232421875,440.85683741354967,438.61598753921226,439.4853035858035,65891700
2023-07-20,436.7518005371094,439.5721843285478,436.0370584598877,438.67392261371555,70591600
2023-07-21,436.7518005371094,438.67392261371555,436.7421617768301,438.4710665028841,71275600
2023-07-24,438.7029113769531,439.51424741630717,436.86771494424903,437.90121409817567,54023400
2023-07-25,439.9006042480469,441.156237070321,438.3841648336445,438.4324765430136,55191200
2023-07-26,439.96826171875,441.39774607749916,437.91093141721467,438.9637376866275,71052900
2023-07-27,437.0513000488281,443.7641819600167,436.1433699333953,443.35849914141073,92194400
2023-07-28,441.3301696777344,442.1608128318353,437.0512962860115,440.3256456163928,80011800
2023-07-31,442.17041015625,442.5277811990183,440.48975816470266,441.80337087675883,62040400
2023-08-01,440.90509033203125,441.6488076196604,439.94884870355924,440.7022342274986,55291500
2023-08-02,434.7718200683594,438.0461398306252,434.0184344125547,437.7853626915781,93933400
2023-08-03,433.5258483886719,435.4093273640729,432.1060027164115,432.75315569310766,64276100
2023-08-04,431.5650634765625,437.44727217935485,431.0434797536367,435.3416597654818,100128900
2023-08-07,435.33197021484375,435.4865146243049,432.7047742066685,433.4002093110776,58357500
2023-08-08,433.43890380859375,435.32238270202885,430.07762882885913,432.7917508600607,71361300
2023-08-09,430.541259765625,433.87355948928627,429.77820586959297,433.7093468244431,78789600
2023-08-10,430.6958312988281,436.28828834846206,429.5271240006527,432.89803793591824,93005500
2023-08-11,430.4446105957031,431.45880273974404,428.22309738246776,428.8219385368356,68690900
2023-08-14,432.8207702636719,432.8207702636719,429.21805425124865,429.5271431380979,47867400
2023-08-15,427.77880859375,431.4008602977152,427.2089131864871,431.04345976947155,75707500
2023-08-16,424.6397399902344,429.0248164729432,424.53347780183003,427.36350074460506,80107200
2023-08-17,421.404052734375,426.3686636613096,420.8824689600864,426.10788651233355,95711300
2023-08-18,421.6068420410156,422.6403412596287,418.2359284981317,418.58363133261804,98852000
2023-08-21,424.3499755859375,425.09369303000517,420.4671462190992,422.6210410735604,68719000
2023-08-22,423.20062255859375,426.12723989880345,422.64042472251566,426.12723989880345,64994200
2023-08-23,427.9140319824219,428.53220964419495,424.1181287339091,424.263004912033,68441000
2023-08-24,421.98358154296875,430.0293538199984,421.95457682823127,429.51743829068363,88517300
2023-08-25,424.95849609375,426.2431043443279,420.15806824986475,423.712501844876,102325100
2023-08-28,427.6532897949219,428.27143803085545,424.95847475635645,427.15101303461915,61595400
2023-08-29,433.83489990234375,434.1150135078099,427.3634885979469,427.5470082557006,83081900
2023-08-30,435.6217956542969,436.25928035352985,433.4678714194492,434.17297483140425,69053900
2023-08-31,434.98431396484375,437.3796788770793,434.8007943012341,436.2399468961714,66084600
2023-09-01,435.7956237792969,438.1910180232257,434.3371347964679,437.7080777747482,58944100
2023-09-05,433.9121398925781,435.670049450585,433.8445506606034,435.35132185994263,55166200
2023-09-06,430.99517822265625,433.2070527201014,428.66740278671307,433.1007905422567,70758500
2023-09-07,429.6719970703125,430.34809581436866,427.6436418854697,427.991344757898,70355400
2023-09-08,430.3191223144531,431.8548689598933,429.36290993507305,429.7202810475146,61659700
2023-09-11,433.149169921875,433.4582293140434,431.2367157088773,432.94631377147886,60180100
2023-09-12,430.7731018066406,433.2264469118444,430.1935969975154,431.70036845391746,67565400
2023-09-13,431.27532958984375,432.4343685526933,429.8940980148542,430.99521597971284,60199300
2023-09-14,434.9939270019531,435.6893621396805,432.4440178145085,433.747962382289,83430800
2023-09-15,429.75299072265625,433.73677769771734,429.31682909931095,433.4072234999764,111848900
2023-09-18,430.0050048828125,431.303846542474,428.9678601910398,429.4428015854583,55752200
2023-09-19,429.1132507324219,429.675454034148,426.42833506959016,429.0841732913192,66514600
2023-09-20,425.1683349609375,430.79019131325117,424.9647632633325,430.3734047367829,82562600
2023-09-21,418.14093017578125,422.58025371246634,417.98584063306095,422.31855674804774,104095800
2023-09-22,417.2007751464844,420.7677463582612,416.78395900410345,419.16842775985725,100829700
2023-09-25,418.95513916015625,418.993889361631,415.55293063128704,415.9891218304828,70874500
2023-09-26,412.8001708984375,416.6191660672769,411.96656825523684,415.91157553365485,96168400
2023-09-27,412.9649353027344,414.5352059296986,409.32043434886083,413.97300260416256,104705800
2023-09-28,415.3591003417969,417.0359784928409,411.8212066146307,412.4124874162186,92258300
2023-09-29,414.35107421875,418.5868563011905,412.82928558629357,418.4123916323294,115111300
2023-10-02,414.1861877441406,415.4365767461094,411.42371279666224,413.51737708589945,83798600
2023-10-03,408.6419372558594,414.2444181473067,407.27523825202337,412.00536625897985,103760600
2023-10-04,411.61761474609375,412.3639554385422,407.6435302591631,409.10716378388844,87453000
2023-10-05,411.46258544921875,412.3058609268304,408.23487076244464,411.3268709869175,70142700
2023-10-06,416.3477783203125,417.8889419596687,407.68234534407696,409.01026454136644,113273300
2023-10-09,419.0133056640625,419.5851817448939,413.89546879833836,414.44794019758774,80374400
2023-10-10,421.1942443847656,423.7919280682824,419.2459668319729,419.643378299873,78607300
2023-10-11,422.9195861816406,423.17158085104415,419.8760088222951,422.26047769195304,62451700
2023-10-12,420.34124755859375,423.90821868639375,417.9858858829249,423.5302119190894,81154200
2023-10-13,418.2475891113281,423.0455744454242,416.6773479708049,421.8436377363804,95143100
2023-10-16,422.6481628417969,423.7143850912576,420.25402134631616,420.49634324027045,75433200
2023-10-17,422.6287536621094,424.6836681484373,419.1684195342952,419.5173488593283,75324700
2023-10-18,416.99713134765625,421.81449099292604,415.9115341735624,420.8549059158796,93559800
2023-10-19,413.33331298828125,419.5270750829903,412.65482940199,417.7145119651641,121323000
2023-10-20,408.2541809082031,413.4398746497076,408.14754390760345,412.8970760474875,123919900
2023-10-23,407.5466613769531,411.4141390664612,404.9683527773846,406.72276099004836,92035100
2023-10-24,410.6192932128906,411.7727477741345,407.8180379697815,409.6693807564813,78564200
2023-10-25,404.7259826660156,408.9617938766799,404.21226147565824,408.93271643497314,94223200
2023-10-26,399.87957763671875,404.512771066671,398.9587721877273,403.65982284727204,115156800
2023-10-27,398.0669860839844,401.8666061249316,396.64213226616755,401.46919469761593,107367700
2023-10-30,402.8262023925781,403.88272225418063,399.5597081383843,400.85854988329856,86562700
2023-10-31,405.3560485839844,405.67590044700427,401.48857130380884,403.39806888205027,79665200
2023-11-01,409.6790466308594,410.49324455803196,405.79219440086933,406.32532025886866,98068100
2023-11-02,417.5303039550781,417.68539350879695,413.4592845158063,413.4786596174057,94938900
2023-11-03,421.339599609375,422.8904655764815,419.71120365505175,419.8372157670484,100167800
2023-11-06,422.30889892578125,422.75476292041225,420.36062146659094,422.0956544795997,67831700
2023-11-07,423.5108337402344,424.15056712063193,421.1651742590875,422.30892655420246,64256100
2023-11-08,423.82098388671875,424.6351818841711,421.5140747704494,424.11175832141294,61746000
2023-11-09,420.5156555175781,425.0034610559801,420.08916668151153,424.9646812762545,83174400
2023-11-10,427.07769775390625,427.38787681438004,420.5059305091716,422.58992203773363,89462200
2023-11-13,426.6706848144531,427.7756572288507,424.9550565166978,425.7401770580696,52236100
2023-11-14,434.94842529296875,436.23756475568536,432.3894918898645,432.612438681597,97176900
2023-11-15,435.86920166015625,437.51700226405256,435.01622391603615,436.28598819138983,77327600
2023-11-16,436.40234375,436.72219562577186,434.3571316402488,435.42335386000235,66665800
2023-11-17,436.9451904296875,437.55584638539665,435.49125894668924,436.41206447106777,83133200
2023-11-20,440.3085632324219,441.1518386514175,436.6834077524104,436.69311009341754,69936200
2023-11-21,439.3489074707031,440.18251005122386,438.0791432901761,439.2616751507019,49244600
2023-11-22,441.0451965332031,442.3634429416601,439.94992648347943,441.0064463302394,59394900
2023-11-24,441.31658935546875,441.51045868866237,440.7641179584505,441.09367216063396,29737400
2023-11-27,440.5218200683594,441.5007803874619,440.13408138085987,440.68658238826873,50506000
2023-11-28,440.95794677734375,442.2567884526749,439.5718727783306,440.13404650216097,62115000
2023-11-29,440.6478271484375,444.24390548723534,440.2504452581405,443.10982596571546,63146000
2023-11-30,442.3828125,442.7317713844543,439.4167950935211,441.491084558086,79752700
2023-12-01,444.99993896484375,445.53303530779465,441.18094348970146,441.77219472169025,89183400
2023-12-04,442.6639099121094,445.019271433423,440.3860783753154,441.60739008872554,72430900
2023-12-05,442.5766906738281,443.5362758597069,440.8998126034742,441.2778489374918,69793500
2023-12-06,440.7931823730469,444.74786226267736,440.35699117640615,444.7187848215884,69124700
2023-12-07,444.15667724609375,444.8060833872283,442.2762568948173,442.87721048702326,66995400
2023-12-08,446.066162109375,446.59925845337557,443.167972091833,443.4102939900714,83194400
2023-12-11,447.8011474609375,447.97564170163525,445.358553474564,445.5717979195869,65002200
2023-12-12,449.8464050292969,449.94333971052043,446.45389824865407,447.4522633466022,68327600
2023-12-13,456.04974365234375,456.30176785417245,449.8656850098202,450.2243166322346,93278000
2023-12-14,457.5133972167969,459.1805728813377,454.83815428105993,457.9883386207796,119026000
2023-12-15,456.7601013183594,458.0934340813363,454.9109942306135,456.9158196636758,141553700
2023-12-18,459.32940673828125,460.31236579340026,457.30512766166345,458.36593103885957,70375300
2023-12-19,462.1225280761719,462.2004020971749,459.7965540277921,459.8743983485583,55761800
2023-12-20,455.71881103515625,463.15417688283,455.2905929826461,461.26613266046417,102921000
2023-12-21,460.0399169921875,460.3124166999498,456.2832820563495,458.7065840896728,86667500
2023-12-22,460.9644470214844,462.64812393044707,459.06669078214355,461.16881437336167,67160400
2023-12-26,462.9108581542969,463.8159432234597,461.2953136791012,461.373187704544,55387000
2023-12-27,463.7478332519531,463.8938099220547,462.1712258143802,462.7064835048319,68000300
2023-12-28,463.9230041503906,464.75995685713684,463.5045277970175,464.1079178321579,77158100
2023-12-29,462.5799255371094,464.2538605283432,460.6237492048473,463.7283148554509,122283100
2024-01-02,459.9912414550781,460.9839423046435,457.88908810923715,459.51437438828117,123623700
2024-01-03,456.2345886230469,458.57030441924957,455.6311985932203,457.8306496986943,103585900
2024-01-04,454.7649841308594,458.346416709132,454.5411334571291,455.75765509650716,84232200
2024-01-05,455.3879089355469,457.84040614563645,453.93779478135224,454.96940287212124,86118900
2024-01-08,461.8890075683594,462.0349842457667,455.7577198150965,455.884242835596,74879100
2024-01-09,461.1882629394531,462.21012932199153,458.72602412321226,459.2320864754785,65931400
2024-01-10,463.7965087890625,464.66268658164086,461.1785514545196,461.4607928330298,67310600
2024-01-11,463.5921325683594,465.3147167416708,459.6116768106503,464.7989126874992,77940700
2024-01-12,463.91326904296875,465.7818595429952,462.502121615046,465.04220480544996,58026400
2024-01-16,462.2101135253906,463.84511156166917,460.3902018147457,462.531291886232,85014900
2024-01-17,459.640869140625,460.1274778564824,457.28566988777015,459.18345575970955,68843900
2024-01-18,463.7283630371094,464.28310409945385,459.7673906749951,461.314802822399,91856200
2024-01-19,469.5092468261719,469.7914881784232,463.7770119836413,464.85726900395974,110834500
2024-01-22,470.5019836425781,472.22456782073624,469.8499148891261,471.0469830334159,75844900
2024-01-23,471.87420654296875,472.1175109095896,469.9569966462272,471.04699545665005,49945300
2024-01-24,472.3900146484375,475.6794645582401,471.8936642634199,474.745184157241,81765000
2024-01-25,474.9592590332031,475.2317587014155,472.38998069009165,474.52129934846636,72525000
2024-01-26,474.3558654785156,476.02005880762255,473.50917114792156,474.5310374710035,76641600
2024-01-29,478.1125183105469,478.2585246858996,474.12235058965683,474.66734997690736,61322800
2024-01-30,477.7427062988281,478.4531359964777,476.983568210537,477.421527922976,58618400
2024-01-31,469.9472351074219,475.98116532447904,469.9277517507619,475.5334936248827,126011100
2024-02-01,476.09796142578125,476.1271567596163,470.8425637335658,471.65035080339914,91891600
2024-02-02,481.1100769042969,482.76452883359946,476.1953107107944,476.5359427757288,99228200
2024-02-05,479.3582458496094,481.1392504253947,477.1004039249224,480.4774696836803,75757100
2024-02-06,480.7499084472656,481.0807987761819,478.87157642395977,480.3022070902884,55918600
2024-02-07,484.7596130371094,485.17808940845316,482.0929770540646,482.9980918458816,70556500
2024-02-08,484.9737243652344,485.3532637246949,483.9421162494583,484.759615339305,52343600
2024-02-09,487.776611328125,488.2145413726089,485.1391705814137,485.47980263839474,63979400
2024-02-12,487.56243896484375,490.0149359961155,486.84223792928447,487.747352637465,56502300
2024-02-13,480.8472595214844,483.776653518952,477.5772631803255,481.28521924942925,113099200
2024-02-14,485.2170104980469,485.703619202311,481.1586808363787,483.48468469887587,68387800
2024-02-15,488.56488037109375,488.74979405458623,485.4408311080291,485.91772783399097,61683000
2024-02-16,486.1318359375,489.4018321652925,485.39218120492103,488.26318443249403,75532900
2024-02-20,483.45550537109375,485.06130820828355,481.20737545898015,484.3897857981468,71736700
2024-02-21,483.8934631347656,484.0491814982397,480.3412252124708,482.15142520014626,59293400
2024-02-22,493.9078674316406,494.87134322560775,489.5478424615369,490.51134795574427,76402500
2024-02-23,494.24847412109375,496.4674086571224,493.51856105397593,495.6304262293698,61321800
2024-02-26,492.43829345703125,495.12438315275733,492.3117704350963,494.6864234153272,50386700
2024-02-27,493.35308837890625,493.57693907250416,491.23148157958644,493.1292673855463,48854500
2024-02-28,492.70111083984375,493.2850175912481,491.4359102445704,491.7959959746836,56506600
2024-02-29,494.4723205566406,496.0878651256629,491.81545586381117,494.4626085780751,83924800
2024-03-01,499.11456298828125,499.54278105732834,494.93948136543304,495.3482457768837,76844800
2024-03-04,498.57928466796875,500.4284215717115,498.2873313148722,498.3165563504212,49799300
2024-03-05,493.59637451171875,497.02211863397577,491.3871817921508,496.57441726330285,72855600
2024-03-06,496.09759521484375,498.3554668272533,494.8032290742474,496.8761572948693,68382400
2024-03-07,501.0221252441406,502.0732168317548,496.1560374872967,499.39686856549065,58652100
2024-03-08,498.0148010253906,504.34068432238394,497.4406063327474,501.6546542384204,86532500
2024-03-11,497.5866394042969,498.17057584105015,494.8810959575729,496.8080772887865,62557200
2024-03-12,502.93939208984375,503.5232988574305,497.1779014473905,499.69856102852447,73114400
2024-03-13,502.1509704589844,503.43562459877114,500.7106276661075,503.2604525888654,55104100
2024-03-14,501.1582946777344,503.27990140830235,498.1121195690471,503.1241533654222,110171800
2024-03-15,497.71710205078125,499.5426983558434,496.04773772547895,498.08807852140865,107646300
2024-03-18,500.675048828125,503.2327960119457,500.2650442068728,501.7879780994152,88893300
2024-03-19,503.4573669433594,503.7404554386333,498.9763936514032,499.9819506807113,60755300
2024-03-20,508.114013671875,508.2507017437704,502.8423468084039,503.5159556369905,69594600
2024-03-21,509.79327392578125,511.65786879307296,509.51012578372485,510.9550035818572,60256100
2024-03-22,508.82672119140625,510.19342318455074,508.59237324097523,509.7053025616341,79070800
2024-03-25,507.4208679199219,508.5728252956552,507.2646359725173,507.45012416941677,48512100
2024-03-26,506.48370361328125,509.1879108526766,506.0834709315648,508.84619067556724,65463700
2024-03-27,510.7401428222656,510.77923060858313,507.1475819984231,509.3148686626399,82999800
2024-03-28,510.64251708984375,512.1459071621757,510.359428578344,510.7792051650659,96294900
2024-04-01,509.7541198730469,511.92140649600015,508.59239036798215,511.38448570971826,62477500
2024-04-02,506.5130615234375,506.6496900205949,504.20908677438206,505.9272809933223,74230300
2024-04-03,507.06939697265625,508.5728465002203,505.370746880242,505.41954702145455,59155800
2024-04-04,500.8801574707031,511.42355215213394,500.57752503507555,511.08189151305373,96858100
2024-04-05,506.1126708984375,508.0749250607822,501.7977018812348,502.23702229721215,74546500
2024-04-08,506.3958740234375,507.82120781564623,505.58563662088517,506.8157102301138,48401800
2024-04-09,506.98162841796875,508.3776462974431,502.1296782746543,508.13358597756917,68049200
2024-04-10,501.90509033203125,503.8966008078219,499.9233518012494,501.2802817017724,82652800
2024-04-11,505.6929016113281,507.13771940586537,499.9135708481498,503.42801505622447,70099000
2024-04-12,498.71282958984375,503.56474960986543,496.9848635757255,502.14918793409277,92561100
2024-04-15,492.4649353027344,503.0571295651305,491.61558034670605,502.89118522807627,92101400
2024-04-16,491.5667419433594,494.4661795680653,490.27809637848605,492.94324564322153,73484000
2024-04-17,488.65753173828125,494.1928325755386,487.26151394107353,494.0268584590965,75910300
2024-04-18,487.6520080566406,492.15249561510325,486.71482481856754,490.0535829309475,74548100
2024-04-19,483.3956298828125,488.56969668668467,482.1264983587833,487.57394131853926,102212600
2024-04-22,487.8473205566406,490.4441260798556,483.65923689240304,486.00221013520326,67961000
2024-04-23,493.6363830566406,494.0659315908711,487.6617913619136,489.85833417865257,64633600
2024-04-24,493.4020690917969,495.3154935043147,491.17624034467946,494.5247405147149,55928100
2024-04-25,491.52764892578125,492.28911583394023,485.67020200378414,487.32005193688127,69122400
2024-04-26,496.18438720703125,497.7658932650639,493.6852119906925,494.3197628446228,64306100
2024-04-29,497.9416198730469,498.61522873285696,495.1983842873063,497.97090591945084,46415400
2024-04-30,490.0535888671875,497.45348436502843,490.0535888671875,496.4772431240589,77483600
2024-05-01,488.4623107910156,496.1160385437577,487.9937042701267,489.4678380773352,80242800
2024-05-02,493.0310974121094,493.8706803453591,487.6812848525579,492.1720003799534,62550200
2024-05-03,499.14239501953125,500.372438730604,496.47724569258963,499.01547889074567,72756700
2024-05-06,504.29693603515625,504.3359642334882,501.1046081667102,501.54392863434595,47264700
2024-05-07,504.8533935546875,506.2494113345479,504.1797847364997,505.2633981790086,52561300
2024-05-08,504.90216064453125,505.439081357784,502.90087821239047,503.01802238309904,42047200
2024-05-09,507.81134033203125,507.8504281122988,504.43358410061904,505.08764898476056,43643700
2024-05-10,508.46551513671875,510.22273745681827,507.2452135831723,509.4124405414531,52233200
2024-05-13,508.53375244140625,510.2519464031073,507.391566976992,510.1445741767588,36716400
2024-05-14,510.8670349121094,511.3844713761404,508.19214341702855,508.72906418826113,57535900
2024-05-15,517.193115234375,517.4859756907869,512.7023697575905,513.3369504006804,59504900
2024-05-16,516.1289672851562,518.8917465910545,515.9825072697596,517.2906967075278,50244800
2024-05-17,516.870849609375,516.9391936348987,514.7914513506761,516.2460410203236,59187600
2024-05-20,517.4664306640625,518.930792527948,516.5975616577482,516.9880819887991,37764200
2024-05-21,518.7355346679688,518.8917666350982,516.4999636631139,516.7049957755823,33437000
2024-05-22,517.2418823242188,518.7550442398426,515.064823969773,518.0424072439434,48390000
2024-05-23,513.4638671875,520.4049281460258,512.2532779910508,520.2975559093766,57211200
2024-05-24,516.8612670898438,517.671564163704,514.3620914027401,515.3090169926944,41291100
2024-05-28,517.2223510742188,517.9057318355667,514.5864879004678,517.6714434796838,36269600
2024-05-29,513.6005249023438,514.7817983278129,512.8878878194378,513.1905202395113,45190300
2024-05-30,510.1934814453125,512.7219727781743,508.9439234921737,512.0581358054062,46377600
2024-05-31,514.8402709960938,514.967187107586,506.04432903435765,511.15011057316815,90785800
2024-06-03,515.2601318359375,516.7342656913833,510.18366530067414,516.4511771729021,46835700
2024-06-04,515.8361206054688,516.5780734778808,512.4876203186922,513.9519821715993,34632700
2024-06-05,521.966796875,521.9863407636332,516.1679225284454,518.1594924481877,47610400
2024-06-06,521.9571533203125,522.6991062505612,520.0242145910106,522.2695576901561,30808500
2024-06-07,521.3226318359375,524.1342115774243,519.8875261250549,520.980911626184,43224500
2024-06-10,522.9334106445312,523.2555869709606,519.9168582676467,520.5123511854081,35686100
2024-06-11,524.1927490234375,524.2513211148034,519.4091430834137,521.3811694677967,36383400
2024-06-12,528.4979858398438,531.1924214122917,527.4631724257194,528.7615900630306,63251300
2024-06-13,529.56201171875,530.4211086780596,526.7699763935087,530.2453924252503,44760900
2024-06-14,529.8842163085938,529.9134725597781,527.0237772162169,528.0293342324846,40089900
2024-06-17,534.1015625,535.4976399183048,528.7420075865693,529.2008719569648,55839500
2024-06-18,535.4585571289062,535.585473259027,533.7403629842298,534.16013957423,41376400
2024-06-20,534.0039672851562,537.0498352385172,532.2272010481894,536.385998334327,70328200
2024-06-21,533.2879638671875,534.404483453128,531.8286814958426,533.1802452520325,64338600
2024-06-24,531.554443359375,535.6776992949467,531.4369212698475,533.1117007115007,45528700
2024-06-25,533.6015014648438,533.9638712753774,531.2607431275164,532.7787868983022,37936200
2024-06-26,534.2674560546875,534.9823921713983,531.8385861304241,532.4849577215607,38550600
2024-06-27,535.109619140625,535.6874858769653,533.3858821788883,534.1302285739343,35041500
2024-06-28,533.0039672851562,538.9391321933387,531.7601817698417,535.8833782760337,76144500
2024-07-01,534.1009521484375,534.6298016081159,531.3390631933655,534.3849539324244,40297800
2024-07-02,537.6953125,537.6953125,532.4457925507478,532.4947501316359,40434800
2024-07-03,540.0948486328125,540.457218430894,537.3427629954197,537.381917105902,32789900
2024-07-05,543.2093505859375,543.6108745288857,539.7618756957023,540.3985036534809,41488400
2024-07-08,543.8361206054688,544.786100933334,542.7685583933277,543.9927968223914,36110500
2024-07-09,544.3649291992188,545.6968861634513,544.0711239537649,544.795863484972,27289700
2024-07-10,549.7515869140625,550.0943497431794,545.2953712492263,545.5891764995068,38701200
2024-07-11,545.0114135742188,550.7408860444369,544.3748453734889,549.8692138214072,53054200
2024-07-12,548.4490966796875,552.0532479931339,545.667660018472,546.1377485184462,53084400
2024-07-15,549.957275390625,553.1990561394715,548.0964091939553,550.4469707289841,40584300
2024-07-16,553.2185668945312,553.5123721227574,550.5154392403327,551.2695891404957,36475300
2024-07-17,545.4618530273438,548.9582849622979,545.1386373621594,547.2835053633577,57119000
2024-07-18,541.27001953125,547.9886849352189,539.0859974733345,546.9994907975359,56270400
2024-07-19,537.6757202148438,542.6608454522978,536.6179614633988,541.0350233261719,65509100
2024-07-22,543.218994140625,543.8262115013138,539.6638016510004,541.6029758172482,43346700
2024-07-23,542.3670043945312,545.2659625762393,541.8773090500791,543.111291105197,34439600
2024-07-24,530.0756225585938,537.8519873002513,529.1549928867055,537.5483785668235,74515300
2024-07-25,527.313720703125,536.177254363603,526.3735438881854,530.1931317534066,61158300
2024-07-26,533.219482421875,535.9128068838628,530.3302678617441,531.1040247828195,53763800
2024-07-29,533.5327758789062,535.7755585937316,531.5347810106975,534.7668174675641,39515800
2024-07-30,530.8297729492188,536.059745722708,527.4215123549488,535.0019870020752,46853600
2024-07-31,539.458251953125,542.0928156342903,536.2948387521341,537.665950025587,65663400
2024-08-01,531.8189086914062,543.4344670666311,528.3126735436618,541.1818806021787,76428700
2024-08-02,521.9173583984375,525.9230331199286,517.7059303208597,524.7085981454201,82789100
2024-08-05,506.7171325683594,512.7893664733926,499.75364959699385,501.0954398761734,146267400
2024-08-06,511.38885498046875,518.8322000557341,507.19703427938214,508.5191877541787,84826300
2024-08-07,507.9707336425781,520.6343074860769,507.3733196862517,517.5785536304185,70698300
2024-08-08,519.7138061523438,520.3405708990082,511.08537469523543,513.112661258743,63276600
2024-08-09,522.0054321289062,523.4941251002426,517.6667385635127,518.8909769209239,45619600
2024-08-12,522.2796630859375,524.6889257907327,520.0074696393324,523.2002926739822,42542100
2024-08-13,530.8689575195312,531.1040615199245,525.2277168327499,525.4725645280489,52333100
2024-08-14,532.543701171875,533.728785456597,528.9885080949739,531.6622256176499,42446900
2024-08-15,541.6715698242188,541.9555715802455,537.567920792545,538.1751381862979,60846800
2024-08-16,542.8860473632812,543.5814362683599,539.8989177341498,540.0555939415091,44430700
2024-08-19,548.0767211914062,548.0767211914062,542.4452256331724,543.2972906137162,39121800
2024-08-20,547.185546875,549.2814571312036,545.8437865187526,547.6262846058479,33732300
2024-08-21,549.0661010742188,550.5253838963663,543.2974745420673,548.2336427512126,41514600
2024-08-22,544.7567138671875,551.5732952522009,543.5422788578662,550.9660777475402,56121500
2024-08-23,550.5448608398438,551.4850973665338,545.8045838781815,547.9984691071246,50639400
2024-08-26,549.2325439453125,552.2882384520825,547.5284135216066,551.5733022984582,35788600
2024-08-27,549.9866943359375,550.4763897351174,546.8134777136145,547.9593482100599,32693900
2024-08-28,546.7938842773438,550.0748793992682,543.601060631449,549.6439450462528,41066000
2024-08-29,546.8428344726562,552.0630042239653,545.6969639633883,548.7624619787401,38715200
2024-08-30,552.06298828125,552.5722906161151,545.6577940930898,549.212987410433,62700100
2024-09-03,540.7020263671875,549.2520879225416,538.18498513228,548.9190687874888,60600100
2024-09-04,539.5953369140625,543.0035975400444,538.1360542845994,538.8607938634791,47224900
2024-09-05,538.2828369140625,542.3864857940848,535.8245570186228,539.5364855369387,44264300
2024-09-06,529.2235717773438,540.2319142524223,528.3225490242058,538.6061519080256,68493800
2024-09-09,535.14892578125,536.4221817026793,531.4958170549409,533.425248105456,40445800
2024-09-10,537.4797973632812,537.8324234437913,532.1813200114981,537.0586665381934,36394600
2024-09-11,542.9937744140625,543.9144040618945,528.8318231688719,537.3916883108078,75248600
2024-09-12,547.567626953125,547.87123570908,541.348459526308,543.5716957640475,51819600
2024-09-13,550.4273681640625,551.4263657909838,547.9201304028155,548.1747815451495,39310500
2024-09-16,551.240234375,551.5046291897925,548.3608236054457,550.1628688432331,36656100
2024-09-17,551.465576171875,554.9032473896473,549.2325364902464,553.4537083801224,49321000
2024-09-18,549.8299560546875,556.9696926491016,549.2716961893568,552.1216967889254,59044900
2024-09-19,559.2124633789062,561.0733295553275,556.3722663136862,559.2418737919741,75315500
2024-09-20,558.2457885742188,559.2871245583524,555.219996107625,557.843033129673,77503100
2024-09-23,559.6407470703125,560.2891611214185,558.0983802646348,559.3166000053709,44116900
2024-09-24,561.2421264648438,561.3010677532865,557.6072537825559,560.4365555490466,46805700
2024-09-25,560.0042724609375,561.8217386948093,558.8941616149112,561.0849426444706,38428600
2024-09-26,562.2245483398438,564.5921534543987,559.8668367278948,564.2679463720303,48336000
2024-09-27,561.4090576171875,564.1106429805404,560.377555197848,563.2952985697877,42100900
2024-09-30,563.6588745117188,564.2679545173111,558.0788790007499,560.3776493545987,63557400
2024-10-01,558.6093139648438,563.9535439565005,556.035444442894,563.3051897855821,72668800
2024-10-02,558.8450317382812,559.8667605957481,555.3182683616095,557.7153138155387,38097800
2024-10-03,557.8234252929688,559.7685478192003,555.5344286086627,557.3715020969081,40846500
2024-10-04,562.8924560546875,563.2657708110322,558.0983654622065,562.2735426407796,42939100
2024-10-07,557.8037719726562,561.8905680396737,556.6543868115797,561.2421538745174,49964700
2024-10-08,563.0791625976562,563.6784689445017,559.5032914013763,560.3775771285751,37398700
2024-10-09,566.979248046875,567.5392201781847,562.4700303371761,563.0692766676514,37912200
2024-10-10,565.987060546875,567.411544847049,564.375918856187,565.6334128471475,44138100
2024-10-11,569.3763427734375,570.1131388058892,565.7709110163313,565.9084606662699,42268000
2024-10-14,574.0328369140625,574.9661238038994,570.5060138126606,570.9873775872582,36217200
2024-10-15,569.5728759765625,574.6027324678581,568.3546560789198,574.2981924836022,54203600
2024-10-16,572.0484619140625,572.5691599226542,568.767296964022,569.57286786976,30725400
2024-10-17,572.0975341796875,575.8011814159861,571.9108767867559,575.5948569414992,34393700
2024-10-18,574.2981567382812,575.0840605235142,572.3235337539761,573.787292295603,37416800
2024-10-21,573.3550415039062,574.5535342943244,570.378356688641,573.5711395635755,36439000
2024-10-22,573.0504760742188,574.2096946097226,570.1622332957213,570.8204209471064,34183800
2024-10-23,567.8143310546875,571.4688706983893,564.3071746074978,571.0267810694698,49314600
2024-10-24,569.0423583984375,569.8479293354313,566.4193810527883,569.7693209618997,34979900
2024-10-25,568.8457641601562,574.1703862188206,567.9027036914881,571.2723100723214,47268200
2024-10-28,570.6043701171875,572.4512770786239,570.299830137409,572.3235609618828,30174700
2024-10-29,571.5277709960938,572.6476553589258,568.2465463889694,569.6415300427301,42899700
2024-10-30,569.798828125,573.0505525749719,569.0914726763393,571.0562623128328,41435800
2024-10-31,558.6290283203125,565.4959588071013,558.4325373559277,565.4271839715354,60182500
2024-11-01,560.9866333007812,565.4172428761593,560.5740443264921,561.2617325907157,45667500
2024-11-04,559.7783813476562,562.4210257711015,557.8922001113365,561.1242574334378,38217000
2024-11-05,566.5470581054688,566.586332309216,560.4758658123077,560.6919638738422,39478300
2024-11-06,580.6345825195312,581.508928254242,575.0840880526238,578.8270097230293,68182000
2024-11-07,585.1241455078125,586.145874462509,582.5601095007273,582.6387178727699,47233200
2024-11-08,587.6588134765625,589.0832980878612,585.674356571417,585.674356571417,46444900
2024-11-11,588.2186889648438,589.6038391769904,586.4896646144927,589.2501914582232,37586800
2024-11-12,586.3914794921875,588.7393574916656,583.9059918696842,588.1401110548398,43006100
2024-11-13,586.6763916015625,588.6804555395651,584.4856702408568,586.8532154819194,47388600
2024-11-14,582.9039306640625,587.2854330583992,582.2163022724781,586.804069200042,38904100
2024-11-15,575.437744140625,579.8094129170865,573.5810036102117,579.3378226480269,75988800
2024-11-18,577.7955322265625,579.1119076957027,575.0350052053479,575.8994574754852,37001700
2024-11-19,579.9076538085938,580.6346163861505,573.7480790226593,574.4161003090796,49412000
2024-11-20,580.1041870117188,580.389059946187,574.3375337598663,579.9863044208611,50032600
2024-11-21,583.21826171875,584.6427460672937,577.1077952881657,582.953055915256,46750300
2024-11-22,585.02587890625,585.6546259064262,582.7074417987914,583.2084127301733,38226400
2024-11-25,587.0103149414062,590.2816460152659,584.7213185752529,588.965270737662,42441400
2024-11-26,590.075439453125,590.7434606979054,587.5408441710033,588.2579731618996,45621300
2024-11-27,588.2874145507812,590.2718110026187,586.7647148108081,589.8887226529953,34000200
2024-11-29,591.94189453125,592.7277982726248,588.827720226239,589.1027595534448,30177400
2024-12-02,593.0029296875,593.6807844427898,591.8633182342458,592.354515594293,31746000
2024-12-03,593.2779541015625,593.5235527754064,591.735647195163,592.7671496331845,26906600
2024-12-04,596.9619750976562,597.2075737883222,594.2997236656325,594.9677449089698,42787600
2024-12-05,595.9796142578125,597.7675800229049,595.6259665136723,596.9620090763937,28762200
2024-12-06,597.1093139648438,598.3471408675985,596.3332437457798,596.7458327264936,31241500
2024-12-09,594.034423828125,597.1584317989794,593.445010988573,596.9914414878755,34742700
2024-12-10,592.1875,595.1346840344664,591.5293123546073,594.7122615181331,37234500
2024-12-11,596.7655639648438,597.7184581352288,594.8400485801485,595.115147903942,28677700
2024-12-12,593.690673828125,596.4708079758578,593.690673828125,595.9010621562538,31543800
2024-12-13,593.5728149414062,596.4413911194437,592.197438164754,595.7242620650901,35904700
2024-12-16,596.1072998046875,597.0799209921157,594.5551592425911,595.3312295236393,43695200
2024-12-17,593.6513671875,594.5158794594372,592.2760503625989,593.553151685944,55773500
2024-12-18,575.9584350585938,595.7339866328443,575.5752867073982,593.3467745348553,108248700
2024-12-19,575.781494140625,582.5600413718613,575.5358954722558,580.948899716812,85919500
2024-12-20,582.6973266601562,587.2315284125533,572.6036951737447,573.451443984787,125716700
2024-12-23,586.1865844726562,586.7878476994515,579.2570769218985,582.440932357683,57635800
2024-12-24,592.7020263671875,592.7414929129372,586.9553724289615,587.5369625170155,33160100
2024-12-26,592.7415161132812,593.8651696252028,589.5281209545966,590.9277996479015,41219100
2024-12-27,586.5020751953125,589.2324867459512,582.3128451341881,588.9958679237085,64969300
2024-12-30,579.80908203125,583.2787692142718,576.0535631828352,579.4838439796579,56578800
2024-12-31,577.69970703125,582.1945015590405,576.0634095440413,581.4748988586764,57052700
2025-01-02,576.2803344726562,582.6775253068124,572.1995172748154,580.9624149327,50204000
2025-01-03,583.4857788085938,584.1264484268344,578.044689478734,579.1289967873591,37888500
2025-01-06,586.8469848632812,591.1249540533898,585.1121413237427,587.7440065436294,47679400
2025-01-07,580.2133178710938,589.2029082453815,578.3897946667151,588.8776099950986,60393100
2025-01-08,581.0609130859375,582.1353537217743,576.832277161694,580.2822309005052,47304700
2025-01-10,572.189697265625,577.5716476388544,570.2774344732991,577.5026413332764,73105000
2025-01-13,573.0768432617188,573.4316812597856,567.1231694250464,567.5372072518853,47910100
2025-01-14,573.8653564453125,576.6351742776535,570.0802375478183,576.0043111010004,48420600
2025-01-15,584.303955078125,585.4473419377294,580.7751281246863,581.8889752343268,56900200
2025-01-16,583.1802368164062,585.8514484014332,582.4803673486446,585.6740294157521,43319700
2025-01-17,589.0353393554688,590.7898562052613,587.0934767089387,588.4242094250709,58070600
2025-01-21,594.4270629882812,594.4369296257112,590.1096871636119,592.0810894520482,42532900
2025-01-22,597.7686767578125,599.1289493146973,596.7041025475482,597.2560928487167,48196000
2025-01-23,601.0313110351562,601.0313110351562,596.8618141810588,597.1377792345874,41152100
2025-01-24,599.2767944335938,602.0466728607889,598.1235407504724,601.0905113090206,34604700
2025-01-27,590.7996826171875,591.115114198888,586.1373355152499,586.3048878621954,70361100
2025-01-28,595.8760986328125,596.7139205737208,588.7100317776161,592.0318399526346,44433300
2025-01-29,593.2047729492188,595.491606706695,590.651780644399,595.0874355672163,37177400
2025-01-30,596.3886108398438,597.9263022497843,592.130374590218,595.3240968992558,39281300
2025-01-31,593.2146606445312,601.2382822731704,592.4556515232641,598.8134358374799,66566900
2025-02-03,589.2225952148438,591.7065212004032,582.0466619706364,584.1954832564219,65857200
2025-02-04,593.17529296875,593.6878166788046,588.7396375989994,589.281761222817,33457800
2025-02-05,595.580322265625,595.7282015036632,590.021013481686,592.0515554519985,30653100
2025-02-06,597.6503295898438,597.778475552574,594.013089933138,597.3250313642651,35771500
2025-02-07,592.1796875,599.4344333824486,591.4699514014874,598.2121736064561,50788500
2025-02-10,596.2012939453125,596.8420237335293,594.1214790365186,595.3930719758379,26048700
2025-02-11,596.65478515625,597.1969087784863,593.8159609148958,593.93424024475,30056700
2025-02-12,594.7325439453125,595.9055305477739,589.9519181359682,590.6320542359233,45076100
2025-02-13,601.0115356445312,601.2185545419917,594.5749384975967,595.8366046698266,40921300
2025-02-14,600.9819946289062,602.2535274358258,600.360998100256,601.2185532755497,26910400
2025-02-18,602.746337890625,602.746337890625,599.6808220007749,602.1450746766837,26749000
2025-02-19,604.165771484375,604.4614697835945,600.8439635712302,601.3565473981581,31011100
2025-02-20,601.6522216796875,602.9336210334332,598.3402805357981,602.7956084451664,36554000
2025-02-21,591.361572265625,601.5734221193063,590.8982614234848,601.435409514207,76519800
2025-02-24,588.6707153320312,594.4075043153588,587.9609790870905,593.4119363420369,50737200
2025-02-25,585.7430419921875,589.3408752561445,581.129967827771,588.6114660308307,58266500
2025-02-26,586.0387573242188,591.0067297705009,583.3970853838995,587.4088964020577,43321600
2025-02-27,576.6844482421875,589.4690234968429,576.290203877955,588.3157098294636,74196700
2025-02-28,585.6838989257812,586.2161558854355,574.1117771132394,577.1871598716435,88744100
2025-03-03,575.4227294921875,588.7987001526899,571.6080711867788,587.6552532272791,74249200
2025-03-04,568.611572265625,577.0196322682823,564.0675042327628,571.4208567458912,109648200
2025-03-05,574.722900390625,576.5168836727693,564.8856223320056,568.4439889843314,71230500
2025-03-06,564.5209350585938,571.8742272350298,561.9679425734266,567.2512863712917,80094900
2025-03-07,567.6849975585938,569.1340095542192,557.5421542389136,562.7368186254731,81158800
2025-03-10,552.5643920898438,561.3962362827218,547.6457527585567,559.4741670846696,99326600
2025-03-11,547.9708862304688,555.9551004739012,544.1266884057775,551.4011666406667,88102100
2025-03-12,550.8788452148438,555.0582088315019,545.7729200294035,554.1316472627199,69588200
2025-03-13,543.5353393554688,551.1153839968962,541.8202288918889,550.5042540653316,74079400
2025-03-14,554.7625732421875,555.7680078690922,543.6044267637213,548.1583621783288,62660300
2025-03-17,559.0404052734375,561.5637976935186,554.3089918436672,554.742702735982,49008700
2025-03-18,552.9981079101562,556.9409127203818,551.0661118946721,556.7240271713574,66041400
2025-03-19,559.0206909179688,562.7860764826731,553.5993346617712,554.7821880592443,66556000
2025-03-20,557.4041137695312,562.4114922780789,554.5554231088431,555.2750258330774,62958200
2025-03-21,557.5880126953125,558.4877328401925,551.7054963570508,552.9413292589383,83763000
2025-03-24,567.5736083984375,568.6314886589248,563.7375780431137,564.3307537296456,58766800
2025-03-25,568.93798828125,569.8771730865459,567.1880294433175,568.7797678649376,38355700
2025-03-26,562.1458129882812,569.7980806984394,560.7616559941828,568.6709866041082,51848300
2025-03-27,560.6529541015625,564.4296669577193,558.5371935416607,560.7517966033342,42164200
2025-03-28,549.3623657226562,559.8521624781242,548.7790863172526,559.120558969836,71662700
2025-03-31,553.0501098632812,554.3551567474991,540.6719872727307,543.5984615291653,95328200
2025-04-01,554.6121826171875,556.5598868781194,547.4048260096515,551.1321177898429,54609600
2025-04-02,558.1219482421875,560.9890444564371,548.52197624234,548.7592465118332,76014500
2025-04-03,530.6173095703125,541.759539717793,530.6173095703125,538.931968079745,125986000
2025-04-04,499.5533447265625,519.9099817661254,499.3358369172059,517.7349036725598,217965100
2025-04-07,498.6635437011719,517.2405628900261,476.33944038650816,483.64569927250346,256611400
2025-04-08,490.8531188964844,519.0300819148135,483.6160734043612,515.9454474877983,165816600
2025-04-09,542.4021606445312,542.4021606445312,487.46196103833506,487.84755542038147,241867300
2025-04-10,518.6346435546875,527.4535310578508,503.5475844453038,526.1385878330984,162331200
2025-04-11,527.8884887695312,530.3502582115377,514.1756919605745,517.0823733080597,97866300
2025-04-14,533.0098266601562,538.111379094838,527.8094317224818,537.8839447885014,68034000
2025-04-15,531.5169067382812,537.0732068479572,530.7259857198238,533.5535570239268,56892900
2025-04-16,519.7022705078125,531.7936996877118,514.3931376127902,525.6540605978519,83484800
2025-04-17,520.44384765625,525.1499093262158,517.9721816819745,521.6599483491107,79868100
2025-04-21,508.0558776855469,515.7872559194974,502.69729269891565,515.2533374613439,69368100
2025-04-22,521.2743530273438,523.3011070538847,513.305704354498,514.2449494916972,75948100
2025-04-23,529.3516845703125,539.2482437222484,527.8291602174767,534.3049123051696,90590700
2025-04-24,540.4940185546875,541.2256220112762,529.3814182452572,530.6369834977514,64150400
2025-04-25,544.3992919921875,544.804618673288,537.5280483044934,540.454522631326,61119600
2025-04-28,544.6068115234375,547.2762226232229,538.8429303961163,545.1407299494361,47613800
2025-04-29,548.0375366210938,549.1547344204944,542.3329124899421,542.6888178923871,47775100
2025-04-30,548.2550659179688,550.2126665027023,535.3826699025942,541.3640897959557,93101500
2025-05-01,552.1404418945312,557.6770094036193,551.5373699314374,554.0189320097116,63186100
2025-05-02,560.3365478515625,561.9381825044319,556.006184429092,558.3295262045715,60717300
2025-05-05,557.1234130859375,560.2278400664005,555.3339293144951,556.194064255589,38659200
2025-05-06,552.4667358398438,556.9651555946843,550.6476235760448,551.6066009560054,48264700
2025-05-07,554.7901611328125,557.4298834610689,549.738030089525,553.8014947566288,55588000
2025-05-08,558.6558227539062,563.8463212534109,555.333918196641,558.8337754612519,65130800
2025-05-09,557.9439697265625,561.068128702691,556.381860066797,560.0596697605964,37603400
2025-05-12,576.382568359375,576.3924646775216,570.4999916854949,574.8797762427796,78993600
2025-05-13,580.18896484375,582.403567726764,576.2342995973956,576.7977862928067,67947200
2025-05-14,580.9304809570312,582.3046813078995,578.9036666864055,581.1479585868793,66283500
2025-05-15,583.7680053710938,584.2721745648568,578.4687074145315,578.9235156986,71268100
2025-05-16,587.4655151367188,587.7621029517821,582.6012939394769,584.5489375445604,76052100
2025-05-19,588.108154296875,588.7903364922698,581.4346564328234,581.4346564328234,68168500
2025-05-20,586.1307983398438,587.317209981726,582.917632829089,586.3681289429425,60614500
2025-05-21,576.2540893554688,585.8639582409971,575.2258980125081,581.7708648204313,95197700
2025-05-22,576.4815063476562,579.971467292194,574.8204937262445,576.0563267018498,70860400
2025-05-23,572.5465087890625,575.215919785119,569.0762805285291,569.4519785383726,76029000
2025-05-27,584.4500732421875,584.6082332898518,571.8742072622273,579.4276318354167,72588500
2025-05-28,581.0689086914062,586.051826179252,580.3373051792158,584.8555180607121,68445500
2025-05-29,583.362548828125,586.4768718669775,579.4276761926377,586.3384441000501,69973300
2025-05-30,582.7100830078125,584.430352826958,576.6297607292682,582.2552747565533,90601200
2025-06-02,585.992431640625,586.0714814983527,578.4291102147669,581.0985213264464,61630500
2025-06-03,589.3341064453125,590.3128764026674,585.1421107506463,585.6266079138771,63606200
2025-06-04,589.1759643554688,591.1730898063917,588.7409487228937,590.1943197189499,57314200
2025-06-05,586.3285522460938,592.2111289512687,584.3512195951713,590.8566609128592,92278700
2025-06-06,592.349609375,594.0204580272924,590.0954209877331,591.8750084630755,66588700
2025-06-09,592.8834228515625,594.4356362447949,591.7069074945726,592.9229477814916,53016400
2025-06-10,596.2449951171875,596.6305291817529,592.3002255337209,593.4173631354267,66247000
2025-06-11,594.5443725585938,598.2024500657004,592.4780937113569,597.3423151819753,73658200
2025-06-12,596.9073486328125,596.9073486328125,592.725309003214,593.2097458920864,64129000
2025-06-13,590.23388671875,595.0288949944265,588.7310943639458,591.7168864341237,89506000
2025-06-16,595.8494262695312,597.5993850121447,593.4172853343232,593.5952983788304,79984100
2025-06-17,590.7578125,594.9299553868199,589.9965201271316,593.4074309844862,82209400
2025-06-18,590.6688232421875,594.4059506456396,589.7097855095001,591.6574895866379,76605000
2025-06-20,589.2816162109375,594.4180406328666,587.8735160730708,593.3471074282096,94051400
2025-06-23,595.1021728515625,595.4888465716903,586.9116378864132,590.0351069773628,87426000
2025-06-24,601.676513671875,602.7374608387837,598.3348024442159,599.2471080685161,67735300
2025-06-25,602.0135498046875,603.4910078317407,600.4468221319722,602.7968833801484,62114800
2025-06-26,606.7236328125,607.1599344481853,603.2530708764845,603.8678512919777,78548400
2025-06-27,609.7380981445312,611.2056913389495,605.692457719191,607.7252035075089,86258400
2025-06-30,612.6533203125,614.0117925800773,609.8669572755672,612.1873024714439,92502500
2025-07-01,612.455078125,613.625146088841,610.3429883405835,611.1758893553448,70030100
2025-07-02,615.2315063476562,615.2711481262035,611.4237773441516,612.0484833566157,66510400
2025-07-03,620.0803833007812,621.0124795190609,617.194824993195,617.214676143094,51065800
2025-07-07,615.4595336914062,618.7813935886118,612.6731706581298,618.1169852960921,74814500
2025-07-08,615.1224365234375,616.8775081543645,614.3093261623386,616.1238907210633,59024600
2025-07-09,618.8110961914062,619.4655183729625,615.6875662931247,617.5319680301938,66113300
2025-07-10,620.5563354492188,621.5974919629854,617.7699723301522,618.9499658515675,57529000
2025-07-11,618.3748168945312,619.6043777491163,616.3024294765994,617.5022136064131,63670200
2025-07-14,619.5548095703125,619.9018415613931,616.5701165685465,617.9186632768227,51898500
2025-07-15,616.9072875976562,622.5791484786782,616.8279435196437,622.2420420602726,74317300
2025-07-16,618.9697265625,619.4754466932056,612.8516386863737,618.4937831556223,88987500
2025-07-17,622.7576293945312,623.1146474859103,618.9301097920578,619.1482908768893,68885700
2025-07-18,622.301513671875,624.175571102461,621.1909387049365,624.007017899032,65621600
2025-07-21,623.4815063476562,626.2281670376054,623.0551302914085,623.4815063476562,63375000
2025-07-22,623.5706787109375,624.4333563471947,620.9231528797274,623.8086504006922,60046300
2025-07-23,628.8757934570312,628.8757934570312,624.4334327911965,626.2381323551606,70511000
2025-07-24,629.083984375,630.7994747941685,628.6576082944551,629.2624631630094,71307100
2025-07-25,631.741455078125,632.2174590489252,629.5005143245561,629.7484116245431,56865400
2025-07-28,631.582763671875,632.6734874729789,630.1945147233831,632.1181999979412,54917100
2025-07-29,629.9169311523438,633.2982235137306,629.0046860832861,632.9809077241022,60556300
2025-07-30,629.1236572265625,632.3165451544952,626.2281734095909,630.5713386132512,80418900
2025-07-31,626.763671875,634.4682782312485,625.4646925404661,634.0816044685715,103385200
2025-08-01,616.4907836914062,621.0719812920488,614.0812292944926,621.0322789916852,140103600
2025-08-04,625.8612670898438,625.9108344398344,620.3183179857707,620.4075271113948,73218000
2025-08-05,622.6881713867188,627.2891592865192,621.7660007962415,626.4760489706393,68051400
2025-08-06,627.4578247070312,628.1122469303318,622.8469108529321,623.7591559441935,64357500
2025-08-07,626.9322509765625,631.62244837055,623.8186464662513,630.8886820702932,74205800
2025-08-08,631.82080078125,632.2868791777582,628.4097315038053,628.727047311219,64051600
2025-08-11,630.5712890625,633.5758329217508,629.3218771812983,632.0983749269875,58742300
2025-08-12,637.284423828125,637.4430514601922,631.4340237207567,632.9214074238032,64730800
2025-08-13,639.4659423828125,640.7549961752953,637.2745085703324,639.4857330110176,60092800
2025-08-14,639.5254516601562,640.1897994624859,636.9374184340268,637.3835851461316,59327500
2025-08-15,638.0281372070312,640.6558727131268,637.11589211782,640.5566774831647,68592500
2025-08-18,637.8892822265625,638.5834067295413,636.7787072305159,637.4529805837014,43804900
2025-08-19,634.4286499023438,638.6924711313014,633.1098193903536,637.7108075589789,69750700
2025-08-20,632.7429809570312,634.2799321395609,627.626407225106,634.0221697813646,88890300
2025-08-21,630.2044677734375,632.604096553562,628.4791123479844,630.9283690027011,54805800
2025-08-22,639.88232421875,641.0623176031913,631.8901189367884,632.3958390332336,84083200
2025-08-25,637.0662231445312,639.8625116828326,636.9472372936925,638.6230253017661,51274300
2025-08-26,639.733642578125,640.0807351008626,636.1738713484165,636.7985773675441,51581600
2025-08-27,641.1912841796875,641.9250504526357,638.9998504138363,639.148612992103,48341100
2025-08-28,643.4620361328125,644.0173236548059,639.9121904309055,641.7961735668325,61519500
2025-08-29,639.6245727539062,642.3911452321481,637.7306640961879,642.0242015644989,74522200
2025-09-02,634.884765625,635.1028861742022,629.5797276837342,632.13804448044,81983500
2025-09-03,638.3255615234375,638.7916398746721,635.0731807265284,637.2645539172183,70820900
2025-09-04,643.6603393554688,643.6901160802078,638.0975387911232,638.9998582812316,65219200
2025-09-05,641.7960815429688,646.7243105506017,637.918995020256,646.0004093954814,85178900
2025-09-08,643.372802734375,644.3743174556171,641.7862237872296,643.1645472258064,63133100
2025-09-09,644.8601684570312,645.3856792185645,641.7762803015634,643.5115612591451,66133900
2025-09-10,646.724365234375,649.0446498954948,645.1576374702139,648.122479271532,78034500
2025-09-11,652.0987548828125,652.7928793680376,648.0927566439484,648.6777603299006,69934400
2025-09-12,651.8805541992188,653.5662677492645,651.3748946038203,652.0689585463732,72780100
2025-09-15,655.3511352539062,655.4800466805781,653.7943936028013,654.0918582328915,63772400
2025-09-16,654.4488525390625,656.213910313041,653.6655188822047,655.9064595692537,61169000
2025-09-17,653.6357421875,656.1543568928759,648.7967821934204,654.4587781451693,101952200
2025-09-18,656.6898193359375,659.2977035594738,654.7165666735059,656.3229362038169,90459200
2025-09-19,659.9423217773438,660.7874850308027,656.6311583459587,658.5800832029405,97945600
2025-09-22,663.0645751953125,663.5119788762895,658.4209716621773,658.4508309420254,69452200
2025-09-23,659.4551391601562,663.5617612775759,658.2320617574377,662.9452156846509,81708900
2025-09-24,657.3569946289062,660.8471316064555,655.9350982101993,660.7477220570149,68082200
2025-09-25,654.3242797851562,655.6765652531099,650.7048739536411,654.2149171420698,89622100
2025-09-26,658.072998046875,658.619871988132,654.1553026157394,655.7760789419195,69179200
2025-09-29,659.9224243164062,661.5134019828115,658.112721358766,660.5985670660314,73499000
2025-09-30,662.4082641601562,662.8756347075731,657.8641309647478,659.1766647693167,86288000
2025-10-01,664.6654052734375,665.5801794564833,659.3059076216911,659.4152702620313,72545400
2025-10-02,665.4309692382812,666.7733621981591,663.004842335434,666.6540464714482,56896000
2025-10-03,665.421142578125,668.8714672806448,664.377038831869,666.1966948783695,70494400
2025-10-06,667.8074951171875,668.7024238148077,665.669704301124,667.8174482099862,54623300
2025-10-07,665.3316040039062,669.1796881705657,663.8898014056139,668.7322238208072,72020100
2025-10-08,669.2990112304688,669.398481470165,665.6299006256374,666.4552183740389,60702200
2025-10-09,667.3600463867188,670.1243359074817,665.4211353124821,669.7166839203261,66501900
2025-10-10,649.32275390625,670.1342452495495,649.14378031214,668.324542434099,159422600
2025-10-13,659.2860107421875,661.3642043859337,656.0345659370097,656.9095884512618,79560500
2025-10-14,658.4805908203125,662.0602448848334,649.4718888267987,653.4492417720955,88779600
2025-10-15,661.4039306640625,666.4352795829697,655.1992699391986,663.0446129876665,81702600
2025-10-16,656.8995971679688,664.9239136533134,653.3895542222015,663.0445999065358,110563300
2025-10-17,660.62841796875,661.9906565438909,654.4138037793879,655.7660892614911,96500900
2025-10-20,667.499267578125,668.4041493887289,663.4921159142255,663.5418206897375,60493400
2025-10-21,667.4893188476562,669.1797060532549,666.1867381348511,667.638493864759,56249000
2025-10-22,664.0191040039062,668.1953369980629,659.5445816579371,668.1953369980629,80564000
2025-10-23,667.9566650390625,668.9012985038863,664.019063764971,664.3372592841532,65604500
2025-10-24,673.4155883789062,674.628651928334,671.8246714345047,672.6300829996666,74356500
2025-10-27,681.3603515625,681.658640907831,678.2580209918731,678.8645527756448,63339800
2025-10-28,683.1700439453125,685.0095454543999,680.9526890414517,683.1600908523567,61738100
2025-10-29,683.4982299804688,685.795149064121,679.0038013689816,684.8206562449755,85657100
2025-10-30,675.9810180664062,682.0564104652303,675.9810180664062,680.0279821977349,76335800
2025-10-31,678.1983032226562,681.2012239761448,675.3942622450203,681.1614116072222,87164100
2025-11-03,679.4711303710938,681.9171636388411,676.0903560257897,681.7878948104295,57315000
2025-11-04,671.4169921875,676.1103005794487,670.7607556049009,672.2820616639051,78427000
2025-11-05,673.7437133789062,677.0051112074705,670.3529860359731,671.1583975728993,74402400
2025-11-06,666.514892578125,673.5448715272548,664.9338680034818,672.6399897028363,85035300
2025-11-07,667.1710815429688,667.2805048704689,657.4663915648358,664.1284090392404,100592400
2025-11-10,677.5818481445312,678.3176487268574,671.2081667723378,673.4056154266486,75842900
2025-11-11,679.1329956054688,679.6997756663966,674.8871520395073,676.1002762110339,58953400
2025-11-12,679.5109252929688,681.0819968300743,677.0946904605516,680.9129156193362,62312500
2025-11-13,668.235107421875,677.0051787486752,666.7237544337754,676.6472315164618,103457800
2025-11-14,668.1256713867188,671.8345335183507,659.5147291242073,661.612768198211,96846700
2025-11-17,661.901123046875,669.8956413839408,658.4209391867944,665.9083353081996,90456100
2025-11-18,656.3427734375,661.354216097308,652.146634691611,658.3512953245886,114467500
2025-11-19,658.8783569335938,663.5617119214406,655.0203196831769,657.0388554539629,94703000
2025-11-20,648.8355712890625,671.7351497651099,648.1991802397498,669.1001291109939,165293500
2025-11-21,655.2987670898438,660.7874729698119,647.1650267848305,651.3412595795126,123956200
2025-11-24,664.9437866210938,666.2662734630499,657.8442577670318,658.9380055466532,80437900
2025-11-25,671.1982421875,672.3815071629971,660.717877921785,664.8444060411854,81077100
2025-11-26,675.8318481445312,677.8404309302599,672.8885849296569,673.7934667684052,71879600
2025-11-28,679.5208129882812,679.7991961322198,676.6471609574353,677.0051081523229,49212000
2025-12-01,676.41845703125,679.1230277654502,674.8970904760725,674.9667014318244,61201200
2025-12-02,677.67138671875,679.9483994968172,675.4838303983408,678.0591325179204,62953800
2025-12-03,680.0180053710938,681.0321891246488,675.8417725523884,676.7167950740063,57238500
2025-12-04,680.51513671875,681.4895687361658,677.4824173401821,681.4199577792665,61970300
2025-12-05,681.8078002929688,684.4925257185774,680.7040993957534,681.5890143183475,79241000
2025-12-08,679.7594604492188,682.7524282821314,677.7111260885928,682.7027235077143,55231500
2025-12-09,679.1727905273438,681.5095218770947,678.7253868572307,679.2822138612034,58310100
2025-12-10,683.6771850585938,685.0692222502689,677.4526176554032,678.6955405173951,85671300
2025-12-11,685.26806640625,685.3476304583654,678.3076987410943,681.2609148661827,86173700
2025-12-12,677.9000854492188,684.9797692517327,675.3247225627367,684.2737672143002,113160300
2025-12-15,676.8758544921875,681.8774049984522,675.4042533093998,681.8574988128718,90811000
2025-12-16,675.0264282226562,677.2239376857725,671.1584377196804,675.3843754405706,122030600
2025-12-17,667.5986938476562,676.5874893555698,667.3998140691156,676.0406154817738,110625200
2025-12-18,672.6399536132812,676.8857972779194,671.0788959983324,673.7635606688432,108650100
2025-12-19,678.7363891601562,679.2350273728672,674.6275542880097,674.747283458469,103599500
2025-12-22,682.96484375,683.4933686131409,678.7364013691785,682.0772531068674,69556700
2025-12-23,686.0863037109375,686.325640311278,682.0074163952171,682.0572680421344,64840000
2025-12-24,688.4996948242188,688.9484813838191,685.9267046355759,686.0763204450832,39445600
2025-12-26,688.4298706054688,689.7761694005526,687.392725060237,688.758988861415,41613300
2025-12-29,685.9765625,687.322922191004,684.2014421207446,685.6674092439482,62559500
2025-12-30,685.138916015625,686.6846823672308,684.7100944386586,685.5777200962995,47160700
