Date,Close,High,Low,Open,Volume
2015-01-02,16.274784088134766,16.386661351129842,16.14974652116575,16.360337652820576,40511471
2015-01-05,15.932579040527344,16.202400142215133,15.893093477894386,16.169495506687667,50770502
2015-01-06,15.689083099365234,15.985226362536798,15.616692901634277,15.932578946005192,57454463
2015-01-07,15.853608131408691,15.893093694579992,15.728568969518259,15.820701950251296,36287049
2015-01-08,16.09052276611328,16.13000987375543,16.004970714114734,16.03787534949879,37995923
2015-01-09,15.873348236083984,16.130007443776588,15.866767309998586,16.123424972510144,36300590
2015-01-12,15.74172592163086,15.912831520602218,15.695659445610332,15.87334596972748,38356360
2015-01-13,15.689083099365234,15.952321727204545,15.577205794054294,15.847026894141333,45785445
2015-01-14,15.465328216552734,15.524556553190711,15.261316411104172,15.439002966199203,71356023
2015-01-15,15.274476051330566,15.491649677909848,15.248152349970864,15.41267702864987,58038203
2015-01-16,15.458748817443848,15.465331290226295,15.175767385417638,15.234995733827017,89499855
2015-01-20,15.392934799194336,15.564040409288795,15.340287394605555,15.504810533945491,39330942
2015-01-21,15.43242073059082,15.511393384589034,15.2876388192449,15.386354250447425,49251571
2015-01-22,15.814120292663574,15.833863071408336,15.41926008222506,15.524556447378215,97345387
2015-01-23,15.6430082321167,15.833858124046316,15.6430082321167,15.800953503086244,34069402
2015-01-26,15.721986770629883,15.728567697292792,15.577204838864672,15.616691944023318,27588310
2015-01-27,15.550878524780273,15.656173333731942,15.49165019474496,15.504810500682993,35186781
2015-01-28,15.26789379119873,15.629849288793373,15.241570092140373,15.629849288793373,85405918
2015-01-29,15.392934799194336,15.425839427062321,15.188924561231888,15.248152891394264,50409450
2015-01-30,15.142858505249023,15.39293679991184,15.13627757882006,15.215250241148736,64531113
2015-02-02,15.386353492736816,15.406096268968883,15.063885057251284,15.182343259824572,62984977
2015-02-03,15.6430082321167,15.656170080500727,15.445578961175672,15.445578961175672,66155787
2015-02-04,15.603529930114746,15.735150020233608,15.57720622112724,15.610110857361624,37523958
2015-02-05,15.761465072631836,15.787788767161715,15.636425978434437,15.64958937087985,30264135
2015-02-06,15.886510848999023,16.04445462779294,15.847025290595825,15.906253628200623,83237512
2015-02-09,15.807539939880371,15.886512610625022,15.768055922279986,15.814122412191944,37354080
2015-02-10,15.932579040527344,15.965485221236095,15.81412235262847,15.92599811342185,39742220
2015-02-11,15.932579040527344,15.978647075447082,15.827284206839455,15.912836259210865,36080733
2015-02-12,16.09052276611328,16.110265547343715,15.925998044011715,15.958902679395772,40635310
2015-02-13,16.07735824584961,16.143169050885593,16.018129911980147,16.097101023806097,23270085
2015-02-17,16.130006790161133,16.169492345073497,16.037872283517963,16.05103413515542,17869196
2015-02-18,16.031295776367188,16.11026690795854,15.991810210571511,16.11026690795854,36387868
2015-02-19,15.965482711791992,16.031291972503066,15.925995610184303,15.991806416076422,21550255
2015-02-20,16.083946228027344,16.11026994351781,15.840450314558822,15.939164247648073,40206183
2015-02-23,16.04445457458496,16.064197353721088,15.958900986480629,16.064197353721088,23616735
2015-02-24,16.123428344726562,16.176077309602327,16.05103814264677,16.083942779955766,33958612
2015-02-25,16.123428344726562,16.189239164525926,16.103685562341163,16.110266489802964,32659415
2015-02-26,16.083946228027344,16.149757061935215,16.03129879704641,16.1431761330626,33480738
2015-02-27,16.02471351623535,16.097103714174647,16.011551662064573,16.064199078747695,28937856
2015-03-02,16.14317512512207,16.15633698204551,15.998393153782633,16.03129779609123,27137641
2015-03-03,16.097105026245117,16.143173064779127,16.018133894783517,16.097105026245117,31729394
2015-03-04,15.998383522033691,16.05103091803134,15.93915365635566,16.031288144532223,47685247
2015-03-05,16.064197540283203,16.097102172558884,15.972063024730154,16.024711981552382,25112031
2015-03-06,15.945744514465332,16.228727534602015,15.919420800067806,16.123431131830273,74347599
2015-03-09,16.018136978149414,16.0510416225923,15.952326144081933,15.958907072970511,26666907
2015-03-10,15.675918579101562,15.886509754592314,15.675918579101562,15.879928828645136,49650662
2015-03-11,15.774630546569824,15.833860418059794,15.702240369969763,15.721983145406144,36531648
2015-03-12,16.116849899291992,16.130011754980668,15.886514334377251,15.906257117910265,50418806
2015-03-13,16.00497055053711,16.110265382689935,15.912836027222124,16.077360747642178,40917578
2015-03-16,16.202402114868164,16.215563970681615,16.070782011552183,16.070782011552183,39676730
2015-03-17,16.162919998168945,16.202405574039364,16.05104265468762,16.149758139545472,22247248
2015-03-18,16.25503921508789,16.307688150087582,16.064190881812802,16.1234191953594,58915168
2015-03-19,16.10368537902832,16.255048254108065,16.031295177772567,16.255048254108065,42486734
2015-03-20,16.322328567504883,16.335539551212452,16.13076775279607,16.18361168762636,47450742
2015-03-23,16.229848861694336,16.368565717471476,16.229848861694336,16.289298278049362,26417014
2015-03-24,16.097736358642578,16.216636733896074,16.091130868403418,16.216636733896074,22615686
2015-03-25,15.840123176574707,16.157189890802123,15.840123176574707,16.117556939260954,40570806
2015-03-26,15.826910018920898,15.899570412979578,15.708009641330754,15.774064545020464,40238682
2015-03-27,15.807093620300293,15.846726566584538,15.747644200873925,15.82691164439124,30154207
2015-03-30,16.03829002380371,16.077922972843155,15.919389625736446,15.925995117243021,43422048
2015-03-31,15.925989151000977,16.005255019385043,15.892961705840948,15.959016596161005,26132160
2015-04-01,15.912785530090332,15.972234958864368,15.800490613679198,15.886363561746318,32823015
2015-04-02,15.992051124572754,16.01847309240368,15.87315226933358,15.87315226933358,26472163
2015-04-06,16.01847267150879,16.0581071731628,15.826913409767899,15.859940868688742,19432443
2015-04-07,15.932599067687988,16.064710435990087,15.932599067687988,16.051499454254753,22346466
2015-04-08,15.992051124572754,16.058107595099113,15.945812680868631,15.945812680868631,22778055
2015-04-09,16.01847267150879,16.031683655077128,15.906179311177922,15.965628737235441,25595691
2015-04-10,16.011863708496094,16.0514982015577,15.985441747087464,16.02507624014907,18165005
2015-04-13,16.071321487426758,16.124165432651733,15.972237539180611,15.985448525486854,38112499
2015-04-14,16.071321487426758,16.110954446345488,15.978843032333732,16.058110501120513,32499016
2015-04-15,16.130769729614258,16.196824656247117,16.064714802981396,16.10434775896111,45762179
2015-04-16,16.157190322875977,16.210035810626422,16.038291465072888,16.12416286237512,27839065
2015-04-17,15.939209938049316,16.077926844036124,15.879758949226794,16.077926844036124,49064829
2015-04-20,16.005266189575195,16.064717183302875,15.99205520229114,15.998660695933168,19100196
2015-04-21,15.925989151000977,16.084522438717464,15.912778172936964,16.064705971621446,26714793
2015-04-22,16.03829002380371,16.077922972843155,15.886362168203577,15.939206100256168,26511555
2015-04-23,16.064712524414062,16.10434547477237,15.985445072748467,16.011867039654003,26294652
2015-04-24,16.03829002380371,16.058106498323433,15.978839049295612,16.031682981348204,23031271
2015-04-27,15.978845596313477,16.12416801995004,15.952423619461294,16.058113077819588,29486759
2015-04-28,16.071321487426758,16.071321487426758,15.886366128190026,15.952421059721244,31748721
2015-04-29,16.064712524414062,16.13737293340429,15.91278466375824,15.978839581022083,49893538
2015-04-30,15.939209938049316,16.10434881642422,15.879758949226794,16.0184758552136,42838185
2015-05-01,16.07792854309082,16.097745024476023,16.005266560395608,16.02508459273028,22565584
2015-05-04,16.23645782470703,16.243063316825786,16.117557415620354,16.143979384095378,27367961
2015-05-05,16.091136932373047,16.28269777244729,16.07792594691615,16.190220874249004,37717594
2015-05-06,16.011863708496094,16.183608008600853,15.899570372509416,16.157186047192223,36626312
2015-05-07,16.124160766601562,16.163793714051213,15.945810952129271,15.945810952129271,39290812
2015-05-08,16.35535430908203,16.35535430908203,16.2100319663926,16.2100319663926,40714217
2015-05-11,16.29591178894043,16.38839025528891,16.269489813112152,16.355362785503566,38354636
2015-05-12,16.23645782470703,16.276090777419565,16.104346431382844,16.22324684046952,48760649
2015-05-13,16.243061065673828,16.302510486503436,16.21003360965738,16.236455574470536,29430379
2015-05-14,16.388376235961914,16.394981724268362,16.289292360417,16.322319801949245,26445450
2015-05-15,16.315715789794922,16.401588696496223,16.26287187856232,16.394983207592148,28494942
2015-05-18,16.408201217651367,16.421412201121502,16.302511798941314,16.322328274146514,19841750
2015-05-19,16.500682830810547,16.55352833078486,16.428022400901334,16.441233388157556,32513049
2015-05-20,16.45444107055664,16.540314021424013,16.428019101351026,16.53370852912261,37350263
2015-05-21,16.414804458618164,16.454437403594167,16.401593476959498,16.421409949447497,23172098
2015-05-22,16.421409606933594,16.46104255108294,16.381776662784244,16.381776662784244,16231966
2015-05-26,16.23645782470703,16.394991186506243,16.22324684046952,16.394991186506243,54832187
2015-05-27,16.414804458618164,16.434620931106164,16.262876618594714,16.282693091082713,31773341
2015-05-28,16.394989013671875,16.40819999615853,16.295905094073095,16.375172539941893,21900598
2015-05-29,16.249666213989258,16.39498856834402,16.210033267605823,16.39498856834402,31521478
2015-06-01,16.262882232666016,16.355360687149734,16.216643780898814,16.33554265687162,23062170
2015-06-02,16.289295196533203,16.34874460164193,16.183605814280348,16.249662259794054,26426862
2015-06-03,16.428010940551758,16.47424936369213,16.315716076262508,16.348743521362774,40898498
2015-06-04,16.28269386291504,16.42141072785528,16.25627189834525,16.381777781000597,37471271
2015-06-05,16.375173568725586,16.480862986207715,16.328935127117326,16.401595535358876,52402931
2015-06-08,16.276094436645508,16.4214168468789,16.26948894304169,16.40160036606745,28272131
2015-06-09,16.315715789794922,16.388377718688073,16.22323894513787,16.289293834178622,31163011
2015-06-10,16.546920776367188,16.606370211616216,16.38178190528176,16.40820387650355,53968148
2015-06-11,16.61296844482422,16.64599744536756,16.553519035553617,16.619573934743176,60034147
2015-06-12,16.540311813354492,16.606366727550448,16.487466331048815,16.573339270452472,42206558
2015-06-15,16.4676513671875,16.52710234636556,16.361963494780376,16.434623907060274,40678641
2015-06-16,16.560134887695312,16.573345875799774,16.42141796164892,16.474261914066773,36228207
2015-06-17,16.540311813354492,16.632788693228832,16.500677313888005,16.612972218970043,55448179
2015-06-18,16.69223976135254,16.718661727180343,16.540311906893738,16.612972312920203,70136594
2015-06-19,16.413593292236328,16.665700932484622,16.413593292236328,16.645797820706836,47071470
2015-06-22,16.665695190429688,16.732040431226487,16.645792085509385,16.65242645381615,40678518
2015-06-23,16.69887351989746,16.75195004470229,16.672336036359905,16.712142261666237,33542288
2015-06-24,16.55954933166504,16.698872670883365,16.55954933166504,16.672335188695044,26541099
2015-06-25,16.46002960205078,16.612621643692396,16.44676086431927,16.60598727482664,43711579
2015-06-26,16.51310920715332,16.559549802302765,16.466668612003875,16.533012319360225,30737208
2015-06-29,16.11504364013672,16.40695909242419,16.108410826574996,16.333981008217233,52912442
2015-06-30,16.174753189086914,16.314076532307233,16.12167822318572,16.274270307881338,77383245
2015-07-01,16.420230865478516,16.4600386583044,16.320715277739076,16.42686679572458,52375111
2015-07-02,16.347246170043945,16.45339764518665,16.280902471660678,16.413591426156692,24081438
2015-07-06,16.280902862548828,16.320709082534496,16.141579534869475,16.161482644862307,33223951
2015-07-07,16.3140811920166,16.327349937281785,16.008896935457116,16.254370280593143,63077548
2015-07-08,16.028799057006836,16.201294292462073,16.002261568126034,16.095144336938873,56789354
2015-07-09,16.15485382080078,16.28090845175927,16.121681959424876,16.254369404928497,31236625
2015-07-10,16.347246170043945,16.387052389073908,16.27426810182235,16.38041801923558,36120618
2015-07-13,16.546279907226562,16.546279907226562,16.45339872340334,16.486570574768773,41191230
2015-07-14,16.586088180541992,16.619260032895316,16.460033583869745,16.493205436223064,27691961
2015-07-15,16.72540855407715,16.751947591457906,16.605989895646456,16.6656992248618,62160945
2015-07-16,16.891273498535156,16.891273498535156,16.83156415468909,16.851467269304447,39781365
2015-07-17,16.844829559326172,16.897906078844542,16.771849929136998,16.878001410444174,22286763
2015-07-20,16.86473846435547,16.917815002109787,16.818297856834278,16.891275954367575,25354045
2015-07-21,16.844829559326172,16.937712300186146,16.80502333798457,16.87136859795014,24390172
2015-07-22,16.970888137817383,16.990791253163486,16.831564772664724,16.851467888010827,36459143
2015-07-23,16.824926376342773,16.99742155914458,16.79175452536734,16.984152818754406,36561685
2015-07-24,16.665695190429688,16.818287219214472,16.639157717202615,16.805018482600936,32149658
2015-07-27,16.546279907226562,16.59272205686775,16.486570574768773,16.55291583522923,34805048
2015-07-28,16.612625122070312,16.678968824619012,16.50647364026282,16.678968824619012,29677194
2015-07-29,16.778484344482422,16.785118714107924,16.625892285366465,16.665698503119472,33091373
2015-07-30,16.778484344482422,16.791753083733425,16.685601611995978,16.751946865980415,20597954
2015-07-31,16.72540855407715,16.79838818084762,16.678967964687434,16.758581961370723,24137571
2015-08-03,16.705503463745117,16.745311236231924,16.59271918859887,16.725406571123866,42025601
2015-08-04,16.67896842956543,16.765216798565458,16.65243094917451,16.718776207881348,30678613
2015-08-05,16.74532127380371,16.84483687034964,16.698879104352034,16.791761885525144,24771536
2015-08-06,16.685606002807617,16.78512313110746,16.62589666046561,16.758585645622126,23921408
2015-08-07,16.718774795532227,16.73867634641466,16.57945147751995,16.672332651041863,30673812
2015-08-10,16.878005981445312,16.88464191119566,16.78512477316027,16.83156537730279,30165778
2015-08-11,16.72540855407715,16.77848507110917,16.659064854948983,16.718775741893825,65448208
2015-08-12,16.57282257080078,16.599361617921726,16.32071486385736,16.586092873226285,77509300
2015-08-13,16.63252830505371,16.6922376376068,16.506473711934273,16.612625194202682,27547564
2015-08-14,16.751949310302734,16.751949310302734,16.605991599515196,16.612625970108738,33603346
2015-08-17,16.785120010375977,16.791754380513833,16.61925919920005,16.67896853044075,28771055
2015-08-18,16.771860122680664,16.811667925946082,16.73205543487627,16.76522730615536,20245642
2015-08-19,16.619258880615234,16.765216578579643,16.559547992789625,16.725408800786063,57382080
2015-08-20,16.267635345458984,16.466669594867376,16.267635345458984,16.446766481472494,67731590
2015-08-21,15.683807373046875,16.181389924266924,15.683807373046875,16.061969675809735,127715881
2015-08-24,15.013733863830566,15.54448842432794,12.286979057513195,14.721818310351388,143651668
2015-08-25,14.814690589904785,15.57764924264208,14.761614081092384,15.564380504871293,84936661
2015-08-26,15.371981620788574,15.371981620788574,14.881033670160265,15.159680267409335,146056427
2015-08-27,15.750142097473145,15.783313937068822,15.44495805773484,15.571012605927448,96219884
2015-08-28,15.677165031433105,15.730239978107601,15.577647948689306,15.69043376810173,40348364
2015-08-31,15.544483184814453,15.64399875514109,15.531214442104234,15.577655041589999,58845124
2015-09-01,15.040266990661621,15.292374671653072,14.927481114630499,15.212762211675741,86294454
2015-09-02,15.24593448638916,15.285742275194941,15.046901773280046,15.239300114543187,52533664
2015-09-03,15.332178115844727,15.491404548421265,15.265832860262316,15.292370339403494,60273576
2015-09-04,15.026996612548828,15.159685589139082,14.927479490673704,15.113243434808165,54210039
2015-09-08,15.411791801452637,15.425060542097848,15.212759134044889,15.318910616936163,49726245
2015-09-09,15.199494361877441,15.617464474519307,15.166322501603483,15.551119196241395,43741739
2015-09-10,15.27247142791748,15.385255733764428,15.139780893814548,15.186223048069493,43653476
2015-09-11,15.338812828063965,15.338812828063965,15.166317652065938,15.199489501732963,26809949
2015-09-14,15.305641174316406,15.352081764444703,15.245930286421936,15.305641174316406,31837353
2015-09-15,15.524572372436523,15.571012948893372,15.305636668553753,15.365345981141129,41048311
2015-09-16,15.624093055725098,15.650630534108522,15.458232258099265,15.537844693249543,28008328
2015-09-17,15.405158042907715,15.716976575912442,15.371986189977351,15.610825088805624,75221486
2015-09-18,15.10715103149414,15.267156168479724,15.080483769554478,15.193821198145654,85290820
2015-09-21,15.280487060546875,15.340488389156366,15.180483280850392,15.207152103357497,47097445
2015-09-22,15.087148666381836,15.140483183478523,14.973811252203966,15.053814593196408,65335941
2015-09-23,15.093811988830566,15.147146493587483,15.007141853253522,15.093811988830566,34891095
2015-09-24,14.987140655517578,15.013807906546491,14.853802835026041,14.920472527945297,51271027
2015-09-25,15.207152366638184,15.307154582718669,15.133815842831801,15.200483986885459,55416173
2015-09-28,14.853804588317871,15.127147074322577,14.80713689350878,15.100479820145955,58422891
2015-09-29,14.880476951599121,14.92714622777893,14.747140634935938,14.867143319932802,48264309
2015-09-30,15.10715103149414,15.10715103149414,14.927145448053809,15.080483769554478,49086741
2015-10-01,15.113814353942871,15.173815679439878,14.95380925393694,15.100480726054649,48512971
2015-10-02,15.133816719055176,15.133816719055176,14.653801358034663,14.78713921920938,75346063
2015-10-05,15.453824043273926,15.473824483873512,15.233817631331322,15.240484444864515,47975517
2015-10-06,15.380494117736816,15.473829537685257,15.353825289546737,15.420495012000433,36684908
2015-10-07,15.500494003295898,15.587164157240835,15.387158156668328,15.480493559773386,38597020
2015-10-08,15.593835830688477,15.60716946385816,15.407163400965036,15.440497483889244,37237011
2015-10-09,15.493828773498535,15.640500273012583,15.427160621604669,15.62716664263381,58339183
2015-10-12,15.507159233093262,15.533828053745317,15.447157908657388,15.487158791614636,25312191
2015-10-13,15.387151718139648,15.553822011086504,15.387151718139648,15.45381983531839,42452020
2015-10-14,15.260489463806152,15.420494601953587,15.240489017206176,15.393827339820286,44763838
2015-10-15,15.607162475585938,15.627162916385055,15.333819987303675,15.347155179850256,55652525
2015-10-16,15.700499534606934,15.727166789181174,15.620496205537037,15.653830273754835,36542235
2015-10-19,15.68716049194336,15.72049455198013,15.593825123840404,15.600491935847758,32690313
2015-10-20,15.78050422668457,15.80050467132669,15.673833623245795,15.687167253007209,23941473
2015-10-21,15.667166709899902,15.853839072083035,15.640497887861766,15.800502993354065,29215200
2015-10-22,15.920503616333008,15.980504930329182,15.693830420333844,15.700497233000085,61204335
2015-10-23,16.09384536743164,16.100512181363996,15.973842716649237,16.04717766990515,45903498
2015-10-26,16.027179718017578,16.093849439557406,15.967178377444613,16.093849439557406,24485698
2015-10-27,15.933842658996582,15.967176733661008,15.8805081395335,15.947176288862352,28664204
2015-10-28,16.30718231201172,16.333849563380426,15.967171726366695,15.967171726366695,112058299
2015-10-29,16.287187576293945,16.3671909237595,16.20718579417593,16.30052120664695,48479611
2015-10-30,16.053844451904297,16.260517248743476,16.033844010147014,16.247183620905286,62867662
2015-11-02,16.27385139465332,16.340521101313914,16.087179033628786,16.093845847760115,73531446
2015-11-03,16.300519943237305,16.353856025862918,16.193849343333497,16.267185869938434,42479225
2015-11-04,16.25385284423828,16.340523003381435,16.207185139886764,16.300520548589798,40100564
2015-11-05,16.320524215698242,16.34719148059297,16.227188788566703,16.25385605346143,45236788
2015-11-06,16.487192153930664,16.647198834857534,16.42719082259364,16.627196825731122,85556100
2015-11-09,16.30718231201172,16.547190705024082,16.213846932221237,16.50718982797102,59169369
2015-11-10,16.380521774291992,16.387188588337118,16.24051711399711,16.267184370177606,41119339
2015-11-11,16.32718276977539,16.45385220178174,16.313847580006826,16.45385220178174,27576370
2015-11-12,16.08051872253418,16.293858426359606,16.073851905706757,16.287191609532183,66597469
2015-11-13,15.947175025939941,16.11384695141012,15.90050732510555,16.00050954117924,53877793
2015-11-16,16.140514373779297,16.140514373779297,15.867173415040467,15.900507487405278,53560564
2015-11-17,16.107173919677734,16.253845345318382,16.07383986052003,16.2071776624976,46013180
2015-11-18,16.393856048583984,16.413856491507723,16.147180788496566,16.2005168683072,83572836
2015-11-19,16.42052459716797,16.453858671329005,16.34052281918148,16.400524152671345,35613076
2015-11-20,16.447187423706055,16.513857119406996,16.40051973245832,16.467187862812224,44189330
2015-11-23,16.380521774291992,16.493859178406378,16.36052133215662,16.44052310069811,31828859
2015-11-24,16.333858489990234,16.38719458722333,16.193853778443607,16.280523958104986,35916887
2015-11-25,16.347187042236328,16.3805226796517,16.30051934134111,16.340521793170087,24226080
2015-11-27,16.387189865112305,16.407190308805973,16.29385289586113,16.373856235983194,23191055
2015-11-30,16.37385368347168,16.440521818724378,16.34718486402345,16.440521818724378,30361138
2015-12-01,16.553857803344727,16.560524616301876,16.40051953998327,16.43385360476902,38268343
2015-12-02,16.360517501831055,16.593857504128096,16.32718343940961,16.593857504128096,43846620
2015-12-03,16.09384536743164,16.45385645047335,16.040510855972794,16.45385645047335,59308595
2015-12-04,16.52052116394043,16.547188411613106,16.153841812400813,16.193842683909825,52547451
2015-12-07,16.3671932220459,16.513864741872126,16.287189863346246,16.50052954429905,31381144
2015-12-08,16.160518646240234,16.307190164744846,16.120517749924723,16.187187475798318,35697769
2015-12-09,15.97384262084961,16.26718399746126,15.880505661009149,16.087178457019952,66624798
2015-12-10,15.987178802490234,16.140517126870694,15.913843830778887,15.967178355659868,58161303
2015-12-11,15.633831024169922,15.847170642368146,15.547162440199234,15.747168430094275,89542078
2015-12-14,15.667166709899902,15.773835736663234,15.493826410714883,15.647164702034473,71948873
2015-12-15,16.033845901489258,16.12051449266086,15.81383788551264,15.827171514923657,93332943
2015-12-16,16.29385757446289,16.34719210629376,16.027181784612853,16.18052012897445,102205375
2015-12-17,16.06051254272461,16.35385550918168,16.040512099377178,16.35385550918168,70913355
2015-12-18,15.631160736083984,15.966593241459377,15.631160736083984,15.946465905000048,113598773
2015-12-21,15.785454750061035,15.839125010163075,15.644574452075348,15.758620407587571,50728156
2015-12-22,15.933051109313965,15.96659404651168,15.738498923256127,15.879380834642078,57087748
2015-12-23,16.120891571044922,16.147725918203484,15.986718260096724,16.03367836762421,40627924
2015-12-24,16.10747718811035,16.194688831485227,16.06722408524321,16.14102012786992,13844688
2015-12-28,16.094053268432617,16.10076185423006,15.959879977328548,16.04038458205305,16747016
2015-12-29,16.261770248413086,16.28189600674587,16.174558628971017,16.228227317858444,38040239
2015-12-30,16.147722244262695,16.255059608475474,16.1208879032095,16.228225267422278,19339133
2015-12-31,15.986723899841309,16.174565971372946,15.953180954059933,15.986723899841307,59154720
2016-01-04,15.678118705749512,15.691535878120664,15.49698530358372,15.657992947192785,93387476
2016-01-05,15.738499641418457,15.785459755638094,15.597617723603934,15.704956702690144,52096536
2016-01-06,15.496987342834473,15.590907561791509,15.416482722858703,15.510404516971192,77248574
2016-01-07,15.060925483703613,15.315854959975084,15.000548195976162,15.174973046788804,92006910
2016-01-08,14.82612133026123,15.20851391754489,14.79257682203808,15.195096744317768,83028242
2016-01-11,14.8462495803833,14.933461220988304,14.698659074973069,14.90662687003292,70986600
2016-01-12,14.960293769836426,15.02738121429919,14.765743173689707,15.000546866576252,80633578
2016-01-13,14.57119083404541,15.087756691369181,14.504104972765141,15.020670830088912,125524947
2016-01-14,14.698650360107422,14.819404867811016,14.463846778152194,14.604728612294396,95264013
2016-01-15,14.36993408203125,14.437019954548486,14.175383476575767,14.202216250427167,94362797
2016-01-19,14.363224983215332,14.57790134278002,14.262594602868058,14.52423107152227,83779398
2016-01-20,14.081461906433105,14.215635228781602,13.77286373757822,14.068044731713808,107682217
2016-01-21,14.02108097076416,14.276008799233262,13.974119296314367,14.094875412512947,91494814
2016-01-22,14.276012420654297,14.336391281647552,14.175383610924719,14.20221638503043,59334200
2016-01-25,13.98753547668457,14.269299202803152,13.953992550993073,14.215630521696754,78982191
2016-01-26,14.222342491149902,14.262594011557855,14.021083313954758,14.041209074158736,63973716
2016-01-27,14.16867446899414,14.416895367850287,14.068045652016476,14.175384631948274,77206350
2016-01-28,14.175379753112793,14.322968633883377,14.081457981103704,14.255882778987656,79906672
2016-01-29,14.57119083404541,14.577899420173438,14.229049791205572,14.276009894101762,100518905
2016-02-01,14.510815620422363,14.584611661480572,14.40347821547315,14.504108607768663,84561575
2016-02-02,14.108296394348145,14.322972767119529,14.074753457220668,14.302848579998578,86157444
2016-02-03,14.121711730957031,14.188799171634658,13.719193387512595,14.188799171634658,151930266
2016-02-04,14.242467880249023,14.343098253802234,14.034500121738073,14.034500121738073,97011048
2016-02-05,14.054627418518066,14.329682647864663,14.014374319601258,14.255886612480099,81506726
2016-02-08,13.699068069458008,13.900327247668,13.511224489629608,13.853367140288592,132312804
2016-02-09,13.678939819335938,13.772861602969927,13.43072055034406,13.43072055034406,168924221
2016-02-10,13.605147361755371,13.940579877172224,13.598438774453255,13.78628079406803,80836939
2016-02-11,13.189208984375,13.336799466310318,13.101997357641388,13.242879252904888,155436893
2016-02-12,13.746030807495117,13.746030807495117,13.44414119482807,13.504518487299206,119640644
2016-02-16,13.967411041259766,14.027789888365563,13.83994791158617,13.980828212804354,97496185
2016-02-17,14.155256271362305,14.222343719659202,14.101587572849194,14.101587572849194,79846353
2016-02-18,14.074750900268555,14.208924199558806,14.007665038201052,14.208924199558806,79491948
2016-02-19,14.074750900268555,14.135128176129307,13.940577600978301,13.960703359598552,91481888
2016-02-22,14.296137809753418,14.35651509401651,14.242469112630669,14.242469112630669,52408225
2016-02-23,14.041207313537598,14.242466465496939,14.014371394808533,14.222340707816523,71553352
2016-02-24,14.007667541503906,14.047919065937736,13.719195132750398,13.839951281207417,89023089
2016-02-25,14.202216148376465,14.215634897938985,14.007667119474418,14.007667119474418,87713797
2016-02-26,14.302847862243652,14.430311016931622,14.22234324202211,14.296137699999356,100096303
2016-02-29,14.148545265197754,14.363221573804532,14.141835104622324,14.28942555902544,70846020
2016-03-01,14.62486457824707,14.651697353988872,14.249178940216552,14.249178940216552,100224943
2016-03-02,14.785869598388672,14.792578185620632,14.61815334243419,14.63827910413007,89863616
2016-03-03,14.88650131225586,14.893209900087287,14.712076453483112,14.77245374396596,76643660
2016-03-04,14.946879386901855,15.020675432074777,14.83283181262864,14.96029656326862,70707286
2016-03-07,14.940165519714355,14.960291277153205,14.799283642487245,14.846245318333052,48251261
2016-03-08,14.698650360107422,14.866366529294869,14.678523033668816,14.805987700288396,94684581
2016-03-09,14.718783378601074,14.792577836410556,14.665113106856907,14.75232631396902,59913509
2016-03-10,14.705366134643555,14.879790972884287,14.53094129640282,14.812705102466868,94740222
2016-03-11,15.08775806427002,15.107883824485432,14.852955953268177,14.852955953268177,79284278
2016-03-14,15.04079818725586,15.081049708302613,14.9468763963247,15.04079818725586,55347853
2016-03-15,15.034090995788574,15.034090995788574,14.88650049642995,14.940169196140161,75699114
2016-03-16,15.000548362731934,15.094468589129827,14.886500798378917,14.953586674377412,72379969
2016-03-17,15.181679725646973,15.228639832419974,14.893207348016388,15.000546310081464,65859485
2016-03-18,15.316442489624023,15.377087735515328,15.235582161768953,15.276012325696488,65031268
2016-03-21,15.2894926071167,15.390569622617207,15.228847347104335,15.269277520445911,47484348
2016-03-22,15.242325782775879,15.302971049596762,15.14798711890776,15.181678933808252,43482367
2016-03-23,15.127769470214844,15.24232320363975,15.121031108374936,15.215369756280118,55912266
2016-03-24,15.033432006835938,15.033432006835938,14.891924829794135,14.993000254719398,48500785
2016-03-28,15.080602645874023,15.127771184097279,15.006479075090825,15.05364761331408,36121356
2016-03-29,15.107555389404297,15.114293751692331,14.93235638776883,15.019955097513273,44438115
2016-03-30,15.195158004760742,15.309711775247662,15.174942912700754,15.188419640740745,37636102
2016-03-31,15.16146183013916,15.255800481471098,15.1277700197158,15.154723468054488,39946073
2016-04-01,15.296233177185059,15.316448266773676,15.026695485043252,15.087342335955896,45753316
2016-04-04,15.222105979919434,15.316444624378484,15.188414171950635,15.282752816409685,38544826
2016-04-05,15.006477355957031,15.107554365574192,14.979523908631514,15.080600918248676,61644172
2016-04-06,15.087339401245117,15.100816125016108,14.932355495732262,14.979524028930722,38129610
2016-04-07,14.804325103759766,14.993000819541221,14.723464760773355,14.979524095710152,51315220
2016-04-08,14.858236312866211,15.006481900194505,14.831282857378694,14.905406442116318,55956828
2016-04-11,14.918883323669434,15.046913820702047,14.905406595786735,14.925621687610784,45423161
2016-04-12,15.107555389404297,15.134508838556433,14.905402938616696,14.939094750056865,48225902
2016-04-13,15.451215744018555,15.46469246921706,15.24906328389432,15.262540009092824,69649488
2016-04-14,15.484911918640137,15.565773874754159,15.37709650453714,15.37709650453714,52055051
2016-04-15,15.43100357055664,15.545557338525485,15.404050115069136,15.525342246909858,53901797
2016-04-18,15.545555114746094,15.559031840562012,15.343401063213886,15.356879371176529,52434076
2016-04-19,15.740967750549316,15.740967750549316,15.592722198278043,15.592722198278043,57169363
2016-04-20,15.862258911132812,15.88921077649827,15.727490091426624,15.73422845330461,74743119
2016-04-21,15.720751762390137,15.922905803789886,15.680323169115493,15.855520595941087,63436754
2016-04-22,15.868999481201172,15.902691295279354,15.734230642741736,15.734230642741736,46728145
2016-04-25,15.835309982299805,15.848786709901422,15.720754633392188,15.801616581148826,38189682
2016-04-26,15.936378479003906,15.956593561577275,15.828563123133032,15.848779787852644,41664795
2016-04-27,15.963332176208496,16.017239063927782,15.868995122699744,15.922902010419032,56916147
2016-04-28,15.794876098632812,15.956598390305823,15.740969195457385,15.828567913117455,74850832
2016-04-29,15.707283973693848,15.767929265220477,15.565776711317655,15.707283973693846,60318138
2016-05-02,15.848783493041992,15.868998580341321,15.687059630354133,15.720751442519681,43564598
2016-05-03,15.646632194519043,15.68032559472885,15.511864922267385,15.666847285356791,44142060
2016-05-04,15.52534294128418,15.606203311363188,15.451219353231396,15.464696081577898,46466680
2016-05-05,15.518601417541504,15.619678452013092,15.478171236611614,15.559033180618258,47043157
2016-05-06,15.585987091064453,15.592725454750125,15.404049689404378,15.404049689404378,38964104
2016-05-09,15.545555114746094,15.633153832549555,15.484908266427741,15.559031840562012,31989258
2016-05-10,15.767924308776855,15.774662672383919,15.612940363667505,15.619678727274568,37549070
2016-05-11,15.599459648132324,15.76118191550113,15.585982924363796,15.720750162049063,31961192
2016-05-12,15.606203079223633,15.720755268464954,15.51186598220137,15.653371627734765,35254978
2016-05-13,15.41752815246582,15.680327530086572,15.390574694688736,15.572512116831145,45538875
2016-05-16,15.498384475708008,15.565769684688481,15.404047398140689,15.417524123507448,33796243
2016-05-17,15.410786628723145,15.525340382938676,15.343401415947696,15.457955170163226,45457629
2016-05-18,15.680322647094727,15.693799371786499,15.363614870398335,15.363614870398335,96899150
2016-05-19,15.532076835632324,15.680323984176214,15.437739754745685,15.606200409904268,66203303
2016-05-20,15.639891624450684,15.727491921202615,15.585984723155137,15.61293817380291,35765351
2016-05-23,15.62641429901123,15.680322780383149,15.559030674979592,15.606199211801739,38575724
2016-05-24,15.862258911132812,15.89595072052274,15.714013367670653,15.73422845330461,47386483
2016-05-25,16.030719757080078,16.111581690836864,15.922905954933245,15.929644317567423,51504178
2016-05-26,15.936378479003906,16.05767055659036,15.91616339643054,16.037455474016994,36198417
2016-05-27,16.04420280456543,16.050942752002143,15.943127325223989,15.963342421092277,37026264
2016-05-31,16.003774642944336,16.12506522154916,15.94986613697264,16.12506522154916,40884834
2016-06-01,16.037466049194336,16.05768114509763,15.82183519526463,15.889218848275608,38452378
2016-06-02,16.07115364074707,16.07115364074707,15.943123151616582,15.99703005982021,28227076
2016-06-03,15.842041969299316,15.88921050162924,15.673581343117416,15.875733778106405,86083215
2016-06-06,15.936378479003906,16.01050044843959,15.835303066137065,15.848779787852644,46925474
2016-06-07,15.902689933776855,15.997027005119136,15.889211627152818,15.949858469447996,26503799
2016-06-08,15.916172981262207,15.956603170756289,15.875741209620928,15.875741209620928,30469958
2016-06-09,15.801613807678223,15.848783928151606,15.720751874114326,15.821828895532533,39571234
2016-06-10,15.606203079223633,15.68032666617384,15.559034530712502,15.619679807369671,47349676
2016-06-13,15.498384475708008,15.700538520502755,15.491646113024627,15.518599563758148,56062079
2016-06-14,15.26927661895752,15.51859758865739,15.188414694901839,15.43773724674818,66888232
2016-06-15,15.2894926071167,15.464691607076762,15.276015882669506,15.309707693787487,58034633
2016-06-16,15.329920768737793,15.343397491416457,15.080599817036154,15.16819851444747,71488109
2016-06-17,15.317054748535156,15.391573084469035,15.249309216170328,15.350926719414192,46524537
2016-06-20,15.405116081237793,15.64222296946377,15.398341689608833,15.560928679310072,70566829
2016-06-21,15.49319076538086,15.527062736648322,15.398347655225189,15.466093188366889,40308110
2016-06-22,15.479642868041992,15.608357956875293,15.445769304217643,15.493191657328985,54005201
2016-06-23,15.80481243133545,15.80481243133545,15.655775777187008,15.662550170557394,73745517
2016-06-24,14.9580078125,15.303503486127964,14.903811071615484,14.978329403247528,165914672
2016-06-27,14.531220436096191,14.754777086273503,14.443153291417028,14.734453899039849,140642119
2016-06-28,14.903810501098633,14.903810501098633,14.666703546496144,14.7954186140855,109722231
2016-06-29,15.242531776428223,15.242531776428223,14.998652044221313,15.032524008332489,100009025
2016-06-30,15.486412048339844,15.486412048339844,15.215433172626073,15.289951488613879,72707045
2016-07-01,15.405116081237793,15.51350793790734,15.378018514721948,15.42543925612468,45095346
2016-07-05,15.174786567687988,15.296727218804753,15.100266662325291,15.256079274694962,59557011
2016-07-06,15.215434074401855,15.235757252693936,15.012200700874626,15.04607266469476,58561132
2016-07-07,15.235759735107422,15.364474809202337,15.161241402561604,15.262857310578628,65731461
2016-07-08,15.527059555053711,15.547382733649837,15.425442071466627,15.445765250062754,55327418
2016-07-11,15.615128517150879,15.662550863448034,15.56093336779029,15.608355714087443,42557517
2016-07-12,15.811588287353516,15.831911467300195,15.709970797013556,15.730293976960237,55059306
2016-07-13,15.811588287353516,15.845460253931316,15.723519583644677,15.798039500722394,57377156
2016-07-14,15.9606294631958,16.123218130056497,15.919984682391133,16.123218130056497,67039521
2016-07-15,15.933528900146484,16.035144799513223,15.831911410173197,16.021596012930992,62710956
2016-07-18,15.987724304199219,16.00804748440018,15.926753172989766,15.940301959790405,38953149
2016-07-19,15.994497299194336,16.00127169200237,15.89287981646742,15.913202994891517,30777585
2016-07-20,16.021591186523438,16.055463142775295,15.953847274019722,16.055463142775295,31817657
2016-07-21,15.940299987792969,16.028368681708596,15.919978400712596,16.001271111459594,36524509
2016-07-22,16.041913986206055,16.04868837729846,15.933523728727575,15.960619702491163,23484772
2016-07-25,16.008039474487305,16.04868581455109,15.960617153807108,16.014813864497935,37096308
2016-07-26,16.021591186523438,16.041914360274554,15.953847274019722,15.967396056520466,34484126
2016-07-27,16.01482391357422,16.062244673404496,15.9606271688757,15.994500730789817,50709937
2016-07-28,16.048690795898438,16.082562756465098,15.919977345745126,15.974170892045512,33001387
2016-07-29,16.021591186523438,16.096109490277524,15.98771923027158,15.98771923027158,54440606
2016-08-01,15.980951309204102,16.10289040108008,15.947079339238554,16.035146461148983,39409726
2016-08-02,15.845465660095215,15.994503954493055,15.804817695727005,15.933534393851387,39709475
2016-08-03,16.008039474487305,16.014813864497935,15.845452523626383,15.845452523626383,33511513
2016-08-04,15.967402458190918,16.021597609921876,15.933530488359068,15.994500034056397,31363295
2016-08-05,16.272253036499023,16.272253036499023,16.089344385252808,16.13676514668701,51542339
2016-08-08,16.29257583618164,16.33999659186922,16.245153489887425,16.319673410860258,45019886
2016-08-09,16.30612564086914,16.333223217238388,16.26547927631527,16.28580086798547,32239890
2016-08-10,16.177410125732422,16.319673988436712,16.15031255009478,16.292576412799075,33545242
2016-08-11,16.211284637451172,16.251931007281588,16.15031508270555,16.211284637451172,25139605
2016-08-12,16.163862228393555,16.19095980552402,16.09611669496061,16.10289108924323,28861534
2016-08-15,16.272253036499023,16.285801825480227,16.21128348608362,16.22483227506482,26275941
2016-08-16,16.231609344482422,16.27225412353439,16.190961384216582,16.245156543761787,27637427
2016-08-17,16.285799026489258,16.29257501042212,16.19095751992097,16.231605470485366,25676567
2016-08-18,16.272253036499023,16.30612659955886,16.22483227506482,16.258704247517823,26595016
2016-08-19,16.26547622680664,16.279025012451093,16.163858743866825,16.224828279266852,31510153
2016-08-22,16.26547622680664,16.279025012451093,16.19773070797795,16.2383770649113,32517481
2016-08-23,16.285799026489258,16.36709333701149,16.285799026489258,16.326446977053653,29855443
2016-08-24,16.27902603149414,16.333221177464477,16.23837808140985,16.292574817986726,24299201
2016-08-25,16.312902450561523,16.340000030943358,16.238382513904508,16.258705699190884,27249662
2016-08-26,16.33322525024414,16.45516435908359,16.231609326211267,16.360322829986238,64953346
2016-08-29,16.475482940673828,16.536452472172556,16.353542287070038,16.373865464236278,40451522
2016-08-30,16.624526977539062,16.624526977539062,16.482263097018414,16.50258628129181,39359132
2016-08-31,16.63806915283203,16.651617936961504,16.502579720931035,16.631294760767293,56386078
2016-09-01,16.57032585144043,16.692266515474277,16.441610794438393,16.6787177295379,62960480
2016-09-02,16.644847869873047,16.69226862664795,16.57032794719152,16.59065271927315,66918391
2016-09-06,16.617753982543945,16.665174749842922,16.48903888069684,16.63807716852922,60299920
2016-09-07,16.610971450805664,16.631296219388684,16.5229043462403,16.55677630953467,38671003
2016-09-08,16.59742546081543,16.658396595620417,16.563553491816364,16.610974248415054,72066064
2016-09-09,16.285799026489258,16.563552334080928,16.285799026489258,16.50258279414417,66476831
2016-09-12,16.468711853027344,16.529681396760704,16.136763378154633,16.211281709384295,87153077
2016-09-13,16.177410125732422,16.319673988436712,16.11643898994104,16.279027624980255,83230864
2016-09-14,16.136764526367188,16.285801199431223,16.089343766755903,16.177410891748288,82876829
2016-09-15,16.231609344482422,16.279030109084477,16.069020684632935,16.102892659348687,68626527
2016-09-16,16.077774047851562,16.173068986007458,16.030126578773615,16.16626380292176,75235766
2016-09-19,16.18029022216797,16.29760051111375,16.07136095194444,16.07136095194444,50396100
2016-09-20,16.18866729736328,16.32273480969753,16.163530637682367,16.297598150016615,39903200
2016-09-21,16.289220809936523,16.30597805245915,16.130015019388924,16.264082548836054,64029700
2016-09-22,16.322734832763672,16.389768589025525,16.289218753738155,16.373011348618174,38355700
2016-09-23,16.238943099975586,16.34787395856577,16.2138064389247,16.264081359237377,59009500
2016-09-26,15.979192733764648,16.146777987516742,15.937297219432338,16.138398565007996,54189000
2016-09-27,16.10487174987793,16.12163058539979,15.870254445413961,15.920529353769023,47620000
2016-09-28,16.18029022216797,16.205428483701574,16.021086027088273,16.171910801656768,42936400
2016-09-29,15.954054832458496,16.255706028422402,15.870262212053015,16.17191340801692,62580800
2016-09-30,16.171907424926758,16.25570001433165,16.012703263089243,16.03783992116321,47336900
2016-10-03,16.096498489379883,16.180291100831173,16.054602982759803,16.12163675227861,33170500
2016-10-04,16.163530349731445,16.280839021381375,16.07973775646259,16.138392092287553,68471600
2016-10-05,16.42328643798828,16.456802517364252,16.205426328306554,16.230564586496655,58651900
2016-10-06,16.448421478271484,16.473559733986193,16.305974558976153,16.46518031541462,53337300
2016-10-07,16.44005012512207,16.47356621438228,16.33111923905095,16.381394172046917,55532800
2016-10-10,16.523836135864258,16.599249311591805,16.507078895422108,16.523836135864258,37997400
2016-10-11,16.373016357421875,16.52384115649298,16.264085471290667,16.47356622346928,78581200
2016-10-12,16.35624885559082,16.465178085849665,16.331110603280106,16.35624885559082,51378700
2016-10-13,16.19704246520996,16.230560133601106,16.01270008368984,16.22218071650332,73171100
2016-10-14,16.2724609375,16.440046137789224,16.222186016697602,16.389769618775908,76176500
2016-10-17,16.19704246520996,16.314351108158185,16.155146977931423,16.280835037977432,41236100
2016-10-18,16.33111572265625,16.38139064482709,16.264081960358144,16.364633402910783,45958700
2016-10-19,16.473562240600586,16.51545774162257,16.364632979016875,16.381390220499117,49835900
2016-10-20,16.473562240600586,16.574113680548635,16.406528480038858,16.456803400907425,56238200
2016-10-21,16.465179443359375,16.481938279614905,16.31435311348078,16.339491367864078,39543100
2016-10-24,16.515457153320312,16.599249750590396,16.50707933198308,16.540595411964595,33808700
2016-10-25,16.498703002929688,16.55735735254247,16.456805897341155,16.548977931424766,36177800
2016-10-26,16.599254608154297,16.62439287415498,16.406532696783053,16.42329154078351,40419200
2016-10-27,16.641143798828125,16.716556962730593,16.565730634925657,16.691418708692915,45545800
2016-10-28,16.56572914123535,16.69141720366963,16.440041078801073,16.674658369155615,55749900
2016-10-31,16.540599822998047,16.64953070796201,16.540599822998047,16.64953070796201,38579100
2016-11-01,16.473562240600586,16.64114744111036,16.339494719477134,16.599250341877458,62758900
2016-11-02,16.364627838134766,16.448418813856136,16.2892146814172,16.440040994852332,66529900
2016-11-03,16.38138771057129,16.53221404827855,16.35625105309386,16.38138771057129,53462100
2016-11-04,16.33111572265625,16.465183247252458,16.25570254029451,16.389770064890723,64891400
2016-11-07,16.741697311401367,16.75007673126224,16.59087095032751,16.607629790049256,59001800
2016-11-08,16.750072479248047,16.833865058375057,16.582488919204536,16.691418153322292,63290400
2016-11-09,17.462310791015625,17.546103388312112,16.85062754770975,17.210934597337033,268936600
2016-11-10,18.107511520385742,18.182924697331284,17.663411878174312,17.730445635658032,241635500
2016-11-11,18.157794952392578,18.182933222564344,17.931555315481447,17.99020968100398,134954500
2016-11-14,18.60188865661621,18.71081792827961,18.30861532769174,18.333751991346567,261730900
2016-11-15,18.585124969482422,18.601883806356646,18.258335641488287,18.44267805247281,122754500
2016-11-16,18.316991806030273,18.459438737300083,18.266715290374478,18.417541640920252,117887700
2016-11-17,18.568361282348633,18.585120114845267,18.275088106498465,18.316985187740052,98536400
2016-11-18,18.568361282348633,18.635395014124935,18.484568718075696,18.551602449852,92344300
2016-11-21,18.635398864746094,18.685673774414038,18.509710791470955,18.668916536665098,71943900
2016-11-22,18.643783569335938,18.727576174683023,18.53485430113244,18.71919675432721,98286500
2016-11-23,18.752716064453125,18.777854329846278,18.576753001334943,18.71919997547355,101948400
2016-11-25,18.77785301208496,18.811370696923678,18.702439819409022,18.79461185450432,33114800
2016-11-28,18.55998992919922,18.752711792004828,18.50971500807839,18.643782529874546,99791400
2016-11-29,18.610261917114258,18.668917847089745,18.526470927856344,18.59350467818908,74645700
2016-11-30,18.86164665222168,18.911921584004006,18.79461287710815,18.870026073887278,98843700
2016-12-01,19.188430786132812,19.23032788284484,18.93705459870393,18.962191258520324,120088300
2016-12-02,18.978954315185547,19.146539542857017,18.89516170134981,19.138160121652326,82108300
2016-12-05,19.205188751220703,19.272222504699926,19.096259501146,19.14653441670273,95145700
2016-12-06,19.37277603149414,19.389533273020174,19.138157069809544,19.330878932151755,79142600
2016-12-07,19.674423217773438,19.69118205415603,19.3560133175572,19.423047064876965,120172500
2016-12-08,19.858766555786133,19.976075210110245,19.66604314026867,19.78335339280333,116856500
2016-12-09,19.900665283203125,19.900665283203125,19.7163228538304,19.858769785049127,95677300
2016-12-12,19.707948684692383,19.925808849194212,19.657672155661107,19.84201623235332,85143200
2016-12-13,19.758220672607422,19.87552935978529,19.590635463886755,19.758220672607422,113420700
2016-12-14,19.666040420532227,19.967693030746055,19.531972948928377,19.607386101481833,142995800
2016-12-15,19.833635330200195,20.00122055137118,19.691188371668193,19.766601561374024,110426000
2016-12-16,19.662763595581055,19.940533729008045,19.63751118146278,19.932116257635286,83096500
2016-12-19,19.671178817749023,19.721682034742525,19.511250090889902,19.688012153101308,73717600
2016-12-20,19.915273666381836,19.915273666381836,19.789014855217474,19.789014855217474,60793600
2016-12-21,19.864776611328125,19.92369730107676,19.7974384508342,19.91527983033147,37738000
2016-12-22,19.81427001953125,19.856355760625455,19.746930265031544,19.856355760625455,37796100
2016-12-23,19.847944259643555,19.847944259643555,19.755353674832328,19.81427597773767,18276700
2016-12-27,19.873193740844727,19.89844454717864,19.847941329042452,19.890027076577883,38241100
2016-12-28,19.671178817749023,19.92369650818484,19.65434387692842,19.906861567364235,30834400
2016-12-29,19.528085708618164,19.721682718360885,19.443912607065734,19.688012835552563,39251800
2016-12-30,19.570171356201172,19.637509516003774,19.50283319639857,19.603841238836658,44761200
2017-01-03,19.78902244567871,19.923698776640787,19.578590477866904,19.873195553897133,71259900
2017-01-04,19.948949813842773,19.974200620737502,19.78902107981312,19.84794176985868,45092200
2017-01-05,19.746929168701172,19.9152753346678,19.5617496705123,19.8900229281324,62201100
2017-01-06,19.81427001953125,19.89844150171966,19.7132619932498,19.822685883375602,38060800
2017-01-09,19.679594039916992,19.80585448647931,19.6375082947084,19.763767135802446,34022400
2017-01-10,19.721683502197266,19.890028106524586,19.62067545522612,19.713266031160632,46212100
2017-01-11,19.847944259643555,19.847944259643555,19.61225986442798,19.74693620298871,48001200
2017-01-12,19.679594039916992,19.780602076073194,19.511249453614354,19.755349665667076,57418100
2017-01-13,19.78902244567871,20.0247068275966,19.704849337460285,19.81427485978479,72479700
2017-01-17,19.317655563354492,19.654346395570887,19.309238091865517,19.64592892408191,96657800
2017-01-18,19.477588653564453,19.5028410757433,19.233488327711658,19.418667940616157,68289100
2017-01-19,19.39341163635254,19.570173725180876,19.326071862930053,19.519670500582574,56729700
2017-01-20,19.485998153686523,19.553336313138736,19.384991717242386,19.4523298766946,74805200
2017-01-23,19.3597354888916,19.519664188113495,19.292397342714178,19.401821228201975,46651200
2017-01-24,19.603839874267578,19.679593893987654,19.36815552862962,19.45232862389091,45229500
2017-01-25,19.93211555480957,19.940533025885518,19.721683594316172,19.81427417068317,92850100
2017-01-26,19.982624053955078,20.03312728828212,19.873200112001673,19.96578910735644,70704400
2017-01-27,19.906858444213867,19.99103152964282,19.847937766054024,19.982614060553118,43944500
2017-01-30,19.746929168701172,19.78901651292684,19.570167139357434,19.780599044081708,46168800
2017-01-31,19.62067413330078,19.797437802223882,19.511250228133783,19.64592654470932,56477300
2017-02-01,19.64592742919922,19.87319432570297,19.587006738728263,19.77218628098961,72132200
2017-02-02,19.570171356201172,19.66276192798039,19.44391250725484,19.536501473565686,39396500
2017-02-03,19.965784072875977,19.98261901522959,19.730101301799213,19.906863380106785,86346600
2017-02-06,19.873193740844727,20.0162875301209,19.831106387840936,19.847941329042452,34952100
2017-02-07,19.822690963745117,19.999454653673496,19.797440154804292,19.991037182203716,50838500
2017-02-08,19.688013076782227,19.822689398728897,19.595424108861636,19.822689398728897,54341100
2017-02-09,19.957366943359375,19.982619357322108,19.637511060507222,19.688014282964197,76813700
2017-02-10,20.016292572021484,20.083630748320992,19.94053692300094,20.07521327559996,55078700
2017-02-13,20.243553161621094,20.336143734348894,20.10887684063614,20.142546723616572,76687000
2017-02-14,20.47923469543457,20.5044871041795,20.19304715153135,20.226717029857923,75954300
2017-02-15,20.639162063598633,20.68124780330025,20.42873015415444,20.580241385829147,76869400
2017-02-16,20.58865737915039,20.647579662759277,20.46239855378177,20.61390978641134,64048200
2017-02-17,20.59708023071289,20.59708023071289,20.411900678811914,20.43715309267188,54156600
2017-02-21,20.698091506958008,20.748594737081547,20.630753331637038,20.70650897955672,55216100
2017-02-22,20.714920043945312,20.773840728440312,20.58024373496582,20.61391200947657,50438900
2017-02-23,20.714920043945312,20.765423258445566,20.597077069487074,20.723337513940063,53509400
2017-02-24,20.554990768432617,20.605493981565438,20.462400206465613,20.49607008553296,61686800
2017-02-27,20.664413452148438,20.706500798513485,20.571824501081537,20.580241970354546,39655000
2017-02-28,20.656002044677734,20.664417910298283,20.52132411272221,20.588662275965746,48913000
2017-03-01,21.245208740234375,21.2872960920512,21.026359327191827,21.05161173828192,92150000
2017-03-02,20.916934967041016,21.295711492318453,20.908517496861304,21.287295627607016,69446200
2017-03-03,21.017942428588867,21.06844725214296,20.92535346300974,20.933770933602087,57652800
2017-03-06,20.858016967773438,20.925355132416055,20.765426389339158,20.891685247360503,49017200
2017-03-07,20.799095153808594,20.891685734401406,20.74859193051639,20.891685734401406,53726500
2017-03-08,20.807510375976562,21.093697952809716,20.79909290542637,21.026359793876523,104601000
2017-03-09,20.883268356323242,20.992693880325604,20.79067938078493,20.891685827821004,60804100
2017-03-10,20.86643409729004,21.001110424369564,20.73175616474206,20.984275482117507,62148600
2017-03-13,20.916934967041016,20.94218577211188,20.79067612528187,20.891682556501877,49418400
2017-03-14,20.858016967773438,20.874850304832727,20.70650569596043,20.832764553981775,49511100
2017-03-15,20.824344635009766,20.975855889014035,20.73175406745865,20.89168279173741,86455100
2017-03-16,20.858016967773438,21.017944105381847,20.84959949650955,20.90852018988828,89233700
2017-03-17,20.653593063354492,20.915458201172243,20.653593063354492,20.907010730766476,83056800
2017-03-20,20.48464584350586,20.670485349480344,20.48464584350586,20.611354670815288,78676400
2017-03-21,19.910228729248047,20.594457615386855,19.859545525768503,20.577564288353663,192257000
2017-03-22,19.86799430847168,19.960913252462603,19.623022521609023,19.766626283620557,133199500
2017-03-23,19.910228729248047,20.138305561690977,19.80041485317737,19.842650587545325,85238900
2017-03-24,19.8848876953125,20.045384772943436,19.749729802333334,19.944018367196527,97583400
2017-03-27,19.80886459350586,19.81731045239583,19.41184155568982,19.4625263761707,103963000
2017-03-28,20.079174041748047,20.15519964935404,19.741283347493606,19.741283347493606,82301100
2017-03-29,19.95246696472168,20.079175784666973,19.935572025744957,20.04538590671353,76524100
2017-03-30,20.21433448791504,20.26501769970728,19.944021876769423,19.969362677070418,92566000
2017-03-31,20.045385360717773,20.197436584986583,20.045385360717773,20.138305911368715,70540000
2017-04-03,20.00314712524414,20.129855925899676,19.766622849147943,20.079172727875424,93489100
2017-04-04,19.977806091308594,20.02004343521821,19.884887157087295,19.91867542102506,105795900
2017-04-05,19.825756072998047,20.23967240117135,19.825756072998047,20.163648399922398,104651200
2017-04-06,19.95246696472168,20.036938437225167,19.70749518312939,19.808863205799664,80802100
2017-04-07,19.86799430847168,20.00315060081311,19.766626283620557,19.800416162300962,61525700
2017-04-10,19.817304611206055,19.994698208221678,19.74972648167384,19.867989416747488,60429000
2017-04-11,19.7581787109375,19.791968589441737,19.555444273482347,19.715942973997294,83801200
2017-04-12,19.59767723083496,19.749726816467685,19.546992424434325,19.732833492190533,74023000
2017-04-13,19.344263076782227,19.741286107836476,19.344263076782227,19.521656723063735,120159300
2017-04-17,19.682144165039062,19.690591630832223,19.335806123466355,19.394936772829105,86681200
2017-04-18,19.496309280395508,19.639913009861438,19.37804795419641,19.546992475739444,74890400
2017-04-19,19.43718147277832,19.69904656691349,19.411839065788477,19.62302095713393,55583800
2017-04-20,19.76662254333496,19.80885988369322,19.504757477872904,19.580783079327983,85720400
2017-04-21,19.56389617919922,19.79197307724872,19.555448707657703,19.715947444565554,94675300
2017-04-24,20.00314712524414,20.112960989494987,19.927121522612854,20.011594593446485,98770600
2017-04-25,20.1805419921875,20.281910013833272,20.15520119516859,20.1805419921875,71026100
2017-04-26,20.16364860534668,20.34948809809636,20.12141125845582,20.155201135968507,71691200
2017-04-27,20.07072639465332,20.205882671154157,19.952465055512565,20.205882671154157,68871800
2017-04-28,19.876441955566406,20.096071335379253,19.876441955566406,20.07917639588824,64091900
2017-05-01,20.00314712524414,20.104513521292642,19.89333164980348,19.977804720637106,69086600
2017-05-02,19.977806091308594,20.028489292810207,19.867992219523448,20.00314849765436,76511500
2017-05-03,20.1383056640625,20.1383056640625,19.893333892151094,19.910228830460156,78115400
2017-05-04,20.172088623046875,20.332587272382398,20.087617176102512,20.265009148113162,64482800
2017-05-05,20.1383056640625,20.239672071536877,20.07072752201625,20.23122621357234,46881500
2017-05-08,20.121410369873047,20.19743597972919,20.08762210504252,20.163647714898666,45893000
2017-05-09,20.045385360717773,20.239672320087912,19.977807217841637,20.172094177211775,65737900
2017-05-10,20.112964630126953,20.112964630126953,19.977808336804536,20.011598215730196,51192700
2017-05-11,19.98625946044922,20.070732562016737,19.82576072858998,20.03694267691357,77266700
2017-05-12,19.90178108215332,19.910228551189363,19.791967207064715,19.893333613117278,55787200
2017-05-15,20.053836822509766,20.096074177210177,19.935575451729285,19.944022922669365,52192100
2017-05-16,20.112964630126953,20.12985956958978,19.994703276267366,20.09607130185423,51529600
2017-05-17,19.47941780090332,19.842650922890414,19.40339218880416,19.690599698692093,141192800
2017-05-18,19.555444717407227,19.673707683666635,19.42873589252012,19.454078301973592,101656900
2017-05-19,19.724393844604492,19.83420774629776,19.580790058580764,19.58923752966338,69775600
2017-05-22,19.775075912475586,19.834206595432516,19.639919605376818,19.834206595432516,79181900
2017-05-23,19.927125930786133,19.986256610093303,19.699049072438324,19.79196963202969,65577800
2017-05-24,19.91868019104004,19.969363404678983,19.834207094181586,19.952470074259544,59441200
2017-05-25,19.95246696472168,20.04538590671353,19.90178214779151,19.96091282301998,49362400
2017-05-26,19.944013595581055,20.00314425331804,19.901776260633504,19.901776260633504,42601700
2017-05-30,19.80886459350586,19.910231012087273,19.766627243105123,19.884890213037007,46584200
2017-05-31,19.639917373657227,19.81730940237063,19.51320855154907,19.80886354392816,115877900
2017-06-01,19.8848876953125,19.90178102214367,19.614573520544138,19.749729802333334,81187600
2017-06-02,19.80886459350586,19.910231012087273,19.69904909365412,19.741286444054857,83704500
2017-06-05,19.8426513671875,19.969360186459898,19.817308958856998,19.817308958856998,44055800
2017-06-06,19.7581787109375,19.808863528693855,19.64836482817891,19.690600565119116,60397300
2017-06-07,19.910228729248047,19.96091193272759,19.758177507619425,19.791967384065778,83049100
2017-06-08,20.1383056640625,20.28190941730953,19.893333892151094,19.910228830460156,77987000
2017-06-09,20.518434524536133,20.552222791289,20.24812033456288,20.265015273534345,133216200
2017-06-12,20.560670852661133,20.70427461567243,20.442409498836575,20.560670852661133,86644400
2017-06-13,20.670488357543945,20.7380665160226,20.61135767027392,20.670488357543945,94978600
2017-06-14,20.70427703857422,20.72961945072663,20.383279596071507,20.493095104208333,117605800
2017-06-15,20.619802474975586,20.729617975296296,20.535329385003543,20.55222432523599,59547700
2017-06-16,20.596908569335938,20.66474517090124,20.53755012778316,20.613866506713144,53818800
2017-06-19,20.808900833129883,20.85129810806506,20.707145108992147,20.732584444364672,58041300
2017-06-20,20.63082504272461,20.75801846220992,20.622345265778645,20.741058908317992,45689600
2017-06-21,20.46123504638672,20.664746481340305,20.452756885836557,20.664746481340305,51938200
2017-06-22,20.33403778076172,20.444273255367907,20.30860006920026,20.384916438588554,58380200
2017-06-23,20.25772476196289,20.42731708139868,20.18988815765902,20.418837303691667,85352600
2017-06-26,20.367958068847656,20.452754219464957,20.232284874800797,20.300121471824227,60302300
2017-06-27,20.469709396362305,20.622342123427938,20.393393032829486,20.444271686752586,75943400
2017-06-28,20.79193687438965,20.8258543636867,20.588427086551253,20.60538502252377,90097600
2017-06-29,20.93608856201172,21.215914705337916,20.783455826133444,21.215914705337916,119176700
2017-06-30,20.919132232666016,21.097202707057445,20.876734962768676,21.088724546959718,72754900
2017-07-03,21.224397659301758,21.360070863206786,21.012408076031132,21.037845790918222,61454400
2017-07-05,21.258316040039062,21.309193089291682,21.131122608231397,21.28375537334149,78100200
2017-07-06,21.097206115722656,21.34311484944466,21.097206115722656,21.249838899777355,97648100
2017-07-07,21.241352081298828,21.283750961347174,21.097199123838255,21.207434594612053,59432400
2017-07-10,21.215917587280273,21.26679463370013,21.13960120897442,21.207437809984942,55022500
2017-07-11,21.02936363220215,21.207435703008244,20.97000681438411,21.198955926555385,49857200
2017-07-12,21.097206115722656,21.114165673362606,20.970012668127882,21.02936950251528,47818600
2017-07-13,21.224397659301758,21.224397659301758,21.080244677983647,21.09720261545765,48875900
2017-07-14,21.13112449645996,21.16504199320842,20.851298274537573,20.961532160660536,61742300
2017-07-17,21.06328582763672,21.114162876464686,20.978489668021954,21.071765605333415,43257000
2017-07-18,21.02936363220215,21.06328273801359,20.893690443660354,20.919129773018934,63210700
2017-07-19,21.037841796875,21.131117713358297,20.961525431998098,21.071760900087785,48259400
2017-07-20,21.02936363220215,21.14807888519021,20.98696636728983,21.05480296156073,40163500
2017-07-21,21.02936363220215,21.097200226473046,20.97000681438411,20.97000681438411,39108400
2017-07-24,21.122648239135742,21.148087578952175,21.02089411457531,21.02089411457531,26364800
2017-07-25,21.385509490966797,21.470305651365134,21.326152663893634,21.360071774993862,75786800
2017-07-26,21.241352081298828,21.444863470827084,21.190475042592716,21.410944366788407,56086500
2017-07-27,21.122648239135742,21.29224060320666,21.02937227716147,21.28376082326785,67826200
2017-07-28,21.122648239135742,21.182005081354767,21.003934554697686,21.088730736733147,43735800
2017-07-31,21.27527618408203,21.35159256874811,21.17352046540983,21.198959799415952,43039300
2017-08-01,21.427900314331055,21.444859863497555,21.317664862100422,21.419420539747804,60987500
2017-08-02,21.461824417114258,21.478783971513437,21.35159054822385,21.45334463991467,43341500
2017-08-03,21.385509490966797,21.461825873590076,21.351591997218804,21.427908379842084,40816800
2017-08-04,21.529661178588867,21.61445733386765,21.487263909625547,21.580539842167422,50792900
2017-08-07,21.49574851989746,21.538145798393202,21.461829403218868,21.52966601922355,39486800
2017-08-08,21.436386108398438,21.699252724887444,21.42790633143401,21.461823821939646,52736500
2017-08-09,21.436386108398438,21.453344044975218,21.258314026849572,21.258314026849572,46567000
2017-08-10,21.0548095703125,21.35159536991076,21.0548095703125,21.300718312576127,71130300
2017-08-11,20.970008850097656,21.165038875390493,20.91913180379347,21.05480500550606,50477800
2017-08-14,21.258316040039062,21.31767286705916,21.131122608231397,21.13960238599887,49472900
2017-08-15,21.27527618408203,21.46182644807007,21.27527618408203,21.43638873141623,48535000
2017-08-16,21.232873916625977,21.402464584715613,21.19895481259691,21.368547098038444,35084100
2017-08-17,20.868253707885742,21.215916471957005,20.85977393103619,21.181997364558804,76613100
2017-08-18,20.876737594604492,21.029368755887734,20.75802231269213,20.76650209121104,71725900
2017-08-21,20.817373275756836,20.885209867430003,20.73257874917932,20.85977215639752,45047200
2017-08-22,21.046327590942383,21.063287147398416,20.87673687843904,20.902174595770767,42644000
2017-08-23,20.978492736816406,21.097206407231518,20.876738624275585,20.893696564797416,36612700
2017-08-24,20.978492736816406,21.071768687772543,20.93609545948314,21.071768687772543,31067200
2017-08-25,21.037841796875,21.131117713358297,21.012404086817273,21.02088386262047,37177300
2017-08-28,20.902170181274414,21.063282698875422,20.851293140003772,21.05480292243832,36486900
2017-08-29,20.834333419799805,20.868252525275803,20.647783191737734,20.66474274447573,42814200
2017-08-30,20.919132232666016,21.01240816726277,20.85129563041897,20.868255185318773,35176100
2017-08-31,20.944568634033203,21.012405226787198,20.876732041279208,20.98696589799747,44225200
2017-09-01,21.00392723083496,21.122640873878733,20.919131078367084,20.970008122906975,42132600
2017-09-05,20.55451202392578,20.876737131080514,20.495155192963686,20.842818017757978,96579200
2017-09-06,20.605382919311523,20.707138611520428,20.53754633028954,20.630822246701715,77593900
2017-09-07,20.249242782592773,20.656263981513547,20.172928026231677,20.639304427943507,87667800
2017-09-08,20.43579864501953,20.512115033699814,20.223809035874833,20.266206310762826,68639500
2017-09-11,20.79193687438965,20.85129369367351,20.630824352510576,20.6732216184699,73305700
2017-09-12,21.037841796875,21.054801348481394,20.85129158126027,20.86825113286666,66350600
2017-09-13,21.071758270263672,21.080238045008564,20.927605334303816,21.003921689656188,51049400
2017-09-14,21.02936363220215,21.131119332284488,20.98696636728983,21.08024229091931,47163200
2017-09-15,21.091527938842773,21.108558225718685,20.972317554808953,20.99786298512282,59250200
2017-09-18,21.33846092224121,21.3469760658069,21.151132636088825,21.168162923220198,44010400
2017-09-19,21.500247955322266,21.55133719868655,21.30440450234438,21.338463456554646,58443300
2017-09-20,21.62796401977539,21.704598669034407,21.415090354966388,21.517270428677467,70595500
2017-09-21,21.679058074951172,21.73014893523899,21.559849315808002,21.57687960257061,51050100
2017-09-22,21.65351676940918,21.6790605784053,21.534307996500022,21.593912382954603,42306600
2017-09-25,21.62796401977539,21.704598669034407,21.48320986274138,21.62796401977539,39774600
2017-09-26,21.619447708129883,21.696082353241014,21.55984334506502,21.66202341324556,46811000
2017-09-27,21.883420944213867,21.994114573513382,21.79827112408469,21.89193446453882,65919100
2017-09-28,21.917478561401367,21.968567800724642,21.80678493885133,21.96005428091879,37718900
2017-09-29,22.019651412963867,22.019651412963867,21.883412403567565,21.91747134386809,42740800
2017-10-02,22.206985473632812,22.206985473632812,21.977081475896142,21.977081475896142,52774000
2017-10-03,22.283618927001953,22.283618927001953,22.147379889259664,22.18995397951759,48062900
2017-10-04,22.181440353393555,22.292135594189304,22.172926834037774,22.22401607066021,39283800
2017-10-05,22.411338806152344,22.48797345416297,22.14737592083638,22.20698028615639,61260400
2017-10-06,22.43688201904297,22.530545316416582,22.31767167605393,22.47094095697056,66077800
2017-10-09,22.35173988342285,22.496494073346064,22.300650647008055,22.496494073346064,31340200
2017-10-10,22.453916549682617,22.453916549682617,22.32619104201411,22.385797036838152,35822500
2017-10-11,22.411338806152344,22.436884230188266,22.3176738754511,22.402823664807034,33748600
2017-10-12,22.24104118347168,22.479458648309954,22.215495759054505,22.470943506837564,53834800
2017-10-13,22.249555587768555,22.326190239977752,22.045197056576445,22.130346850597466,69561400
2017-10-16,22.39430809020996,22.40282323139053,22.258069079515078,22.266584220695645,42000700
2017-10-17,22.283618927001953,22.479462340744313,22.232529693872955,22.47094719787324,37844200
2017-10-18,22.402830123901367,22.436890699102808,22.283621358891555,22.377286316597903,52201500
2017-10-19,22.41985321044922,22.428368351514592,22.206979556106138,22.241040120367636,34671600
2017-10-20,22.683820724487305,22.700851010099665,22.581642259007996,22.65827692016619,56083800
2017-10-23,22.666791915893555,22.734911433803557,22.615701059387987,22.69233572004892,43555200
2017-10-24,22.828575134277344,22.87115084873772,22.726396667767325,22.743425329454034,61259200
2017-10-25,22.692331314086914,22.92223525143137,22.564607445816804,22.89668982813851,68653500
2017-10-26,22.8200626373291,22.922242739784156,22.77748854202978,22.77748854202978,41832600
2017-10-27,22.80303192138672,22.845606012854358,22.658277736660274,22.777486492047647,56694400
2017-10-30,22.709367752075195,22.811547848847344,22.649763372332085,22.777487275224114,48157500
2017-10-31,22.649765014648438,22.794519214848094,22.624219582578736,22.709369398713417,39890800
2017-11-01,22.683820724487305,22.845605189609874,22.65827692016619,22.74342510003314,40921900
2017-11-02,22.896692276000977,22.930752844032842,22.59867042620854,22.709364024117548,51098300
2017-11-03,22.80303192138672,22.83709086974133,22.734912400580008,22.820060583515282,42387000
2017-11-06,22.777484893798828,22.82005898227913,22.700850235256386,22.74342432373669,33642100
2017-11-07,22.462427139282227,22.86263064615417,22.402822776326087,22.794511142190423,70325500
2017-11-08,22.35173988342285,22.428374550093817,22.275105216751882,22.419859406675094,55844900
2017-11-09,22.275096893310547,22.351731531345774,22.04519297920487,22.20697739551223,94577000
2017-11-10,22.206985473632812,22.334709375454008,22.189955186963978,22.292135282879453,53209600
2017-11-13,22.24104118347168,22.29213040820886,22.05371131927341,22.070741602218195,50579200
2017-11-14,22.23253059387207,22.241045737087845,22.079261264183113,22.15589592902759,54101800
2017-11-15,22.29212760925293,22.368762248785185,22.019649612736895,22.03667826944642,64952300
2017-11-16,22.30064582824707,22.44539998689156,22.283615545089557,22.394309137419015,53648100
2017-11-17,22.275096893310547,22.326186110635053,22.16440331842463,22.189947115038414,41938700
2017-11-20,22.377281188964844,22.411340132264247,22.249555685324665,22.317675196020712,35232400
2017-11-21,22.445402145385742,22.479461090878907,22.394311290999973,22.45391728778337,35972400
2017-11-22,22.334707260131836,22.505006862496025,22.334707260131836,22.44540248889777,30959400
2017-11-24,22.326194763183594,22.462433811579867,22.309166100207232,22.41985971799262,12172500
2017-11-27,22.309162139892578,22.428370880053034,22.292131855841863,22.309162139892578,42346400
2017-11-28,22.8881778717041,22.913723298551357,22.317676331560683,22.33470661612552,86507000
2017-11-29,23.27987289428711,23.433142250616225,23.049968859793438,23.109573248566363,135340600
2017-11-30,23.433137893676758,23.73967492524256,23.313927514197985,23.484227128254812,135241700
2017-12-01,23.484230041503906,23.59492366750429,22.947788951644423,23.467199753166096,148119600
2017-12-04,23.841856002807617,24.012155623895264,23.841856002807617,23.875916576664167,99820400
2017-12-05,23.714130401611328,23.969578190860595,23.654526025726327,23.94403438639413,77706200
2017-12-06,23.62898063659668,23.765219674303317,23.56086111774336,23.62898063659668,60299100
2017-12-07,23.705617904663086,23.790767718615996,23.484229038024562,23.705617904663086,59625500
2017-12-08,23.85036849975586,23.85036849975586,23.654525094104788,23.824823072198054,55001600
2017-12-11,23.790761947631836,23.884425258572044,23.72264243781295,23.85036631571121,43278400
2017-12-12,24.029178619384766,24.122843551301617,23.807789813824943,23.884424462830157,69517100
2017-12-13,23.731159210205078,24.05472649805395,23.71412892555584,24.00363726820357,97335300
2017-12-14,23.57789421081543,23.85037231867168,23.552348779167293,23.816311743140833,76970000
2017-12-15,23.790040969848633,23.95257676906932,23.63605985812796,23.721605101488315,111826100
2017-12-18,24.0039005279541,24.123664507671247,23.94401935391534,23.986792786542754,61275500
2017-12-19,23.9012451171875,24.157879160240327,23.9012451171875,24.140769788932953,57366300
2017-12-20,23.858474731445312,24.14077286745897,23.841366989595745,24.098001065375556,69680300
2017-12-21,24.063783645629883,24.13221951172171,23.96113066231202,23.986794723961363,46123500
2017-12-22,23.995346069335938,24.166436538191377,23.884138406727647,24.132217791764436,43020300
2017-12-26,23.926918029785156,24.072344486360016,23.832819709629774,23.995353913370963,33710100
2017-12-27,23.95258140563965,23.96113609479562,23.875590834876025,23.944026716483677,29421000
2017-12-28,24.046672821044922,24.05522750716501,23.952572905363485,24.012454076564566,28129700
2017-12-29,23.87558364868164,24.123664664615767,23.87558364868164,24.123664664615767,55169800
2018-01-02,23.884138107299805,24.029564514511872,23.772930446085688,24.029564514511872,55436100
2018-01-03,24.01245880126953,24.02956817687616,23.849922996286285,23.92691355487625,56906200
2018-01-04,24.234872817993164,24.41451797655819,24.106555779955098,24.1493275820879,62247000
2018-01-05,24.303314208984375,24.363195398248124,24.14933307565471,24.363195398248124,37989500
2018-01-08,24.269092559814453,24.320419050805647,24.18354732040264,24.277645615279877,44252100
2018-01-09,24.457294464111328,24.585611526731814,24.328977401490846,24.371749211817683,51418700
2018-01-10,24.662599563598633,24.765254182160582,24.491509076541984,24.53428251412605,64670900
2018-01-11,24.78235626220703,24.808020318892634,24.64548455649602,24.765248522722732,42361700
2018-01-12,25.00478172302246,25.02189109998357,24.773810028967475,24.927791158337467,44537500
2018-01-16,24.93634605407715,25.26141769248008,24.799474300530655,25.218644249721795,67563800
2018-01-17,25.12453842163086,25.192974277927988,24.799466880489863,25.004774449381248,54312000
2018-01-18,25.09033203125,25.21864912103095,25.056114902073897,25.210094430826842,49247400
2018-01-19,25.269973754882812,25.278526812259464,25.12454730487827,25.175873807338668,60727800
2018-01-22,25.47527313232422,25.483827818565874,25.244301498718226,25.278518612045282,46868900
2018-01-23,25.500940322875977,25.543713762074148,25.295632709644366,25.415395076119506,60862000
2018-01-24,25.672027587890625,25.731908763597573,25.46672000047837,25.620701098947478,66371000
2018-01-25,25.620698928833008,25.77467838262014,25.53515370008047,25.77467838262014,45423700
2018-01-26,25.808902740478516,25.817457428378457,25.57793106209981,25.697695061059076,33871900
2018-01-29,25.706247329711914,25.94577368865177,25.689139586076077,25.826011325001758,41037700
2018-01-30,25.372615814208984,25.68057795939854,25.372615814208984,25.518042201477453,67316900
2018-01-31,25.441055297851562,25.569372332789516,25.35551006401305,25.441055297851562,49504500
2018-02-01,25.680583953857422,25.70624638418718,25.38117642410534,25.389731111428517,60824200
2018-02-02,25.115989685058594,25.697695417197103,25.098880309021602,25.629257913049134,73086000
2018-02-05,23.84992027282715,24.987667514509038,23.610395568245494,24.577052336677905,147871500
2018-02-06,24.28619956970215,24.346080745991962,23.242552248954755,23.302433425244566,159006400
2018-02-07,24.303314208984375,24.64549359880583,24.14077838695417,24.243433019720623,102699400
2018-02-08,23.23400115966797,24.388857956606003,23.216891783324606,24.346084515747595,135270500
2018-02-09,23.678829193115234,23.858472704571728,22.891816027506856,23.584729278558296,149504900
2018-02-12,24.01245880126953,24.251985164842743,23.70449656690967,23.918358867072936,83571800
2018-02-13,24.115110397338867,24.166436886078515,23.807148201621672,23.875584063821087,43365500
2018-02-14,24.688261032104492,24.696815718722448,24.01245547404276,24.098000708582674,57379700
2018-02-15,24.825132369995117,24.927785344540485,24.551388929021325,24.893568230238568,66976000
2018-02-16,24.790922164916992,25.004784505811667,24.67115977614083,24.705376902231087,47508200
2018-02-20,24.71392822265625,24.987671720622238,24.636937659898322,24.739592287455544,58236100
2018-02-21,24.748140335083008,25.150200785881157,24.696813850896746,24.72247627717012,44578800
2018-02-22,24.5428409576416,24.944901542623704,24.48295976749959,24.808029784687665,47602700
2018-02-23,24.910682678222656,24.910682678222656,24.611275116794896,24.619829805023112,41187300
2018-02-26,25.287076950073242,25.287076950073242,24.92778823423554,25.090324033020163,55124200
2018-02-27,25.047548294067383,25.466718124782652,25.03043892179993,25.30418235152096,72752100
2018-02-28,24.696813583374023,25.269964484103866,24.696813583374023,25.175864571082112,65254700
2018-03-01,24.269092559814453,24.902124720838298,24.132219197771715,24.70537018069921,82467900
2018-03-02,24.3289737701416,24.39740963543377,23.858475768573186,24.098002112915637,78991200
2018-03-05,24.671157836914062,24.80802959379691,24.13222386650281,24.14077855526299,58952100
2018-03-06,24.7738037109375,24.825131828730683,24.517169648529887,24.808022456132957,49746100
2018-03-07,24.731037139892578,24.782363636897994,24.44018427079535,24.465848335118018,41530200
2018-03-08,24.808025360107422,24.84224410930845,24.54283658035851,24.790915985506906,50803000
2018-03-09,25.40683937072754,25.423947112983097,24.970560126236613,25.073213106328772,54595700
2018-03-12,25.321292877197266,25.500936399269793,25.27851944458027,25.40683811079164,51784500
2018-03-13,25.038991928100586,25.46671641625411,24.979110760821403,25.441052359574698,47049400
2018-03-14,24.756696701049805,25.150202492580398,24.67970615372606,25.150202492580398,57278900
2018-03-15,24.765254974365234,24.902126715732955,24.688264415890906,24.850798588990166,47451600
2018-03-16,24.786714553833008,25.02711114600843,24.786714553833008,24.821056222324227,61278200
2018-03-19,24.60641860961914,24.83823104241375,24.374606176824532,24.75237440386991,52145000
2018-03-20,24.666513442993164,24.769541718707877,24.60641429781745,24.700856747424364,37146500
2018-03-21,24.65793228149414,24.984187184993527,24.57207727933249,24.709447247886168,53291400
2018-03-22,23.74785614013672,24.426121801597844,23.661999499276178,24.33167933289333,85160300
2018-03-23,23.02666473388672,23.80795711392692,22.983737228970842,23.773615437510088,89289500
2018-03-26,23.77362060546875,23.842305610812645,23.267068076965142,23.490294753727724,84145000
2018-03-27,23.309988021850586,23.95391035194358,23.121104727885143,23.850883696173035,78827400
2018-03-28,23.35291862487793,23.584729433694832,23.052421191132435,23.370088643530806,84244500
2018-03-29,23.67057991027832,23.833707326824893,23.3529125406432,23.455939176035567,58290000
2018-04-02,23.146862030029297,23.69634356651655,22.794851265093964,23.670586082163013,74363900
2018-04-03,23.46453094482422,23.51604427556729,23.08676269835676,23.292817658908305,75160400
2018-04-04,23.713520050048828,23.782205051394346,23.026668399014063,23.043840058745342,70327000
2018-04-05,23.90239906311035,24.07411235414857,23.825128245901087,23.928156548039876,45378300
2018-04-06,23.327159881591797,23.78219892171018,23.112519103011664,23.627657299119814,88521000
2018-04-09,23.45594024658203,23.92815086601544,23.413012752805777,23.45594024658203,54633200
2018-04-10,23.807952880859375,23.94532283726093,23.653411270512862,23.833710361776813,67801500
2018-04-11,23.524627685546875,23.70492678098374,23.46452853292762,23.593312665337326,52480800
2018-04-12,23.936735153198242,24.09127675155491,23.687752740629435,23.70492439324216,63289100
2018-04-13,23.57613754272461,24.245817225349672,23.44735342926025,24.2286455735334,70103900
2018-04-16,23.679176330566406,23.85088964981919,23.61049133038121,23.713519649448795,44633600
2018-04-17,23.679176330566406,23.910988820283794,23.593319670940012,23.885231331122004,50750100
2018-04-18,23.567556381225586,23.833710468245165,23.51604141916059,23.739268008705064,66795500
2018-04-19,23.92815399169922,23.979667318475585,23.593313273705004,23.61048492849017,76142000
2018-04-20,23.936735153198242,24.074106736521113,23.833708512679745,23.97107845842369,49800400
2018-04-23,23.910980224609375,24.031178522328915,23.833709422481387,24.00542104242659,45689200
2018-04-24,23.756439208984375,24.185720725852484,23.593311774052363,24.039764944614166,69592900
2018-04-25,23.739267349243164,23.859467286476686,23.49887074993415,23.730681522470842,51819000
2018-04-26,23.74785614013672,23.87664028263792,23.627657825479492,23.72209865660479,33456200
2018-04-27,23.78219223022461,23.842291369304558,23.670578139722938,23.704921440670752,47185200
2018-04-30,23.567556381225586,23.97108042526037,23.558970554214753,23.842296295256,41731400
2018-05-01,23.57613754272461,23.593309194540886,23.32715514170403,23.5160383989465,46372400
2018-05-02,23.309988021850586,23.58472795401093,23.275646349120127,23.490287125817794,45430300
2018-05-03,23.11252212524414,23.232720452941013,22.717582189472513,23.198378775418792,68947900
2018-05-04,23.41301918029785,23.54180333456019,22.897880925669135,22.97515174574241,40575600
2018-05-07,23.567556381225586,23.66199720318663,23.40442894317788,23.498871402717985,36873600
2018-05-08,23.730684280395508,23.893811732869928,23.57614265569124,23.584728483461387,47718500
2018-05-09,24.082693099975586,24.142793889547374,23.756439858766964,23.84229649200473,43817000
2018-05-10,24.280166625976562,24.331679956782054,24.00542504066234,24.03976835291884,41445500
2018-05-11,24.262985229492188,24.426112622064682,24.211471919366677,24.297326890382994,25894000
2018-05-14,24.245824813842773,24.374608967614183,24.202897308445422,24.33168146221683,31292900
2018-05-15,24.202890396118164,24.33167451310893,24.108447946121455,24.211476222261403,54655800
2018-05-16,24.245824813842773,24.314509805026148,24.125626488666704,24.177139822659395,31984900
2018-05-17,24.194313049316406,24.280169703259922,24.039771399733972,24.220068899193834,45070400
2018-05-18,23.996835708618164,24.202890625270083,23.98824988239364,24.194304799045554,33266100
2018-05-21,24.168548583984375,24.262991039813027,24.125621088196255,24.13420691486968,29647900
2018-05-22,24.331674575805664,24.469044519293632,24.185718806152337,24.185718806152337,52841400
2018-05-23,24.17713737487793,24.245822359107386,23.91956909341226,24.168551547151846,44968500
2018-05-24,23.988250732421875,24.11703485519545,23.74785250235329,24.099863202137914,43245200
2018-05-25,23.910980224609375,23.953907720200927,23.799366115944956,23.876636918072943,39312500
2018-05-29,23.11252212524414,23.610488731161833,22.94080882489484,23.576145416060214,126469700
2018-05-30,23.533214569091797,23.627657034635217,23.275646292710494,23.33574544802752,65843700
2018-05-31,23.33574104309082,23.51603847500832,23.267056073182413,23.481696808843544,66686900
2018-06-01,23.593320846557617,23.72210502362453,23.524635842949955,23.61907833700286,62934300
2018-06-04,23.67057991027832,23.756436531491193,23.62765241846131,23.70492321379501,44196900
2018-06-05,23.567556381225586,23.627655532722358,23.447356440652985,23.593312224679025,44996800
2018-06-06,23.996835708618164,24.014005723488307,23.679166688626303,23.704924167299886,61960000
2018-06-07,24.07411003112793,24.194308340708616,23.910982584140466,24.099865875992847,65166100
2018-06-08,24.108449935913086,24.13420741646869,23.919566657909073,24.04835078552904,47713400
2018-06-11,24.05694007873535,24.27158086822247,24.05694007873535,24.18572422491177,47319600
2018-06-12,23.996835708618164,24.18571897282103,23.876635779053696,24.12561982682825,55517200
2018-06-13,23.910980224609375,24.194305953218993,23.88522274470705,24.00542104242659,61095800
2018-06-14,23.68775749206543,23.996840750776595,23.619072505416202,23.953911610633792,70635500
2018-06-15,23.6868953704834,23.76450091292841,23.376474845376407,23.540307306384275,63387600
2018-06-18,23.643781661987305,23.678272100114295,23.40234201640625,23.479947558033267,49824600
2018-06-19,23.58342170715332,23.643781206216804,23.39371854475609,23.402341565289873,50214700
2018-06-20,23.523059844970703,23.798989895639924,23.49719078596815,23.798989895639924,42833600
2018-06-21,23.45408058166504,23.592045626113524,23.290246474630067,23.445457560802875,75190900
2018-06-22,23.34197998046875,23.643779093491453,23.32473394094223,23.61791003420167,61389400
2018-06-25,23.091920852661133,23.28162236876883,22.936709773721663,23.2385089111403,80746100
2018-06-26,23.014312744140625,23.13503172776322,22.867724702024844,23.109162669270034,56387800
2018-06-27,22.72976303100586,23.178148598294463,22.72114001023663,23.005693116929013,78099200
2018-06-28,22.928083419799805,23.022934986399893,22.68664381603265,22.729758912065755,78544800
2018-06-29,22.928083419799805,23.341978473681145,22.89359134297332,23.21263647492732,77149900
2018-07-02,23.04018211364746,23.048805133877124,22.721138588514606,22.738384628973936,66202800
2018-07-03,22.833234786987305,23.1695260005638,22.78149830977283,23.100543482720177,30717800
2018-07-05,22.884971618652344,23.005690606904476,22.80736608486944,22.95395413260683,40668500
2018-07-06,22.9970703125,23.09192189718077,22.738386265681786,22.82461318483915,41285000
2018-07-09,23.523059844970703,23.548927259300424,23.09191872963184,23.117786143961556,73447400
2018-07-10,23.43682861328125,23.617907071576717,23.36784610850117,23.540301548115046,51260600
2018-07-11,23.32474136352539,23.44546203395487,23.273004873154687,23.307496963184075,46023700
2018-07-12,23.367849349975586,23.488568338918114,23.229884321277584,23.471322299162647,64876800
2018-07-13,23.264373779296875,23.341979310265128,23.022935811549253,23.27299679881255,64146900
2018-07-16,23.678266525268555,23.695512562608133,23.316109609173274,23.33335400184021,55812000
2018-07-17,23.704137802124023,23.798989371705726,23.574795799304393,23.704137802124023,55502200
2018-07-18,24.083545684814453,24.12665914334637,23.76450049979002,23.798992582353968,59109200
2018-07-19,23.721384048461914,23.971445036809637,23.686891970249643,23.96282366192938,61765100
2018-07-20,23.764495849609375,23.833478356565916,23.592040404554375,23.678267304745525,51562300
2018-07-23,24.0921630859375,24.126653515783506,23.755871938071298,23.764494956700958,81516200
2018-07-24,24.161151885986328,24.30773995154181,24.100792384523437,24.18701930394296,63133700
2018-07-25,24.21288299560547,24.25599644575169,24.014558493456537,24.143900488567898,44197200
2018-07-26,24.20426368713379,24.368097783215905,24.178396270949687,24.27324620474632,40056800
2018-07-27,24.255998611450195,24.37671924304902,24.118033585056835,24.195639117987206,63149400
2018-07-30,24.27324104309082,24.45432114123799,24.23875061395535,24.27324104309082,56474100
2018-07-31,24.100788116455078,24.350849098899292,24.04905000035812,24.3422260795498,84500100
2018-08-01,24.100788116455078,24.376718156947774,24.040426981008626,24.25599753072764,64046900
2018-08-02,24.10940933227539,24.152524428738776,23.8679713707715,23.945576899732824,38330700
2018-08-03,24.247379302978516,24.247379302978516,24.07492218295198,24.07492218295198,34894300
2018-08-06,24.37672233581543,24.437081836936457,24.2301342710902,24.2818707513835,38230100
2018-08-07,24.488815307617188,24.626780334559143,24.428455813914187,24.445701853450146,44608600
2018-08-08,24.549171447753906,24.592286540704016,24.43707549542888,24.454321532608922,47522000
2018-08-09,24.402584075927734,24.549172106546635,24.402584075927734,24.488812619469325,29357800
2018-08-10,24.1180362701416,24.204264832405574,23.99731726977586,24.08354583203983,83301400
2018-08-13,23.88521385192871,24.178389885523462,23.876590833920336,24.118028759464824,74413500
2018-08-14,24.10940933227539,24.152524428738776,23.902461803269443,23.971444312938093,43659000
2018-08-15,23.919708251953125,24.040427234774775,23.807612288571995,23.911085232512608,55681100
2018-08-16,24.23875617980957,24.307738698593308,24.03180862345836,24.03180862345836,49534200
2018-08-17,24.290496826171875,24.32498726914609,24.169777808752233,24.169777808752233,43193100
2018-08-20,24.36808967590332,24.411203118314866,24.255992094157456,24.290484163824615,30053700
2018-08-21,24.462947845458984,24.58366683263045,24.333604193863444,24.385342312370803,47940000
2018-08-22,24.37672233581543,24.471572275574303,24.342230252504525,24.35947629415998,27323300
2018-08-23,24.26462173461914,24.393965386503023,24.230131300210196,24.368096327191676,31767800
2018-08-24,24.350852966308594,24.402589445949584,24.307739507386607,24.359475987027597,22064500
2018-08-27,24.678518295288086,24.76474520307054,24.437078677347827,24.445701697060642,52254500
2018-08-28,24.652652740478516,24.764748723333646,24.60953928045879,24.7475043261296,28896800
2018-08-29,24.644027709960938,24.713010227171214,24.523308716011186,24.65265073019634,34015300
2018-08-30,24.454326629638672,24.626782103366224,24.411211527702054,24.531932168451608,43264100
2018-08-31,24.4284610748291,24.44570711807917,24.290496018174984,24.368101568127077,34107800
2018-09-04,24.549171447753906,24.575040503523972,24.316356524513825,24.37671600997135,43145600
2018-09-05,24.566423416137695,24.69576543687051,24.514686936779174,24.531932978123024,32727700
2018-09-06,24.454326629638672,24.600914686877225,24.376721090825733,24.531932168451608,38328900
2018-09-07,24.4284610748291,24.523312668031263,24.32498646000191,24.506066624781198,43644300
2018-09-10,24.402584075927734,24.52330469475503,24.37671666413613,24.488812619469325,29927200
2018-09-11,24.4284610748291,24.497443603156164,24.247382554723025,24.333609481626944,32065200
2018-09-12,24.20426368713379,24.480193757583912,24.18701764656242,24.42845728054275,47963400
2018-09-13,24.16977310180664,24.385343673602257,24.118034980411174,24.264623035019113,44977100
2018-09-14,24.342220306396484,24.3680893583097,24.19563230156637,24.204255318870775,34151000
2018-09-17,24.23875617980957,24.41121165443242,24.2128871185133,24.342229135648687,26907900
2018-09-18,24.35947036743164,24.385339423620803,24.195636300912252,24.29911088099625,36405600
2018-09-19,24.773365020751953,24.85097054346369,24.342223958874587,24.342223958874587,75551800
2018-09-20,24.988948822021484,25.066554385945498,24.89409885641597,24.95445837398498,78555500
2018-09-21,24.891939163208008,25.117127400204815,24.857295708576746,25.07382266892334,64710000
2018-09-24,24.614784240722656,24.900599754433898,24.597461687899052,24.865954648786687,47985100
2018-09-25,24.519506454467773,24.727372086683065,24.510845179962654,24.710051189642023,32964400
2018-09-26,24.225032806396484,24.588798121973447,24.164405529128558,24.55415467152152,60288100
2018-09-27,24.1384220123291,24.337626384268965,24.112438186957647,24.2510152850001,57492200
2018-09-28,23.887252807617188,24.051813750444293,23.852609355004354,24.043152474298708,66454900
2018-10-01,23.982526779174805,24.15574735763278,23.90457694067935,24.02583151079689,49855000
2018-10-02,23.982526779174805,24.02583151079689,23.791981995310522,23.947881672301435,47629500
2018-10-03,24.207712173461914,24.311644177930447,24.069135066190924,24.13842361982642,79591400
2018-10-04,24.372272491455078,24.554155984957465,24.18172937385355,24.199051925990823,94700800
2018-10-05,24.251020431518555,24.51951340945886,24.190393144754903,24.4329022918095,58148700
2018-10-08,24.415576934814453,24.493526761278627,24.164404904658934,24.181727455421942,56594900
2018-10-09,24.3203067779541,24.424240440051598,24.147084558448114,24.3029842256096,47963500
2018-10-10,23.566791534423828,24.372272021614847,23.566791534423828,24.311644742272634,101604400
2018-10-11,22.865243911743164,23.57545199131262,22.795955358906372,23.428213610038263,178628200
2018-10-12,22.89122772216797,23.315620314485855,22.54478495823188,23.280975212107542,137933000
2018-10-15,22.78729248046875,23.064446672321143,22.78729248046875,22.89988740338959,82196400
2018-10-16,23.168380737304688,23.18570328759961,22.787292890663032,22.94319253937868,75137300
2018-10-17,23.40223503112793,23.54947343502653,23.00382455212068,23.11641950026237,79472100
2018-10-18,23.01248550415039,23.445539432800476,22.943196941645162,23.272318852522226,81706000
2018-10-19,23.099098205566406,23.280980075136576,22.882571226381106,22.995164528690772,73614300
2018-10-22,22.605417251586914,23.177048351919268,22.605417251586914,23.125082338789902,58645800
2018-10-23,22.423524856567383,22.553442315947994,22.016454886152943,22.146370693564435,93698200
2018-10-24,21.86055564880371,22.38888181399067,21.773944558318597,22.38888181399067,98050700
2018-10-25,22.198341369628906,22.380224859954787,21.93850969998561,21.964493527737726,72439400
2018-10-26,21.877883911132812,22.10307214441877,21.67001823086183,21.929849918208163,115308900
2018-10-29,22.068418502807617,22.4581675350503,21.83456908346201,22.146368309256154,97946100
2018-10-30,22.44951057434082,22.4668331239834,22.033779294734515,22.189678937579195,82719100
2018-10-31,22.761306762695312,23.04712218502734,22.63138931002427,22.666034404594956,93781100
2018-11-01,22.865243911743164,22.96051629138228,22.709344254868032,22.821939185708697,62346600
2018-11-02,22.847919464111328,23.22034602418534,22.67469892238176,23.090430204895846,73034200
2018-11-05,23.21168327331543,23.28097181599518,22.943190376927543,22.943190376927543,58705800
2018-11-06,23.332942962646484,23.332942962646484,23.081770925268074,23.194365856496123,51010900
2018-11-07,23.636079788208008,23.662061961796223,23.229008114319807,23.46285758842971,59990800
2018-11-08,23.705368041992188,23.835283864220496,23.41955257230218,23.49750074406372,46730100
2018-11-09,23.48884391784668,23.714030488805804,23.367587704288493,23.64474193190234,47051200
2018-11-12,23.021141052246094,23.540805967703704,22.977836330945138,23.436872323824492,47135500
2018-11-13,23.151060104370117,23.376248320946114,23.038466822066848,23.055789373796415,69820600
2018-11-14,22.83926010131836,23.36758465937536,22.58808808279134,23.332941211422597,104274200
2018-11-15,23.177043914794922,23.194366466511656,22.54478564485923,22.68336275465419,93998000
2018-11-16,23.203025817871094,23.306957815612286,22.925869969299498,23.05578744442997,80518300
2018-11-19,23.194366455078125,23.298298461388384,22.986500790488147,23.185705179224026,65491300
2018-11-20,22.683359146118164,23.021140591011925,22.61407060224331,22.925868223695556,103778300
2018-11-21,22.700685501098633,23.02980740261277,22.63139694056454,22.81328044444753,48618000
2018-11-23,22.518798828125,22.7093419158079,22.458171557133586,22.57942609911641,24252300
2018-11-26,22.977840423583984,23.06444988161212,22.743990922181172,22.75265219837789,50168800
2018-11-27,22.995159149169922,23.064447700220963,22.88256587320049,22.934531873496432,47174300
2018-11-28,23.436870574951172,23.436870574951172,22.865239706194004,23.06444405246442,61375300
2018-11-29,23.237668991088867,23.393568637822522,23.142396617647343,23.26365281620091,43664100
2018-11-30,23.358924865722656,23.4541972445808,23.13373665785666,23.168381759975762,45435200
2018-12-03,23.506162643432617,23.791978120713487,23.341603368491967,23.6967073962661,65332700
2018-12-04,22.484153747558594,23.393567769076387,22.37156048019295,23.384906494360685,110918600
2018-12-06,22.172361373901367,22.181022650670343,21.592069046137038,21.981816588923163,134687100
2018-12-07,21.74796485900879,22.4321890824618,21.644031208221715,22.12039143403925,86740000
2018-12-10,21.44483184814453,21.721986112422698,21.046421354267377,21.661358823608065,101121800
2018-12-11,21.236961364746094,21.843235768254182,21.159011538985585,21.713319942643118,92308200
2018-12-12,21.358211517333984,21.67001075617562,21.25427953903278,21.531433683794674,86748900
2018-12-13,21.202322006225586,21.462155379793472,21.1243721593522,21.349560422323115,67232900
2018-12-14,20.994449615478516,21.288926353934038,20.95114489298711,20.994449615478516,66817000
2018-12-17,20.786582946777344,21.193652934776157,20.69131057964114,20.87319403944942,101180400
2018-12-18,20.708637237548828,21.133029858683297,20.578721398747586,20.907841633842036,90844000
2018-12-19,20.44880485534668,21.124367854623237,20.284243917484932,20.66533179654444,129331700
2018-12-20,20.266923904418945,20.570061990461788,20.15433060775886,20.24960135048057,107016900
2018-12-21,19.861671447753906,20.628597884932635,19.818095043086444,20.245133835208335,118502300
2018-12-24,19.443344116210938,19.82680812337323,19.417199938582165,19.600215831062314,71752700
2018-12-26,20.323570251464844,20.332285532634245,19.216754476999757,19.495638487610815,108133500
2018-12-27,20.567584991455078,20.567584991455078,19.791941897276768,19.983674682526562,98005000
2018-12-28,20.558876037597656,20.829043080870516,20.471724895882932,20.663456077839513,76348400
2018-12-31,20.759323120117188,20.846474264435468,20.497871349432163,20.672171975798907,56435400
2019-01-02,20.933622360229492,20.977197094908014,20.39328667396008,20.454291967417845,62945000
2019-01-03,20.46300506591797,20.829038449923324,20.410715057422745,20.7767484414281,65729700
2019-01-04,21.142784118652344,21.18635885341306,20.75932013613363,20.811610150300407,64638400
2019-01-07,21.168930053710938,21.360661214712607,20.968481950993752,21.09920781814351,48167000
2019-01-08,21.186357498168945,21.39551920372602,20.942336339487092,21.360659750601247,90114700
2019-01-09,21.290943145751953,21.369379007721708,21.090496681726936,21.23865312519538,61037100
2019-01-10,21.299654006958008,21.369374573991035,21.099205922252292,21.16892815155476,48630500
2019-01-11,21.351943969726562,21.39551870067537,21.07306170220753,21.195072278679746,44961600
2019-01-14,21.50010108947754,21.569821658651087,21.116637127888286,21.142782964679423,50610600
2019-01-15,21.691835403442383,21.72669652424928,21.351947786923787,21.41295308606613,59156500
2019-01-16,22.153738021850586,22.2844639165132,21.883570951245197,21.94457625793642,72982400
2019-01-17,22.2757511138916,22.354186991870844,21.93586341749497,22.066589326703667,55771300
2019-01-18,22.659208297729492,22.685354136490087,22.24960013076452,22.432616015279844,58400200
2019-01-22,22.39776039123535,22.58077630706287,22.284463399491734,22.467480977589155,79651700
2019-01-23,22.423900604248047,22.511051737336217,22.171164146788914,22.484905898728886,44072000
2019-01-24,22.4761962890625,22.53720159442084,22.27574814853808,22.34546873498617,25496900
2019-01-25,22.659208297729492,22.80736472616697,22.572057164130456,22.633062458968897,63140000
2019-01-28,22.589487075805664,22.615632913816825,22.406469534266687,22.4413306516149,66894900
2019-01-29,22.511051177978516,22.667922881185333,22.502335898659297,22.580771750262706,29442100
2019-01-30,22.64177703857422,22.78121818311394,22.423900042447208,22.580771745621785,62076800
2019-01-31,22.60692596435547,22.641785432278628,22.415193072832455,22.450054203025793,64021500
2019-02-01,22.702783584594727,22.80736527990663,22.615634111149404,22.641778288275137,42920300
2019-02-04,22.798648834228516,22.807364113581297,22.589487116570496,22.71149770297028,30362500
2019-02-05,22.737642288208008,22.859652867885135,22.650491161751713,22.84222231013998,39094900
2019-02-06,22.711496353149414,22.83350859456717,22.633060505905668,22.667921621244876,51542800
2019-02-07,22.484907150268555,22.702784163981505,22.30189125663913,22.641778866105028,80395700
2019-02-08,22.371612548828125,22.467478969848997,22.084014948035264,22.36289726852898,54911100
2019-02-11,22.441329956054688,22.484904689119805,22.32803465272368,22.441329956054688,53115700
2019-02-12,22.77250099182129,22.85965211540881,22.598200406915666,22.60691568550136,37671300
2019-02-13,22.833513259887695,23.03395972723475,22.824797979272194,22.87708800069538,42969600
2019-02-14,22.554624557495117,22.728926808870398,22.42389870009839,22.65920624077418,47630100
2019-02-15,23.033958435058594,23.033958435058594,22.554628001714832,22.73764555983364,46880800
2019-02-19,23.068817138671875,23.138537715134134,22.850940129443607,22.920660705905867,23868300
2019-02-20,23.216976165771484,23.225691446586847,23.007814413012355,23.060104435634674,27509100
2019-02-21,23.0949649810791,23.25183670729111,23.016529117973096,23.173400844185107,46619900
2019-02-22,23.060100555419922,23.164682245336945,22.972951086470236,23.09496167281545,26343700
2019-02-25,23.155973434448242,23.373850492224037,23.12982925136797,23.16468871623168,33835900
2019-02-26,23.086244583129883,23.260546831900264,22.97294928501774,22.99037818007923,35659700
2019-02-27,23.173402786254883,23.21697753062346,23.016531046896084,23.0426768908792,42542400
2019-02-28,23.11240005493164,23.225695400277818,23.103684772632686,23.182120651053165,39835900
2019-03-01,23.260547637939453,23.47842462531772,23.190827068469186,23.31283764947478,82657300
2019-03-04,23.11240005493164,23.47843360013717,22.920667168894855,23.321561843296212,76611900
2019-03-05,23.02524185180664,23.164683001400793,22.850939583679143,23.155967721767453,39868100
2019-03-06,22.87708282470703,23.103675082633604,22.859652267419733,23.025239237110195,43158900
2019-03-07,22.64177703857422,22.789933462431367,22.511051173351927,22.789933462431367,62622100
2019-03-08,22.633066177368164,22.650496739405572,22.380329676905312,22.389044957924014,55826400
2019-03-11,22.868371963500977,22.938092543848523,22.641779661804023,22.746361363460217,63343500
2019-03-12,22.920656204223633,22.99909204512236,22.86836619771426,22.903227310233397,32521100
2019-03-13,23.07753562927246,23.164686777542972,22.938094456947603,23.007815043110032,42817500
2019-03-14,23.164682388305664,23.251833520062803,23.033956521804747,23.04267180120742,37665700
2019-03-15,23.326736450195312,23.396812950200474,23.151546035560187,23.169065578250365,70020400
2019-03-18,23.563247680664062,23.63332418785559,23.370537703576293,23.370537703576293,43980700
2019-03-19,23.379295349121094,23.73843762465274,23.31797861975065,23.694638767419875,45029300
2019-03-20,22.89751434326172,23.335492822181067,22.871236703809956,23.326733052112044,65860300
2019-03-21,22.827438354492188,22.923794156611002,22.582171470197515,22.739842322634658,104914100
2019-03-22,22.196752548217773,22.678528274075248,22.100396734744063,22.55589481747637,121855900
2019-03-25,22.10040283203125,22.363191031072397,21.969009567888676,22.170479350957688,72835600
2019-03-26,22.36318588256836,22.415742841974406,22.144196602494954,22.275589836387873,51171500
2019-03-27,22.266834259033203,22.42450683770728,22.161718649665175,22.310631454995587,73148100
2019-03-28,22.459537506103516,22.468297276812866,22.205510838554055,22.31062474555541,52089300
2019-03-29,22.520854949951172,22.669767715257677,22.433260581569506,22.652249844034632,50234400
2019-04-01,23.072708129882812,23.090227671332013,22.696046342502125,22.704806113226724,62485300
2019-04-02,23.055187225341797,23.177820666724894,22.976350964236858,23.011390045063646,41002400
2019-04-03,23.125268936157227,23.31798058269345,23.028914783644826,23.212864987241353,52030900
2019-04-04,23.265419006347656,23.361774817426067,23.12526601064569,23.12526601064569,54378900
2019-04-05,23.300458908081055,23.388054951156715,23.230382407771636,23.309218679464173,37088800
2019-04-08,23.326736450195312,23.3354962215404,23.186583450184994,23.239142078255526,34998000
2019-04-09,23.134029388427734,23.22162544208698,23.028915460641244,23.22162544208698,65954800
2019-04-10,23.204099655151367,23.239138735491633,23.02014949563091,23.13402316522615,48232700
2019-04-11,23.344253540039062,23.43184957353044,23.22162009560436,23.29169658824639,62205000
2019-04-12,23.77347183227539,23.939904125794854,23.563242358187544,23.685877471138628,84627600
2019-04-15,23.62455940246582,23.79099169826205,23.572002450913722,23.782231927877476,40030400
2019-04-16,23.957426071166992,23.983703713843628,23.65960053529136,23.67712007757946,56093400
2019-04-17,24.01874542236328,24.053782840011653,23.826035448408003,24.045024738666328,58834000
2019-04-18,23.948671340942383,24.045027173053207,23.91363224899086,23.974950659906025,52495700
2019-04-22,23.87858772277832,23.94866421507441,23.7997514601008,23.87858772277832,39324100
2019-04-23,24.027503967285156,24.05378161149041,23.773475601596996,23.86983141903121,54250300
2019-04-24,24.001224517822266,24.106340106321035,23.896110600079094,23.948667558950678,39505200
2019-04-25,24.04502296447754,24.141377108967735,23.82603369037758,23.88735041980468,44532300
2019-04-26,24.264005661010742,24.281523528415704,24.009977369954946,24.045016446275103,41527900
2019-04-29,24.50928497314453,24.640678234637328,24.29029564707121,24.351612391050786,61643200
2019-04-30,24.54431915283203,24.579356569195205,24.334089642386083,24.54431915283203,38800300
2019-05-01,24.342849731445312,24.64943339395266,24.325330187657563,24.570597117663443,67969500
2019-05-02,24.36912727355957,24.483002636943855,24.193936848688153,24.32533008503063,50972900
2019-05-03,24.58811378479004,24.631912639135212,24.430441250658337,24.47424010500351,34598900
2019-05-06,24.421680450439453,24.50927648468225,24.11509683672274,24.158894018466444,42517000
2019-05-07,24.01874542236328,24.43044468657688,23.85231309395536,24.19393752287222,60090800
2019-05-08,23.966184616088867,24.167654329827332,23.86106903849399,23.922385762609576,44254200
2019-05-09,23.91362762451172,23.96618625227508,23.563245126533687,23.67712048259876,56468300
2019-05-10,24.071304321289062,24.11510318531874,23.5720089666415,23.782238501716485,63453600
2019-05-13,23.37053871154785,23.642084979782346,23.29170242871271,23.58952801481085,54962500
2019-05-14,23.554487228393555,23.75595864266389,23.39681467407576,23.42309399004728,52398400
2019-05-15,23.466894149780273,23.580767850452748,23.230385305203864,23.317981359205028,49061700
2019-05-16,23.703397750854492,23.834790976673823,23.528207340013893,23.545725211569092,44872600
2019-05-17,23.54572296142578,23.773471977433726,23.431849288799484,23.466888370072407,62711500
2019-05-20,23.572002410888672,23.677117984569744,23.458128737593256,23.458128737593256,44357300
2019-05-21,23.81727409362793,23.81727409362793,23.668361319317427,23.668361319317427,36851400
2019-05-22,23.677120208740234,23.74719670752531,23.607043709955157,23.694638080369863,25867600
2019-05-23,23.344253540039062,23.458128884804463,23.14278383253766,23.449369114379788,51832900
2019-05-24,23.528202056884766,23.536961826073167,23.361769783815465,23.43184626656752,30582000
2019-05-28,23.25666046142578,23.52820836682614,23.25666046142578,23.45813186528053,35177700
2019-05-29,23.212862014770508,23.256659199326368,22.967593437293406,23.072709019285163,39700600
2019-05-30,23.134029388427734,23.39681587864972,23.020155688199743,23.265422633538726,40641200
2019-05-31,22.78364372253418,22.95007603460518,22.766124180051857,22.836200679225616,49259200
2019-06-03,22.932554244995117,23.028910048450594,22.70480522730832,22.748602408466972,63329300
2019-06-04,23.554487228393555,23.58076654436508,23.151547741364226,23.21286447454211,45454400
2019-06-05,23.703397750854492,23.720917293165208,23.39681244343905,23.598283838501235,46599700
2019-06-06,23.790998458862305,23.887354289718367,23.580768922158402,23.71216217375386,37297600
2019-06-07,23.75595474243164,23.869828418101218,23.720915660222296,23.790992153885586,33054800
2019-06-10,23.957426071166992,24.132616481781444,23.89610934391416,23.89610934391416,37081400
2019-06-11,23.966184616088867,24.18517387121905,23.896108121277425,24.088818064320034,34273400
2019-06-12,23.729677200317383,23.983703882256535,23.677120243839546,23.93990669698426,36866000
2019-06-13,23.808515548706055,23.88735182568235,23.712159727789317,23.77347646082518,31020000
2019-06-14,23.861064910888672,23.939901162758485,23.65083546282088,23.83478560334702,29724100
2019-06-17,23.6420841217041,23.922390152386235,23.61580480479425,23.852313644715704,40981600
2019-06-18,23.957426071166992,24.05378021224051,23.589524036894478,23.589524036894478,46237400
2019-06-19,23.91362762451172,24.167655979768007,23.88734998138558,24.001223666695115,58118500
2019-06-20,24.01874542236328,24.115101244718765,23.75595894235557,24.045024738666328,50583800
2019-06-21,23.96504020690918,24.193949688765848,23.9298242677681,24.035473764459812,65322300
2019-06-24,23.86819076538086,24.088295802525963,23.84177755638691,23.9210155041006,48377800
2019-06-25,23.78895378112793,23.90340766620081,23.674498216786812,23.868191732050786,47748500
2019-06-26,23.744932174682617,23.956232821038896,23.736127771175905,23.841778933988177,31448000
2019-06-27,23.956233978271484,24.026669209727626,23.832975681759926,23.832975681759926,59459800
2019-06-28,24.29959487915039,24.387637224218846,23.982643108611175,24.23796574138289,76728100
2019-07-01,24.59013557434082,24.695785054168276,24.4580728849224,24.581331171143834,48971100
2019-07-02,24.528507232666016,24.634156715945423,24.396442859664365,24.554918763851738,56626800
2019-07-03,24.722200393676758,24.73100479763228,24.537312948415806,24.60774650079165,23706800
2019-07-05,24.792633056640625,24.889479817408752,24.67817916786144,24.801437460280297,40683100
2019-07-08,24.669374465942383,24.76621954627126,24.598940916944898,24.660570062409164,26286700
2019-07-09,24.71339225769043,24.757414270820174,24.484482827220045,24.50209163247194,25895800
2019-07-10,24.62535285949707,24.854262317378545,24.590136924044387,24.722199620711464,36566700
2019-07-11,24.766218185424805,24.801435797622556,24.616546692120714,24.660568707367904,40907500
2019-07-12,24.933496475219727,24.933496475219727,24.73980466154794,24.801433798658596,31109900
2019-07-15,24.792633056640625,24.959913367257855,24.722199506791522,24.942304559978506,28346100
2019-07-16,24.731000900268555,24.880672385388998,24.678176164128423,24.836650372548817,47287700
2019-07-17,24.51970100402832,24.72219723129769,24.48448339271114,24.642959285102176,35062600
2019-07-18,24.7045841217041,24.748606128181233,24.458067602503526,24.484479127121965,46369800
2019-07-19,24.598941802978516,24.81024245758185,24.581332995277823,24.766220438330116,29338500
2019-07-22,24.651771545410156,24.695791894319495,24.50210000814228,24.546120357051613,26683300
2019-07-23,24.907087326049805,24.942303259504076,24.70458941143198,24.713393814612598,45307600
2019-07-24,25.162410736083984,25.162410736083984,24.83665450395173,24.854263312016904,36374200
2019-07-25,24.986324310302734,25.188822230708393,24.93349956897738,25.153604616979322,34180400
2019-07-26,25.259262084960938,25.276869216952907,24.98633054822708,25.03915698200899,33642800
2019-07-29,25.06555938720703,25.28566440996558,25.039147859207564,25.215230869853567,35955100
2019-07-30,24.995128631591797,25.021541841801795,24.81904560132986,24.871870342481618,30726100
2019-07-31,24.87187385559082,25.1183921478997,24.827853511624603,24.995132162111023,64485400
2019-08-01,24.30840301513672,25.02154292911379,24.273185399993004,24.854262615717776,107976300
2019-08-02,24.29959487915039,24.42285315468539,23.973838706177524,24.264377269415785,66036400
2019-08-05,23.4896183013916,23.87700377662403,23.313533536485377,23.762548175654352,85527900
2019-08-06,23.86819076538086,23.885797892108663,23.410371885094683,23.63928132523777,53445000
2019-08-07,23.551239013671875,23.656890170555126,23.10222453563735,23.419176327018935,82354600
2019-08-08,24.00025177001953,24.009056172400555,23.665691196612812,23.780146748298076,66653200
2019-08-09,23.921018600463867,24.044276899854005,23.683304726552848,23.868193854906433,53782700
2019-08-12,23.46319580078125,23.727322843651326,23.392762258536184,23.639280496027965,56837600
2019-08-13,23.753738403320312,23.921018724264368,23.331137078136962,23.419179440700592,72255900
2019-08-14,22.873319625854492,23.34874740709947,22.855710816341308,23.22548741977568,92067300
2019-08-15,22.987775802612305,23.137447328806097,22.820495466450172,22.987775802612305,59504500
2019-08-16,23.39276695251465,23.454396104437034,23.102228322545933,23.102228322545933,48451800
2019-08-19,23.630481719970703,23.797762052359236,23.586461375311433,23.753740028431462,38297700
2019-08-20,23.31352424621582,23.542433677667663,23.28711271749283,23.498413343617276,40579300
2019-08-21,23.419179916381836,23.498417876371715,23.357550765116027,23.463200258923578,44913500
2019-08-22,23.57765007019043,23.639279206384163,23.392760982341215,23.542432461355144,43896700
2019-08-23,22.97896957397461,23.586460035522386,22.820493655373586,23.410375308350492,86245300
2019-08-26,23.199071884155273,23.21668069063187,22.987771244240804,23.128638337517117,34175500
2019-08-27,23.058204650878906,23.357547642090637,22.91733755845788,23.287114095880124,54240800
2019-08-28,23.26951026916504,23.304726210172372,22.917342462748874,22.934949593618263,51870400
2019-08-29,23.621671676635742,23.700909621522943,23.436784258077672,23.480804592229184,49818300
2019-08-30,23.700910568237305,23.824168852199474,23.612868217149394,23.75373530718278,40561000
2019-09-03,23.454397201538086,23.533635166078568,23.25190092738731,23.50722363074409,59997200
2019-09-04,23.68330192565918,23.72732394114112,23.577652447038897,23.630477186349037,43945700
2019-09-05,24.167537689208984,24.370033953362167,24.009061767952254,24.017866172385233,68639200
2019-09-06,24.15872573852539,24.264375200183448,24.070683400965063,24.19394166598877,35660800
2019-09-09,24.528507232666016,24.625352312460763,24.273184569415633,24.326009311055337,67797700
2019-09-10,24.616546630859375,24.722197787921527,24.387638869216364,24.60774390710002,77540100
2019-09-11,24.757417678833008,24.78382921107847,24.414052646227045,24.634157704370313,53285900
2019-09-12,24.889480590820312,24.986325675329496,24.607746382669333,24.686984338620338,72872200
2019-09-13,25.083175659179688,25.180022435389997,24.96872175215087,25.083175659179688,56248700
2019-09-16,24.995128631591797,25.030346245205127,24.836652728868284,24.871870342481618,36693600
2019-09-17,25.02154541015625,25.02154541015625,24.819049140806065,24.90709150812699,40868800
2019-09-18,25.109582901000977,25.17121204237622,24.854260253282792,24.92469379760709,57268900
2019-09-19,24.995128631591797,25.241646889080393,24.98632422818846,25.09197538976022,42335000
2019-09-20,24.848237991333008,25.1314085253697,24.830539410998334,25.034069709188035,82921100
2019-09-23,24.89247703552246,24.963269652767682,24.6800991837868,24.72434562445827,35827300
2019-09-24,24.6535587310791,25.01637118967439,24.582766097397815,24.96327544854128,61659700
2019-09-25,24.857084274291992,24.901329031946428,24.609309243070935,24.70664973530587,53544400
2019-09-26,24.742042541503906,24.848232311409078,24.70664707675494,24.821684446975503,53107500
2019-09-27,24.839387893676758,25.034068895370357,24.706651921140786,24.94557768440322,73386900
2019-09-30,24.777448654174805,24.927883231374057,24.75975007148554,24.901335357340162,30608000
2019-10-01,24.255346298217773,24.910178505769487,24.255346298217773,24.892479927444736,54786200
2019-10-02,23.759796142578125,24.11375924344822,23.70670209940491,24.104909954947818,78141700
2019-10-03,23.857139587402344,23.857139587402344,23.40583760078002,23.724403609699923,81128700
2019-10-04,24.299591064453125,24.317289642783884,23.86598602232551,23.88368460065627,40697200
2019-10-07,24.175703048706055,24.396930202062194,24.149156870514027,24.202250914727315,36922900
2019-10-08,23.697853088378906,23.945626417974513,23.680154511170873,23.936777129370494,60008900
2019-10-09,23.919082641601562,24.034120029345747,23.830591434505596,23.84829001349067,45131000
2019-10-10,24.166852951049805,24.343835342941944,23.981022958609316,23.981022958609316,54305400
2019-10-11,24.46772575378418,24.768594853405798,24.458876464050668,24.54736767355634,78702500
2019-10-14,24.50312614440918,24.556220201983326,24.361540865658352,24.388087050530597,35821000
2019-10-15,24.857084274291992,25.007518813278114,24.547365907223,24.644706399457935,65130200
2019-10-16,24.795143127441406,24.919029810074406,24.733199786124906,24.857086468757906,44595200
2019-10-17,24.812833786010742,24.99866375063635,24.75088877663995,24.92787114204151,32013600
2019-10-18,24.87478256225586,24.972121365525766,24.742044915182653,24.742044915182653,40523700
2019-10-21,25.219894409179688,25.255291562368114,25.07830917208431,25.087158460381417,44145400
2019-10-22,25.149110794067383,25.31724395624611,25.069468858710604,25.175658668462898,50423000
2019-10-23,25.255292892456055,25.255292892456055,25.087159781614506,25.09600907037767,30615400
2019-10-24,25.219894409179688,25.326084180915803,25.12255392574068,25.28183773943027,33469600
2019-10-25,25.343788146972656,25.42343007605758,24.980975664621162,25.193353579571088,28330200
2019-10-28,25.476520538330078,25.591557918806497,25.432274093662777,25.441123382596235,50104600
2019-10-29,25.53846549987793,25.6623521771796,25.39688024358191,25.423426424244045,48458100
2019-10-30,25.520769119262695,25.591561753508838,25.34378668973257,25.538467699781616,51106700
2019-10-31,25.39687728881836,25.44112204332725,25.193347029721554,25.432272754859635,56795500
2019-11-01,25.76854705810547,25.79509324401614,25.538470549177863,25.591564608828932,42302300
2019-11-04,25.98976707458496,26.03401183072997,25.918974452055394,25.98976707458496,37319100
2019-11-05,26.08710479736328,26.21099314754106,26.025161466188983,26.069406220505144,39516100
2019-11-06,26.219839096069336,26.219839096069336,26.03400911425531,26.06940457791218,40179900
2019-11-07,26.414522171020508,26.573805989817632,26.317181684460216,26.37912501669705,61738600
2019-11-08,26.405675888061523,26.414525177649654,26.228693471957673,26.387977308885255,53808800
2019-11-11,26.334882736206055,26.38797678485106,26.210996060091247,26.24639152991146,19702400
2019-11-12,26.370275497436523,26.4499174061384,26.27293669955694,26.343729319755365,44640600
2019-11-13,26.202146530151367,26.29063604780428,26.06056127651148,26.166749372826715,43495400
2019-11-14,26.255239486694336,26.255239486694336,26.078257083088193,26.13135281686761,46158400
2019-11-15,26.326034545898438,26.370279306978254,26.246392625691215,26.343733125462144,30097000
2019-11-18,26.379127502441406,26.38797679185615,26.246391536878967,26.326033453782305,25440500
2019-11-19,26.432220458984375,26.520709968166415,26.36142783894123,26.44106805963922,30770900
2019-11-20,26.308330535888672,26.379123151701354,26.12250055231629,26.326029111799116,46719500
2019-11-21,26.28179168701172,26.40567837726529,26.193300470617928,26.361433612983177,37192700
2019-11-22,26.476465225219727,26.50301309068353,26.31718140809529,26.31718140809529,35195000
2019-11-25,26.644596099853516,26.679991563012358,26.503010871560022,26.51185847147794,50094100
2019-11-26,26.61804962158203,26.644597486204272,26.4853136741291,26.644597486204272,33516200
2019-11-27,26.724246978759766,26.733094581649706,26.60035859651549,26.688849815881508,31012300
2019-11-29,26.679994583129883,26.759636494038897,26.62690053846696,26.671145294381187,19444200
2019-12-02,26.511859893798828,26.777333476963175,26.485313716962796,26.724239435461964,52427800
2019-12-03,26.140207290649414,26.210999928567485,25.97207414265789,26.202150637849023,66912000
2019-12-04,26.387975692749023,26.458768317288975,26.1490499519907,26.166748530083012,41793900
2019-12-05,26.511859893798828,26.55610633490746,26.39682252257468,26.494163005184525,44933500
2019-12-06,26.865825653076172,26.954315162868703,26.795033032544623,26.803882321089716,40811300
2019-12-09,26.803884506225586,26.918921891031605,26.795035216959068,26.812732107662754,21627500
2019-12-10,26.812728881835938,26.865824611047117,26.66229435806256,26.733086975848316,37362100
2019-12-11,26.75078773498535,26.848128225319204,26.724241556042866,26.80388346852888,24490200
2019-12-12,27.272884368896484,27.352526282557008,26.768486707599365,26.786185285708218,68427500
2019-12-13,27.1755428314209,27.40561927449478,27.016260698058282,27.246337141132162,48135700
2019-12-16,27.272884368896484,27.449866774326384,27.246338189562515,27.39677103999983,45914900
2019-12-17,27.379079818725586,27.467571039763182,27.281739306801263,27.29058859768799,30911900
2019-12-18,27.264039993286133,27.467570302558936,27.264039993286133,27.467570302558936,39079700
2019-12-19,27.255186080932617,27.33482799544097,27.22863990131605,27.27288465922988,36946900
2019-12-20,27.287202835083008,27.465084493655564,27.251625485515657,27.39393149094226,97416000
2019-12-23,27.22494888305664,27.367254913119847,27.189371527329993,27.358360574188186,38293100
2019-12-24,27.287202835083008,27.296097172474845,27.216049832369706,27.27830849769117,12315900
2019-12-26,27.43840217590332,27.43840217590332,27.313883153386193,27.313883153386193,15891300
2019-12-27,27.36725616455078,27.49177352244451,27.34946748587403,27.482879183106135,19417400
2019-12-30,27.287202835083008,27.536237496368866,27.260519822907497,27.491767505831078,18819300
2019-12-31,27.37615203857422,27.385046378411204,27.233845994026176,27.269421656952254,15788100
2020-01-02,27.642972946166992,27.642972946166992,27.393936542536043,27.47398389740236,28843300
2020-01-03,27.349464416503906,27.46508742208314,27.207158395904116,27.287205744544195,51363600
2020-01-06,27.331674575805664,27.349463251728437,27.091532540112738,27.100426878074124,27956100
2020-01-07,27.15379524230957,27.313888250125327,27.15379524230957,27.26941825291345,39627500
2020-01-08,27.331674575805664,27.482874928306224,27.1804742233051,27.1804742233051,47966600
2020-01-09,27.50066375732422,27.55402808896811,27.420616411647625,27.527346771356925,27705300
2020-01-10,27.296100616455078,27.527348328555448,27.26052326239889,27.5184539900414,33458200
2020-01-13,27.482879638671875,27.50956265712931,27.28720925924941,27.358362278714104,27542700
2020-01-14,27.42951774597168,27.642976823414728,27.39394038485353,27.482882091226955,37575400
2020-01-15,27.27831268310547,27.385043051762164,27.189370991961834,27.29610136061853,41457300
2020-01-16,27.518457412719727,27.518457412719727,27.349468352777624,27.41172703369792,34444000
2020-01-17,27.598501205444336,27.660759878316956,27.491770840218706,27.598501205444336,38819400
2020-01-21,27.36725616455078,27.58960955874488,27.36725616455078,27.465090504429384,41276500
2020-01-22,27.44730567932129,27.518458703198608,27.411728319171676,27.456200019358693,27391000
2020-01-23,27.37615203857422,27.438410721011255,27.118221272567226,27.304999016300197,43072300
2020-01-24,27.029277801513672,27.385044586020193,26.860290444937004,27.385044586020193,58924900
2020-01-27,26.61125373840332,26.735771093739423,26.460053365600164,26.4956307222229,50289300
2020-01-28,26.92254638671875,27.038169392435478,26.709087355565238,26.75355735089746,34257900
2020-01-29,26.87807273864746,27.10932042967116,26.833602746551982,27.011486107776815,41167500
2020-01-30,27.21605682373047,27.233845503083764,26.62014963676971,26.637938316123005,51210000
2020-01-31,26.646827697753906,27.02038143634025,26.548993366129558,26.984805778410024,58958800
2020-02-03,26.83361053466797,27.100433957525883,26.815821854098257,26.83361053466797,40168200
2020-02-04,27.091537475585938,27.34946823419086,27.082644832426016,27.198267854144962,79273300
2020-02-05,27.634082794189453,27.660765815328414,27.393940693204712,27.45620107586229,51086900
2020-02-06,27.598501205444336,27.811960239473997,27.545135174620718,27.785277224062188,37044400
2020-02-07,27.50066375732422,27.580711103000816,27.385040756025536,27.447299425680328,27982500
2020-02-10,27.58070945739746,27.58070945739746,27.40282610063588,27.411720438116102,17723700
2020-02-11,27.678550720214844,27.803068075699557,27.651867702715943,27.651867702715943,27997400
2020-02-12,27.696340560913086,27.909799633672076,27.660764896997545,27.820859625672263,26964200
2020-02-13,27.68744659423828,27.749706975668506,27.527353559826363,27.60740092524329,22758700
2020-02-14,27.723018646240234,27.74080732324243,27.589606961566982,27.660759973154157,22080200
2020-02-18,27.482879638671875,27.71412737603759,27.322784920770857,27.642974356572896,37768900
2020-02-19,27.68744659423828,27.75859961945089,27.545140543813062,27.580717904630333,25643300
2020-02-20,27.634082794189453,27.82086054931824,27.447306735482634,27.589612788713154,50344300
2020-02-21,27.36725616455078,27.56292654072975,27.216055788641924,27.500667861782887,51128200
2020-02-24,26.477834701538086,26.735763679841593,26.3533156843097,26.504516015184606,70455400
2020-02-25,25.579530715942383,26.540097162458316,25.455013377304496,26.486732831102294,111826900
2020-02-26,25.39275550842285,25.98866263916183,25.39275550842285,25.748522276236077,95015700
2020-02-27,24.307668685913086,25.25044643553989,24.289880010382785,24.850211414636952,143536200
2020-02-28,23.649503707885742,23.880751407837096,23.09806662393689,23.480514677840226,192063500
2020-03-02,24.859106063842773,24.859106063842773,23.444938573474815,23.693973248333105,127115500
2020-03-03,23.92522621154785,25.12593494650596,23.685084125271857,24.77906417505521,256525000
2020-03-04,24.716806411743164,24.72569905548685,23.836285395988448,24.245416561497116,124408000
2020-03-05,23.524982452392578,23.96079476561499,23.258157444666594,23.898536106071965,130265700
2020-03-06,22.72451400756836,22.982444734139563,22.26202028171018,22.457690638941653,160606600
2020-03-09,20.287521362304688,21.239193531294323,20.02959233068602,20.456510401488952,134165700
2020-03-10,21.47933578491211,21.49712446213545,20.314204569529323,21.23030108947185,149282300
2020-03-11,20.31420135498047,21.0346257043085,20.029589350130944,20.821166700671355,146915400
2020-03-12,18.117355346679688,19.75387477097252,18.055094971169062,18.62432081517095,161437500
2020-03-13,20.50098419189453,20.53656155259001,18.588745161482773,19.478158821806563,160945700
2020-03-16,17.6904354095459,18.980085767902498,16.83659919445153,17.210152962660757,110661600
2020-03-17,18.651002883911133,18.846674964795984,17.379142840268813,18.099567392959997,122295100
2020-03-18,17.067846298217773,17.832740788630637,16.258480112976326,17.476975712110505,145056400
2020-03-19,17.4414005279541,17.690435240093638,16.107280182332037,16.712081677108184,105652800
2020-03-20,16.81880760192871,17.717115357853537,16.605348585137882,17.62817367675199,157840900
2020-03-23,15.840232849121094,16.683371437253797,15.68775035670142,16.539858704483134,144547900
2020-03-24,17.8045597076416,17.90322360878727,16.665426279710086,16.782029694084475,158551100
2020-03-25,18.28891944885254,19.0423620965999,17.39196407875393,18.064680606327887,162949600
2020-03-26,19.43702507019043,19.571568048299664,18.504190561793735,18.531099841738296,129753900
2020-03-27,18.84503173828125,19.437022120777495,18.432431395774046,18.647702181051343,109305600
2020-03-30,19.203811645507812,19.311447027589313,18.477278376578358,18.871939163135377,67297200
2020-03-31,18.67460823059082,19.23969100217369,18.513156010138573,19.02442023436643,83819900
2020-04-01,17.53548240661621,17.885296276127026,17.374031825465618,17.687964936708834,79185000
2020-04-02,17.974987030029297,18.118499757107614,17.365057084543114,17.427843688789046,68398300
2020-04-03,17.616201400756836,18.06467904709632,17.365055013722856,17.804562901838775,68418100
2020-04-06,18.88090705871582,19.0333895174719,18.36067308957267,18.495217743797593,69015100
2020-04-07,19.069272994995117,19.930349402317304,19.060303235234667,19.91241159360315,70950900
2020-04-08,19.903438568115234,20.029011762544165,19.141026221640015,19.356295288149525,80003400
2020-04-09,20.970813751220703,21.221961846200546,20.387793159781303,20.423672192266892,147845500
2020-04-13,20.208402633666992,20.925966157698692,20.029010897255873,20.908026641896303,66236300
2020-04-14,20.298091888427734,20.75553916606219,19.92137070159971,20.69275258672518,96169000
2020-04-15,19.41908836364746,19.607449928935473,19.320424411169963,19.49084474308884,63482000
2020-04-16,19.07823944091797,19.41011194037553,18.8898779402799,19.374234618372267,68907600
2020-04-17,20.082828521728516,20.199433668212208,19.661260148672092,19.82271237561477,88698600
2020-04-20,19.73301887512207,20.055923367809473,19.50878002426841,19.688171789274,59063100
2020-04-21,19.09617805480957,19.4728976166685,19.024419992581546,19.132055375117215,71957900
2020-04-22,19.302480697631836,19.544659067217086,19.2576319009642,19.49084051121592,47507800
2020-04-23,19.22175407409668,19.607445161365547,19.194844796796545,19.356297038984128,71740200
2020-04-24,19.49980926513672,19.580535384169554,19.13205770545673,19.42805290497493,33825300
2020-04-27,20.163555145263672,20.27119053621706,19.661260646029703,19.697137969143164,109435100
2020-04-28,20.378826141357422,20.92596948467476,20.333979055527692,20.77348699772435,46452300
2020-04-29,20.970813751220703,21.221961846200546,20.791423721212045,21.006692783706296,70064400
2020-04-30,20.441614151000977,20.773486687114733,20.34294851068285,20.54924783970563,56745700
2020-05-01,19.786832809448242,20.011071627313996,19.652289860890072,19.95725479005201,37534300
2020-05-04,19.607444763183594,19.63435232913068,19.230723442665113,19.526718643729165,50177200
2020-05-05,19.544652938842773,19.984160743534627,19.544652938842773,19.87652537608885,65123000
2020-05-06,19.12308692932129,19.777863894817166,19.1051474125335,19.72404705526029,63738400
2020-05-07,19.57156753540039,19.894472043045834,19.374237953398588,19.374237953398588,61339000
2020-05-08,19.993135452270508,20.02004301769225,19.741987339892788,19.94828665855669,42218300
2020-05-11,19.607444763183594,19.77786505020376,19.49980936697549,19.71507844858511,54994900
2020-05-12,19.09617805480957,19.759924733161498,19.078238539252563,19.68816838173984,62202700
2020-05-13,18.531095504760742,18.9616336182708,18.38758280025739,18.93472605543041,86848300
2020-05-14,19.006484985351562,19.024422792742428,18.019833724976067,18.208193533629778,103763100
2020-05-15,18.88090705871582,19.04235927514065,18.656668249416075,18.827090223509657,70285000
2020-05-18,19.849620819091797,20.00210329453779,19.445991944657006,19.580534902801936,79548500
2020-05-19,19.365264892578125,19.8316820550462,19.35629513436069,19.733016425460836,56673200
2020-05-20,19.795806884765625,19.912412053538056,19.67023366683235,19.68817318676761,50402600
2020-05-21,19.73301887512207,19.921378688651945,19.62538347395738,19.73301887512207,49939900
2020-05-22,19.661258697509766,19.750954562613902,19.463929162925727,19.724045289840763,37584500
2020-05-26,20.68378448486328,20.899053507291324,20.387789365173955,20.40572887807782,108349200
2020-05-27,21.58074951171875,21.616628554004556,21.114333937651562,21.607658793433107,121521200
2020-05-28,21.239900588989258,21.831890916992645,21.17711399523229,21.822921159197882,101590100
2020-05-29,20.997722625732422,21.186084121082008,20.782453567337466,20.988752867781834,86969000
2020-06-01,21.239900588989258,21.33856621392528,20.934935667192804,21.078448370296268,52619200
2020-06-02,21.410324096679688,21.56280656848301,21.257841624876367,21.428261902745703,52572800
2020-06-03,22.2086181640625,22.30728381553782,21.831896789382988,21.885713639820967,77622900
2020-06-04,22.692968368530273,22.692968368530273,21.993344330591658,22.172734363814126,97575100
2020-06-05,23.536108016967773,24.065311806695718,23.455381899157985,24.02046472382652,135859300
2020-06-08,23.98458480834961,24.038401647978198,23.652712301365746,23.921798210315174,80298400
2020-06-09,23.473323822021484,23.679623161650472,23.249084963083874,23.41950697490234,92833100
2020-06-10,22.594301223754883,23.464347123243257,22.57636170975152,23.338773946832166,110848900
2020-06-11,20.746572494506836,21.849828662602484,20.710695177040453,21.52692425137388,233116600
2020-06-12,21.374448776245117,21.58074812369915,20.827305392225753,21.58074812369915,127502900
2020-06-15,21.67044448852539,21.74220085925004,20.594097216848855,20.638946017806028,92469500
2020-06-16,22.01128387451172,22.53151787987442,21.48208011085578,22.53151787987442,108121300
2020-06-17,21.679410934448242,22.074071768502918,21.64353189916756,22.074071768502918,56320900
2020-06-18,21.65250015258789,21.85880116949551,21.401353766310443,21.464140362879807,61206500
2020-06-19,21.50899314880371,22.07407608944191,21.266814745673052,22.065106328865934,99903900
2020-06-22,21.40247344970703,21.55592862726172,21.239993016166725,21.37539423831029,47929500
2020-06-23,21.501768112182617,21.862838605582677,21.483714157082634,21.727437385772646,47218900
2020-06-24,20.743520736694336,21.23096722982796,20.68033361092962,21.22194025161585,90217500
2020-06-25,21.294151306152344,21.339284469029526,20.63519748651462,20.6713036724724,110208900
2020-06-26,20.382448196411133,20.996268880229554,20.32828805422712,20.93308176072822,123959100
2020-06-29,20.60811424255371,20.74351543770665,20.42757816787005,20.59908726664757,69107100
2020-06-30,20.887948989868164,21.03237719813449,20.48174529976414,20.49979753450739,60653100
2020-07-01,20.70741081237793,21.077508243752014,20.644223698004755,20.978213223040033,60500300
2020-07-02,20.7344913482666,21.239991739064145,20.689358184172466,21.167777643481617,50841900
2020-07-06,21.13166618347168,21.3573354094564,21.01431894351623,21.19485329127227,60271700
2020-07-07,20.69838523864746,20.969187667663476,20.64422509718823,20.96016069046696,43810900
2020-07-08,20.91502571105957,20.969185847818427,20.617142376306305,20.68935646589135,53046100
2020-07-09,20.472713470458984,20.95113115133361,20.30120436813732,20.905997992589842,71163700
2020-07-10,21.17680549621582,21.20388643102563,20.463691430091377,20.463691430091377,94440600
2020-07-13,21.267072677612305,21.583010017113047,21.140698430500002,21.447608792104152,102487100
2020-07-14,21.37539291381836,21.43858003212207,20.987241505130026,21.17680286004116,102468300
2020-07-15,21.79964828491211,21.898943301668538,21.56495206821852,21.889916325443437,90561800
2020-07-16,21.79964828491211,22.025317525380597,21.52884588503779,21.61008694934402,74678500
2020-07-17,21.619112014770508,21.86283346442828,21.610085039343254,21.84478123529329,47033200
2020-07-20,21.51982307434082,21.646197322514766,21.438581994308997,21.50176911839597,40127600
2020-07-21,21.94407844543457,22.052400448211447,21.63716811290655,21.664249044030726,46491300
2020-07-22,21.94407844543457,21.962132399517355,21.76354406976621,21.83575816437752,44437400
2020-07-23,21.962135314941406,22.08850956685714,21.826734084785972,21.89894818898354,49916100
2020-07-24,21.907968521118164,22.097529841485542,21.8357544388278,21.980182603408526,41245600
2020-07-27,21.727432250976562,21.82672725884038,21.537870932385108,21.808673308007045,43060200
2020-07-28,21.673276901245117,21.772571931013072,21.573981871477166,21.646195969021157,35370500
2020-07-29,22.07947540283203,22.10655632873763,21.601057763869612,21.63716394335758,36491600
2020-07-30,21.68230628967285,21.72743946001159,21.40247512406842,21.664252332849323,53994600
2020-07-31,21.691328048706055,21.71840725570545,21.40246997419504,21.673274096226677,50115900
2020-08-03,21.754514694213867,21.926023795651187,21.628138751287594,21.78159390063264,42982100
2020-08-04,21.664249420166016,21.70035732895849,21.546902160030186,21.664249420166016,30754400
2020-08-05,21.962135314941406,22.01629546265957,21.781599193587457,21.808680128306566,34860700
2020-08-06,21.95310401916504,22.043372062088917,21.799648862710363,21.88991690563424,33115400
2020-08-07,22.422494888305664,22.440548839964876,21.799647329819507,21.844782208967544,63302800
2020-08-10,22.584972381591797,22.66621342569041,22.44957121533385,22.548864485672752,45436100
2020-08-11,22.846759796142578,23.2168573160135,22.79259964540346,23.009241970080083,73758600
2020-08-12,22.783567428588867,23.261986861666834,22.621085292006928,23.252959884998976,58793600
2020-08-13,22.639137268066406,22.801619390457347,22.503736073313824,22.612056340428047,35222500
2020-08-14,22.72941017150879,22.83773046181439,22.503740891365485,22.5308201030819,28276900
2020-08-17,22.35028839111328,22.666225765529102,22.341261412219097,22.64817180774073,53397000
2020-08-18,22.205856323242188,22.422498613990907,22.18780236858316,22.368338471733697,35502500
2020-08-19,22.196826934814453,22.512764220149723,22.133639822091336,22.287094976584488,59847200
2020-08-20,21.989215850830078,22.11559010045369,21.92602872601827,21.9440809604502,45586100
2020-08-21,21.94407844543457,22.14266849690554,21.871864350823262,21.95310542247596,35349200
2020-08-24,22.467632293701172,22.467632293701172,22.01629374720355,22.070455612421608,51010900
2020-08-25,22.53081703186035,22.720380096635385,22.386388849993534,22.657192982283618,55236900
2020-08-26,22.422494888305664,22.530815154821763,22.34125382755879,22.47665502156371,30646600
2020-08-27,22.80162239074707,22.909942672114326,22.404444008387532,22.404444008387532,66463900
2020-08-28,22.891889572143555,22.97313064095004,22.70232650435517,22.9641036642249,49170600
2020-08-31,22.621084213256836,22.873834382744505,22.621084213256836,22.873834382744505,52259000
2020-09-01,22.68427276611328,22.76551383569051,22.4315243022906,22.50373839505705,42036100
2020-09-02,23.00923728942871,23.090478359871007,22.61205891412412,22.67524775247242,48432500
2020-09-03,22.657197952270508,23.478634062469677,22.512769738722533,23.144642742564905,98405500
2020-09-04,22.82870101928711,23.189771456957597,22.467628859896966,23.063395512483186,111105500
2020-09-08,22.241960525512695,22.657192837007155,22.160719458518557,22.603032699584304,84687600
2020-09-09,22.467632293701172,22.630114445915503,22.30515014148684,22.449580060348406,52321200
2020-09-10,22.151695251464844,22.693300094750107,22.1065603667112,22.539844930027332,55515300
2020-09-11,22.305150985717773,22.42249997641187,22.1155896154396,22.187803716743662,69285700
2020-09-14,22.612060546875,22.810650609726803,22.440553138419254,22.50374025961031,51021000
2020-09-15,22.305150985717773,22.67525019183609,22.287098751681746,22.657196236080075,48459900
2020-09-16,22.55790138244629,22.810651599901934,22.305151164990647,22.35028605474344,62119900
2020-09-17,22.32320213317871,22.458603340875143,22.18780092548228,22.250988040959296,47334200
2020-09-18,22.278066635131836,22.50373586486904,22.23293175615264,22.323199792391442,61707200
2020-09-21,21.71986961364746,21.937703448562385,21.384041369493556,21.810634144326038,72307300
2020-09-22,21.538339614868164,21.874167844405676,21.356812292601134,21.66541064476338,84561500
2020-09-23,21.057289123535156,21.738020430573716,21.057289123535156,21.58372126506407,54282500
2020-09-24,21.102676391601562,21.402198180815414,20.821307857779995,21.06636988081699,56512300
2020-09-25,21.32050323486328,21.39311450130786,20.90298888560424,20.94837027793617,46026600
2020-09-28,21.82878875732422,21.983087961975798,21.62003151902787,21.62003151902787,62803500
2020-09-29,21.55649757385254,21.80156133017766,21.438504875171777,21.765254819082205,53250800
2020-09-30,21.846939086914062,22.02846814967571,21.63818187657078,21.647258502827807,66732200
2020-10-01,21.88324546813965,22.08292605109623,21.710793032610663,21.937703494184273,65766100
2020-10-02,22.055696487426758,22.182767524931325,21.53834090464158,21.592800662653307,63368100
2020-10-05,22.41875648498535,22.49136777053132,22.209997524249786,22.264457286801466,58911700
2020-10-06,22.191848754882812,22.76366248311088,22.11016083210883,22.609363265781113,88404900
2020-10-07,22.563976287841797,22.67289233720371,22.40060048260954,22.40060048260954,53815200
2020-10-08,22.872573852539062,22.92703187533001,22.636586778859183,22.69104480165013,57646300
2020-10-09,22.89980697631836,23.026878032039154,22.718279617158192,22.99964814912976,52031600
2020-10-12,23.15394401550293,23.226555294927277,22.881650419269537,22.881650419269537,45931400
2020-10-13,22.70919418334961,23.1539383779352,22.6365829216048,23.08132711619039,60377800
2020-10-14,22.49136734008789,22.80904062627832,22.46413745933318,22.72735444639333,48982200
2020-10-15,22.663818359375,22.672894986413947,22.246303902720953,22.28260867968715,41637200
2020-10-16,22.68196678161621,22.82718932092409,22.57305074272991,22.7091966569324,40103600
2020-10-19,22.337068557739258,22.77273627073015,22.300762049395214,22.76365964364414,42989000
2020-10-20,22.518592834472656,22.78180979049674,22.47321143642199,22.482288062269998,67293900
2020-10-21,22.40060043334961,22.62751088874223,22.40060043334961,22.4822883357861,44307200
2020-10-22,22.845348358154297,22.87257824036816,22.382450747656573,22.391527375061195,39511800
2020-10-23,22.917957305908203,23.063179867173254,22.736428238732145,22.99056858654073,45092700
2020-10-26,22.40060043334961,22.62751088874223,22.191843229873854,22.5912043849085,54015100
2020-10-27,21.992162704467773,22.391525623075353,21.9740094510789,22.391525623075353,46083300
2020-10-28,21.429424285888672,21.719869396200803,21.302353251735052,21.529263710565083,89288300
2020-10-29,21.592803955078125,21.747101432736585,21.10267644537575,21.37496835219503,60908400
2020-10-30,21.656339645385742,21.692644426795553,21.302358072298723,21.465733916617378,66221600
2020-11-02,22.064773559570312,22.16461472008626,21.74709855617461,22.019392158166422,65136000
2020-11-03,22.554901123046875,22.781811593638515,22.445983335439507,22.473213215138724,79834200
2020-11-04,22.291685104370117,22.691048034510587,21.955858562925524,22.15553916240097,87397400
2020-11-05,22.836265563964844,22.99964135075014,22.482285846722835,22.482285846722835,65942300
2020-11-06,22.654741287231445,22.972416302594795,22.582130003536072,22.9451881532025,60783500
2020-11-09,24.51540756225586,24.90569385044354,24.197732555741037,24.48817768243247,162966800
2020-11-10,24.64247703552246,24.733241571011785,24.315727131426225,24.542637604554773,85851200
2020-11-11,24.542634963989258,24.796773558588924,24.397410684117446,24.778620307206282,65062400
2020-11-12,24.134199142456055,24.29757496742356,23.916365286229247,24.24311520497466,62733800
2020-11-13,24.533559799194336,24.633399225365327,24.29757271073569,24.361107363168895,45031800
2020-11-16,25.078147888183594,25.168912435108865,24.83308586203203,25.15075917948586,67556100
2020-11-17,25.041833877563477,25.0872152687034,24.62431780808195,24.796770210554044,63679700
2020-11-18,24.80585289001465,25.359514999251424,24.79677626333328,25.159832674640377,71578400
2020-11-19,24.887540817260742,24.914770697324872,24.52448440568664,24.678783597004323,47194800
2020-11-20,24.66970443725586,24.86030838456517,24.61524641390882,24.760468963627158,39974700
2020-11-23,25.132606506347656,25.20521779433117,24.860312878017233,24.98738393038063,51870500
2020-11-24,26.013015747070312,26.04024562628481,25.50473678672602,25.568271440370374,60983200
2020-11-25,25.922252655029297,25.94040590884796,25.61365426487029,25.867794624762876,45204600
2020-11-27,25.84056282043457,25.94948060404902,25.740723394243215,25.922250725348047,26981200
2020-11-30,25.3050537109375,25.75887463046155,25.259672311460864,25.68626335258528,72524200
2020-12-01,25.695341110229492,25.93132820651657,25.677189588353176,25.777029017836153,53972100
2020-12-02,25.976713180541992,26.02209458523389,25.61365501824832,25.65903815412984,57471800
2020-12-03,25.985780715942383,26.140079871854397,25.83148156003037,25.994857340547693,49566000
2020-12-04,26.303462982177734,26.348846117850893,26.14008715613359,26.15824041040285,52713100
2020-12-07,26.121931076049805,26.19454234927012,25.967631904057978,26.149159221514104,34631600
2020-12-08,26.112855911254883,26.17639056247813,25.876868827290394,25.876868827290394,31628500
2020-12-09,26.049320220947266,26.27623066980155,25.949479069470794,26.258077418407765,47589600
2020-12-10,26.094707489013672,26.12193737223051,25.767955815170527,25.849643733631314,41298300
2020-12-11,25.831483840942383,25.895020218789796,25.62272665015444,25.804255695911344,48216300
2020-12-14,25.531967163085938,26.176393844556397,25.51381563988155,26.176393844556397,38302900
2020-12-15,25.967636108398438,26.040247393375022,25.586426429473978,25.731648999427144,38604200
2020-12-16,26.013015747070312,26.031168999879977,25.88594643978161,26.013015747070312,55602800
2020-12-17,26.085628509521484,26.131011644124694,25.940405941170365,26.058398628759562,38510900
2020-12-18,25.85871696472168,26.1219339410073,25.704417775806885,26.1219339410073,56080100
2020-12-21,26.207294464111328,26.335047086098808,25.760164638343202,26.161669646564157,77688100
2020-12-22,25.951793670654297,26.26204731489686,25.93354304676349,26.225546067115246,42317900
2020-12-23,26.38067054748535,26.526672044701016,26.097792864189394,26.106918175324765,52681400
2020-12-24,26.41717529296875,26.444549489527496,26.198171277646562,26.435424177182792,16071000
2020-12-28,26.544921875,26.754798803426414,26.453670506843924,26.599671999703613,32824800
2020-12-29,26.453670501708984,26.66354743009466,26.426294569124952,26.654422119233317,23607000
2020-12-30,26.57230567932129,26.654430020467533,26.481054284133066,26.544929738622145,16616700
2020-12-31,26.90079689025879,26.93729812908967,26.462792467137376,26.53579320432428,26239300
2021-01-04,26.535802841186523,27.010308675462504,26.307675237070246,27.00118336244079,47086300
2021-01-05,26.6544246673584,26.7730519794214,26.389797588981768,26.526673784036937,35265400
2021-01-06,27.83156394958496,28.050566211150894,27.165431853095843,27.165431853095843,102254900
2021-01-07,28.233074188232422,28.525077257664787,28.178322307357163,28.242199501711628,64342700
2021-01-08,28.21481704711914,28.379069170871688,27.8406879832273,28.369943859499305,54266400
2021-01-11,28.306072235107422,28.351697057642905,27.82244111004438,27.941068433397305,56590400
2021-01-12,28.598079681396484,28.7349559105612,28.38820268064554,28.470328766239508,60546600
2021-01-13,28.57982063293457,28.652821383012654,28.36994369401948,28.55244643945227,55394700
2021-01-14,28.707576751708984,28.853580018996716,28.552451652387024,28.661951927258464,49828800
2021-01-15,28.233074188232422,28.461201803785904,28.023195459161773,28.287824328632095,68732700
2021-01-19,28.306072235107422,28.452073755791467,28.132694776616834,28.379072995449445,97457200
2021-01-20,28.187442779541016,28.39732147256424,28.08706782946064,28.39732147256424,56113100
2021-01-21,27.88631248474121,28.223942039806417,27.88631248474121,28.169191912665493,43713800
2021-01-22,27.685564041137695,27.795064308008342,27.557813149630157,27.60343797074703,37928000
2021-01-25,27.484811782836914,27.52131129082697,27.13805688431713,27.411811026381486,68321500
2021-01-26,27.265806198120117,27.630811699789845,27.24755731541681,27.594310453432783,55504600
2021-01-27,26.46280288696289,26.91905810915191,26.408052747633363,26.891682169249368,84059200
2021-01-28,26.955554962158203,27.26580686136403,26.718302076491767,26.80042814231766,62985900
2021-01-29,26.41717529296875,26.955556537978776,26.29854797296295,26.882554039221137,78260700
2021-02-01,26.76392936706543,26.800430617681748,26.481051636690665,26.70917923161638,41947400
2021-02-02,27.41180992126465,27.548686116540953,27.06505503672441,27.074180348472865,54263000
2021-02-03,27.56693458557129,27.576059897182702,27.320558133964045,27.375308263157297,46195200
2021-02-04,28.178312301635742,28.18743761187468,27.64905649110196,27.6581818013409,63061800
2021-02-05,28.187442779541016,28.406445044000858,28.123567336632973,28.37907084874043,38461900
2021-02-08,28.552448272705078,28.552448272705078,28.278694136979095,28.278694136979095,48756300
2021-02-09,28.561569213867188,28.65282058403907,28.36081759186914,28.461194273105722,33572000
2021-02-10,28.561569213867188,28.744071954210956,28.42469302884692,28.707570709952154,38899600
2021-02-11,28.470321655273438,28.689323915332434,28.278693589924785,28.57982191506531,31909500
2021-02-12,28.7623233795166,28.789697572999994,28.415568511275477,28.44294444523404,38271800
2021-02-16,29.25507926940918,29.3919537155377,28.926575029180274,29.054325904613673,71330600
2021-02-17,29.401081085205078,29.43757884933063,29.06345153015388,29.163826473162214,60460900
2021-02-18,29.227705001831055,29.382833569330188,28.990453845653818,29.19120549337123,45188200
2021-02-19,29.574459075927734,29.674835767210844,29.382832745814845,29.419333993726994,54361800
2021-02-22,29.848215103149414,29.95771886020239,29.46496239631704,29.47408596892928,65930200
2021-02-23,30.030712127685547,30.067213373040005,29.720458504073363,30.058086321226217,94331400
2021-02-24,30.61471939086914,30.696845455825056,30.058087559606896,30.07633818303604,66000600
2021-02-25,30.058086395263672,30.879347013010094,29.975960333489027,30.86109639028791,92189400
2021-02-26,29.48320770263672,30.103714956837177,29.373703965342244,30.012461842425118,103105700
2021-03-01,30.40483856201172,30.5873412920582,29.98508471956985,29.98508471956985,67590700
2021-03-02,30.29534149169922,30.54171968094301,30.26796381670519,30.368340502799004,49987000
2021-03-03,30.532590866088867,30.988845972208367,30.37746580086434,30.41396704478195,72541700
2021-03-04,30.18583869934082,30.74246699019688,29.74783074572767,30.450464008421527,101311800
2021-03-05,30.760719299316406,30.84284536000583,29.91208449917582,30.696843861108,109299800
2021-03-08,31.153106689453125,31.554613521492055,30.861103619398175,30.98885452742832,90538200
2021-03-09,30.870223999023438,31.326479132457777,30.587344563151998,30.906721764175867,117224600
2021-03-10,31.499858856201172,31.61848618072267,30.961477590696994,31.01622946684942,73269300
2021-03-11,31.408611297607422,31.654989562546625,31.153109458834095,31.335612264079963,50904800
2021-03-12,31.727985382080078,31.892237524047246,31.627608686327836,31.77361020352635,68126000
2021-03-15,31.545488357543945,31.855742073184857,31.253485269993835,31.846618499615147,57836400
2021-03-16,31.21697425842285,31.417727623734347,30.970596077617916,31.381226378959475,67373600
2021-03-17,31.426855087280273,31.60935785281085,31.0983542864661,31.445105711928402,64051100
2021-03-18,31.59111213684082,32.20249597422345,31.48161185288843,31.746240729978695,96690500
2021-03-19,31.22610092163086,31.372102417963752,30.897596684644288,31.344724744248037,98510500
2021-03-22,30.82373809814453,31.062040801515387,30.713749007623523,30.997882246900964,68170600
2021-03-23,30.392948150634766,30.85122541677605,30.282962585746716,30.640418293916426,70441900
2021-03-24,30.50294303894043,30.979551960971264,30.50294303894043,30.612932133825407,63357100
2021-03-25,31.01621437072754,31.062041411154553,30.246308203864906,30.48461091191281,60532600
2021-03-26,31.501977920532227,31.55697245051057,31.1170266998179,31.33699782697522,53779900
2021-03-29,31.227018356323242,31.42866150920985,30.906225609802473,31.062038230575787,71777800
2021-03-30,31.446990966796875,31.593639569386976,31.355333404941515,31.391996429683658,55011400
2021-03-31,31.20868682861328,31.511151557806144,31.190355315052013,31.382834459255974,51138300
2021-04-01,31.59364128112793,31.59364128112793,31.162859458014207,31.162859458014207,51690100
2021-04-05,31.84111785888672,31.996930509193465,31.740296263333242,31.93277194772841,51790700
2021-04-06,31.776962280273438,31.923614446529086,31.666976651961786,31.767798268072504,41336800
2021-04-07,31.932762145996094,32.00608469528728,31.712787505365938,31.868603604224443,38660800
2021-04-08,31.941923141479492,31.978586160857013,31.59363494652696,31.81360607003614,39927400
2021-04-09,32.21690368652344,32.2352317063174,31.978597472651433,32.16190913800393,40133700
2021-04-12,32.35437774658203,32.3635452508559,32.20772914560609,32.281055194283276,44435500
2021-04-13,32.05191421508789,32.207726812673144,31.877766610282976,32.17106379099019,39950900
2021-04-14,32.2443962097168,32.47353489597324,31.92360344750933,31.969430485484843,44065300
2021-04-15,32.21690368652344,32.354384813253404,31.91443891423494,32.317721780907064,55483500
2021-04-16,32.44603729248047,32.56518688430283,32.299388682532545,32.50102833597428,39115700
2021-04-19,32.35437774658203,32.52852536400114,32.24439216994468,32.436867803154655,31172300
2021-04-20,31.74945831298828,32.18024019597603,31.639472713894506,32.16190868006388,50227700
2021-04-21,32.18941116333008,32.21691019133167,31.547821953244828,31.639479552616958,39680000
2021-04-22,31.83194923400879,32.198572569255845,31.776954684807958,32.152745526444775,43611200
2021-04-23,32.42770767211914,32.565188785257625,31.776951149633092,31.831945692715802,50437700
2021-04-26,32.556026458740234,32.85848772037898,32.51936342812371,32.546858952896585,43749700
2021-04-27,32.81265640258789,32.85848343669466,32.52852669329874,32.60184924859386,50852400
2021-04-28,32.94098663330078,33.0326442344454,32.84016851661167,32.94098663330078,35771700
2021-04-29,33.527565002441406,33.55506051836607,33.17010581353125,33.19760482583382,48573000
2021-04-30,33.234283447265625,33.4634222019931,33.179292383814186,33.34427256692836,43940900
2021-05-03,33.39925003051758,33.58256165893276,33.2709329395405,33.51840311344422,33317300
2021-05-04,33.6650505065918,33.6650505065918,33.03262908249334,33.25260023158046,66939700
2021-05-05,33.94001770019531,34.06833479226449,33.76587357472693,33.76587357472693,38954200
2021-05-06,34.44412612915039,34.45329013743112,33.875859717144955,34.077502863106794,43332900
2021-05-07,34.62743377685547,34.63660128138534,33.96751680222502,34.050006861101146,64616700
2021-05-10,34.599945068359375,35.06738649643896,34.57244954211329,34.810752261130894,56341100
2021-05-11,33.98584747314453,34.56327437459714,33.857526887554386,34.25164565949227,82723700
2021-05-12,33.63756561279297,34.3799728459534,33.50008097889983,34.25165571905552,97911900
2021-05-13,34.17832946777344,34.38913665305074,33.4909133650252,33.50924488066398,66882600
2021-05-14,34.71909713745117,34.81075121978248,34.3341422996256,34.37080533110977,44850200
2021-05-17,34.78325653076172,34.8199195631275,34.471627748411024,34.60910887521388,40376700
2021-05-18,34.297481536865234,34.87491208361015,34.2791535162899,34.755758971594354,40299200
2021-05-19,34.086673736572266,34.10500525320434,33.53674222312718,33.9033655630101,63573900
2021-05-20,34.10499954223633,34.34330572216905,33.86669685868232,34.14166256936116,59216100
2021-05-21,34.44412612915039,34.6274342657936,34.224151470248515,34.24248298318855,44950300
2021-05-24,34.60911178588867,34.6916018674596,34.41663609434968,34.59078376454358,29159600
2021-05-25,34.26082229614258,34.92073943033152,34.21499525154853,34.65494117313429,38755900
2021-05-26,34.36164093017578,34.5174535676407,34.11417071504407,34.38913645528628,38601900
2021-05-27,34.755760192871094,34.84741778086527,34.471630411037836,34.67327360824555,39789500
2021-05-28,34.819908142089844,34.911562196562265,34.56327049608655,34.911562196562265,39265000
2021-06-01,35.03071975708008,35.26902242709693,34.939062194474744,35.16820085642031,35710700
2021-06-02,35.08571243286133,35.17736999973687,34.893236786990705,35.14070697298665,37537500
2021-06-03,35.1682014465332,35.379008599494995,34.86574022580666,34.97572580640008,54877500
2021-06-04,35.259857177734375,35.28735269735876,34.948228468603865,35.214026649855874,27250900
2021-06-07,35.03071975708008,35.31484946021034,34.9665612114456,35.31484946021034,37401800
2021-06-08,34.93906784057617,35.04905693347664,34.581612029597316,34.83824625360694,47747700
2021-06-09,34.60911178588867,34.84741801992891,34.5174576936452,34.80159097380717,40776200
2021-06-10,34.2058219909668,34.99405961235906,34.17832646811132,34.9024055385883,53775500
2021-06-11,34.42580032348633,34.444131839465456,34.26082017605336,34.26998418585334,40416700
2021-06-14,34.06834411621094,34.41663595884798,33.86670441479327,34.3616449022702,50613400
2021-06-15,34.13250732421875,34.306651503204804,33.9125326013704,34.07751276941176,51315100
2021-06-16,34.09584426879883,34.324983002464975,33.67422983798422,34.02251819576345,84961100
2021-06-17,33.087623596191406,34.28831152367205,32.98680551516003,34.26998000992669,97659900
2021-06-18,32.290218353271484,32.7576631603534,32.244391322242244,32.647674090229216,180960000
2021-06-21,33.043861389160156,33.062265520512724,32.556164194119035,32.61137307794761,89831400
2021-06-22,33.09907150268555,33.227896903048304,32.78620831170647,33.117475632770066,42576400
2021-06-23,33.163482666015625,33.3199124991415,33.080665839587596,33.12667440755234,48094900
2021-06-24,33.57756805419922,33.66038488372519,33.20029216640951,33.35672200538699,42942800
2021-06-25,33.98244857788086,34.07446571778352,33.55916411796242,33.75240221789533,56845000
2021-06-28,33.73398971557617,33.94563189300884,33.54075166360217,33.91802745993484,70250700
2021-06-29,33.6143684387207,34.09286522381991,33.52235131129826,33.908827458746615,61051200
2021-06-30,33.76160430908203,33.835220833071325,33.503953495577626,33.51315380596175,42414100
2021-07-01,34.0284538269043,34.0468579551345,33.75239892390837,33.92723287675247,36615600
2021-07-02,33.99164962768555,34.06526614939321,33.85362391482711,34.02845788853938,27018400
2021-07-06,33.457942962646484,33.92723598977711,33.23709691384869,33.908831859858225,49225300
2021-07-07,33.50394821166992,33.57756472404916,33.181884745582046,33.25549774773277,43747100
2021-07-08,32.832210540771484,33.16347779785596,32.67577722038017,32.970239734632756,75084200
2021-07-09,33.779998779296875,33.826007338517606,33.20948492245804,33.31070585888049,70546500
2021-07-12,34.11127471923828,34.175687420615915,33.43033944460928,33.577568977790875,62953400
2021-07-13,33.74319839477539,34.05606158473712,33.61437299483154,34.000852704891976,44476200
2021-07-14,33.58676528930664,33.98244527079347,33.21868974505844,33.76159924219884,69632700
2021-07-15,33.69718933105469,33.9088315578939,33.255500747621284,33.255500747621284,53977600
2021-07-16,33.237091064453125,33.8720211491124,33.163478067961584,33.8720211491124,56160700
2021-07-19,32.30771255493164,32.767805291948086,32.11447444783969,32.59296780533527,89972200
2021-07-20,33.1082649230957,33.32911092792509,32.20648379797965,32.27089648475736,70635800
2021-07-21,33.67878341674805,33.84441706553768,33.347519629397425,33.375124067452816,59975000
2021-07-22,33.31071090698242,33.64197819993881,33.172681698174394,33.55916137669971,35292300
2021-07-23,33.365928649902344,33.724803986134894,33.273911493060886,33.63278331906391,36766900
2021-07-26,33.55915832519531,33.62357101405444,33.283099932681004,33.30150405953051,25396000
2021-07-27,33.54996109008789,33.69719062354617,33.14508075063486,33.30151059420911,38988400
2021-07-28,33.50394821166992,33.71559041941746,33.273901875827576,33.66958185429469,42908200
2021-07-29,33.87202835083008,34.01925788534468,33.577569281800876,33.72479881631548,41434200
2021-07-30,33.60517501831055,34.028459507582234,33.52235818256356,33.78000900034125,52385300
2021-08-02,33.6143684387207,34.221690606302694,33.568359875009484,33.83521445885434,47589900
2021-08-03,33.99164962768555,34.03766170886732,33.23709783132677,33.73399882216663,42169600
2021-08-04,33.70639419555664,34.065265961327874,33.52235640253246,33.66958593490602,52346400
2021-08-05,34.14807891845703,34.14807891845703,33.908828761600695,33.91803258083361,37168200
2021-08-06,34.838218688964844,34.90263138408192,34.46094282746684,34.470143136671304,58081000
2021-08-09,34.930240631103516,35.09587430141711,34.598973290476316,34.79221491266158,48015600
2021-08-10,35.298309326171875,35.39953027269108,34.865821103854685,34.902629358994105,40907400
2021-08-11,35.70319747924805,35.71240130017775,35.233904408479304,35.3995380829222,48372100
2021-08-12,35.767601013183594,35.8136095753469,35.519150565227804,35.739996577931265,44566400
2021-08-13,35.50074768066406,35.84121523119651,35.417930869969354,35.795206671972345,43077200
2021-08-16,35.408729553222656,35.445537807293306,34.957840726656315,35.27070386580019,48011800
2021-08-17,35.160282135009766,35.427136734686954,34.81061422187616,35.16948595443511,52414800
2021-08-18,34.7277946472168,35.27070411276114,34.700186701356344,35.02225366138711,39550400
2021-08-19,34.47014617919922,34.72780049263816,34.24930363651319,34.35052459783967,48961300
2021-08-20,34.68178939819336,34.73700179054953,34.341321754236205,34.47014715950491,33898600
2021-08-23,34.9670524597168,35.11428201387485,34.85663117165562,34.85663117165562,28807400
2021-08-24,35.178688049316406,35.26150487720526,35.00385408387496,35.03145852309498,37677300
2021-08-25,35.5927734375,35.8136159794658,35.19709341372995,35.27070993453783,47904800
2021-08-26,35.41793441772461,35.79521025751869,35.381126162567035,35.749198183457516,38484300
2021-08-27,35.88723373413086,35.896434044433704,35.454745435087275,35.463949255619156,38511100
2021-08-30,35.38113021850586,35.92403975851739,35.362726088817304,35.90563562882883,30096500
2021-08-31,35.33511734008789,35.60196841245595,35.20628844797939,35.35351795730357,49876200
2021-09-01,35.13267517089844,35.38112562408817,35.013050098571156,35.36272149678948,43976200
2021-09-02,35.25230407714844,35.381129472021506,35.11427486251087,35.21549581854792,29611500
2021-09-03,35.03146743774414,35.26151385039559,34.94865058878043,35.18790082366656,34847500
2021-09-07,34.81981658935547,35.151083903677616,34.81981658935547,35.151083903677616,39214900
2021-09-08,34.737003326416016,34.90263700057885,34.55296552065407,34.737003326416016,32523900
2021-09-09,34.838218688964844,35.16948598398331,34.66338122202253,34.69098917009315,33421000
2021-09-10,34.58056640625,35.06826350815812,34.571362587216754,35.03145525248206,39350500
2021-09-13,34.97624588012695,35.03145826839436,34.72779890849556,34.82901635497598,40357300
2021-09-14,34.5069465637207,35.22468992897309,34.396525317580675,35.0958645567717,45670600
2021-09-15,34.838218688964844,34.921035512719456,34.45173900803376,34.48854726530884,36371300
2021-09-16,34.737003326416016,35.141883690908955,34.58057347316733,34.967049706061154,42630200
2021-09-17,34.58056640625,34.91183017664911,34.48854576705986,34.690987663049704,82987200
2021-09-20,33.778385162353516,33.907768292442455,33.29781673243324,33.815352778214894,95008800
2021-09-21,33.732173919677734,34.1203232698369,33.648998555297126,33.99094015311718,45837600
2021-09-22,34.29591751098633,34.536199937330736,34.083359030836334,34.157290729163265,58347800
2021-09-23,35.13692092895508,35.303271702600526,34.57317703220401,34.62862846522798,71805000
2021-09-24,35.32175064086914,35.44189010770778,35.062980847881796,35.10919213174002,48066100
2021-09-27,35.80231475830078,35.90397040439768,35.57127246863175,35.635964027705036,58794500
2021-09-28,35.21084976196289,35.968668324053446,35.15540185890946,35.79307742200726,96152700
2021-09-29,35.23857498168945,35.39568206417886,35.072224232332466,35.32175035636795,49882500
2021-09-30,34.68407440185547,35.451136650678606,34.674834259589794,35.44189298298666,73319300
2021-10-01,35.25706100463867,35.49734347689969,34.64710939382481,34.776492534690455,70444000
2021-10-04,34.95207977294922,35.66369049854757,34.89662835035069,35.2016058865039,69772700
2021-10-05,35.6359748840332,35.811565808521394,35.081471104645274,35.2108542622078,56058400
2021-10-06,35.67293167114258,35.700659145956536,35.0537399653035,35.31250622739435,63405900
2021-10-07,35.88549041748047,36.264399634623715,35.83927913882777,36.04259748353776,53295600
2021-10-08,36.06108474731445,36.19046787892536,35.75610720100937,35.92245794891652,38607500
2021-10-11,35.700660705566406,36.4122714828294,35.682176896691594,36.144261542283715,50748300
2021-10-12,35.58974838256836,35.830034308579386,35.49733288821035,35.65444345912912,58527700
2021-10-13,35.386444091796875,35.61748642168519,34.87815167112781,35.58051880280078,72105100
2021-10-14,35.977909088134766,35.987149229422606,35.44188923236654,35.783834392256985,51893500
2021-10-15,36.513919830322266,36.6987543566248,36.20894585853464,36.32908882944509,58411100
2021-10-18,36.52316665649414,36.735725146238906,36.338332114195225,36.43999128873091,56312700
2021-10-19,36.88359832763672,36.88359832763672,36.55089680018302,36.689523611764145,33082600
2021-10-20,37.179325103759766,37.179325103759766,36.71724052102535,36.81889969329502,44670200
2021-10-21,37.022220611572266,37.253262919001244,36.828142394008296,37.17008754730978,35067600
2021-10-22,37.53974914550781,37.6044407026979,37.16083994249782,37.19780755387087,41458200
2021-10-25,37.49354553222656,37.678380084066774,37.40113001901938,37.63217232746318,33121000
2021-10-26,37.52126693725586,37.761552895985105,37.46581904326112,37.58595849720013,41586900
2021-10-27,36.90208435058594,37.59521139920637,36.89284068236551,37.42886062550335,62449500
2021-10-28,37.354923248291016,37.37340705824989,37.02222524531018,37.049949197535355,44566600
2021-10-29,37.20705032348633,37.475060236743374,37.133118620940834,37.40112853419788,42092000
2021-11-01,37.22553634643555,37.54899769992596,37.07766940711665,37.46582232621996,37503800
2021-11-02,37.317955017089844,37.42885433912355,37.114636655506466,37.21629583629816,31436800
2021-11-03,37.45657730102539,37.59520409398313,37.12387581826745,37.19781104795845,42946800
2021-11-04,36.96677017211914,37.410370991133455,36.68027643413188,37.31795547587353,48279700
2021-11-05,36.98525619506836,37.419616898738155,36.86511319769511,37.262506282876814,57866300
2021-11-08,37.188575744628906,37.45658217355789,37.09615669549284,37.216299696656606,32864600
2021-11-09,36.98525619506836,37.114639334350564,36.74497020032186,36.99449633697731,48420400
2021-11-10,36.92056655883789,37.15160889834823,36.82814750777796,36.94829051144271,60695100
2021-11-11,37.022220611572266,37.142360073128735,36.8189022528985,36.97600932974581,31438900
2021-11-12,37.10539627075195,37.11463641193334,36.77269478140836,37.07766879635608,39218800
2021-11-15,37.10539627075195,37.29947096439376,37.03146103959744,37.20705192545062,30081100
2021-11-16,37.06843185424805,37.29023051600149,36.96677266535015,37.15160723376213,32599500
2021-11-17,36.643310546875,37.01297611521808,36.54165136981728,37.01297611521808,53557200
2021-11-18,36.45847702026367,36.75421089338441,36.29212627595503,36.6802756623913,42990100
2021-11-19,36.06108474731445,36.27364325287894,35.78383467594451,36.144260121268026,71858100
2021-11-22,36.56937789916992,36.929803352050705,36.24592006336051,36.541653949079404,81965800
2021-11-23,37.142356872558594,37.17008434435035,36.65254835115241,36.80965893988727,61571200
2021-11-24,37.05918502807617,37.20705196511698,36.920561757652465,37.068428694693274,40410300
2021-11-26,35.83004379272461,36.05184244806357,35.42341057431915,35.89473536098398,76492200
2021-11-29,35.94093704223633,36.375297663171736,35.67292714738574,36.24591454853365,79316500
2021-11-30,35.08146667480469,35.65445419369538,35.02601877166611,35.506583717522666,121263700
2021-12-01,34.69330978393555,35.931696551929036,34.69330978393555,35.70065427077671,101946500
2021-12-02,35.72838592529297,35.922460637233236,34.887391981458954,35.01677512275246,98076400
2021-12-03,35.14615249633789,35.867006848060385,34.868902449717986,35.77458781557,97178200
2021-12-06,35.68217849731445,36.02412016327206,35.42341221231153,35.700662307018405,69716600
2021-12-07,36.319847106933594,36.42150627810911,35.92245408802505,36.0980484838466,115475500
2021-12-08,36.12577438354492,36.48619980961715,36.033358873166414,36.33833287775609,53033200
2021-12-09,36.051841735839844,36.23667629525484,35.820799417927596,35.95018607731629,45521100
2021-12-10,36.088809967041016,36.31061214719929,35.85776764519642,36.301368480086914,38900900
2021-12-13,35.700660705566406,36.01487840558609,35.580517710593156,36.00563473843565,44343000
2021-12-14,35.91321563720703,36.181225551019196,35.617481775561096,35.64520572339487,51734400
2021-12-15,36.01487731933594,36.1257766438139,35.5620328291265,36.0056336524643,70424900
2021-12-16,36.46772384643555,36.72649367692148,36.24592516364932,36.430756224162344,71156600
2021-12-17,35.663692474365234,36.273644055038005,35.44189029710877,36.22743629635883,97654400
2021-12-20,34.97095489501953,35.15667496108602,34.55308563194885,35.1102458301483,85242300
2021-12-21,35.69525909423828,35.853122389489286,35.32382250610557,35.32382250610557,57667900
2021-12-22,35.8624153137207,35.89027563262451,35.53740777914679,35.59312487463794,49702700
2021-12-23,36.04813003540039,36.373137521399705,36.02955767301244,36.06670239778834,39057300
2021-12-27,36.41957092285156,36.41957092285156,35.973844843623795,36.15956138656504,36120300
2021-12-28,36.438140869140625,36.670290074737736,36.34527906151233,36.35456701343304,34055200
2021-12-29,36.3917121887207,36.61457700917571,36.34528305096812,36.51243078073034,27150500
2021-12-30,36.32671356201172,36.707438189416266,36.21528291412455,36.50314925867586,30089100
2021-12-31,36.2617073059082,36.43814297946239,36.187421397819044,36.25242289576554,28497800
2022-01-03,36.707435607910156,36.846726564710586,36.512431102242495,36.531003465970294,49884400
2022-01-04,37.67317199707031,37.793890573253414,37.11601533245177,37.13458769358114,74210200
2022-01-05,37.23672866821289,37.979608910247634,37.208871898947024,37.784600898439976,76288400
2022-01-06,37.784603118896484,37.81246343211512,37.283163531065526,37.62674336069238,57725200
2022-01-07,38.2303352355957,38.32319705721066,37.73817997914345,37.8681829870881,62185500
2022-01-10,38.10033416748047,38.499631164963745,37.70103716999719,38.47177438821912,73620000
2022-01-11,38.434627532958984,38.453199897200854,37.88675518593073,38.23962302189375,60706300
2022-01-12,38.46249008178711,38.68535494382765,38.276773496122935,38.53677954990623,51560600
2022-01-13,38.313899993896484,38.722484827219446,38.18389701686298,38.518192410557965,51659600
2022-01-14,37.914615631103516,37.95175681739603,37.45960156143639,37.70103521276104,81135500
2022-01-18,37.069583892822266,37.70103002298436,36.83743468444843,37.66388884180456,82526700
2022-01-19,36.447418212890625,37.36673044745223,36.41956144716045,37.34815808952709,85975100
2022-01-20,36.21529006958008,37.0231686254373,36.141000594766155,36.549585621608486,80314000
2022-01-21,35.47240447998047,36.16885219800764,35.32382910849399,36.06670596592638,117914300
2022-01-24,35.574546813964844,35.648832720410034,34.190935940474816,34.85952681006097,169153300
2022-01-25,35.72311782836914,35.98312378280719,34.59951307744303,35.17524560843507,97364900
2022-01-26,35.815982818603516,36.41028427893361,35.38882908678078,36.113133548768566,106682000
2022-01-27,35.49097442626953,36.531001955819676,35.25882520274305,36.15956178125089,91498900
2022-01-28,35.95527267456055,35.96455708483123,34.90595719817301,35.35168327980195,79753600
2022-01-31,36.270992279052734,36.29884904950851,35.49097082545002,35.70454766434752,58740900
2022-02-01,36.77243423461914,36.86529604599743,36.13170367653048,36.31742375697116,64601500
2022-02-02,37.023155212402344,37.08815670815672,36.521715608342284,36.7538648195553,46649400
2022-02-03,36.61457824707031,37.143878228440286,36.5588611544938,37.01387522141135,50677000
2022-02-04,37.23672866821289,37.552451708383,36.66099966871993,36.67957202900236,77792400
2022-02-07,37.348167419433594,37.58960104814257,37.069585523279294,37.28316592161518,52710400
2022-02-08,37.86818313598633,37.96104495796642,37.515318839410895,37.60817711907468,56921200
2022-02-09,38.10961151123047,38.360333059078556,37.97960853286083,38.07246679103472,67505300
2022-02-10,37.77531433105469,38.4346171429896,37.617451048831846,37.93317407096221,67260800
2022-02-11,37.24602508544922,38.10962055213972,37.02316025371902,37.65460647758554,77962800
2022-02-14,36.828163146972656,37.35746324368157,36.52172792681767,37.22746020832388,71521600
2022-02-15,37.32959747314453,37.524601979222055,37.14387737779233,37.273880381844016,55439600
2022-02-16,37.357444763183594,37.524592452332854,37.097438821091544,37.143867947562946,41168800
2022-02-17,36.428855895996094,37.088158843647086,36.32670967041038,36.96744379733311,59107800
2022-02-18,36.41957092285156,36.7260060525574,36.233850837594325,36.39171060755758,47816500
2022-02-22,36.23385238647461,36.58672020931572,35.92741370135351,36.252424750025845,60719700
2022-02-23,35.60240173339844,36.614572395043055,35.50954346959518,36.503141770016,64169800
2022-02-24,35.17525100708008,35.28668164146781,34.17236467064247,34.42308625475187,143075700
2022-02-25,36.308135986328125,36.40099779817101,35.39811148416334,35.407399436505585,99127100
2022-02-28,35.76955032348633,36.00169953103052,35.39811017448931,35.444539307534995,107370200
2022-03-01,34.45094680786133,35.52811917131029,34.21879756106357,35.42597647826504,129873100
2022-03-02,35.34239196777344,35.54668083467844,34.72023033165487,34.73880269088538,88182500
2022-03-03,35.23096466064453,35.6859786944502,34.93381393982631,35.5002586083598,71952600
2022-03-04,34.571659088134766,34.61808822054351,34.172362173251216,34.60880381098806,105904100
2022-03-07,33.308773040771484,34.293087125444394,33.29020067589278,34.255942395686986,116046200
2022-03-08,33.11376190185547,34.051643115642165,32.95590214542546,33.44805731819629,114915000
2022-03-09,34.330230712890625,34.61809350314113,34.079509108845286,34.21879652732628,88716400
2022-03-10,34.042354583740234,34.26521934841743,33.66163008174961,33.76377628463019,71547300
2022-03-11,33.80091857910156,34.553079578540896,33.782346221517074,34.339502779791765,76788200
2022-03-14,34.228084564208984,34.78524132412628,34.070221238765434,34.31165843242821,70969700
2022-03-15,34.71095657348633,34.76667012595702,34.27451485344508,34.57166560767679,51828700
2022-03-16,35.685977935791016,35.74169502312843,35.04524737183245,35.15667800419135,87007600
2022-03-17,36.1317138671875,36.14099827978597,35.249545893022855,35.481695173470555,58266400
2022-03-18,36.21529006958008,36.30814837078036,35.778848260841094,36.122431768379805,82342500
2022-03-21,36.17985916137695,36.48749331063936,35.99341239046039,36.375626670559974,46828600
2022-03-22,36.76715087890625,37.000208384985925,36.56206269175536,36.608673481736226,61053100
2022-03-23,36.08662796020508,36.61799885689938,36.067982930615266,36.53409800183314,42142600
2022-03-24,36.375614166259766,36.41290421885971,36.07730085781052,36.33832411365982,30421500
2022-03-25,36.841732025146484,36.916308579980615,36.440872818908666,36.496807902165834,48613100
2022-03-28,36.73918533325195,36.767151096170664,36.319681108594544,36.72986459767083,44761000
2022-03-29,36.823089599609375,37.29852539427944,36.60867709956792,37.18665877603513,67968600
2022-03-30,36.56206130981445,36.841729595304336,36.347648839066366,36.82308456878165,47405300
2022-03-31,35.72305679321289,36.66461117633311,35.7137360570226,36.51545094788386,66619600
2022-04-01,35.629844665527344,36.0400247341296,35.37814204746123,35.96544815628216,68422500
2022-04-04,35.47135925292969,35.760351902112106,35.21965666612747,35.54593937769008,134312400
2022-04-05,35.24762725830078,35.71374238628382,35.16372639301679,35.331528123584775,56165700
2022-04-06,35.005245208740234,35.15440190663156,34.874733542607345,34.96795514522336,55835100
2022-04-07,34.96795654296875,35.13575827932592,34.473875628237266,34.977280837308776,53346900
2022-04-08,35.322200775146484,35.480681754168,35.014566666491376,35.107788261556344,44672300
2022-04-11,35.163726806640625,35.57390684386713,35.10779171040127,35.228982640831745,54435500
2022-04-12,34.78151321411133,35.46204089543069,34.632356510756075,35.135758161969854,67215400
2022-04-13,34.78151321411133,34.800158246552776,34.38997464519358,34.45523048065049,57445600
2022-04-14,34.38997268676758,34.94931295962894,34.38065194916581,34.706931107869515,68544200
2022-04-18,34.595054626464844,34.75353201380882,34.16622969534866,34.175550430296795,52748400
2022-04-19,35.070499420166016,35.12643451285493,34.678964439871706,34.68828517723185,41519100
2022-04-20,35.312870025634766,35.56457252835449,35.22896919139486,35.34083578498977,54635800
2022-04-21,34.75354766845703,35.72306812383566,34.688291825900464,35.55526636978256,54998100
2022-04-22,33.7187614440918,34.70692664303551,33.68147494230528,34.697605906632795,73170900
2022-04-25,33.77470016479492,33.849280288743216,32.935695107432856,33.439096719379684,91392800
2022-04-26,32.926368713378906,33.746732243596476,32.90772368358125,33.392483789792735,81457500
2022-04-27,32.898399353027344,33.234002740372915,32.77720845066912,32.87975432526643,81603000
2022-04-28,33.317909240722656,33.439096607469,32.73992395058584,33.23400837964964,62680000
2022-04-29,32.1712646484375,33.271296637698995,32.096688076986936,33.15010926456981,74631700
2022-05-02,32.18058395385742,32.43228651131465,31.54666719200418,32.32041633721655,104408800
2022-05-03,32.600101470947266,32.926380720953965,32.29246370136057,32.40433036476614,73896300
2022-05-04,33.59757995605469,33.65351149658784,32.54415874983957,32.65602538708215,87794900
2022-05-05,32.61873245239258,33.271290671223845,32.21787322872447,33.20603484934072,101093900
2022-05-06,32.38568115234375,32.534837853332746,31.91956601723111,32.48822349488047,99281900
2022-05-09,31.61193084716797,32.14330185916357,31.46277413426002,31.94753434025499,85922800
2022-05-10,31.332252502441406,32.10600159356837,30.9407140328181,31.90091340107561,107581200
2022-05-11,31.04326057434082,32.003459963235144,30.996649782144125,31.369543232068686,110212200
2022-05-12,30.810205459594727,31.099198083629116,30.213578738134103,30.78223969333119,114304100
2022-05-13,31.257675170898438,31.51870202591526,30.97800684268645,31.183098609590584,64036200
2022-05-16,30.996662139892578,31.27633056074645,30.754283790133062,31.13649812840797,55662200
2022-05-17,31.82633399963379,31.919559140277055,31.425474785306495,31.602600774440948,62859300
2022-05-18,30.950042724609375,31.57463523899917,30.828851805333773,31.52802444117807,74279300
2022-05-19,30.74494743347168,30.968684216092214,30.483924150560654,30.530534943055404,71525400
2022-05-20,30.68902015686035,31.117848802973615,30.04578252195509,30.959367800759136,77984600
2022-05-23,31.686498641967773,31.91955613738739,31.11783778415589,31.27631517407715,78189300
2022-05-24,31.621248245239258,31.72379414131301,30.968689917817496,31.500060873675885,77871200
2022-05-25,31.872949600219727,32.068720647016846,31.453448850653405,31.546670449184578,72192600
2022-05-26,32.60940933227539,32.72127595149993,32.1899050649637,32.21787438690162,50803200
2022-05-27,33.159423828125,33.22467964955964,32.69330878577725,32.74924387108218,43862500
2022-05-31,33.06620407104492,33.31790663457565,32.7119556235377,32.889078069203435,64778900
2022-06-01,32.53483963012695,33.06621062868052,32.22720191718728,32.9823097575312,48642400
2022-06-02,32.982303619384766,33.01026938583784,32.31109677510461,32.56279934170967,45334700
2022-06-03,32.50687026977539,32.81450798240733,32.46958375966134,32.67467201190618,36699400
2022-06-06,32.600101470947266,33.112827530747985,32.59077717456015,32.77722398435417,32829600
2022-06-07,32.8517951965332,32.87976096573489,32.348390013846036,32.37635578304772,32031400
2022-06-08,32.27381134033203,32.69331567811921,32.15262396421952,32.60009407246709,38251800
2022-06-09,31.4627685546875,32.25516278470556,31.444123524358425,32.236521310552405,49715100
2022-06-10,30.32544708251953,30.894108070029127,30.29748131466692,30.782241442442707,74190900
2022-06-13,29.421184539794922,29.924587921917183,29.244062082465828,29.561018713823994,104065100
2022-06-14,29.16948127746582,29.747462955526014,28.945744484184885,29.54237296945431,75592200
2022-06-15,29.495759963989258,29.915264222627663,28.992356631710983,29.477116713229183,87858800
2022-06-16,28.749984741210938,28.908463975169227,28.507604631740126,28.899141458102463,100838500
2022-06-17,28.83387565612793,29.160156528398296,28.554205575001458,28.81523062843529,116937700
2022-06-21,29.40932273864746,29.5967633741659,29.231256101227967,29.49367084587412,58065800
2022-06-22,29.343717575073242,29.61550630413418,29.034441793335866,29.0719306335786,48035800
2022-06-23,29.231252670288086,29.41869149624001,28.75328071462649,29.36246002721105,69348900
2022-06-24,30.309032440185547,30.33714728157655,29.306229245739036,29.353088506434844,65489300
2022-06-27,30.2059383392334,30.543330718780766,30.065360564510154,30.543330718780766,47244800
2022-06-28,29.906036376953125,30.805747053210283,29.887291957639547,30.5152174916809,42459900
2022-06-29,29.73733901977539,30.046616563702145,29.634248292699283,29.934151839768223,64507500
2022-06-30,29.47492790222168,29.73734264410654,28.912607789149835,29.268742847807733,75294300
2022-07-01,29.87792205810547,29.97164237435348,29.184394577976366,29.38120742085382,77308400
2022-07-05,29.774829864501953,29.793574284349134,29.071930208329007,29.40932082774696,51536800
2022-07-06,29.699848175048828,29.94352022279681,29.41868729492458,29.709220383142895,48001700
2022-07-07,30.130962371826172,30.21531046148027,29.924777358197918,29.95289219637195,33120100
2022-07-08,30.06536293029785,30.309033237404783,29.943525989178127,30.215314713548086,29062200
2022-07-11,29.821687698364258,30.046617150625828,29.737339600657716,29.896663586596055,30564300
2022-07-12,29.634246826171875,30.177822425225614,29.57801357320469,29.596757990860418,38211000
2022-07-13,29.3718318939209,29.568642927008874,29.006324668148284,29.31560042554807,51441600
2022-07-14,28.80951499938965,28.90323531530857,28.462752154325887,28.772027945561888,57782300
2022-07-15,29.784202575683594,29.95289699444851,29.146906590684043,29.221882483768326,59650200
2022-07-18,29.671737670898438,30.41212617494996,29.540530305650332,30.20594112948433,38671600
2022-07-19,30.562070846557617,30.655789349882834,29.981006473085593,30.06535634369685,40568000
2022-07-20,30.674535751342773,30.7307690020573,30.40274706892051,30.49646915344472,38507700
2022-07-21,30.87135124206543,30.87135124206543,30.35589221540971,30.590192097992535,40561800
2022-07-22,30.69327735900879,31.07752893255905,30.45897753184078,30.918206766147996,25741200
2022-07-25,30.890092849731445,31.03067419653687,30.665166985001356,30.880722428339425,24699300
2022-07-26,30.458984375,30.918213712481354,30.384006697397968,30.740143515742744,26357800
2022-07-27,30.92758560180664,31.077537388991914,30.47773024025082,30.58082276427806,44817200
2022-07-28,31.152507781982422,31.16187820236876,30.458978694044657,30.955693202551522,40974600
2022-07-29,31.592992782592773,31.696085294704957,31.19937072739956,31.227485567018448,38724000
2022-08-01,31.33057403564453,31.508640622136756,31.115018617743925,31.293085204236146,35131300
2022-08-02,30.983814239501953,31.386810277767673,30.946325404516287,31.180625260478585,36806900
2022-08-03,31.45241928100586,31.527393388549395,31.040049176552003,31.21811938534169,27314900
2022-08-04,31.349321365356445,31.50864355095392,31.29308811301683,31.42429546001053,24505800
2022-08-05,31.574254989624023,31.724206790942468,31.152518006319806,31.264980963525403,34366100
2022-08-08,31.555500030517578,31.911636780402127,31.527385194387556,31.80854428108304,24369100
2022-08-09,31.714834213256836,31.799182319214943,31.55550842416588,31.61174168651552,26425400
2022-08-10,32.42709732055664,32.548934241754836,32.20217147002514,32.267775141024494,45366000
2022-08-11,32.81135559082031,33.01754064163378,32.68952222000568,32.72700748595413,46985200
2022-08-12,33.32681655883789,33.33618698107538,32.801983535226576,32.970679736561195,36370300
2022-08-15,33.31743621826172,33.41115829845553,32.9238142068431,32.98941787541287,25366000
2022-08-16,33.561119079589844,33.71107087310524,33.16749338715393,33.16749338715393,41300800
2022-08-17,33.392417907714844,33.54236967896912,33.15811804168427,33.17686245998258,33158000
2022-08-18,33.42990493774414,33.47676777353526,33.20497905652943,33.36430125779548,15966200
2022-08-19,32.764488220214844,33.233087892386564,32.65202529993053,33.233087892386564,33587400
2022-08-22,32.042850494384766,32.295894795321885,31.95850239407239,32.28652437312383,36810100
2022-08-23,31.91164207458496,32.23966404275876,31.91164207458496,32.00536416911991,23244000
2022-08-24,32.08034133911133,32.183433865397646,31.789808180952853,31.855415440970898,20682200
2022-08-25,32.577056884765625,32.6051753041682,32.06159781406712,32.14594592200926,26402600
2022-08-26,31.602365493774414,32.72700193437098,31.574247080167062,32.71763151325657,38230600
2022-08-29,31.377443313598633,31.60237279879054,31.190002671794193,31.36807289031821,34872100
2022-08-30,31.208738327026367,31.583619505332003,31.02129773787355,31.480527002541358,41870700
2022-08-31,30.974445343017578,31.48053397325347,30.92758607913633,31.368071024911938,39768200
2022-09-01,31.068161010742188,31.115020264917447,30.468350401850337,30.843231585516254,40604600
2022-09-02,30.824491500854492,31.686716914409388,30.67453972134048,31.424298618910544,43208800
2022-09-06,30.749515533447266,31.058789495814416,30.440237995947903,30.983815398171433,45877100
2022-09-07,31.35869598388672,31.41492924375318,30.60893706133,30.655796323652442,35023000
2022-09-08,31.91164207458496,31.930386493491948,31.068164674564507,31.19937203178109,50760900
2022-09-09,32.20217514038086,32.286523237727025,32.04284936755706,32.05222336455794,41327100
2022-09-12,32.46458435058594,32.63328051667931,32.25839935310921,32.333377015875925,41969600
2022-09-13,31.25560760498047,31.939766511084773,31.152518644258514,31.827299976443147,60771600
2022-09-14,31.161890029907227,31.471167647019836,30.88073083488958,31.321212262868414,39233200
2022-09-15,31.26497459411621,31.667970648397198,31.11502282334646,31.19937091785021,47653000
2022-09-16,30.983814239501953,31.040043916848372,30.655792296075486,30.95569582569666,53893300
2022-09-19,31.33523178100586,31.3540748060022,30.61921480084263,30.61921480084263,36491400
2022-09-20,30.873584747314453,31.146803170178742,30.590946610599865,31.080854391409968,42193600
2022-09-21,30.23293685913086,31.184486106171885,30.21409383719731,31.071431568509546,49644600
2022-09-22,29.724191665649414,30.34599713120177,29.667664386136423,30.298891364435914,52299500
2022-09-23,29.253122329711914,29.498076232710897,28.829165102842918,29.43212745055147,56801000
2022-09-26,28.791481018066406,29.309653393259655,28.584213146170907,29.03643493774454,49969700
2022-09-27,28.669004440307617,29.168331985645676,28.376944763131622,29.0175913911697,60630400
2022-09-28,29.234285354614258,29.40386719183661,28.67842868563766,28.75379899005975,46088700
2022-09-29,28.866849899291992,29.03643351204792,28.50884144778359,28.92337896819035,41860000
2022-09-30,28.60305404663086,29.243702435617934,28.527683753630587,28.885692196139495,37984300
2022-10-03,29.375598907470703,29.52633948786943,28.54652391830825,28.885691122690112,47086100
2022-10-04,30.468473434448242,30.496736174267667,29.790140724236213,29.827824976318688,53441800
2022-10-05,30.23293685913086,30.402520462593845,29.893769652204885,29.997404475869928,41766800
2022-10-06,29.808979034423828,30.270624105283975,29.743030252006537,30.063354449721572,34717900
2022-10-07,29.102384567260742,29.639398184928684,28.94222245348524,29.545186656682862,36380700
2022-10-10,28.97047996520996,29.385017417457046,28.80089638033755,29.26253958528507,31011700
2022-10-11,28.60305404663086,29.083540338371165,28.48057619739946,28.782057369400547,50431900
2022-10-12,28.537107467651367,28.91395896174183,28.433472632912867,28.61247776646946,48265700
2022-10-13,29.714767456054688,29.79013774966356,27.877614078505196,27.962405883436375,83086100
2022-10-14,29.215436935424805,30.327148271160723,29.14948815585236,29.978561351429388,60886900
2022-10-17,29.950302124023438,30.14814848591682,29.752453965160374,29.83724577653459,47222200
2022-10-18,30.430784225463867,30.769951443835627,30.08219729277693,30.732265398696747,48150700
2022-10-19,29.93145751953125,30.42136533783242,29.761873905737033,30.16698991714109,35205700
2022-10-20,29.45097541809082,30.19525696639008,29.366183599086245,29.893775741915956,43124400
2022-10-21,30.327150344848633,30.355416676554555,29.31907376349386,29.53576313889694,54487300
2022-10-24,30.732263565063477,30.87358442893286,30.411939388373227,30.506154495599098,40117200
2022-10-25,31.099695205688477,31.1562242731273,30.51557588457689,30.57210495201571,33950300
2022-10-26,31.175067901611328,31.523654839412508,31.109119118620267,31.193910924457217,38012100
2022-10-27,31.429443359375,31.778030297622628,31.372914290764925,31.46712940511505,41232200
2022-10-28,32.21141052246094,32.24909656993328,31.457707542710533,31.51423661391905,36421300
2022-10-31,32.0135612487793,32.23025061110321,31.96645549069827,32.00414153473868,40083800
2022-11-01,32.09835433959961,32.36214947059551,31.957033465743738,32.27735766506981,38946100
2022-11-02,31.693239212036133,32.59768276671973,31.664976474058275,32.032406443527286,58039800
2022-11-03,31.372907638549805,31.61786328998135,31.165641618805846,31.29753915698974,40828100
2022-11-04,31.947612762451172,32.11719636825345,31.49539101162476,31.82513491516308,41825600
2022-11-07,32.267940521240234,32.28678354551807,31.975879035842944,32.18314870895969,30060300
2022-11-08,32.45636749267578,32.61652780972015,32.11720024018249,32.27736055722686,34839600
2022-11-09,31.90993309020996,32.36215493134128,31.843984296332877,32.2396806535351,42126200
2022-11-10,33.52097702026367,33.56808278727559,32.795536707673236,32.88032852587055,67677700
2022-11-11,33.794185638427734,33.94492622127059,33.56807656113294,33.69055081385971,46076100
2022-11-14,33.31370544433594,33.72824120205887,33.28544270451876,33.69997846224169,38002700
2022-11-15,33.389076232910156,33.80361561293451,33.04991255008072,33.67171802617756,57802100
2022-11-16,33.22890853881836,33.455017610584875,33.1158540029351,33.370225810187705,32852400
2022-11-17,33.04991912841797,33.06875856404193,32.74843424932847,32.84264939715032,35706900
2022-11-18,33.323123931884766,33.539813315024915,33.04990907119286,33.49270755241868,39455400
2022-11-21,33.42675018310547,33.49269895260862,33.23832358712288,33.27600962510707,24630900
2022-11-22,33.76591873168945,33.80360477123016,33.60575486061071,33.60575486061071,29582300
2022-11-23,33.90724182128906,33.99203361888368,33.7093918976091,33.7093918976091,27916900
2022-11-25,34.02030944824219,34.06741522193991,33.87898853320886,33.944937335173705,11266500
2022-11-28,33.436180114746094,33.9731936836425,33.37965104656891,33.83187281016909,34196600
2022-11-29,33.63402557373047,33.709394068702785,33.36080714233543,33.39849318679109,31489600
2022-11-30,34.20872497558594,34.218144689676016,33.10643154221911,33.586919621409955,58607000
2022-12-01,34.01087951660156,34.37831310537579,33.747084360092394,34.37831310537579,58157600
2022-12-02,33.850711822509766,33.87897455628045,33.5492306824936,33.65286549823766,40483300
2022-12-05,33.01222229003906,33.65287071027954,32.83321536459764,33.59634164004447,53402000
2022-12-06,32.72016143798828,33.16296351170428,32.456366293105205,32.974536867956665,45102200
2022-12-07,32.5882682800293,32.95569830844345,32.51289617474445,32.5882682800293,37775900
2022-12-08,32.61652755737305,32.842640255265664,32.503473005396444,32.68247634552102,46600900
2022-12-09,32.531742095947266,32.76727455501191,32.48463632292236,32.49405963389141,40885600
2022-12-12,32.965110778808594,33.00279322512028,32.39983095686997,32.55057152393255,72570900
2022-12-13,33.04991912841797,33.82246537085507,32.833226085397925,33.82246537085507,55659000
2022-12-14,32.63536071777344,33.285432281520826,32.494043469000154,32.965108152787735,54685100
2022-12-15,31.994718551635742,32.25851726865828,31.78745249518683,32.12661611317751,70330100
2022-12-16,31.749771118164062,31.843982649132393,31.457709621858985,31.655555993256197,59619300
2022-12-19,31.664443969726562,31.986776762824675,31.465353408934405,31.664443969726562,37456800
2022-12-20,31.797168731689453,32.01521685491756,31.673922882395328,31.787686334411095,45446400
2022-12-21,32.29014587402344,32.38494814021131,32.08157654864056,32.10053772517306,31318100
2022-12-22,32.0057373046875,32.11002198517642,31.484317518718182,32.08158202376135,25605100
2022-12-23,32.18585968017578,32.23326081101473,31.825604576145707,31.986772760767504,17116200
2022-12-27,32.1763801574707,32.32806595958556,32.04365553267956,32.25222486676552,25601100
2022-12-28,32.0626220703125,32.318592582264124,32.024699709325134,32.23326907828025,24395100
2022-12-29,32.5081901550293,32.56507006146056,32.15741385515684,32.23325855236414,26624200
2022-12-30,32.42287826538086,32.489240590915045,32.157425346768626,32.2711924332348,24735700
2023-01-03,32.5366325378418,32.88740524743317,32.299623266082186,32.65987837176965,37396500
2023-01-04,33.05805969238281,33.29506901776993,32.773649225213326,32.86845150877805,44669300
2023-01-05,32.81156921386719,32.94429384785563,32.58403868669053,32.94429384785563,45585700
2023-01-06,33.54155731201172,33.645841983155734,32.80208583320642,33.0296163535638,41229700
2023-01-09,33.41831588745117,33.84493340930946,33.332992383079514,33.65532521998629,48726600
2023-01-10,33.6079216003418,33.63636156087826,33.24766642882106,33.36142988744203,34663700
2023-01-11,33.920772552490234,33.920772552490234,33.62688331169545,33.69324563164751,32014700
2023-01-12,33.98713684082031,34.1862274286821,33.769088688853024,34.03454160051028,56642400
2023-01-13,34.243106842041016,34.29050798454696,33.42779417162748,33.551040035323226,65920900
2023-01-17,34.01557540893555,34.17673999541821,33.91129073934094,34.157778817630565,65345200
2023-01-18,33.3803825378418,34.0345303948448,33.35194258457183,33.825961093600455,53693000
2023-01-19,32.99169921875,33.162346231906206,32.76417227885873,32.97273803767981,61169500
2023-01-20,33.51310729980469,33.53206847423217,32.93480775390046,33.0864935328461,42330100
2023-01-23,33.90180969238281,34.044016723216245,33.43727347574698,33.541558149494826,44997300
2023-01-24,33.920772552490234,34.07245837187712,33.46571509432958,33.84493145103439,34333500
2023-01-25,34.18621826171875,34.195697041229785,33.617393846246934,33.626876242232406,38458700
2023-01-26,34.3663444519043,34.423227979134815,34.04401169721366,34.271542189661254,29944200
2023-01-27,34.3663444519043,34.56543137249938,34.271542189661254,34.31894332078277,30787400
2023-01-30,34.19569778442383,34.442189454761085,34.13881425669803,34.186219004706786,31595000
2023-01-31,34.66024398803711,34.66972276951398,34.10090185254652,34.26206645297973,30282100
2023-02-01,34.66024398803711,34.96361562594978,34.22414409412185,34.299988811837615,51418700
2023-02-02,34.75505065917969,34.89725771462362,34.48011894744175,34.84985295182521,42107300
2023-02-03,34.688682556152344,34.98257540078801,34.470634426187196,34.48011320728349,43155000
2023-02-06,34.679203033447266,34.68868181434085,34.413750154252185,34.489594867300774,32273600
2023-02-07,35.07737731933594,35.1816619927051,34.461151676595435,34.461151676595435,33000500
2023-02-08,34.868804931640625,35.17217652781618,34.77400266401378,34.8214037978272,34555500
2023-02-09,34.4801139831543,35.11530082515013,34.404272883252254,35.01101614836909,44329600
2023-02-10,34.59387969970703,34.62231965899447,34.195702187307965,34.30946564093271,28108900
2023-02-13,34.992061614990234,34.992061614990234,34.546482862837586,34.57492644511861,32209000
2023-02-14,34.80244827270508,35.15322467613263,34.584400128573925,34.92569413381409,33525300
2023-02-15,34.840362548828125,34.85932372432823,34.48010744727502,34.52750857778806,28510000
2023-02-16,34.489593505859375,34.75504275810115,34.42323119279893,34.50855468337305,34379100
2023-02-17,34.49907684326172,34.546477985069565,34.214666375939316,34.31895105780177,35889800
2023-02-21,33.78804397583008,34.25258377784465,33.63635817411661,34.20518264289821,36425200
2023-02-22,33.750125885009766,33.920772885554975,33.57000010286771,33.78804824434764,31065200
2023-02-23,33.778568267822266,34.05349632210811,33.46571423906496,33.89233172533624,42357600
2023-02-24,33.807003021240234,33.91128768143109,33.42778673263247,33.484670260866004,48732600
2023-02-27,33.79752731323242,34.17674001983156,33.7311649991657,34.11986010290288,31664600
2023-02-28,33.863887786865234,34.03453476132674,33.759603122863794,33.84492661009455,32531400
2023-03-01,33.750125885009766,33.90181170588604,33.61740124380243,33.71220714214713,32790300
2023-03-02,33.58896255493164,33.626884915706064,33.1907849997509,33.55104019415721,38401900
2023-03-03,34.1198616027832,34.12934038386304,33.655321767420496,33.721684084404444,33091600
2023-03-06,34.14829635620117,34.35686567290914,34.04401169784719,34.138813960092,30111100
2023-03-07,33.26662826538086,34.05349732639822,33.18130476561028,34.025057365299766,53804400
2023-03-08,33.143375396728516,33.408828237913724,32.972728433278895,33.22869887845332,50860300
2023-03-09,31.797168731689453,33.01065519712414,31.636000526231758,32.953771662878786,107108500
2023-03-10,31.21886444091797,31.96781467661453,30.83964812458495,31.42743377654861,166569400
2023-03-13,29.986413955688477,30.64056008888099,29.73992589042955,30.109659796555285,165965900
2023-03-14,30.59316062927246,31.14302032023547,30.213946114002745,31.133541539561488,128115500
2023-03-15,29.777849197387695,29.901095049684432,29.351231721341303,29.73044805926588,132235000
2023-03-16,30.3466739654541,30.65952802668917,29.294353737138216,29.578766026923443,133892600
2023-03-17,29.370193481445312,30.06226023785753,29.29435057400613,30.06226023785753,136760600
2023-03-20,29.696985244750977,29.95422616841661,29.554074226229687,29.60171062666605,75384500
2023-03-21,30.449649810791016,30.525870956273486,30.30673879743563,30.373430482520668,115899200
2023-03-22,29.744617462158203,30.53539359179433,29.725563994990488,30.449646629297842,67874100
2023-03-23,29.544544219970703,30.106662422784755,29.334941530715923,29.80178512306433,82366300
2023-03-24,29.525487899780273,29.554070827081958,28.953842074230504,29.182500041008016,76619100
2023-03-27,29.935169219970703,30.09713551656237,29.763675280378106,30.030443832767936,61393300
2023-03-28,29.925640106201172,30.03044235684857,29.744618532504386,29.897057178603152,42980100
2023-03-29,30.363903045654297,30.373428871122105,30.116189787614548,30.249573150708247,52147200
2023-03-30,30.297208786010742,30.602086075260804,30.12571667371657,30.58303079037968,45061700
2023-03-31,30.630674362182617,30.64020018851284,30.354378151089044,30.468706239173684,49034400
2023-04-03,30.68783950805664,30.811697068677294,30.50681971516856,30.602092525230763,51213500
2023-04-04,30.402015686035156,30.811695287585334,30.20194061581517,30.76405888530789,45939300
2023-04-05,30.363903045654297,30.449648195348793,30.163826183801717,30.17335382648156,57965300
2023-04-06,30.478233337402344,30.53539738042189,30.278158278227853,30.306739391131543,36762300
2023-04-10,30.544925689697266,30.554451515498005,30.297210605787804,30.363904106877634,27900700
2023-04-11,30.811687469482422,30.945070815784625,30.6020829913369,30.621138274297728,53912600
2023-04-12,30.744998931884766,31.126093726696805,30.668777792267974,30.964129256647084,63645800
2023-04-13,31.02129554748535,31.04035083265745,30.554450146829094,30.76405464929811,58550300
2023-04-14,31.326175689697266,31.583416611273925,31.173737028884176,31.345230976601947,65276200
2023-04-17,31.688209533691406,31.69773899264061,31.173731417569222,31.307114767468445,69670600
2023-04-18,31.783493041992188,31.85018473182078,31.51672628267783,31.75491192761551,49507500
2023-04-19,31.859704971313477,31.94545193383079,31.67868522129865,31.735851074451485,39478900
2023-04-20,31.764436721801758,31.8501836965692,31.640579172821138,31.65010863358663,39291800
2023-04-21,31.650104522705078,31.68821145754433,31.469081135916966,31.669159807336666,41545000
2023-04-24,31.573888778686523,31.745382735247215,31.497671261562072,31.631054642348268,32774200
2023-04-25,31.030820846557617,31.430974559536704,31.021295021345146,31.373808704989987,58534300
2023-04-26,30.7354679107666,31.116566320641674,30.60208455763746,30.94507239964027,54294200
2023-04-27,31.23089599609375,31.288061850842286,30.849801201042105,30.849801201042105,46398800
2023-04-28,31.602468490600586,31.63105323837497,31.01176913001279,31.078460817445716,54598700
2023-05-01,31.5167236328125,31.850182053918907,31.47861306056485,31.688213939078505,31950600
2023-05-02,30.802165985107422,31.4023911280365,30.516340334846966,31.392865302425736,76096700
2023-05-03,30.449649810791016,30.99271275186874,30.421068698447215,30.840274095328052,65642400
2023-05-04,30.05902671813965,30.344850573395885,29.782732323658703,30.182884267247676,76076600
2023-05-05,30.802165985107422,30.84980238200946,30.506814509236207,30.554450906138243,55019400
2023-05-08,30.84980583190918,31.078462016378975,30.811695256356042,30.9736597508201,34323600
2023-05-09,30.7354679107666,30.859325439139567,30.554448165009028,30.621139841573594,29736200
2023-05-10,30.563982009887695,31.002242700034447,30.29721163092611,30.935551013900128,39706100
2023-05-11,30.516340255737305,30.56398028693996,30.240045883440043,30.373429248189616,36693200
2023-05-12,30.392484664916992,30.716419069814553,30.192409616929393,30.716419069814553,36253000
2023-05-15,30.64019775390625,30.697363610618485,30.39248449312272,30.449648532622902,33208500
2023-05-16,30.35437774658203,30.668780893231105,30.33532245975113,30.583033919704206,31241400
2023-05-17,30.964134216308594,31.04988119489997,30.525873496585813,30.59256518722082,46818800
2023-05-18,31.192794799804688,31.23090174222431,30.79264101178914,30.906969107897307,42232500
2023-05-19,31.05940055847168,31.36427783348211,30.916491380173934,31.269005047950277,40132900
2023-05-22,31.1165714263916,31.230899514344085,30.926022190187872,31.16420782683644,35286200
2023-05-23,30.75452995300293,31.145154273473768,30.7354746648794,30.98318977606067,42217200
2023-05-24,30.35437774658203,30.55445280667002,30.28768605988604,30.525871693635835,46610700
2023-05-25,30.344850540161133,30.449650984815992,30.163828947084998,30.278158852504713,41658900
2023-05-26,30.592559814453125,30.668777318468464,30.363901850771228,30.411538245083804,44183000
2023-05-30,30.583032608032227,30.706890149908826,30.382957556525234,30.640198466073162,57900500
2023-05-31,30.259105682373047,30.430599643894507,30.00186474009086,30.402016711236822,67667900
2023-06-01,30.583032608032227,30.64972429186789,30.220991259833436,30.430595771559346,48643400
2023-06-02,31.249961853027344,31.36428996677821,30.878392757518125,30.878392757518125,65752900
2023-06-05,31.087989807128906,31.288064866396116,30.945076973695567,31.288064866396116,53591100
2023-06-06,31.478609085083008,31.52624547716439,31.040348462856276,31.05940011214983,46236100
2023-06-07,31.602468490600586,31.669163812457896,31.316646453827417,31.507195689817657,48467100
2023-06-08,31.573888778686523,31.62152518119237,31.32617730500138,31.497671261562072,36261200
2023-06-09,31.583419799804688,31.716803187178932,31.497672817289143,31.51672810611757,34021700
2023-06-12,31.573888778686523,31.697746332741364,31.335703131732732,31.61199935446102,33655200
2023-06-13,31.764436721801758,31.89782009712347,31.50719579749942,31.545306371712595,46054400
2023-06-14,31.640581130981445,32.0026243395638,31.53577886262145,31.840656206346186,57195400
2023-06-15,32.059783935546875,32.1360014393624,31.507191586582657,31.535772696210493,52241800
2023-06-16,31.993093490600586,32.23127910514851,31.954982920011144,32.2026943599944,49861100
2023-06-20,31.75384521484375,31.839976947462883,31.56244095894206,31.782554575472616,50683100
2023-06-21,31.715559005737305,31.868681657969244,31.581577141375863,31.677277429996323,35967600
2023-06-22,31.466737747192383,31.667710554479168,31.361465233642488,31.658141985398355,38690000
2023-06-23,31.33275032043457,31.43801916458832,31.12220533066398,31.227477825549276,35529600
2023-06-26,31.26576042175293,31.52415558855239,31.17963235021854,31.284901210115716,25728300
2023-06-27,31.51458168029785,31.58157260285144,31.30403669471144,31.323177479831244,34348100
2023-06-28,31.438020706176758,31.485874497639564,31.29447028398351,31.476302279054313,36663200
2023-06-29,31.983516693115234,31.983516693115234,31.56243039169912,31.60071196020912,47471000
2023-06-30,32.26106262207031,32.39504450279306,32.136652961817724,32.194071681708934,44762300
2023-07-03,32.44289016723633,32.53859044354237,32.21320439307769,32.261054531230705,19128000
2023-07-05,32.37590408325195,32.462032154362966,32.155786843528,32.25149078487148,39831600
2023-07-06,32.098365783691406,32.136647357431166,31.820829850175894,32.10793435176044,45808400
2023-07-07,32.146217346191406,32.41418107274865,31.964385338989278,31.964385338989278,33488700
2023-07-10,32.28977584838867,32.47160788047924,32.12708095590135,32.15579031603868,27254400
2023-07-11,32.672576904296875,32.71085848051757,32.33762223919587,32.404613172216074,33744600
2023-07-12,32.88311767578125,33.112799801976905,32.79698596577499,32.94053638196438,46546000
2023-07-13,32.997962951660156,33.04581309649888,32.873549654493836,32.93097201873953,40453700
2023-07-14,32.77784729003906,33.24678744153242,32.72999714822916,33.23721522273135,47552700
2023-07-17,33.093666076660156,33.18936636397961,32.739566981967904,32.739566981967904,38568900
2023-07-18,33.46689987182617,33.495609225785564,33.122373021386736,33.17022316156295,47160800
2023-07-19,33.61045455932617,33.74443642912174,33.457331900883794,33.466904120573275,45599800
2023-07-20,33.859275817871094,33.86884438531847,33.54345833113413,33.55303054931308,45591500
2023-07-21,33.74443435668945,33.93583858067027,33.65830263843468,33.916697793199,30615700
2023-07-24,34.069820404052734,34.1750929096608,33.754006537960464,33.76357510631942,32299800
2023-07-25,33.84970474243164,34.05068117292705,33.82099538838874,33.974118027837044,36218600
2023-07-26,34.05067825317383,34.155947092548516,33.76357013443676,33.81142392138052,35638700
2023-07-27,33.620025634765625,34.136812307712354,33.57217549014323,34.050684237831256,44072800
2023-07-28,33.687015533447266,33.897556893470195,33.5051798784383,33.887988325132206,32422700
2023-07-31,33.81142807006836,33.91669692235962,33.66787399308563,33.754005709128904,28627000
2023-08-01,33.81142807006836,33.84013742517217,33.62959241912599,33.744433490273074,26480300
2023-08-02,33.52431869506836,33.64873198053984,33.332918133705085,33.52431869506836,48923800
2023-08-03,33.54346466064453,33.62002781759696,33.22765076504639,33.32335106050467,31861600
2023-08-04,33.40947341918945,33.84013192946599,33.3807640687481,33.51474590511608,36195700
2023-08-07,33.878414154052734,33.9358328560487,33.610446825390106,33.620019042876976,33119300
2023-08-08,33.572174072265625,33.60088342768015,33.179793411030396,33.438188561956785,37254800
2023-08-09,33.32334899902344,33.648735094477416,33.28506742291543,33.553034804939436,38304200
2023-08-10,33.35205841064453,33.744435439567454,33.265926689625736,33.49561249591986,38097500
2023-08-11,33.41904830932617,33.47647067180561,33.17022537337915,33.246788523351725,27518700
2023-08-14,33.35205841064453,33.419049343577804,33.198935756692464,33.32334905388228,23773800
2023-08-15,32.739566802978516,33.11280303250859,32.70128522796724,33.074525108229246,57472100
2023-08-16,32.69171142578125,32.94053432205521,32.65342985689869,32.682142858926284,33566500
2023-08-17,32.529022216796875,32.84483605249874,32.43331828875724,32.79698591384471,38205400
2023-08-18,32.51945114135742,32.61515507276008,32.2706282211739,32.29933757522885,40860000
2023-08-21,32.481170654296875,32.63429329892669,32.222775506971836,32.567302370071886,32308300
2023-08-22,32.174930572509766,32.52902971174634,32.12708042283067,32.4907481317101,43133000
2023-08-23,32.49074172973633,32.5003102974938,32.18449645125381,32.23234659150451,30240500
2023-08-24,32.37590408325195,32.835272049504404,32.37590408325195,32.44289501682635,35784900
2023-08-25,32.529022216796875,32.65343184715105,32.26105486901747,32.50988143118895,40347200
2023-08-28,32.71085739135742,32.82569846546365,32.60558488562174,32.63429424146532,34905300
2023-08-29,33.007530212402344,33.0170987796398,32.634290376974576,32.68214416535635,43394300
2023-08-30,33.026676177978516,33.218080430491284,32.959685237208916,33.05538918883153,33799900
2023-08-31,32.90226745605469,33.13194964503956,32.86398587431302,33.12238107497043,27999700
2023-09-01,33.19893264770508,33.304205146950906,33.07452301289791,33.10323236697162,41075700
2023-09-05,32.86397933959961,33.29463792172928,32.8544107714331,33.160656063007124,38612300
2023-09-06,32.8448371887207,32.911828115300125,32.6055828364423,32.77784626214129,35672800
2023-09-07,32.75870895385742,32.90226304075826,32.66300866307826,32.71085880846784,47632600
2023-09-08,32.8256950378418,32.89268596163631,32.66300383740699,32.787413466893064,39720800
2023-09-11,32.978816986083984,33.15108040104462,32.89268527860367,32.978816986083984,28965100
2023-09-12,33.19893264770508,33.43818700027043,32.93096894106603,32.96925051365209,48615200
2023-09-13,33.19893264770508,33.3903368599037,33.07452301289791,33.35205528731763,31994900
2023-09-14,33.505184173583984,33.5530379736042,33.26592977641241,33.42862466486992,65685500
2023-09-15,33.33292007446289,33.53389286603468,33.26592549320705,33.28506628060416,51800200
2023-09-18,33.42423629760742,33.47230032671901,33.18391248499913,33.28965554927483,32458700
2023-09-19,33.38578796386719,33.52036872976065,33.17430180771985,33.45307834681392,36112900
2023-09-20,33.15507507324219,33.60688135106218,33.14546006711068,33.50113828591801,31618000
2023-09-21,32.607139587402344,33.039723269114866,32.607139587402344,33.039723269114866,48103300
2023-09-22,32.35720443725586,32.68404503428071,32.35720443725586,32.65520734447152,41688300
2023-09-25,32.43410873413086,32.45333141531843,32.18416987408073,32.28991295586725,40141700
2023-09-26,32.001522064208984,32.337973959192304,31.94384302490443,32.193781861506864,46165400
2023-09-27,31.953462600708008,32.08804337794519,31.674686038116043,32.08804337794519,49360900
2023-09-28,32.18416976928711,32.299524191291816,31.972683606402686,31.982298614016138,63638100
2023-09-29,31.886173248291016,32.3860473996549,31.80927150726287,32.337983353130845,52860500
2023-10-02,31.61699867248535,31.857322473482714,31.44396524240323,31.780420764029657,49350600
2023-10-03,31.11713218688965,31.549715865809556,30.992166420685837,31.463199130025576,52921800
2023-10-04,31.347843170166016,31.36706951796032,30.963323548381688,31.126745671107837,40136000
2023-10-05,31.492033004760742,31.549712043980033,31.194033803087624,31.26132418198482,41407800
2023-10-06,31.76120376586914,31.94384858823364,31.251714664239724,31.35745775452227,54057800
2023-10-09,31.780427932739258,31.847718318833195,31.44397233521856,31.472813691438116,61396600
2023-10-10,32.01113510131836,32.213006249012736,31.866942995987014,31.876554336188775,44743400
2023-10-11,32.0592041015625,32.232237588399144,31.81888022173954,32.107271811168204,35746400
2023-10-12,31.857328414916992,32.15533130386973,31.636230916810458,32.15533130386973,41991200
2023-10-13,31.924617767333984,32.357201409245846,31.751584310569243,32.05919852991751,53213800
2023-10-16,32.261077880859375,32.414885012178374,32.0976557411166,32.164946131877954,45589300
2023-10-17,32.41488265991211,32.626365158221944,32.10726841959689,32.11687976027193,41925200
2023-10-18,31.857328414916992,32.28030073046938,31.790038031451996,32.25145937537661,46942100
2023-10-19,31.434364318847656,31.972687464529404,31.41513796835168,31.799657644168413,66656200
2023-10-20,30.95371437072754,31.482426137333597,30.92487301349551,31.424747089920682,59921300
2023-10-23,30.761451721191406,31.10751863978294,30.732612200133644,30.886421145582972,55913700
2023-10-24,30.97294044494629,31.117132561622,30.809518312252486,30.905650057087403,35825000
2023-10-25,30.857580184936523,31.069066341675864,30.77106345418414,30.857580184936523,59240100
2023-10-26,30.790292739868164,31.097906996996226,30.732615525038053,30.780681398667813,56046100
2023-10-27,30.23274040222168,30.790289815161618,30.14622367143176,30.75183895343578,73057300
2023-10-30,30.77106475830078,30.847970152029287,30.36732244237913,30.444226002582134,48978100
2023-10-31,31.107519149780273,31.117130490098365,30.77106356583318,30.828742608894334,41050100
2023-11-01,31.309391021728516,31.434360451049972,31.097904859346194,31.16519524427676,51764100
2023-11-02,32.049591064453125,32.06881741386806,31.540105639636604,31.597781020830205,47417000
2023-11-03,32.472557067871094,32.62636418343335,32.34759130757424,32.35720264796212,58801300
2023-11-06,32.37643051147461,32.60713936209307,32.203397039985234,32.559075323801814,40599700
2023-11-07,32.328365325927734,32.40526705105448,32.222622245208896,32.280301289342155,27442000
2023-11-08,32.366817474365234,32.395658832736956,32.164946301019604,32.318753433147414,30165800
2023-11-09,32.23223876953125,32.520630369527865,32.17456338317315,32.47256265816075,34336600
2023-11-10,32.59752655029297,32.62636423855621,32.193784246403986,32.38604039089346,35146100
2023-11-13,32.549461364746094,32.63597809353154,32.43410694871576,32.48217098314083,28327300
2023-11-14,33.16468811035156,33.347332898647174,32.87630025149775,32.90513793726796,54296300
2023-11-15,33.34733581542969,33.44346755482301,33.21275504732994,33.22237005479472,35000200
2023-11-16,33.4819221496582,33.52037118054544,33.33772636591496,33.44346945171986,33222500
2023-11-17,33.65495300292969,33.66456801123885,33.520372223011194,33.606888962537546,31336100
2023-11-20,33.78953552246094,33.86643724929146,33.53959665939696,33.606887045517794,37285400
2023-11-21,33.77030944824219,33.856826183536015,33.71263040236262,33.74146809177688,27285700
2023-11-22,33.9048957824707,33.97218618017461,33.78954133884281,33.847216727130935,32719200
2023-11-24,34.0106315612793,34.06830693714997,33.89527347543624,33.90488848278193,13168500
2023-11-27,33.89527130126953,33.95295034049131,33.818369582691105,33.88565996159121,35017000
2023-11-28,33.885658264160156,34.00101266977467,33.79914154318667,33.85682057951914,39329300
2023-11-29,34.12599563598633,34.32786684275464,33.98179982140788,33.98179982140788,36651300
2023-11-30,34.510501861572266,34.510501861572266,34.0971445996917,34.20288766673796,37334500
2023-12-01,34.770050048828125,34.80850274181385,34.3951454598439,34.45282449932249,51267600
2023-12-04,34.731605529785156,34.86618630564822,34.52973069893945,34.56818339691493,41366600
2023-12-05,34.558570861816406,34.635472588059,34.404763742280224,34.6258612474228,39510900
2023-12-06,34.38554000854492,34.8757990933911,34.33747596760726,34.750833320363434,35616100
2023-12-07,34.54895782470703,34.56818417412704,34.3855393552137,34.47205609407817,26050900
2023-12-08,34.731605529785156,34.78928090969726,34.47205531902735,34.51050801700283,33213100
2023-12-11,34.94308853149414,35.01037892038265,34.74121736482862,34.74121736482862,31165700
2023-12-12,35.19302749633789,35.20263883746788,34.88541324146175,35.029605360718655,37245700
2023-12-13,35.76019287109375,35.79864557068894,35.13534933735136,35.202639728117305,56989000
2023-12-14,36.115867614746094,36.250448383012234,35.92360780277264,36.04857723061302,66865700
2023-12-15,35.904380798339844,35.99089752879335,35.750573684983706,35.81786406788634,69246200
2023-12-18,36.024169921875,36.14975434213593,35.98552686093081,36.08213082808616,43434000
2023-12-19,36.2946662902832,36.30432889873739,35.908243026633855,36.004850685148874,32509000
2023-12-20,35.647422790527344,36.28501879674655,35.647422790527344,36.19807371929818,52985700
2023-12-21,35.99518966674805,36.00485227562906,35.66673098369836,35.80198171159395,27522200
2023-12-22,36.07248306274414,36.21739274350315,35.93723599281241,36.10146352481343,30331400
2023-12-26,36.21739196777344,36.28501550129089,36.04350182866964,36.10146275156678,17837600
2023-12-27,36.33331298828125,36.33331298828125,36.08213673622122,36.140101337128705,32640800
2023-12-28,36.439579010009766,36.51686145813706,36.26568889521627,36.27534781928006,25308000
2023-12-29,36.323646545410156,36.48787772137953,36.21738364943626,36.4299131265894,30218300
2024-01-02,36.47821807861328,36.49753961178081,36.159421994363164,36.22704551784669,31351900
2024-01-03,36.1690788269043,36.37195307082953,36.11111791595888,36.31398847467869,46909000
2024-01-04,36.31399154663086,36.60380718149093,36.246368021337034,36.29467001294609,36904200
2024-01-05,36.468563079833984,36.66177474709948,36.29467294781565,36.3139944830628,44852300
2024-01-08,36.70042037963867,36.71973823102836,36.28501655584076,36.47822455138801,39098300
2024-01-09,36.468563079833984,36.516865075348846,36.3526375535571,36.507206150328294,36338100
2024-01-10,36.526527404785156,36.55550786483009,36.29467266880769,36.410598194193426,37095500
2024-01-11,36.39127731323242,36.52652806135393,36.10146165195563,36.47822238013607,49043500
2024-01-12,36.323646545410156,36.700410883738016,36.17874058624283,36.565160162561035,41333900
2024-01-16,36.07248306274414,36.14010659771,35.86961245784655,36.01451845339929,44042100
2024-01-17,36.004852294921875,36.149758261365086,35.744017133077456,35.763338665644326,38715900
2024-01-18,36.06282043457031,36.10145981829353,35.6957186501556,35.95655383761822,42064900
2024-01-19,36.642452239990234,36.690754234223995,36.08213878830202,36.19806799671016,59417700
2024-01-22,36.816341400146484,36.999890447494884,36.72939633872759,36.79701986591942,51828800
2024-01-23,36.87430191040039,36.90328605402383,36.71973332349665,36.79701945955142,46255500
2024-01-24,37.01921463012695,37.22208522621606,36.99023416931597,37.02887724053468,43975500
2024-01-25,37.202754974365234,37.24139803653026,36.97090397178556,37.16411559740545,50693800
2024-01-26,37.338008880615234,37.405632402576465,37.106154173029886,37.14479723849504,38620200
2024-01-29,37.43461608886719,37.46359654786365,37.12547890888527,37.22208289567742,44175600
2024-01-30,37.907981872558594,37.946621253505754,37.45393505827745,37.473256591353845,43229300
2024-01-31,37.44427490234375,38.110854938931375,37.42495705320735,37.83069821877733,65780900
2024-02-01,37.50223922729492,37.5312196859905,36.95158840084391,37.37665109760436,63445600
2024-02-02,37.65680694580078,37.830697064369026,37.35732870044308,37.37665023419574,61778400
2024-02-05,37.43461608886719,37.560204219861674,37.27038857427936,37.44427501346405,37351300
2024-02-06,37.51189422607422,37.56985513170548,37.33800413877026,37.38630612186468,41055700
2024-02-07,37.792049407958984,37.8403513938727,37.45393182135768,37.714766967538104,39018700
2024-02-08,37.64714050292969,37.763065997088184,37.40562690706322,37.6181563654863,47331500
2024-02-09,37.75341796875,37.7727358190132,37.50224169285544,37.598845684995766,50680400
2024-02-12,37.927303314208984,38.09153451831713,37.66647180597682,37.7534168704562,39952700
2024-02-13,37.41529846191406,37.734098284992406,37.115820175253155,37.63749060290522,62948300
2024-02-14,37.77273178100586,37.80171592371433,37.49257875966562,37.63748473238525,58722500
2024-02-15,38.419986724853516,38.497269166168316,37.87899489482852,37.888657503246215,58107900
2024-02-16,38.28474426269531,38.45863438293571,38.207458126941454,38.381348247181855,37900000
2024-02-20,38.1784782409668,38.31372529535775,37.98526658389151,38.01424704263076,39952200
2024-02-21,38.294403076171875,38.294403076171875,37.99492851400732,38.13017556597915,40242400
2024-02-22,38.7387809753418,38.874031690438315,38.43930646206958,38.506929977015254,55188200
2024-02-23,38.9319953918457,39.09622657221979,38.85471294859146,38.88369340416112,42190500
2024-02-26,38.7387809753418,39.15418467298246,38.671157460396124,38.89334953596122,38370000
2024-02-27,38.845054626464844,38.854717236191284,38.58421944193855,38.77743109920312,42599500
2024-02-28,38.98995590209961,39.12520292752492,38.758101226224056,38.767763833871605,40040800
2024-02-29,38.970645904541016,39.17351650271419,38.80641469277739,39.086571434181955,37629700
2024-03-01,38.922340393066406,39.04792483666834,38.796752264258664,38.96098346119276,40794900
2024-03-04,39.018943786621094,39.125210379754584,38.84505366789461,38.854716277382614,53413200
2024-03-05,39.02860641479492,39.25079852545053,38.883696754051556,38.883696754051556,50770200
2024-03-06,39.23147964477539,39.34740517008632,38.91267984366284,39.08656997423223,58459500
2024-03-07,39.17351150512695,39.45366821079034,39.02860553286379,39.37638207741878,35505100
2024-03-08,39.24113464355469,39.444008899058296,39.19283265327502,39.231475719581006,47266600
2024-03-11,39.30876159667969,39.347404666357285,39.028608554532,39.09623208386481,36233100
2024-03-12,39.472991943359375,39.58891746466979,39.260458749952036,39.39570580568184,53199300
2024-03-13,39.76279830932617,39.77245723167871,39.52128471325757,39.5502651655202,43471400
2024-03-14,39.44401168823242,39.84975285751924,39.231478493726435,39.77246671944219,65563400
2024-03-15,39.40536880493164,39.58891785592095,39.14453361550099,39.221816068736416,67568000
2024-03-18,39.63129806518555,39.679781909539955,39.350090288297885,39.54402566571552,39140600
2024-03-19,39.82523727416992,39.84463155179225,39.64099718537817,39.660391463000494,36748300
2024-03-20,40.300392150878906,40.32948172089246,39.7088795667325,39.77675769615121,52255300
2024-03-21,40.63009262084961,40.727060332484996,40.34888107839347,40.39736493421116,49209200
2024-03-22,40.164634704589844,40.76584631572362,40.13554513275722,40.6785739011449,32033000
2024-03-25,40.009483337402344,40.20342244350545,40.009483337402344,40.13554431123148,31784000
2024-03-26,40.14524459838867,40.27130187721077,40.01918362048567,40.154939889420795,30135500
2024-03-27,40.62038803100586,40.63008702028111,40.23251353884896,40.339176527312716,36670300
2024-03-28,40.843414306640625,40.94038569831672,40.60099137607092,40.66886950070401,41490200
2024-04-01,40.62038803100586,40.920993814168924,40.54281461220671,40.88220525522906,37537700
2024-04-02,40.40705871582031,40.55251397691914,40.33918058039578,40.49433113266342,36359800
2024-04-03,40.387664794921875,40.688266884358754,40.28099810547757,40.41675436510463,39715900
2024-04-04,39.93191146850586,40.8046356303947,39.88342761486335,40.72705850530195,52657500
2024-04-05,40.31008529663086,40.41675197977989,39.95130038892266,40.08705664053763,47540300
2024-04-08,40.48463439941406,40.55251253242074,40.30039428112175,40.31978856184949,35165700
2024-04-09,40.25189971923828,40.61068830159139,39.93190339066518,40.50402162570696,51953600
2024-04-10,39.650691986083984,40.01917585820736,39.52463103263227,39.864025338220706,59492800
2024-04-11,39.36948776245117,39.68948784958357,39.12706479913785,39.63130500671926,56870800
2024-04-12,38.84585189819336,39.27251492621666,38.700396659575226,39.10766910825778,81234800
2024-04-15,38.65191650390625,39.50524634051707,38.535554521348644,39.35009579741335,71800600
2024-04-16,38.390098571777344,38.76827778253337,38.33191573201462,38.68100537242962,66751300
2024-04-17,38.48706817626953,38.73919012863321,38.33191762830759,38.564645299790925,41561900
2024-04-18,38.622825622558594,38.962216268119676,38.53555321383137,38.661610482708,48893400
2024-04-19,39.156150817871094,39.233724228241684,38.758577379636364,38.836150790006954,55513600
2024-04-22,39.63129806518555,39.85432670848,39.20463505615444,39.369480866775476,50701200
2024-04-23,39.883419036865234,39.98038672329475,39.708874242028,39.81554091654855,36488600
2024-04-24,39.87372589111328,39.93190873094407,39.6700915003265,39.77675819047595,33957500
2024-04-25,39.6410026550293,39.78645420864575,39.30160829842943,39.67978751654525,50365700
2024-04-26,39.58281707763672,39.805845737027795,39.48584938192946,39.573121787698184,35796900
2024-04-29,39.52463912963867,39.74767151569751,39.37918756808662,39.5731266825703,36596100
2024-04-30,39.136756896972656,39.52463135051878,39.136756896972656,39.43735895113187,34481600
2024-05-01,39.136756896972656,39.6119037499057,39.05917978681531,39.10766733020375,54717600
2024-05-02,39.233734130859375,39.4664618188721,38.95252258674265,39.40827897209864,37085100
2024-05-03,39.32099914550781,39.55372678968711,39.12706005853847,39.466454385504925,45012600
2024-05-06,39.82523727416992,39.82523727416992,39.534330507995485,39.62160290775584,42335600
2024-05-07,39.96099853515625,40.0385756553846,39.85433184438262,39.92220997504208,42601200
2024-05-08,40.10645294189453,40.17433107112531,39.815546145322536,39.92220913477047,28390900
2024-05-09,40.40705871582031,40.40705871582031,39.99978990327312,40.00948519444193,31594800
2024-05-10,40.56221008300781,40.63978350408533,40.504027242889165,40.5525110934477,34306800
2024-05-13,40.397361755371094,40.746451408318606,40.397361755371094,40.678573275698895,29570100
2024-05-14,40.60099792480469,40.63009119654029,40.39736351806023,40.55251407068662,30638300
2024-05-15,40.9015998840332,40.94038844330435,40.68826650712249,40.697965496480585,36138300
2024-05-16,40.9015998840332,41.095538981308344,40.882205604397626,40.94038844330435,36032700
2024-05-17,41.202205657958984,41.202205657958984,40.92099415194463,40.969478001479374,29813200
2024-05-20,40.6397819519043,41.17311168583973,40.62038767260549,41.11493254702384,35719600
2024-05-21,40.9015998840332,40.94038844330435,40.697965496480585,40.717359776116155,33413400
2024-05-22,40.66887283325195,40.98887290338444,40.581600423132244,40.81432808314502,38661100
2024-05-23,40.10645294189453,40.66887225538964,39.9513024037841,40.63008739517249,51768500
2024-05-24,40.348873138427734,40.35856842805097,40.18402362218983,40.18402362218983,23477300
2024-05-28,39.90281677246094,40.26160168224324,39.757361531129504,40.26160168224324,31004900
2024-05-29,39.58281707763672,39.70887804132054,39.46645510297191,39.58281707763672,40620200
2024-05-30,39.79615020751953,39.88342261276288,39.524634002828854,39.62160539703283,32769300
2024-05-31,40.37796401977539,40.41675257769076,39.75736188945147,39.87372386411708,38664000
2024-06-03,40.12584686279297,40.41675365676407,39.77675723039542,40.368269807615654,37855000
2024-06-04,39.94160461425781,40.2422104092247,39.75736450067982,39.91251504345095,27586400
2024-06-05,40.05796813964844,40.10645198807729,39.76705765091431,40.067663429702,23817300
2024-06-06,40.03857421875,40.242208603421716,39.88342368294099,40.125846626335104,39040200
2024-06-07,40.222816467285156,40.445845143201886,39.97069822031691,40.04827164281455,42273300
2024-06-10,40.067665100097656,40.11614895054776,39.80584786877026,40.04827082010148,31615200
2024-06-11,39.611907958984375,39.8931194645654,39.417972561144246,39.873725184965274,54584900
2024-06-12,39.57312774658203,40.06766898768536,39.51494490094827,40.01918513253108,46399800
2024-06-13,39.54403305053711,39.58282161289646,39.272520512183455,39.57312632184708,39497900
2024-06-14,39.41797637939453,39.49554980622867,39.14646013777265,39.27252111784421,29083000
2024-06-17,39.767051696777344,39.776750684459245,39.25311632203579,39.320994439489205,36076900
2024-06-18,40.019187927246094,40.019187927246094,39.679793519302656,39.718582085767274,38900300
2024-06-20,40.232513427734375,40.339176415903545,39.89311908656879,39.93190764540152,42869100
2024-06-21,40.077362060546875,40.17432975653769,39.84463441145625,40.135541198509166,42530600
2024-06-24,40.489166259765625,40.74228275962606,40.14843179577521,40.245783438707576,45252000
2024-06-25,40.1873664855957,40.537838309507,40.070543782200865,40.41127821448864,32845400
2024-06-26,39.93425369262695,40.02187165668623,39.7395466931922,40.00240058537004,37978500
2024-06-27,39.88557434082031,39.93425015793879,39.64219154150113,39.81742745410909,25466100
2024-06-28,40.021873474121094,40.27498998527156,39.856371217281435,39.97319765048377,44045100
2024-07-01,40.10948944091797,40.45022390310578,39.94398719233596,40.18737001210642,36131100
2024-07-02,40.5767822265625,40.5767822265625,40.012132326912884,40.03160339728635,27033100
2024-07-03,40.450225830078125,40.654666517129975,40.43075475792167,40.61572808654435,21113200
2024-07-05,40.440486907958984,40.53783854239283,40.20683778610023,40.53783854239283,21421100
2024-07-08,40.33340072631836,40.742282076248614,40.284724905668625,40.498899259272875,27779300
2024-07-09,40.644935607910156,40.907789529345145,40.323668466024884,40.37234800659722,33140000
2024-07-10,40.800697326660156,40.81043100578533,40.43075438654024,40.450225458517835,28445400
2024-07-11,41.12196350097656,41.19011039447227,40.713078426275146,40.83963853436453,45836600
2024-07-12,41.25825500488281,41.43349092523975,40.96619637553024,41.073281692435515,39041200
2024-07-15,41.861846923828125,41.90078906807507,41.37508126192315,41.404286013244715,46561200
2024-07-16,42.338871002197266,42.35833835695905,41.81316329419088,41.891043854417795,52243100
2024-07-17,42.6601448059082,42.73802909895473,42.222054941840184,42.290201841392154,54773300
2024-07-18,42.14417266845703,42.942468071457554,42.046817306062245,42.514111904375184,58731300
2024-07-19,41.715816497802734,42.21231956165527,41.66714067347318,42.12470159237114,47220000
2024-07-22,41.949462890625,42.027343461676885,41.618462107768515,41.81316910598888,29071100
2024-07-23,42.02734375,42.241521820884444,41.95919685721442,42.05655221385605,23800400
2024-07-24,41.45296096801758,41.988402394177456,41.45296096801758,41.90078443617116,47786900
2024-07-25,41.608726501464844,42.22204850391458,41.521108542011035,41.530842220293934,44862000
2024-07-26,42.260990142822266,42.38755024135914,41.813166672586405,41.832637742648,32636300
2024-07-29,42.20258331298828,42.387556649674906,41.98840893738487,42.358348183303235,35195700
2024-07-30,42.68934631347656,42.83537749497304,42.44596348680058,42.465434558581926,31418700
2024-07-31,42.58226013183594,42.9424656682197,42.553051667888454,42.78670081083263,38694800
2024-08-01,41.978668212890625,42.796434645583886,41.79369860460931,42.73802514493039,47060900
2024-08-02,40.94672775268555,41.64766776228534,40.69360753538317,41.50164029574367,78599800
2024-08-05,39.75901794433594,40.13869455240103,39.5837820154248,40.05107658794546,107913600
2024-08-06,40.401546478271484,40.878578420127084,39.82716289786264,39.934251928507386,57668900
2024-08-07,40.450225830078125,41.23878754064178,40.391816327336045,40.84937352496724,43912600
2024-08-08,41.10249328613281,41.151169109111834,40.65466605903501,40.71307927484618,41260500
2024-08-09,41.27772521972656,41.38481053441215,40.927253386277314,41.09275191111341,23838800
2024-08-12,41.06354522705078,41.462692859945065,40.97592727281903,41.35560383658107,20509300
2024-08-13,41.4042854309082,41.43349389554625,41.00513774230908,41.306933785387336,24922000
2024-08-14,41.9105224609375,41.98840674889928,41.472432625470624,41.50164109031992,30673000
2024-08-15,42.29994201660156,42.53358748365109,42.16364820853471,42.309675697008736,33329000
2024-08-16,42.611454010009766,42.611454010009766,42.251248565530176,42.251248565530176,25338900
2024-08-19,42.84510803222656,42.85484542426681,42.62119629375107,42.62119629375107,24458600
2024-08-20,42.70881652832031,42.83537663549606,42.621198563925894,42.79643449271473,19620400
2024-08-21,42.64066696166992,42.8256402714195,42.41675522530767,42.77696073913157,19914100
2024-08-22,42.88405227661133,42.88405227661133,42.650406848361044,42.68934527725134,24738700
2024-08-23,43.253997802734375,43.361086844502665,42.922996998053925,43.01061496734367,32762500
2024-08-26,43.390289306640625,43.62393845032601,43.29293766311255,43.40002669922972,23716300
2024-08-27,43.614200592041016,43.633671663284154,43.4000262358207,43.47790680706615,21583500
2024-08-28,43.721290588378906,43.96467341367911,43.45843669140743,43.49737883474998,24726200
2024-08-29,44.11070251464844,44.25672997470744,43.565523674737925,43.86731970082309,33726600
2024-08-30,44.529319763183594,44.56825818966164,44.0328167598878,44.237257425373414,28967700
2024-09-03,44.19831848144531,44.665613017253115,43.993874104626336,44.295670117091035,39893900
2024-09-04,44.24699401855469,44.558523707116805,44.02308228700859,44.276198766317755,32006100
2024-09-05,43.760231018066406,44.45143732355674,43.56552402270555,44.431966252647946,39523500
2024-09-06,43.11770248413086,44.00361582507107,43.02034712518142,43.760232998288295,51331300
2024-09-09,43.760231018066406,44.00361383383571,43.46817238188865,43.526581880887974,41010900
2024-09-10,43.312408447265625,43.94520155345499,42.815905412875246,43.90625941081121,59115000
2024-09-11,43.10796356201172,43.176110453995044,42.23178764491455,43.14690570420993,59397500
2024-09-12,43.205322265625,43.341616060153484,42.835379313528136,43.18585119301702,37732700
2024-09-13,43.331878662109375,43.5071146018341,43.2345270128078,43.331878662109375,32912300
2024-09-16,43.896522521972656,43.90625620005824,43.5168459432784,43.5168459432784,37063700
2024-09-17,44.13018035888672,44.276207841359295,43.94520701520284,43.9938828426937,27893300
2024-09-18,43.99387741088867,44.48064305315278,43.896525767926704,44.1496422678641,41783900
2024-09-19,44.48064422607422,44.597470657181766,44.13990975299528,44.44170579609893,46457700
2024-09-20,44.45143508911133,44.45143508911133,44.13990539768448,44.383288201219635,48699200
2024-09-23,44.397701263427734,44.622425103118424,44.31953823219437,44.4465573510443,31615300
2024-09-24,44.02642059326172,44.26091341549374,43.8700908027083,44.26091341549374,40341400
2024-09-25,43.762611389160156,44.10458162574594,43.625823294525844,44.04596028644326,32546900
2024-09-26,43.987335205078125,44.075270941198475,43.7430696855434,43.88962676094661,31445200
2024-09-27,44.11435317993164,44.3976983426077,44.016644738322704,44.08503878385099,23226100
2024-09-30,44.280452728271484,44.2999944169412,43.811463381786226,44.00687654128742,23593400
2024-10-01,44.04595947265625,44.27068329928866,43.75283787277435,44.16320587629143,32703000
2024-10-02,44.09481430053711,44.192519021174085,43.80169641143,44.02642025065199,37709400
2024-10-03,43.86030960083008,44.01663936111069,43.645354782745926,43.92870363800313,23545700
2024-10-04,44.602882385253906,44.64196203310592,44.11435137874377,44.29022283926308,40432000
2024-10-07,44.05572509765625,44.62241911139228,43.870084662107416,44.602881151604564,26599300
2024-10-08,44.30976104736328,44.41723846574783,44.14366229327502,44.221825316611906,28763000
2024-10-09,44.720130920410156,44.80806665487233,44.22182718272586,44.30976291718803,28334300
2024-10-10,44.58333969116211,44.80806350181964,44.39769552747428,44.76898012765423,34127400
2024-10-11,45.443153381347656,45.531089113147125,44.83737596628233,44.866686634483536,52850300
2024-10-14,45.72650146484375,45.77535382005661,45.39430023132224,45.52131933663229,35850800
2024-10-15,45.82421112060547,46.302969432492326,45.76558605647415,46.039162234695205,42356800
2024-10-16,46.39090347290039,46.41044516023135,45.9121451784771,46.00008090786853,44973700
2024-10-17,46.517921447753906,46.71333458912416,46.48861078106685,46.58631548815414,45823400
2024-10-18,46.52769088745117,46.62539932269985,46.26388370307328,46.517921907524155,34279600
2024-10-21,46.156410217285156,46.557005485570336,46.06847448877399,46.44952806992382,26207400
2024-10-22,46.068477630615234,46.14664065729155,45.70696198474988,45.92191683070269,30018700
2024-10-23,46.02939224243164,46.13686966071183,45.80466842566205,46.019619535026635,20697200
2024-10-24,46.068477630615234,46.127098968823475,45.78512873862216,46.03916323431515,19617500
2024-10-25,45.56040573120117,46.332281939990324,45.45292830629234,46.254118911908655,25526500
2024-10-28,46.12709426879883,46.166177641752654,45.785124073441864,45.79489305308252,31415900
2024-10-29,45.84375,46.13687159933384,45.80467035032532,46.00985248810224,27930900
2024-10-30,46.04893493652344,46.34205280275141,45.86329076372888,45.90237413981151,28704300
2024-10-31,45.413841247558594,46.127096059271445,45.413841247558594,45.99030797581908,53417100
2024-11-01,45.5701789855957,45.921921962939855,45.45293256887978,45.56041000386787,40139900
2024-11-04,45.21842956542969,45.57994520018851,44.97416405787711,45.540861824453096,41705600
2024-11-05,45.63856887817383,45.65811056704416,45.16957952687395,45.25751526319243,35221800
2024-11-06,48.41342544555664,48.54044455990472,47.582924166256525,47.91512542341578,153473400
2024-11-07,47.63177490234375,48.30594637455562,47.54383916882082,48.30594637455562,70611400
2024-11-08,48.061676025390625,48.33525590614932,47.72947481298014,47.973740300717395,60376500
2024-11-11,48.74562454223633,48.98989005205086,48.53066970089686,48.540442408519134,63654700
2024-11-12,48.59906768798828,48.794477114948975,48.452506890571854,48.72608307007356,58512400
2024-11-13,48.62837600708008,48.98011892212808,48.55020925831576,48.696770048651,31880700
2024-11-14,48.50135803222656,48.84333197523225,48.413422301418905,48.73585455677892,38252800
2024-11-15,48.72608184814453,48.862869934465074,48.47204736314864,48.501358031018526,40741500
2024-11-18,48.87264633178711,48.960582069231755,48.55998676024973,48.76516890522187,27141600
2024-11-19,48.550209045410156,48.73585320931346,48.28640186028102,48.481815004139165,27014700
2024-11-20,48.40365219116211,48.774933066174675,48.169155672084315,48.745622398988345,33932500
2024-11-21,49.019203186035156,49.24393074629999,48.52090316091681,48.64792227602387,50881800
2024-11-22,49.56636047363281,49.615212833773015,48.98012469755804,48.98989367870762,42050800
2024-11-25,49.88878631591797,50.07442675135205,49.69337317340039,49.83993023489181,47492500
2024-11-26,49.98649215698242,50.08419686685875,49.595665863085586,49.908329134520514,28418400
2024-11-27,50.08419418334961,50.43593708357124,50.03534183102896,50.054883517396334,31803700
2024-11-29,50.1623649597168,50.387088780206405,50.07442922759514,50.26006967220937,15178400
2024-12-02,49.664066314697266,50.308927125415146,49.537047203241876,50.240529352173034,55483600
2024-12-03,49.292781829833984,49.957184330931135,49.292781829833984,49.957184330931135,46924300
2024-12-04,49.10713577270508,49.28300723551029,48.94103701738673,49.24392758715034,41017400
2024-12-05,49.25369644165039,49.50773092772255,49.14621902274438,49.185302398200356,33599300
2024-12-06,49.24393081665039,49.410029582861775,49.107138993234095,49.24393081665039,23439400
2024-12-09,48.56975173950195,49.33186264362982,48.550210051991414,49.283006561255576,41998300
2024-12-10,48.55998611450195,48.83356230416013,48.25709552795465,48.60883847305576,38861800
2024-12-11,48.65768814086914,48.77493454035385,48.442737029679826,48.75539657976959,35035900
2024-12-12,48.44273376464844,48.823787332687665,48.44273376464844,48.78470395976169,23107300
2024-12-13,48.40365219116211,48.65768667023364,48.29617477521794,48.63814498304418,39160400
2024-12-16,48.31571960449219,48.49159107343893,48.22778387001881,48.43296600805803,35242800
2024-12-17,47.9737434387207,48.13984591938863,47.807644685248576,48.13007321201038,46103300
2024-12-18,46.5374641418457,48.169155894132196,46.49838076728662,48.06167847769258,72399500
2024-12-19,46.70356369018555,47.41681851568368,46.693794709976885,47.06507559303894,63641000
2024-12-20,47.39727783203125,47.7685624501536,46.50815152637743,46.60585996651273,56066100
2024-12-23,47.51110076904297,47.550350822746864,46.971425631433405,47.157861514981334,43033300
2024-12-24,48.07040023803711,48.090021519986195,47.52091076619286,47.60922150732692,18350500
2024-12-26,48.188148498535156,48.20777352432983,47.825094879061076,47.85453054620761,20805600
2024-12-27,47.83490753173828,48.24702186148184,47.57978967186243,47.933028921746434,33852400
2024-12-30,47.37372589111328,47.58959742774989,46.96161158636071,47.34429022451406,34819800
2024-12-31,47.422794342041016,47.65828718095828,47.2559834833077,47.49148006531615,25170500
2025-01-02,47.3050422668457,47.85453177392091,47.04011002645718,47.668099638725,35879100
2025-01-03,47.67790985107422,47.707345518710916,47.17748478579534,47.57978846355789,25198100
2025-01-06,47.53072738647461,48.09984195495265,47.442416634231165,47.883970395448394,54289900
2025-01-07,47.422794342041016,47.84471932369205,47.21673342912443,47.73678728932483,57682700
2025-01-08,47.57978820800781,47.589598849470356,47.11860945435785,47.432602384432855,36422000
2025-01-10,46.43174743652344,47.23635476901818,46.26494033390201,47.1971047178987,53128700
2025-01-13,46.76536560058594,46.78499062623621,46.1570047777913,46.196254829091835,36002800
2025-01-14,47.344295501708984,47.3835455569435,46.84387039828839,46.951802435546384,39353300
2025-01-15,48.55120086669922,48.67876165953149,48.09002213013774,48.3549543569013,61176900
2025-01-16,48.8750114440918,48.914257754208315,48.531579093161795,48.531579093161795,33830400
2025-01-17,49.28712463378906,49.375435379918564,48.79651020931205,48.973131701571056,43693100
2025-01-21,49.699241638183594,49.75811297228866,49.44412004675858,49.45393443117003,33267500
2025-01-22,49.4637451171875,49.70905232442273,49.26749860278113,49.69924168309333,37226400
2025-01-23,49.7483024597168,49.83661320419387,49.53243091919709,49.542245303633955,32048800
2025-01-24,49.895484924316406,49.944549360698275,49.53243130225455,49.581491995545456,39088700
2025-01-27,50.444976806640625,50.474412475388924,49.66980508947891,49.80717653442582,61707400
2025-01-28,50.356666564941406,50.582348761499404,50.150609395443816,50.386102233986435,39885300
2025-01-29,50.317413330078125,50.76878143775273,50.209477559614434,50.21929194406983,43612200
2025-01-30,50.7982177734375,51.063150010855516,50.464599816291596,50.77859274735939,64250500
2025-01-31,50.503849029541016,50.99446344407134,50.474409619367364,50.8570920068974,40424200
2025-02-03,50.297786712646484,50.43516188903835,49.46374372869543,49.79736167089401,77416200
2025-02-04,50.18004608154297,50.425353310133296,50.04267463242699,50.3566675855753,41742700
2025-02-05,50.70991134643555,50.71972198876465,50.18004682647262,50.39591838862596,34758600
2025-02-06,51.1318359375,51.15146096365753,50.788403594379766,51.004275139021566,34355900
2025-02-07,50.84727478027344,51.279014093414524,50.80802473096314,51.19070335401172,40601400
2025-02-10,50.444976806640625,51.00427697140511,50.22910525424341,50.93559124893166,37921500
2025-02-11,50.57253646850586,50.67065785751345,50.06229701086607,50.36647930573529,45162900
2025-02-12,50.395912170410156,50.415537195738196,49.964169099375106,50.31741206909802,45473100
2025-02-13,50.72953414916992,50.798219871734986,50.31741607068841,50.533287623373546,36372200
2025-02-14,50.82765579223633,51.04352734599052,50.778595096317055,50.798220123303,29574300
2025-02-18,51.190704345703125,51.22014375480152,50.77859004923351,50.90615084041777,33496800
2025-02-19,51.210330963134766,51.269206040071495,50.92577744900116,51.0631488854293,31748500
2025-02-20,50.425350189208984,51.17108621409961,50.0819215876745,51.131836161612526,47078900
2025-02-21,49.79736328125,50.533284906096064,49.69924189517357,50.444974161390896,51789900
2025-02-24,50.01322937011719,50.44496866211459,49.72867214118933,50.032854393811235,56673900
2025-02-25,50.003421783447266,50.444975518855216,49.365625270605605,50.3076040774152,50132800
2025-02-26,49.895484924316406,50.356663676051035,49.7973635377346,50.01323507992374,31250500
2025-02-27,50.17023468017578,50.82765624616585,50.03286323313853,50.072109544369745,44378600
2025-02-28,51.20051956176758,51.27901592009367,50.2094763683783,50.42534790418405,63537100
2025-03-03,50.76878356933594,51.65188730976149,50.40572619106182,51.337894369642484,76100100
2025-03-04,48.98294448852539,50.31741638044651,48.70820159657381,50.25854504250898,99342400
2025-03-05,49.26749801635742,49.50299457946017,48.62970153099199,49.00256578652591,75561700
2025-03-06,48.45308303833008,49.02219384109956,48.1390900968522,48.688575872892926,55477700
2025-03-07,48.197959899902344,48.404020802450226,47.344291851373114,48.27646000431887,87351400
2025-03-10,47.118614196777344,47.69753942170066,46.569124642295286,47.38354646002273,78221400
2025-03-11,46.716304779052734,47.177483522833725,46.392497471353515,47.04992272800455,72972200
2025-03-12,46.78498840332031,47.28541343280702,46.33362406408278,47.21672771784004,60700100
2025-03-13,46.529869079589844,47.17748369738438,46.39249764299982,46.90273708111342,49986300
2025-03-14,47.60922622680664,47.68772259165667,46.726118727924,46.971425950603496,49535700
2025-03-17,48.168521881103516,48.40401843976711,47.41297525688348,47.422789641001984,43570500
2025-03-18,48.10964584350586,48.3647674222134,47.933024363813175,48.20777096727443,32714200
2025-03-19,48.63951110839844,48.894632691437494,47.94283956172166,48.13908606949998,44290700
2025-03-20,48.70819854736328,49.04181649945855,48.27645920945391,48.36476995392298,46326000
2025-03-21,48.53157424926758,48.708195727982314,48.109645577125775,48.462888534555255,53382800
2025-03-24,49.38736343383789,49.50553752517081,48.90481327947464,49.0328374031525,43158200
2025-03-25,49.66310501098633,49.74188648754764,49.31842900724304,49.56462722611301,24873700
2025-03-26,49.515384674072266,50.13580523871331,49.32827537977144,49.81082554264485,39729200
2025-03-27,49.416908264160156,49.68280279926267,49.03283963235213,49.42675454026612,32299800
2025-03-28,48.46165466308594,49.53507900692204,48.27454537624718,49.269184489822834,45365400
2025-03-31,49.05253601074219,49.29873423729477,47.84124118690594,47.97911159270549,38042300
2025-04-01,48.99345016479492,49.21010581992483,48.45181478365721,48.86542602706479,37959100
2025-04-02,49.39720916748047,49.56462590532785,48.520744132729035,48.599525607191005,41792100
2025-04-03,46.96477127075195,47.91017529417592,46.87613976095241,47.46701774517823,101160600
2025-04-04,43.52784729003906,45.704238715369314,43.41951946907648,45.3694089763426,128135300
2025-04-07,43.419517517089844,44.95579573709157,41.568105881193404,42.188526437286534,179993200
2025-04-08,43.25210189819336,45.51712854910803,42.582446189569346,45.103513582092916,98804200
2025-04-09,46.51176834106445,46.8859906959414,42.4150300163337,42.58244676326028,177242900
2025-04-10,45.21184158325195,45.89134732725353,43.86267637124009,45.822412125254246,93318200
2025-04-11,45.96028137207031,46.255722237984976,44.68005139429121,44.90655330325557,63647400
2025-04-14,46.432987213134766,46.895837326327204,46.157242643764214,46.62994278980211,52008900
2025-04-15,46.55116271972656,47.17158332373392,46.51177010052582,46.69887940669893,41840100
2025-04-16,45.82241439819336,46.6200980337786,45.47773837109989,46.452681280128246,47934300
2025-04-17,45.940589904785156,46.49207151990932,45.72393426645109,45.79286946834161,61866600
2025-04-21,44.95579528808594,45.84210660268011,44.453548828797956,45.704236204189016,43082300
2025-04-22,46.442832946777344,46.56100704273468,45.49743266574512,45.635303070476475,38154800
2025-04-23,46.99431610107422,47.98895522868375,46.836749395016675,47.309449513189314,50290900
2025-04-24,47.516258239746094,47.6048897525333,46.63979314478751,46.826902446588576,26817900
2025-04-25,47.289756774902344,47.49656238783437,46.97462333900014,47.279906741894024,28113000
2025-04-28,47.437469482421875,47.83138812261472,47.1026435219505,47.48671212996091,33922800
2025-04-29,47.92987060546875,48.01850212037114,47.230668519398215,47.44732416842337,42475300
2025-04-30,48.018497467041016,48.185914204160305,46.77766013534039,47.41777698723547,33759900
2025-05-01,48.0086555480957,48.32378898654312,47.70336838604924,47.84124255247104,34420200
2025-05-02,49.00328826904297,49.180551274279594,48.57983081951815,48.73739751787444,35032100
2025-05-05,48.68815994262695,49.072232331760524,48.35333020416548,48.58968215465638,24139900
2025-05-06,48.41241455078125,48.806333178769485,48.225305268664385,48.25484785092324,28949100
2025-05-07,48.69801330566406,48.96390785939205,48.51090023636266,48.5699891671979,30070100
2025-05-08,49.10177230834961,49.60401501101746,48.973748185439526,49.08207600046447,31294200
2025-05-09,49.10177230834961,49.27903532262923,48.96390190984026,49.200250091088684,22075000
2025-05-12,50.09640884399414,50.421392272240695,49.781275447523406,50.332760769690395,44274100
2025-05-13,50.30322265625,50.539570846255025,50.13580591136692,50.22443742179049,33986100
2025-05-14,50.165348052978516,50.39184996501943,50.01763137470142,50.33276479638328,38764200
2025-05-15,50.500179290771484,50.57896452688742,50.05702548602324,50.096414347394386,34742500
2025-05-16,50.80546569824219,50.88424717651226,50.38200445206605,50.49033227178833,53401000
2025-05-19,50.83500671386719,50.98272714650816,50.460788129433595,50.5395696052719,26348400
2025-05-20,50.559268951416016,50.73653197856193,50.332767029326654,50.59866157004552,26903000
2025-05-21,49.52523422241211,50.39184924124676,49.48584160609599,50.244132565091306,40022000
2025-05-22,49.466148376464844,49.751739227500465,49.21010386784845,49.41690948134864,33662800
2025-05-23,49.288883209228516,49.52523515488868,48.81618307459493,48.83587938312384,33645600
2025-05-27,50.1555061340332,50.1850487209176,49.49569289234774,49.67295592702819,38636400
2025-05-28,49.82067108154297,50.2441323131008,49.741885849305866,50.11610818905882,31730200
2025-05-29,50.076717376708984,50.086567409436746,49.594170960278596,49.98808586559305,34098400
2025-05-30,50.18504333496094,50.273674842789056,49.69264690406842,49.90930253580085,37953200
2025-06-02,50.20473861694336,50.224434924578915,49.52523290860622,49.84036631740199,30142300
2025-06-03,50.30322265625,50.35246154944382,49.643409466055246,50.04717440094335,33705400
2025-06-04,50.01762771606445,50.431238893009976,50.00777768422112,50.37215372869572,24600500
2025-06-05,49.8797607421875,50.10626265318348,49.682801415373305,50.02747741978312,42014400
2025-06-06,50.500179290771484,50.65774600631653,50.27367737196841,50.39185146945549,34982800
2025-06-09,50.22444152832031,50.57896759900191,49.91915435485848,50.5592712887766,28322100
2025-06-10,50.28352355957031,50.30321986709309,50.10626054855185,50.21458836158386,27728600
2025-06-11,50.22444152832031,50.5592712887766,50.03733221621038,50.33276935621603,39368400
2025-06-12,50.22444152832031,50.234287805089444,49.732045042748545,49.92900438831467,25500900
2025-06-13,49.20024871826172,49.69264513159105,49.05253204827482,49.584317319588756,54921900
2025-06-16,49.7615852355957,50.106265012924815,49.54493334691496,49.55477962321036,35632400
2025-06-17,49.47599411010742,49.71234228880163,49.328273680908616,49.50553669327255,31130700
2025-06-18,49.456302642822266,49.99793800841788,49.38736743756575,49.456302642822266,45728200
2025-06-20,49.59416961669922,49.81082525059905,49.45629921573994,49.60401589247345,44456100
2025-06-23,50.21868896484375,50.238452773848465,49.25028494097935,49.60602596394201,43022700
2025-06-24,50.96969985961914,51.15745039535616,50.6732464869506,50.71277410591457,41225000
2025-06-25,50.80171203613281,50.9894625817461,50.6930129630446,50.979582561266,33123900
2025-06-26,51.177215576171875,51.21674319619502,50.80171072507468,50.83135455531137,37866000
2025-06-27,51.325439453125,51.61200904928967,51.08828126769047,51.13768890885921,38954100
2025-06-30,51.75035095214844,51.81952240236,51.52307279151596,51.56260041151152,42472900
2025-07-01,52.03691864013672,52.14561770636945,51.592242355348795,51.62188995404211,33844800
2025-07-02,51.99739456176758,52.13573746655136,51.72070875220002,52.125857446021705,40791100
2025-07-03,52.56064987182617,52.63970511416,52.07644970599649,52.12585734767442,25904800
2025-07-07,52.05668640136719,52.61994181500514,51.79976063084654,52.501362719913324,34049000
2025-07-08,51.592247009277344,51.97763190100383,51.56260317747116,51.93810804844942,53715000
2025-07-09,51.779998779296875,51.87881406015836,51.52307301775889,51.85905025007379,36634900
2025-07-10,52.08633041381836,52.13573805614825,51.66141790457064,51.66141790457064,27992600
2025-07-11,51.5428352355957,51.78987719967919,51.46378376726082,51.740469560774734,30289900
2025-07-14,51.928218841552734,51.957866439827924,51.40449109661161,51.53295397030776,27636500
2025-07-15,51.03887176513672,51.829405303690095,51.03887176513672,51.72070623534627,47704600
2025-07-16,51.39461135864258,51.444022769809166,50.72266064760179,51.3155598859866,46726500
2025-07-17,51.888694763183594,51.97763002495369,51.19698024892881,51.256267910401284,48213900
2025-07-18,51.91834259033203,52.0270416629217,51.809643517742366,51.957870211193985,29791300
2025-07-21,51.77011489868164,52.31360648158931,51.75035108863174,51.947985419569434,36871400
2025-07-22,52.05668640136719,52.12585785430087,51.849172042566146,51.87881587394873,32289100
2025-07-23,52.47171401977539,52.47171401977539,51.938106218259676,52.17526440347524,32111300
2025-07-24,52.44206619262695,52.807687232549334,52.38277476606071,52.49147382998493,32371900
2025-07-25,52.80769348144531,52.8571048942114,52.36302092304292,52.471716230268285,28964700
2025-07-28,52.44206619262695,52.807687232549334,52.33336712870273,52.7483995755442,29119300
2025-07-29,52.175262451171875,52.6693463830382,52.056683363001106,52.61993874376382,37883200
2025-07-30,52.076446533203125,52.402539964059116,51.819520780832995,52.15549800115926,37260100
2025-07-31,51.75035095214844,52.36301775339562,51.651535671720865,51.85905002235556,46179400
2025-08-01,50.791831970214844,51.147569250601556,50.445970940737986,51.10804539915509,63060800
2025-08-04,51.29579544067383,51.29579544067383,50.88076673285251,50.98946203521425,40053100
2025-08-05,51.08828353881836,51.47366843445279,50.752306286549086,51.43414081193604,33551000
2025-08-06,51.335323333740234,51.41437480583753,51.04875373706956,51.196980430398916,34198700
2025-08-07,50.76218032836914,51.63176907350529,50.61395741573211,51.56259762702912,43119400
2025-08-08,51.23650360107422,51.355086461987085,50.89064634731506,51.058633079266265,39484400
2025-08-11,51.21674728393555,51.41437786070202,51.10804820497702,51.34520640492143,29351200
2025-08-12,51.83928680419922,51.928222065423924,51.4242580981915,51.43413811852253,37510000
2025-08-13,52.13573455810547,52.283961244711364,51.86893255351282,52.03691928007569,41154900
2025-08-14,52.38277816772461,52.422305788002305,51.90845803307633,52.0863285547646,35841500
2025-08-15,51.83928680419922,52.53100508377344,51.79975918375238,52.50136125321899,46108500
2025-08-18,51.87881088256836,51.938102309190434,51.67129654373275,51.77011181854177,25405100
2025-08-19,51.97762680053711,52.244432569296194,51.8294038864895,51.8294038864895,24870800
2025-08-20,52.24443435668945,52.38277725569136,51.88869331950669,52.01715619839186,39138800
2025-08-21,52.076446533203125,52.175261810538586,51.730585523406596,52.09621034258246,29037000
2025-08-22,52.936153411865234,53.04485248257909,52.32349037732324,52.34325418741315,47249800
2025-08-25,52.629817962646484,52.94603514222373,52.610057922886526,52.83733607573799,24756500
2025-08-26,53.034969329833984,53.05473314016131,52.471713928970026,52.471713928970026,27907000
2025-08-27,53.1436653137207,53.30177201759049,52.87685954414773,52.90650714269661,39530100
2025-08-28,53.21283721923828,53.2721286472854,53.06461430346229,53.25236483793636,28837300
2025-08-29,53.3511848449707,53.49940776341462,53.163430537555975,53.26224958607985,36062400
2025-09-02,52.95591735839844,53.064616429392366,52.49147724399214,53.064616429392366,38733100
2025-09-03,52.866981506347656,52.96579678638547,52.50136044673419,52.866981506347656,36420100
2025-09-04,53.42035675048828,53.44012056036188,52.936152832488254,53.05473192216857,32730000
2025-09-05,52.44206619262695,53.608104528168596,52.24443187363392,53.469761635741804,58377100
2025-09-08,52.481597900390625,52.54088556201623,52.21479211439121,52.46183408999496,49490900
2025-09-09,52.70887756347656,52.95591954610074,52.3333726944106,52.353136505367914,38884500
2025-09-10,52.531005859375,52.76816781599628,52.303727692792044,52.540885879851906,32915900
2025-09-11,53.390708923339844,53.43023654291858,52.55076773987878,52.560647759992825,36635400
2025-09-12,53.163429260253906,53.43023503051621,53.07449400349981,53.32153596453218,25705900
2025-09-15,53.04484939575195,53.449998055115124,52.98555796893254,53.25236373527821,31922000
2025-09-16,52.926273345947266,53.034968647006025,52.639703754232706,52.97568098634876,28482500
2025-09-17,53.440120697021484,53.687162666731325,53.01520820755566,53.0349682479185,47976100
2025-09-18,53.48952865600586,53.85514971787943,53.35118575527323,53.469764845963866,36609100
2025-09-19,53.60810470581055,53.76621140761667,53.2820075129573,53.617984725490444,46731400
2025-09-22,53.53672409057617,53.596210701075,53.17981199152375,53.23929860202258,32393000
2025-09-23,53.29878234863281,54.022522885272494,53.16990036328741,53.487154727472046,28698900
2025-09-24,53.15007019042969,53.49706596088837,53.041013296294025,53.368183978701,23893400
2025-09-25,53.01127243041992,53.2492113092034,52.7832460957648,53.01127243041992,24757500
2025-09-26,53.397926330566406,53.63586521106831,53.179812538464404,53.24921169377498,30686100
2025-09-29,53.665611267089844,53.68544013777762,53.27895774360407,53.57638323998002,20713800
2025-09-30,53.407840728759766,53.774669170387234,52.96170058486855,53.596213112830746,32442200
2025-10-01,52.93195724487305,53.298781891193805,52.9121283745354,53.15007103661689,33210100
2025-10-02,52.892303466796875,53.021189242662345,52.60479428028703,52.85264950512108,32443400
2025-10-03,53.25912857055664,53.50698377979121,52.922045334718796,52.96169929389886,32111600
2025-10-06,53.23929977416992,53.606124425396565,52.842729926053835,53.46732611314704,32001300
2025-10-07,53.30870056152344,53.586297194516845,53.06084534435919,53.417757462190984,31250500
2025-10-08,53.05093002319336,53.48715763413095,52.882390287673324,53.467328762545556,26848700
2025-10-09,52.8625602722168,53.34835816062063,52.73367450068591,53.16990210218415,33922400
2025-10-10,51.7125129699707,53.21947316200309,51.7125129699707,53.00135935808627,73596200
2025-10-13,52.20822525024414,52.366852445418864,51.89097085989471,52.09916834444203,39651900
2025-10-14,52.78324890136719,53.18973130770094,51.80174057379666,52.00002550463591,62588700
2025-10-15,52.78324890136719,53.29878442679056,52.40650791096966,52.97161750558071,39526600
2025-10-16,51.315940856933594,52.66427380031316,51.09783084454244,52.6345323854349,85420100
2025-10-17,51.73234176635742,51.910797827126714,51.28620161443419,51.45474513048097,52288900
2025-10-20,52.33710861206055,52.44616551282808,51.84139817727756,51.91079733558954,39479600
2025-10-21,52.27762222290039,52.67419208521817,52.20822306429036,52.20822306429036,31213600
2025-10-22,51.98019790649414,52.36685145101713,51.67285606706712,52.32719370748386,53727500
2025-10-23,52.08925247192383,52.22805078608902,51.84139725892302,52.13882275812991,29483700
2025-10-24,52.654361724853516,52.822901453291486,52.35693622751155,52.39659018704552,31947800
2025-10-27,52.872474670410156,52.97161524060546,52.743588903580005,52.91212862930608,27154100
2025-10-28,52.53539276123047,52.9418751604298,52.48581869291289,52.8724760031497,33648000
2025-10-29,51.64311218261719,52.12891006275934,51.424998385577396,52.00002429342033,61846300
2025-10-30,51.78190994262695,52.36684838863894,51.57371247420838,51.57371247420838,48568700
2025-10-31,51.92070770263672,52.049593469226494,51.49439644404543,51.56379559944677,40425800
2025-11-03,51.702598571777344,51.89096717078973,51.20688814935175,51.881054626408186,38693200
2025-11-04,51.970279693603516,52.08925291988576,51.39525756112111,51.50431446089462,44675200
2025-11-05,52.14873504638672,52.36684884298642,51.73234010593682,52.03968193005726,38036300
2025-11-06,51.96036911010742,52.2478820781849,51.722426430533154,52.05950968711385,42625700
2025-11-07,52.32719039916992,52.34701926968291,51.643111385338464,51.83147998225631,46218700
2025-11-10,52.51556396484375,52.69402002152316,52.19830959340712,52.475906222921566,42010600
2025-11-11,52.753501892089844,52.88238766000544,52.42633498211376,52.61470357985936,29995800
2025-11-12,53.20955276489258,53.427666552124215,52.763416428420925,52.763416428420925,46052700
2025-11-13,52.525474548339844,53.29878157709949,52.42633397920615,53.11041298295735,50455300
2025-11-14,52.000022888183594,52.35693498934163,51.82156683760458,52.35693498934163,46154600
2025-11-17,51.008602142333984,52.03968070678776,50.810317221174365,52.01985183647477,70048500
2025-11-18,50.92928695678711,51.30602793098078,50.71117694601841,50.84005893084572,66043600
2025-11-19,51.11766052246094,51.20688855047531,50.75083208397381,50.93920446643217,46003900
2025-11-20,50.6715202331543,51.94053771053656,50.6417788178939,51.5836255995302,70096400
2025-11-21,51.22671127319336,51.524140540816425,50.7012594558077,51.01851381143341,68942900
2025-11-24,51.444828033447266,51.52414351792172,50.889634770007895,51.29611717301334,43789100
2025-11-25,52.08925247192383,52.208221915212505,51.464656276210064,51.6629412030048,50989800
2025-11-26,52.49573516845703,52.69402009637921,52.148735599100604,52.218134756577804,35268500
2025-11-28,52.872474670410156,53.090584681233885,52.5750453958836,52.644444551414374,16136100
2025-12-01,52.436248779296875,52.94187553675506,52.38667849259736,52.61470483699148,29296300
2025-12-02,52.38667678833008,52.68410228082162,52.188391866012275,52.53539142556101,29771500
2025-12-03,53.0905876159668,53.140157903804585,52.426337438605245,52.48582027122238,32018000
2025-12-04,53.19964599609375,53.44750122413779,53.01127738428971,53.13024683479907,33678700
2025-12-05,53.2194709777832,53.46732618770881,52.99144463848809,53.080672665340124,28532300
2025-12-08,53.02118682861328,53.24921317124212,52.82290190137982,53.23930062676713,31164200
2025-12-09,52.82290267944336,53.48715662816413,52.7931612636099,53.04101648080995,46335400
2025-12-10,53.427669525146484,53.616041908954195,52.75350303797987,52.822902195602566,45437500
2025-12-11,54.399261474609375,54.50831837421511,53.467327228654774,53.49706864419436,51786500
2025-12-12,54.47857666015625,54.73634441801789,54.24063399123207,54.686774131733394,64428900
2025-12-15,54.51823425292969,54.83548862264767,54.349690741658655,54.706602853083986,35356800
2025-12-16,54.171234130859375,54.68677342186103,54.01260694762582,54.56780397992845,37342300
2025-12-17,54.16132354736328,54.59754737155591,54.1117532599276,54.32986328103867,41112400
2025-12-18,54.07209396362305,54.547975516879674,53.893637908405516,54.30012030485203,35021600
2025-12-19,54.3695182800293,54.54797433136838,54.091921658821974,54.091921658821974,46595300
2025-12-22,55.03709030151367,55.156475552537906,54.460058425572626,54.47000561516269,37987800
2025-12-23,55.14652633666992,55.275862567720644,55.02714109003232,55.02714109003232,24732900
2025-12-24,55.44499206542969,55.60417366139419,55.12662887350067,55.22611594778276,15685800
2025-12-26,55.33555221557617,55.514631979638594,55.15647245151375,55.42509209760738,20410100
2025-12-29,55.03709030151367,55.39524984977507,54.9773957784072,55.30570996270972,34223800
2025-12-30,54.897804260253906,55.116680372692855,54.85800791341255,55.116680372692855,16160900
