Date,Close,High,Low,Open,Volume
2015-01-02,25.548065185546875,25.631587776100798,25.1786408878279,25.291076181241788,55498200
2015-01-05,24.491188049316406,25.201123840019758,24.365905406889453,25.191487090733347,90790400
2015-01-06,24.131404876708984,24.64859836924929,23.961146639651545,24.449429882089944,83753200
2015-01-07,24.18279457092285,24.52973217506902,24.022175582060875,24.423723054215813,62384800
2015-01-08,24.725692749023438,24.783515695235234,24.27917206194135,24.378755071752643,56373800
2015-01-09,24.529739379882812,24.783517750926038,24.308084325876912,24.74175523301073,49904200
2015-01-12,23.82300567626953,24.2181269512422,23.694510016197196,24.2181269512422,57881200
2015-01-13,23.633481979370117,24.105702279808472,23.411826952425173,23.9193836325461,68102800
2015-01-14,23.707366943359375,23.742703321757208,23.032765138201952,23.408615485628733,104305000
2015-01-15,23.405405044555664,24.047881158980246,23.386131545395525,23.98684514383731,82692000
2015-01-16,24.166744232177734,24.19886755319138,23.52426800849562,23.543541510933352,85483800
2015-01-20,24.195659637451172,24.208509458763007,23.749138762989332,24.041464232561953,56171600
2015-01-21,24.687143325805664,24.69356945919769,24.19564950794269,24.37233141344654,56661600
2015-01-22,24.802785873413086,24.87988230775755,24.349841564431465,24.844545931422285,66037600
2015-01-23,24.62611198425293,24.979473376271784,24.587562532980108,24.69035861885563,42294800
2015-01-26,24.979469299316406,25.043715923433265,24.491186132962465,24.709628086152048,36724200
2015-01-27,24.963409423828125,25.08226838869348,24.72248087810109,24.78351689395788,43204600
2015-01-28,23.980430603027344,24.895958924935037,23.932244385905296,24.895958924935037,77666800
2015-01-29,24.060726165771484,24.205282282280336,23.51783317333127,24.173158973150745,60247400
2015-01-30,24.2695369720459,24.5458019060739,23.720217720050435,23.88083675374802,87696200
2015-02-02,25.01158905029297,25.02122579745328,24.40123640467669,24.56828152495968,70931400
2015-02-03,25.69582748413086,25.827536243360573,25.291069360074538,25.300706108144713,94055800
2015-02-04,25.27179527282715,25.5063001134817,25.059779447126623,25.361741529236564,82264400
2015-02-05,25.634796142578125,25.77935227781397,25.41635418100619,25.5705470651442,63572400
2015-02-06,25.641231536865234,25.882160172873437,25.512735774156965,25.837187023553465,52269200
2015-02-09,25.66691780090332,25.962456185488364,25.60909486036698,25.750440370756152,40407600
2015-02-10,25.65406608581543,25.73437558334156,25.188271980504414,25.7118890220683,43942600
2015-02-11,25.47417449951172,25.58982037612084,25.197909622151204,25.32640286207116,52393200
2015-02-12,25.808259963989258,25.92711890731081,25.63479359925715,25.821109778201166,52844600
2015-02-13,26.3543701171875,26.38328036549921,25.994582616135645,26.06204231304815,62375800
2015-02-17,26.4346866607666,26.479659804002488,26.07489906402704,26.229094448587567,44251800
2015-02-18,26.119873046875,26.32546526566271,26.04920026213187,26.219458539400584,38762800
2015-02-19,25.99778938293457,26.14555855715139,25.461322553546086,25.576968420472507,47744000
2015-02-20,25.872512817382812,26.05883147441644,25.65728391228457,25.927122697628313,51283600
2015-02-23,25.766496658325195,25.975301823960802,25.554480877679875,25.6187274897903,39359000
2015-02-24,25.837173461914062,25.94639320983355,25.6701307736691,25.923906646976505,30861400
2015-02-25,25.978519439697266,26.02027949979778,25.72795172653944,25.856447424116165,32051400
2015-02-26,25.496667861938477,25.837179450078672,25.361746002674455,25.824329632489142,38698200
2015-02-27,25.384227752685547,25.61551952369252,25.35853057323605,25.596246026392485,26724400
2015-03-02,25.20754051208496,25.35530966433403,24.963399001440433,25.332823107488537,35957000
2015-03-03,25.300710678100586,25.451692960741912,25.111178945364045,25.22361177791016,24699400
2015-03-04,25.26536750793457,25.326401057291815,24.98588958423644,25.307127562847555,33205600
2015-03-05,25.1143856048584,25.23324454085539,25.075836164598243,25.201118781879607,22489000
2015-03-06,24.664657592773438,25.06620516350979,24.603621577748914,24.93770945070378,38352600
2015-03-09,24.48798370361328,24.90559180168125,24.48798370361328,24.62290312987282,34882200
2015-03-10,24.147464752197266,24.433366433912237,24.13461493549804,24.292023351924616,38061200
2015-03-11,24.2181339263916,24.31771692747475,24.044665102960217,24.18922368124549,26102000
2015-03-12,24.063947677612305,24.372335965023254,24.05430847572413,24.256690050887617,38490000
2015-03-13,23.9739990234375,24.002911727486957,23.713796941253662,23.906539315125105,42023800
2015-03-16,24.298439025878906,24.317712519149076,23.76839590328916,23.84228171224335,33897000
2015-03-17,24.205286026000977,24.295232285815963,24.028606573036335,24.150676146949277,27872600
2015-03-18,24.908798217773438,25.040504541327746,24.00933071452482,24.047880162098938,55507400
2015-03-19,24.513671875,24.712840324450422,24.44299912032883,24.60683119244367,46481800
2015-03-20,24.874292373657227,25.019830731801193,24.68670773660151,24.78373248619594,45221200
2015-03-23,24.786962509155273,25.09744608829347,24.786962509155273,24.929268408241,24320200
2015-03-24,24.62201499938965,24.890454750749708,24.605845446207717,24.851643381606014,29561800
2015-03-25,24.942214965820312,25.12979716941895,24.751395395558234,24.77726965381497,31797000
2015-03-26,24.913103103637695,25.307676862947034,24.822545677075844,25.230056564108992,30637200
2015-03-27,24.7093448638916,24.867820334528215,24.657596361436312,24.81930673035248,23934600
2015-03-30,25.239755630493164,25.288269236502508,24.93897423424064,24.948676461941606,36375600
2015-03-31,25.090984344482422,25.226820477931696,24.903399702573598,25.04893806448286,18807400
2015-04-01,25.084510803222656,25.301204565673856,25.032764769991076,25.171835781338416,26586600
2015-04-02,25.136255264282227,25.281793581079764,24.90985931120348,24.96807513142328,27715400
2015-04-06,25.589054107666016,25.7281251477758,25.165371189654447,25.281802872886118,31086600
2015-04-07,25.6052188873291,25.779866379576475,25.495257022305406,25.566409978499266,28284200
2015-04-08,25.398239135742188,25.786345638996558,25.388536904974252,25.72489488745926,24091400
2015-04-09,25.805749893188477,25.863965744833617,25.443517653229254,25.466157014007624,27750200
2015-04-10,25.91893768310547,25.960981490641988,25.76369711104416,25.873658977295552,17701000
2015-04-13,25.660198211669922,26.067709001374364,25.61815440723777,26.032132525507077,19880600
2015-04-14,26.122699737548828,26.184150485754138,25.796046471048864,25.828388061023446,27440200
2015-04-15,26.746891021728516,26.80187441627572,26.219716166689857,26.271464663321545,40013800
2015-04-16,26.685443878173828,26.91830718771013,26.4752199199811,26.646632504083033,42555000
2015-04-17,26.49139404296875,26.59488858124503,26.281170068109446,26.55931210238402,33834800
2015-04-20,26.591651916503906,26.88273105716522,26.510796736737113,26.520498963508448,25420800
2015-04-21,26.31027603149414,26.6757430375346,26.200314167113216,26.65957101394712,23640800
2015-04-22,26.484933853149414,26.585193529485807,26.20355681850511,26.378204377852747,20259000
2015-04-23,26.666038513183594,26.83745357479083,26.514032841010533,26.54313952264866,25151600
2015-04-24,26.514034271240234,26.61105901610544,26.387897908157797,26.585184763806247,23015200
2015-04-27,26.484933853149414,26.704860135197706,26.439655130448767,26.6240049207315,22651200
2015-04-28,26.61752700805664,26.666038143447555,26.39436591524106,26.47845599575922,22250800
2015-04-29,26.824525833129883,26.863334755556906,26.439654235693645,26.52374434679426,31806200
2015-04-30,26.740427017211914,26.96682054935574,26.588418873842016,26.924776741244585,33104200
2015-05-01,26.80187225341797,26.847150950564732,26.588413423294142,26.766295781730665,22709200
2015-05-04,26.733963012695312,26.957121674273363,26.598124409011803,26.866564250154184,28868400
2015-05-05,26.404071807861328,27.057383153537405,26.394369579436233,26.93448168014039,32152600
2015-05-06,26.300575256347656,26.746895002452902,26.177676259812607,26.640168030398158,32777200
2015-05-07,26.01596450805664,26.25529515917005,25.821910094581824,26.248827830222925,34793200
2015-05-08,26.442873001098633,26.47197967515963,25.925400455260878,26.22294686067962,29030400
2015-05-11,25.944808959960938,26.481686039089734,25.91893471174882,26.468748914983674,36288800
2015-05-12,26.064476013183594,26.200314598041302,25.860721837153637,25.90600054293807,19703000
2015-05-13,25.996562957763672,26.323218655937072,25.899538198482826,26.290877069510124,25069400
2015-05-14,25.986862182617188,26.245599823519562,25.970692622251423,26.07095228603621,19235800
2015-05-15,26.090347290039062,26.19384181539142,25.812205290497587,25.876890911032884,19561200
2015-05-18,26.112991333007812,26.145332915335374,25.928641599485697,26.03860594040488,14459600
2015-05-19,25.741056442260742,25.964217550525305,25.702247531261353,25.938343298189366,27839600
2015-05-20,25.789569854736328,25.87365994044403,25.640796606179315,25.831616131342425,25247600
2015-05-21,26.032136917114258,26.070948297563547,25.841319848457356,25.935112167247993,20174600
2015-05-22,25.938344955444336,26.0547766308906,25.805743721883385,25.854257331236777,12721400
2015-05-26,25.527597427368164,25.78310009125846,25.430570224750088,25.728119161276872,26367200
2015-05-27,25.48232650756836,25.718422322546505,25.34325545733965,25.511433196741688,22750000
2015-05-28,25.38205909729004,25.42733780052199,25.220348737888994,25.39499375463837,24328400
2015-05-29,25.352951049804688,25.514661416223905,25.291500320963983,25.3755904024032,25956200
2015-06-01,25.28826141357422,25.420862596974754,25.255917374570622,25.417627699573647,16974400
2015-06-02,25.462913513183594,25.585812494340274,25.23005020783057,25.36588631345177,20366000
2015-06-03,25.28826141357422,25.572870697278194,25.252684944673252,25.38528612807379,17280600
2015-06-04,24.945449829101562,25.20418750187995,24.926045367270046,25.155673879795838,31892200
2015-06-05,25.120086669921875,25.343247755787754,24.82254020043688,24.832242427212915,37912000
2015-06-08,24.977779388427734,25.16859639900979,24.919563569224007,25.02305808475242,19414600
2015-06-09,24.974550247192383,25.288268763682034,24.964848019672818,25.12979082251431,22066200
2015-06-10,25.28180503845215,25.352958014022356,25.19448250230102,25.28180503845215,19570800
2015-06-11,25.16860580444336,25.36912758274701,25.145966447820758,25.32708130080159,16833000
2015-06-12,24.887226104736328,25.045704051254496,24.84518229489727,25.026297128055706,21009000
2015-06-15,24.829010009765625,24.961613702297814,24.641427849177806,24.715813240228705,16151000
2015-06-16,25.02306365966797,25.029530988796406,24.75462385200569,24.874290414669513,18035200
2015-06-17,24.96161460876465,25.26563091585071,24.83548070848524,25.155666573232615,20827400
2015-06-18,24.945449829101562,25.152438980322145,24.922810467796353,25.039242173796094,25345200
2015-06-19,24.713960647583008,24.9386017200166,24.704191484524134,24.837676056805797,34469800
2015-06-22,25.01674461364746,25.039536849911553,24.82791630141635,24.938608674658838,21154800
2015-06-23,25.098134994506836,25.143716979602765,24.9548861981215,24.980932337063024,14235400
2015-06-24,24.941864013671875,25.186040986145702,24.932097332196378,25.04278970078081,13596600
2015-06-25,24.68791961669922,24.96465301372816,24.681406839980493,24.935350486286968,17371400
2015-06-26,24.769309997558594,24.775820289870655,24.528386955774504,24.665127933291213,23544600
2015-06-29,24.30048942565918,24.613035617937225,24.280956064859406,24.456763763746373,27794400
2015-06-30,24.469791412353516,24.564204329821617,24.31351704501583,24.525137600909797,30341200
2015-07-01,24.157238006591797,24.528386762868923,24.05956871930095,24.51862008252947,27820200
2015-07-02,24.264678955078125,24.394907168763392,24.202819994700892,24.222355841286458,19400400
2015-07-06,23.94561767578125,24.176771529234838,23.844689526208608,23.94561767578125,27018200
2015-07-07,24.163755416870117,24.24840413587316,23.58098603385492,23.851209166585956,41372200
2015-07-08,23.675397872924805,24.163751781247854,23.577726097701625,23.997710756927017,33042600
2015-07-09,23.795856475830078,24.101892380924756,23.795856475830078,24.000966703243055,23912000
2015-07-10,23.92608642578125,24.08887107077562,23.808881282673582,23.93910949544839,26500800
2015-07-13,24.09538459777832,24.15398717115677,23.94236662929588,24.007479495762322,28717600
2015-07-14,24.26793098449707,24.365600264295278,24.0172412834998,24.02701044698614,25308400
2015-07-15,23.841442108154297,24.26468072869719,23.75679339048702,24.144221671448076,25416600
2015-07-16,23.874000549316406,24.049808292832257,23.828421039948996,23.978182639855767,15721400
2015-07-17,23.584238052368164,23.873994495831965,23.506099641353675,23.851204746926825,28192000
2015-07-20,23.271690368652344,23.629816035881387,23.24238784542565,23.62655964799038,27666800
2015-07-21,23.281455993652344,23.51260984551762,23.209830366672332,23.327035486476706,21238000
2015-07-22,23.092618942260742,23.32702911787224,23.043783075025782,23.187034289876227,30418600
2015-07-23,23.07309913635254,23.26192745855914,22.897291401417966,23.115422254728752,22569200
2015-07-24,22.630321502685547,23.082862606261273,22.54567279381702,23.073095925218077,25108200
2015-07-27,22.304750442504883,22.568460745236248,22.207078672065553,22.340563259406217,34393400
2015-07-28,22.942869186401367,23.066584627373985,22.321030625222953,22.337310083936277,37877200
2015-07-29,23.255414962768555,23.278204714181822,22.81264052054232,22.884266163240184,46854600
2015-07-30,23.092618942260742,23.274936863782845,22.991693304831777,23.206567643212058,25254400
2015-07-31,22.587995529174805,22.92658787509929,22.552182710016684,22.894031444200035,43578800
2015-08-03,22.112659454345703,22.487064530895974,22.067079965085238,22.34706967562573,33853200
2015-08-04,22.03778839111328,22.382891080562974,21.943372988851287,22.210339735838126,25525000
2015-08-05,21.871742248535156,22.454511502348925,21.848952500459593,22.21033456558375,36947600
2015-08-06,22.220104217529297,22.278706789546774,21.581988702170403,21.741516960035984,46519200
2015-08-07,21.822900772094727,22.30474423008244,21.744764867843823,22.128936582596207,34163400
2015-08-10,22.519620895385742,22.535900348891698,21.868482497481427,21.868482497481427,38888800
2015-08-11,22.56195640563965,22.58474616023537,22.02802288319971,22.070346003478342,42107800
2015-08-12,22.97216796875,23.030770539441566,22.35358831399032,22.483814040952446,46966000
2015-08-13,22.623807907104492,22.907054066586493,22.59450786503553,22.822405360782145,39627200
2015-08-14,22.57497215270996,22.82891827161856,22.522882360759567,22.67264392797453,24242400
2015-08-17,22.623807907104492,22.734502750678853,22.389397634967168,22.46427966008186,19064200
2015-08-18,22.53915786743164,22.64008352932478,22.42846304260717,22.581480971216767,22126800
2015-08-19,21.917320251464844,22.451253584769585,21.813138198232114,22.415440771105576,40366000
2015-08-20,21.422462463378906,22.00848575489,21.4192060746553,21.858724164262828,50673200
2015-08-21,20.67364501953125,21.438732173081164,20.660621952947494,21.20757832998542,50840400
2015-08-24,19.563457489013672,20.374125517979554,19.12393947117982,19.465786956378174,86002200
2015-08-25,19.28020668029785,20.422953922643405,19.26392722820964,20.422953922643405,55393200
2015-08-26,19.944374084472656,19.967165077279976,19.384395752288388,19.768567612409793,79464400
2015-08-27,20.93084716796875,20.979683051751966,20.33179970437547,20.406680482081114,64482800
2015-08-28,21.406179428100586,21.624310242107313,20.849456276403107,20.859222957045734,62926800
2015-08-31,21.6275634765625,21.767558341117784,20.862476303065694,21.24339169596168,72387000
2015-09-01,20.86573600769043,21.253164283703764,20.68667437648098,21.005730911165244,57425200
2015-09-02,21.05781364440918,21.194552097268087,20.56945989800256,21.1619956776201,51057800
2015-09-03,21.116424560546875,21.568965679487796,20.98619634645744,21.197816883865695,43790000
2015-09-04,20.768062591552734,20.917824147302447,20.680158745713175,20.81364208748107,33368400
2015-09-08,21.093631744384766,21.122931784251765,20.73550482865024,20.992706072981235,31255200
2015-09-09,20.69643211364746,21.494075589522236,20.663875693306878,21.240132033411758,36955400
2015-09-10,20.816890716552734,20.934097049594264,20.49783310299058,20.78433429878123,36985600
2015-09-11,20.63132095336914,20.65736708688921,20.344820936336408,20.608531207513085,26688600
2015-09-14,20.452255249023438,20.579227027164187,20.34807321352601,20.488068056590897,24962600
2015-09-15,20.680160522460938,20.74852977222743,20.51411949651578,20.51737588476079,29633200
2015-09-16,21.266178131103516,21.295480648092713,20.81363718253503,20.846193602826414,34433400
2015-09-17,21.2531681060791,21.630829768081103,21.116429566622035,21.28247064104686,39645400
2015-09-18,20.694955825805664,21.006529569766503,20.570327829552422,20.85238290200525,42473800
2015-09-21,20.81302833557129,20.967175024278706,20.681840755724252,20.91469974211801,31379400
2015-09-22,20.593286514282227,20.809747188895454,20.448978563800548,20.491615117452795,34100800
2015-09-23,20.32762908935547,20.767109990979616,20.3177903661676,20.6719981631327,27969400
2015-09-24,20.41618537902832,20.56049210239231,20.03573924369643,20.170207241931593,37824000
2015-09-25,20.455541610717773,20.642484895554237,20.271878735010095,20.642484895554237,31666800
2015-09-28,19.638887405395508,20.242353590733064,19.622489119332172,20.242353590733064,32702800
2015-09-29,19.60936737060547,19.89470151354127,19.478178597405012,19.733995328926152,37762400
2015-09-30,20.071813583374023,20.14724671864327,19.766800633614825,19.789758489952888,32256200
2015-10-01,20.111162185668945,20.55064295102503,19.930778560203066,20.32762278644977,34891000
2015-10-02,20.940933227539062,20.954052358645043,19.845510802373905,19.881587787360747,39859600
2015-10-05,21.57391357421875,21.64606753301702,21.183627616474283,21.203307561194368,47614000
2015-10-06,22.052751541137695,22.216736908789084,21.53455968104509,21.649348937957434,54932800
2015-10-07,22.331527709960938,22.610304856020672,21.87564855654278,22.334808118161888,80006200
2015-10-08,22.757883071899414,22.849714453014307,22.15113787334677,22.288884945019106,54143400
2015-10-09,22.610309600830078,22.83332986314804,22.469282045214033,22.807091596470908,51971400
2015-10-12,22.318408966064453,22.649657598630984,22.115066214591298,22.646379692959048,43492400
2015-10-13,22.08555030822754,22.41680148441128,22.023237563838123,22.147865554835334,41675600
2015-10-14,22.27577018737793,22.357762865484194,21.98715686124234,22.036352968549693,30353400
2015-10-15,22.67589569091797,22.68573441229772,22.098666515198158,22.174100882806325,39016400
2015-10-16,22.705413818359375,22.813642253185854,22.39384013616025,22.754607424090505,40062400
2015-10-19,22.256092071533203,22.49223137768494,22.138022418457332,22.47911224931897,39000400
2015-10-20,22.318408966064453,22.423359498582,22.092108363797397,22.210178025656898,27513000
2015-10-21,22.04291534423828,22.32825081743267,22.01995749022621,22.220019861853583,29324200
2015-10-22,22.439756393432617,22.49551081612411,22.15442346423613,22.164262185626626,37481400
2015-10-23,22.387285232543945,22.59718632302617,22.19050327299416,22.334808708814204,31262000
2015-10-26,21.839570999145508,22.344646253433677,21.833012685134236,22.344646253433677,23672200
2015-10-27,21.577198028564453,21.649352000894265,21.354177796917078,21.537840633961334,42214600
2015-10-28,22.05603790283203,22.20362377266978,21.554242942721125,21.728067078998098,39513000
2015-10-29,22.167543411254883,22.374166600272865,21.94124527872731,21.97404185568016,19507200
2015-10-30,22.31184959411621,22.551269341218415,22.02323623657089,22.285611333734394,28514400
2015-11-02,22.83332061767578,22.951390267696294,22.144580158483507,22.17737922965862,30773800
2015-11-03,23.41710662841797,23.590930685315616,22.984185438745804,22.994024158612817,42654400
2015-11-04,23.207204818725586,23.505656820956776,23.03338076765876,23.440063689231867,35437600
2015-11-05,23.01042938232422,23.348238859772845,22.90547633854696,23.09242207111149,32467000
2015-11-06,22.89236068725586,22.98419210226171,22.55454869317236,22.807087586656834,27522400
2015-11-09,22.666059494018555,23.092422484227164,22.57094767305761,22.8398835970023,25374000
2015-11-10,22.715251922607422,22.915314254540725,22.485670925819107,22.57094401046722,25370800
2015-11-11,22.233135223388672,22.74476874160606,22.180658707562277,22.71197217032356,28739400
2015-11-12,21.728063583374023,22.075711799998118,21.68870619004702,21.92156513724037,38623000
2015-11-13,21.639514923095703,21.83629690663608,21.383695592052668,21.655911962096503,35559200
2015-11-16,22.361047744750977,22.384005599122876,21.59359482305602,21.60999436284386,34726200
2015-11-17,22.115070343017578,22.393845012475836,22.033077645987586,22.302013592157213,30457800
2015-11-18,22.47911834716797,22.508634517334766,22.059316134449784,22.269217240808874,41903000
2015-11-19,22.177392959594727,22.469286857795293,21.99372755573528,22.347936725086317,37825000
2015-11-20,21.941238403320312,22.285606106743394,21.91828055642544,22.18393599938291,28428000
2015-11-23,22.09866714477539,22.223297625051003,21.780537634821954,21.921562648240148,32814600
2015-11-24,22.570945739746094,22.672615866242758,22.160982323591,22.203617618072606,37886200
2015-11-25,22.387285232543945,22.574228469449,22.24953560886256,22.38072441596854,22201200
2015-11-27,22.226585388183594,22.318419336247615,22.147873077776524,22.206907936136634,16752800
2015-11-30,22.30856704711914,22.525028921187936,22.2265743679509,22.318408270482443,35210600
2015-12-01,22.48567771911621,22.50535766903783,22.27249869641789,22.328253133055338,27594000
2015-12-02,21.790376663208008,22.423360288501755,21.718222700394502,22.33808719588414,50856200
2015-12-03,21.354177474975586,21.96748372831412,21.249226926501347,21.895329757072123,48438400
2015-12-04,21.219701766967773,21.344332225447136,20.81957839242375,21.154108632560085,65678600
2015-12-07,20.412904739379883,20.724476022866504,20.121009653613246,20.694958598512997,65600800
2015-12-08,20.202999114990234,20.478494614335975,19.760239071913855,19.96358060084953,54673800
2015-12-09,20.46865463256836,20.901575926183344,20.18004001978866,20.294830533936185,57513800
2015-12-10,20.599843978881836,20.90485688714584,20.337466368811473,20.478493896336083,77829800
2015-12-11,19.829113006591797,20.321069175303126,19.809435560553254,20.24563604623383,58008000
2015-12-14,19.93405532836914,20.03900583428886,19.52081286769883,19.7339930354882,78233200
2015-12-15,20.435861587524414,20.530972171423183,20.189883480433355,20.216120494612873,58140600
2015-12-16,20.3013916015625,20.570327538677596,20.08493093873549,20.357146033133304,57502400
2015-12-17,19.802879333496094,20.353870435435653,19.802879333496094,20.314513034504653,58149600
2015-12-18,19.45604705810547,19.836628946811548,19.449428077983445,19.823392249008872,54278400
2015-12-21,19.47590446472168,19.63144735529188,19.264102131782717,19.459357644168602,48030000
2015-12-22,19.70425033569336,19.830007152843002,19.44942531814088,19.54539862262971,50583000
2015-12-23,20.561389923095703,20.57462661988988,20.03188291564897,20.101381570414475,60421000
2015-12-24,20.376066207885742,20.6143444702785,20.30325868050095,20.587868546705295,14430600
2015-12-28,20.005414962768555,20.12786297062158,19.902822637980414,20.021961786136526,25107800
2015-12-29,20.1444034576416,20.409156335577197,20.03519344781124,20.34958804267783,30212600
2015-12-30,19.873031616210938,20.151022453881065,19.853175939375337,19.86641263645197,30102400
2015-12-31,19.962387084960938,20.068288242246563,19.717491132153445,19.780369549778854,38404800
2016-01-04,19.955768585205078,20.11462032495743,19.62482714511066,19.909436985582484,43617400
2016-01-05,20.03188705444336,20.05505285667106,19.720802522784542,19.942532704804417,31058400
2016-01-06,19.260787963867188,19.598348312363672,19.09862613728354,19.558634439052692,53924200
2016-01-07,18.790857315063477,19.320364454185203,18.71143206478225,18.886830649724747,56163800
2016-01-08,18.549270629882812,18.992732285775254,18.479773218590516,18.949709537738375,38454200
2016-01-11,18.152137756347656,18.64854992393173,17.923788613737898,18.62538412377312,56889400
2016-01-12,18.195154190063477,18.493001892337084,17.692123216468598,18.433432351882363,71188200
2016-01-13,17.758316040039062,18.549265809281827,17.566370678384956,18.416890002523445,67916800
2016-01-14,18.522790908813477,18.68495149088277,17.659033636649347,17.940333326940078,76148600
2016-01-15,17.98666763305664,18.158757341712032,17.645798337273895,17.74839064313811,73760400
2016-01-19,17.599470138549805,18.208402585984295,17.318170351463284,18.122357083797603,71744600
2016-01-20,17.13283920288086,17.390973132685232,16.52390687781195,17.251978328157172,102614800
2016-01-21,17.66565704345703,17.880768253929183,17.00046394333038,17.11298410013361,87341400
2016-01-22,18.446670532226562,18.57242733032261,18.01975590792729,18.31098463564009,77245000
2016-01-25,17.586233139038086,18.55920206936862,17.572995174523246,18.095883410883435,58240000
2016-01-26,18.251420974731445,18.274586774604362,17.672273453025714,17.90393145175488,50709800
2016-01-27,18.16537094116211,18.671710814991556,17.937021858589066,18.12565833168008,72989000
2016-01-28,18.71805763244629,18.926549934628746,18.344093265329157,18.85374363999257,76343800
2016-01-29,19.26409912109375,19.283956060118992,18.69488075589093,18.75114018946719,62996400
2016-02-01,18.943090438842773,19.08539411055255,18.661789429790446,18.943090438842773,55370200
2016-02-02,18.310991287231445,18.56581509630049,18.218326821492152,18.479770873586993,50462400
2016-02-03,18.962947845458984,18.979494668099754,17.907244906701468,18.57574689341006,72881400
2016-02-04,18.95301628112793,19.360074097846084,18.863661941491056,19.002656739298594,74112200
2016-02-05,18.51286506652832,18.777619248036864,18.357323436699776,18.698192741096,60482000
2016-02-08,18.41689109802246,18.53272009363111,17.870837233144282,18.145519226218173,69613400
2016-02-09,17.973424911499023,18.363935799813106,17.685505032230154,18.14220444206953,74822600
2016-02-10,17.900623321533203,18.307681159009977,17.70867667198207,17.920480263278947,60431600
2016-02-11,17.824504852294922,17.960190782239618,17.331401587408315,17.58953675012458,95973800
2016-02-12,18.294443130493164,18.37386963474226,17.907242236187656,18.069402841302434,51564000
2016-02-16,18.476463317871094,18.658480878235096,18.208400266282368,18.60222017052023,67600400
2016-02-17,19.082080841064453,19.16481619005666,18.625381361143937,18.698188872238273,58560000
2016-02-18,18.843809127807617,19.27403410082686,18.75114590897476,19.244249314424632,57664600
2016-02-19,18.800783157348633,18.80740213746433,18.433437966796397,18.592289702248998,50257600
2016-02-22,19.280651092529297,19.36669658886291,19.07546771752407,19.15820309191475,49416600
2016-02-23,18.622079849243164,19.18798955662062,18.588984939125286,19.09532633317404,42910000
2016-02-24,18.810712814331055,18.853735558020485,18.224946273112792,18.274587997557635,50559600
2016-02-25,18.827260971069336,18.87690269903699,18.45991571894515,18.75445344003454,37177800
2016-02-26,18.939775466918945,19.194600486945475,18.876897057733647,19.14164991541017,42310200
2016-02-29,18.724672317504883,19.068850548222258,18.708124231100857,19.015899954077913,45966600
2016-03-01,19.21446418762207,19.244248973496635,18.665101341168004,18.857046757127264,47286000
2016-03-02,19.684396743774414,19.697634704389987,19.0026569213693,19.095321383236904,53590000
2016-03-03,19.98224639892578,20.018650162774634,19.595044220873422,19.60497332347681,48791200
2016-03-04,20.1741886138916,20.46210855758826,19.87965095275851,20.094763380241115,61103200
2016-03-07,20.64743423461914,20.670600032174292,20.06828677085785,20.1642600821242,66721000
2016-03-08,19.780370712280273,20.491894075707034,19.747275809657655,20.478657377099434,59635200
2016-03-09,20.101383209228516,20.359517123158508,19.803535414354386,20.048432630411046,50935200
2016-03-10,20.117929458618164,20.141095257292115,19.753893134922144,20.015337162746846,57247200
2016-03-11,20.63750648498535,20.70700387794923,20.35951565068854,20.382681448343167,49567200
2016-03-14,20.501829147338867,20.574635429425115,20.299954601105096,20.37938112808497,43532200
2016-03-15,20.462112426757812,20.4654212861017,20.07491023656154,20.220524034082345,43439200
2016-03-16,20.81621742248535,20.862549022854836,20.442253235666538,20.58455815819649,53940800
2016-03-17,21.100826263427734,21.272915968650775,20.796360735877204,20.984997261086,56321600
2016-03-18,21.161487579345703,21.281476042386277,20.964838019245988,21.261478600940258,60948000
2016-03-21,21.088163375854492,21.228150572633336,20.854850109768073,21.07816465364315,33397000
2016-03-22,20.97150230407715,21.16148689182562,20.828182649702683,20.841513853081967,28360200
2016-03-23,20.51154327392578,20.89817614220605,20.471545849601952,20.821516319434206,37747600
2016-03-24,20.611534118652344,20.611534118652344,20.13157647389185,20.228233736558742,31032000
2016-03-28,20.501543045043945,20.67486140074535,20.3582233929659,20.618200290790632,23129800
2016-03-29,20.59820556640625,20.614870527180535,20.151577751798303,20.271567503701185,28733800
2016-03-30,20.638198852539062,20.871512085253578,20.518210388800437,20.784853538422098,31489600
2016-03-31,20.628198623657227,20.788184501733866,20.52487512592602,20.55820504039646,28092800
2016-04-01,20.351564407348633,20.411559293063288,20.201577193061993,20.271570802577354,29609600
2016-04-04,20.201568603515625,20.528206580491982,20.141573743310307,20.31489208707515,31619000
2016-04-05,20.064916610717773,20.208237543551498,19.978256791515836,20.031585422003626,32097600
2016-04-06,20.498212814331055,20.501545297624936,20.07824998928248,20.22823589515025,36437600
2016-04-07,20.37822151184082,20.528208677676975,20.20823690486305,20.338225358102783,27854200
2016-04-08,20.78818702697754,20.90151052997963,20.684863516695117,20.761523346453163,35333000
2016-04-11,20.701528549194336,21.018167862066434,20.701528549194336,20.95483923661908,32471400
2016-04-12,21.318143844604492,21.441467357541335,20.73819504410258,20.781523689934915,55260800
2016-04-13,21.418134689331055,21.481460776144967,21.158156474876954,21.308143661782207,37405800
2016-04-14,21.468128204345703,21.511456841885146,21.341470960460228,21.50812308733299,34871000
2016-04-15,21.17815589904785,21.384805484124318,21.1514909442812,21.348141807047686,28442400
2016-04-18,21.52812385559082,21.581453765027863,20.69153188030505,20.741526763219746,41371600
2016-04-19,21.958080291748047,21.98141148457484,21.551451294325275,21.651441030907545,34682800
2016-04-20,22.15473747253418,22.324723379426242,21.771437014719154,21.841430613342936,42176600
2016-04-21,22.02474594116211,22.27805534591267,21.97808354855492,22.184730560698288,38670200
2016-04-22,22.344711303710938,22.4280373441292,22.061403274870628,22.07806695720891,31529000
2016-04-25,22.094743728637695,22.271394611777332,21.928091568255372,22.26806085655484,34468600
2016-04-26,22.448043823242188,22.45804254525491,22.168069435246064,22.22139680028391,27171400
2016-04-27,22.87467384338379,22.924669998386097,22.548037044134183,22.56470073386157,43924800
2016-04-28,22.53470230102539,22.938000169786683,22.448042477261282,22.77134803180715,31110400
2016-04-29,22.498031616210938,22.804670844237425,22.15472872582161,22.58469141296939,48214800
2016-05-02,22.474706649780273,22.551367749471094,22.198063500035207,22.4580404193967,30132000
2016-05-03,21.94474983215332,22.21139423999453,21.80809641674411,22.17139681594549,32316200
2016-05-04,21.62810707092285,22.111397093176976,21.498118649960457,21.958077482372847,37210800
2016-05-05,21.80476951599121,22.114742656800402,21.624784865562294,21.99475288984779,28704000
2016-05-06,21.754772186279297,22.02141666359548,21.608120012374574,21.66478113735845,25091000
2016-05-09,21.438129425048828,21.678108893781147,21.164820039639167,21.631446501850935,32041600
2016-05-10,21.81476593017578,21.821433440361975,21.538125287290224,21.548124009659453,20702800
2016-05-11,21.88142204284668,22.074739096250383,21.58478149737622,21.761432323003646,28429600
2016-05-12,21.941423416137695,22.244729017010133,21.77810247275783,22.078076861413603,24954400
2016-05-13,21.66144371032715,22.011414209618444,21.614781316142945,21.84476207527207,24743800
2016-05-16,22.028076171875,22.09807230057836,21.88142403431591,21.94475011122864,27455400
2016-05-17,22.131404876708984,22.30139077287653,21.96141898054144,22.031412574749282,31674600
2016-05-18,21.9180908203125,22.20139895820334,21.778101085914383,22.128071607544786,41166400
2016-05-19,21.921419143676758,21.971415289165833,21.494790115601244,21.698105909123104,33709800
2016-05-20,22.05141258239746,22.098074978581543,21.85476173312752,21.988083954900553,19667000
2016-05-23,21.994752883911133,22.09141144853633,21.844766946716017,21.921425521580957,20545000
2016-05-24,22.104738235473633,22.234726692347014,21.968084812336606,22.108071990060296,22605800
2016-05-25,22.454708099365234,22.488038015577608,22.21806238847488,22.238059829620383,28511000
2016-05-26,22.36138153076172,22.638024676216215,22.291387941473776,22.541366135892,21433600
2016-05-27,22.374711990356445,22.391378218979938,22.15806627570781,22.281387213047594,18517400
2016-05-31,22.288061141967773,22.604699233749322,22.188068827241917,22.428048348255814,30812200
2016-06-01,22.29472541809082,22.361385263900385,22.01475101419852,22.071412137427657,33391400
2016-06-02,22.264726638793945,22.27805657206422,22.041410841414635,22.12473691035786,25700000
2016-06-03,22.178070068359375,22.38138590983785,22.048081585172834,22.26472990478713,24315400
2016-06-06,22.668020248413086,22.688017687471156,22.354713474320175,22.394710895345654,36447600
2016-06-07,23.181318283081055,23.241313167081653,22.734689137096517,22.741356648046782,31236600
2016-06-08,23.127975463867188,23.41795099857584,23.064646859722913,23.32129248700629,36259400
2016-06-09,22.951335906982422,23.067991911561037,22.83801111474164,22.861342315657364,24681200
2016-06-10,22.454708099365234,22.861337145811586,22.42470939473737,22.714685005895213,28980400
2016-06-13,22.388042449951172,22.69135049181941,22.32138262727491,22.344713819502527,23147600
2016-06-14,22.374711990356445,22.48803675059538,22.121402607063697,22.294719687364495,24405000
2016-06-15,22.321380615234375,22.591356178519753,22.164727248865674,22.291381917697663,33659000
2016-06-16,22.214731216430664,22.248061136517624,21.778100871688814,22.08140899317292,39987400
2016-06-17,22.441524505615234,22.48513844753274,22.310680120208875,22.444880211810073,34871800
2016-06-20,22.63611602783203,22.813930073270228,22.615986908621373,22.763604715589565,21826400
2016-06-21,22.90452003479004,22.951492258759036,22.518698157873516,22.585796946992545,22444600
2016-06-22,22.77702522277832,23.00516462831273,22.756896103354535,23.00516462831273,20516400
2016-06-23,23.152786254882812,23.159495108504025,22.927999983932235,23.01523043893314,19077000
2016-06-24,22.404624938964844,22.662960626913915,22.240231130050102,22.260360252873078,53759800
2016-06-27,21.68665885925293,22.119452950331553,21.508844768427423,22.099323825982903,43319400
2016-06-28,22.29054832458496,22.293901470723135,21.965113973433965,22.09260263733028,29100800
2016-06-29,22.71327781677246,22.847477908263844,22.428104222136927,22.428104222136927,32708800
2016-06-30,22.894445419311523,22.907865683173366,22.569011059709297,22.61598326305254,24264600
2016-07-01,23.015228271484375,23.099103011948714,22.85083449687737,22.867610468831817,25357600
2016-07-05,22.552236557006836,22.787084764077065,22.32745290743198,22.70656574446063,30139800
2016-07-06,22.649539947509766,22.666313363006402,22.267071262886187,22.421400507589173,31795000
2016-07-07,22.41803741455078,22.927994639481653,22.260352514839187,22.78373256319204,28195600
2016-07-08,22.716623306274414,22.79714230109468,22.495195430605502,22.619328347692438,23135800
2016-07-11,22.760251998901367,22.944777481417955,22.7401228770466,22.83741789876858,19500800
2016-07-12,23.323890686035156,23.424541415646118,23.055493006496565,23.102462664407177,31049000
2016-07-13,23.122594833374023,23.38428369326048,22.90787563758746,23.25679497065431,25092400
2016-07-14,23.240009307861328,23.360789125110582,23.172910547013366,23.30375492242445,21797200
2016-07-15,23.226594924926758,23.377568438251423,23.139364475627122,23.323887374173488,18259000
2016-07-18,23.24337387084961,23.25343843284661,23.01187870630008,23.159499108001768,18802200
2016-07-19,23.112524032592773,23.22323930793936,23.025293582957215,23.186334216157164,13983800
2016-07-20,23.078975677490234,23.193044104706118,22.827351436644925,23.018585757301192,23110000
2016-07-21,22.850833892822266,23.226593641644833,22.79379968513114,23.015227663083568,18513800
2016-07-22,22.92128562927246,22.9581907144675,22.773665288492307,22.90115651358556,15981200
2016-07-25,22.465009689331055,22.820637762061985,22.381134950694218,22.770314966602996,25543400
2016-07-26,22.595855712890625,22.615987392185747,22.32074665262863,22.334166918940685,24787800
2016-07-27,22.374427795410156,22.79044581390926,22.27713278405114,22.626052030411515,32355800
2016-07-28,22.377775192260742,22.485134735888984,22.220092862286,22.34758152045284,21727000
2016-07-29,22.605918884277344,22.632759415252938,22.038927385427904,22.059056503832643,33003600
2016-08-01,21.861116409301758,22.424752280816982,21.783950511851398,22.407978866348138,61297000
2016-08-02,22.059057235717773,22.166416803528264,21.66316834948147,22.015443291175828,51200200
2016-08-03,22.48513412475586,22.495201241404967,21.97517694629541,22.06240737301418,47811200
2016-08-04,22.451587677001953,22.605916876926692,22.32409900566943,22.401262325804957,33580400
2016-08-05,22.65625,22.68644624493803,22.42475484087521,22.46501564757439,22853600
2016-08-08,22.958192825317383,23.11252203229817,22.807219324477472,22.813928177105417,43326800
2016-08-09,22.83740997314453,23.058840475317936,22.746826396580346,23.02193539162237,22256800
2016-08-10,22.589147567749023,22.934711117242458,22.542177914011326,22.88438575690802,36073600
2016-08-11,22.92128562927246,23.018580621181783,22.63611206520918,22.68643741408001,34859400
2016-08-12,23.048778533935547,23.11923557110559,22.92128984504764,22.981679762869078,20379400
2016-08-15,23.233299255371094,23.280268897468876,23.112519444361503,23.179618201743047,21406800
2016-08-16,23.27020835876465,23.34401854042402,23.052133520131218,23.193042470760588,20485600
2016-08-17,23.340667724609375,23.35408799314609,23.132657401772,23.15614223179763,29439000
2016-08-18,23.82042694091797,23.82042694091797,23.3976975207563,23.421182346340057,48297000
2016-08-19,23.62248420715332,23.743261484032228,23.535253756400827,23.743261484032228,22091400
2016-08-22,23.350730895996094,23.4614461850921,23.243371313748117,23.41783223468504,28273400
2016-08-23,23.515121459960938,23.575511376642247,23.350727682193924,23.350727682193924,24912400
2016-08-24,23.42118263244629,23.538609321453546,23.36079271454263,23.384277540413272,32905200
2016-08-25,23.357437133789062,23.454732133587147,23.280271251309973,23.384275103663125,23791600
2016-08-26,23.276918411254883,23.57886800648719,23.166205692714783,23.39769824934781,29150200
2016-08-29,23.434606552124023,23.454738234333185,23.18298228157225,23.209822818081506,14788000
2016-08-30,23.354082107543945,23.57886578966226,23.266851663865996,23.488282199436053,14265800
2016-08-31,22.98503303527832,23.256786356869977,22.85754180023728,23.223236974889513,26465600
2016-09-01,22.91792869567871,22.97160974750608,22.7367589852415,22.887735023765895,33337000
2016-09-02,23.176265716552734,23.23329991791885,23.032001080380233,23.142716336905227,21588800
2016-09-06,23.525188446044922,23.545317564940163,23.216527451612006,23.23665913016123,25688200
2016-09-07,23.659387588500977,23.709712948804075,23.528543187505413,23.632549614706257,30189000
2016-09-08,24.10224723815918,24.135799186309647,23.69629375015038,23.81036474262257,36010600
2016-09-09,23.3842716217041,23.95126556519786,23.3842716217041,23.87745539981366,43543600
2016-09-12,23.61577606201172,23.736555915257465,23.17627316026739,23.219887111851637,43945800
2016-09-13,22.941423416137695,23.367508630017607,22.87432463205095,23.35744406837005,49160800
2016-09-14,22.669662475585938,23.1896868381459,22.612628272110086,22.914577819414138,52940400
2016-09-15,22.95148277282715,23.119232235947987,22.723343400596658,22.760245927601865,32954800
2016-09-16,22.766183853149414,22.85056556138959,22.61767379773196,22.61767379773196,34788800
2016-09-19,22.752683639526367,23.01595414094208,22.749307650370334,22.951823222603558,23595000
2016-09-20,22.587291717529297,22.880940946007897,22.570416923441442,22.72567893472467,28265800
2016-09-21,23.110458374023438,23.12058376511226,22.756054235165188,22.783056994818654,40521800
2016-09-22,23.137466430664062,23.4446145228834,23.117213068724805,23.360232810992027,26631800
2016-09-23,22.830310821533203,23.235341920889674,22.698675585486104,23.026076968776298,46150400
2016-09-26,22.729053497314453,23.029454718712064,22.685175940318235,22.907944864587787,26480400
2016-09-27,22.577167510986328,22.637922438166235,22.32402241025756,22.502911202752536,38820400
2016-09-28,23.5526180267334,23.586370189321986,22.516410927001612,22.708801086393997,82286800
2016-09-29,23.512117385864258,23.778761283382494,23.29947386046042,23.535744158117456,54003200
2016-09-30,23.83277130126953,23.95765716395055,23.525620628915746,23.67750925787248,29429000
2016-10-03,23.815885543823242,23.91039261739006,23.616746006682387,23.873267045738483,26309800
2016-10-04,23.5728702545166,23.893522256579743,23.47836316342434,23.836143319148743,23705600
2016-10-05,23.93403434753418,24.045416270381853,23.788897673693807,23.812524454313124,26702400
2016-10-06,23.97115135192871,24.0825358100044,23.755134413607685,24.004906090830456,22351600
2016-10-07,23.83277130126953,24.07579104749988,23.761890971139934,23.974531961528726,23488800
2016-10-10,24.20741844177246,24.295176116066376,23.832763550695205,23.832763550695205,23069000
2016-10-11,23.930652618408203,24.163544378625293,23.799017361508223,24.123042807348583,27424400
2016-10-12,23.82939338684082,23.913775093292188,23.626877806382605,23.82939338684082,20878200
2016-10-13,23.697751998901367,23.81926183076022,23.387228017539698,23.680877207052703,27086800
2016-10-14,23.559370040893555,23.896896817553202,23.542492672010592,23.819264525866508,22744800
2016-10-17,23.44460678100586,23.640372905978072,23.31634754832991,23.566116612014497,14850000
2016-10-18,23.539119720458984,23.728136490862163,23.434487230233756,23.6775069528055,13890200
2016-10-19,23.87327766418457,24.05553991563094,23.697762242244394,23.72138902114491,28631800
2016-10-20,23.846267700195312,23.944150776141655,23.59987201589935,23.731507255072884,24989000
2016-10-21,23.691009521484375,23.7315110938585,23.552622282205032,23.691009521484375,28477000
2016-10-24,23.62013053894043,23.772016594238142,23.360233417496993,23.6910108697544,21336800
2016-10-25,23.512117385864258,23.866518969662252,23.471613244090896,23.613373877610094,26454200
2016-10-26,23.56612205505371,23.664005140147758,23.262347407369646,23.3028515521026,35735600
2016-10-27,23.478363037109375,23.701131957878424,23.47161363426414,23.667379793402077,28412600
2016-10-28,23.414236068725586,23.772013668358298,23.265723446179827,23.43786284275557,37116800
2016-10-31,23.16109275817871,23.454739461790158,23.120588610210557,23.329856178691198,25947600
2016-11-01,23.16446304321289,23.414234725920043,22.911317946641514,23.333226440927138,37649600
2016-11-02,22.907943725585938,23.02607758479829,22.614294496865224,22.94507187778482,45966000
2016-11-03,22.999080657958984,23.039584809302372,22.78306366771221,22.90794953634342,25496200
2016-11-04,22.874187469482422,23.107081758709775,22.73580283647945,22.88431543542151,35108200
2016-11-07,23.36697769165039,23.380476495341952,23.134083413538107,23.134083413538107,29599000
2016-11-08,23.39735984802246,23.528995106249315,23.218471039412908,23.252223207525496,22417400
2016-11-09,23.778762817382812,23.95427820126507,23.204968268431678,23.478364161445132,51987600
2016-11-10,23.880027770996094,24.0589166129495,23.680888139425576,23.76189387301987,41269600
2016-11-11,23.44460678100586,23.785509505509243,23.25221664442962,23.738255968464177,35319400
2016-11-14,23.576244354248047,23.59987112512779,23.231968182125353,23.360227427597554,25144000
2016-11-15,24.241174697875977,24.25467607890485,23.76188725941407,23.782138043394816,38457400
2016-11-16,24.07241439819336,24.349186307120235,23.998158080533024,24.187174864157186,33218200
2016-11-17,23.910400390625,24.43356802882541,23.84964803083122,24.27493000014043,20676000
2016-11-18,24.00828742980957,24.14329870460899,23.87327873013603,23.99478604481704,23924600
2016-11-21,24.578699111938477,24.605701871374592,24.34580481827052,24.34580481827052,33750800
2016-11-22,24.56519889831543,24.706959529397015,24.268176255793307,24.585449681291372,32026400
2016-11-23,24.666461944580078,24.744091675267185,24.420066219729854,24.447068984805988,22924000
2016-11-25,24.544944763183594,24.61582506904411,24.423434931672812,24.56181955498392,17583600
2016-11-28,24.204042434692383,24.669828413048638,24.16016488514151,24.663079011242615,37580200
2016-11-29,23.907024383544922,24.052161013715978,23.65050328891406,23.83614406301373,36723400
2016-11-30,25.12211799621582,25.355012295283547,24.737337678266922,24.737337678266922,89709600
2016-12-01,25.182870864868164,25.672283619235166,25.162620084035655,25.58790193226674,54764800
2016-12-02,25.25713539123535,25.375269276459093,25.09849735602394,25.169377687158185,36677600
2016-12-05,25.47989845275879,25.685790015187063,25.378641953693798,25.486650431104923,45070200
2016-12-06,25.432647705078125,25.53390679041739,25.172753162891418,25.32463921577481,33927000
2016-12-07,25.63515853881836,25.672286691537717,25.375264044907887,25.375264044907887,32016600
2016-12-08,25.773548126220703,25.807300293123635,25.5035256407467,25.702667803186962,29200400
2016-12-09,25.854551315307617,25.90855683717511,25.706041280422053,25.90855683717511,17949600
2016-12-12,25.97606086730957,26.47897505210518,25.868052399934843,26.428348094839674,32260400
2016-12-13,26.26972198486328,26.458736244536475,25.932195049660496,26.171838864639337,32057200
2016-12-14,25.7431640625,26.24945418697007,25.672283754089158,26.144821718619504,39702800
2016-12-15,25.80055046081543,25.895057556622408,25.490023835145777,25.63516046802799,40503600
2016-12-16,25.960702896118164,25.98445457863563,25.828371723700954,25.98445457863563,35729800
2016-12-19,25.841947555541992,25.98106383004223,25.791050347314275,25.93356045936024,14226400
2016-12-20,25.784257888793945,26.008204527954074,25.713002845990015,25.974273925010163,17964200
2016-12-21,25.824983596801758,25.943742035648146,25.696046233017082,25.838556359632747,16205400
2016-12-22,25.930160522460938,25.998024313714662,25.79104428068395,25.841941476939507,21940800
2016-12-23,25.906415939331055,25.960706987206144,25.848733642518503,25.889451928424823,12796200
2016-12-27,25.964096069335938,26.052317720400687,25.923380375567152,25.947132059845423,20017800
2016-12-28,25.682466506958008,26.03195664169512,25.662106073861896,26.02177771951662,16187400
2016-12-29,25.631572723388672,25.71979437525865,25.539957234093837,25.645145484348625,13394800
2016-12-30,25.556922912597656,25.75033021902158,25.475488938508466,25.60782011718066,17706600
2017-01-03,25.845333099365234,26.06249205704522,25.57049185983816,25.824975256063667,49246200
2017-01-04,25.79104995727539,25.913202219678777,25.706222141091903,25.865698849715184,22371000
2017-01-05,25.726587295532227,25.90302806426181,25.60443499843473,25.80802129735048,22282400
2017-01-06,25.750328063964844,25.838549705276115,25.580672455379627,25.80801034958642,14821000
2017-01-09,25.37708854675293,25.604426461599214,25.339764102376453,25.580674777790488,21921800
2017-01-10,25.1463565826416,25.414412776931922,25.12599873633124,25.356730486559655,19321600
2017-01-11,25.417808532714844,25.465311903517385,25.129391881605702,25.234580135873806,26254000
2017-01-12,25.312618255615234,25.587462123282712,25.210826435775612,25.560316602496407,21791200
2017-01-13,25.23796844482422,25.33297776410162,25.17350107123862,25.278686724514536,19813400
2017-01-17,25.394046783447266,25.45512289774892,25.295648821992344,25.316006663846633,19566000
2017-01-18,25.336374282836914,25.404238096437382,25.224400931950985,25.25494029525614,17450400
2017-01-19,25.197250366210938,25.346545533449884,25.136174246832592,25.33636661167666,18001800
2017-01-20,25.29225730895996,25.44494631437178,25.207429508455828,25.36011851386765,18364400
2017-01-23,25.024208068847656,25.227794328608976,24.902055795242916,25.17689711648371,30414000
2017-01-24,25.299043655395508,25.407623141905134,25.075099597042783,25.12260296059455,23714400
2017-01-25,25.431371688842773,25.50941439862299,25.299040536869274,25.305828210105208,18820600
2017-01-26,25.451740264892578,25.553532097357532,25.397449216586203,25.51281639986742,17303400
2017-01-27,25.187074661254883,25.322797087217257,25.112425773731974,25.295654155268384,19901800
2017-01-30,24.72561264038086,25.085281750380556,24.552563171588396,25.071708989226295,26572800
2017-01-31,24.735794067382812,24.77650976622663,24.474522919016138,24.739187905199717,28014800
2017-02-01,24.55255889892578,24.902049024426006,24.39986989280556,24.868118421814742,36848600
2017-02-02,24.691679000854492,24.735791121000588,24.396479864440195,24.59328101454269,25760200
2017-02-03,24.90544891357422,25.034386270325676,24.64417777362406,24.79008173017372,23657200
2017-02-06,24.69507598876953,24.990277751583974,24.623820926450136,24.90544992662187,21043400
2017-02-07,24.3455810546875,24.701858886105466,24.216643717633204,24.586491720329075,28315600
2017-02-08,24.40326690673828,24.457557954734952,23.972342715408235,24.34558460979656,32296800
2017-02-09,24.678112030029297,24.752758341614875,24.54917207901648,24.54917207901648,18523200
2017-02-10,24.864730834960938,25.003849705996974,24.79008193720889,24.874909759429002,20810800
2017-02-13,24.9122314453125,24.92241036865163,24.76632750372639,24.813830871801922,15969800
2017-02-14,24.993667602539062,25.00384652571245,24.68149928903214,24.983486090626315,21543400
2017-02-15,24.8952693939209,25.02760058521576,24.81383282332436,24.919021079826653,17853200
2017-02-16,24.555953979492188,24.952947486502495,24.518629538107714,24.91901688217275,22750800
2017-02-17,24.420223236083984,24.50165718509091,24.34218053459586,24.43040215611753,23290000
2017-02-21,24.586496353149414,24.718827552327923,24.549171903253963,24.650966328194244,23605000
2017-02-22,24.213253021240234,24.498273252354284,24.19628642183314,24.471130317538382,23078800
2017-02-23,24.315046310424805,24.525417636356266,24.162354689074448,24.48470194165443,34780200
2017-02-24,24.087711334228516,24.230224064663116,23.965559044564618,24.138608553045152,27995200
2017-02-27,24.294687271118164,24.399875528871014,24.07074317116429,24.11145886820701,47372800
2017-02-28,24.220043182373047,24.33541038728605,24.152181948005506,24.22343702071347,28036800
2017-03-01,24.70524787902832,24.817221197392715,24.427012795926483,24.44397939158377,37995200
2017-03-02,24.47112274169922,24.70524569085114,24.460941231963215,24.583093461407177,21540600
2017-03-03,24.42701530456543,24.60345859806128,24.372726852616992,24.511843114085544,22333000
2017-03-06,24.48130989074707,24.51524050172124,24.291293809560297,24.386303144523524,16749400
2017-03-07,24.26414680480957,24.57631251540371,24.233607447936638,24.56952742984264,22923600
2017-03-08,23.633026123046875,24.30825470120848,23.622847201018864,24.165744615338223,51132400
2017-03-09,23.789112091064453,23.802684851796744,23.37515194931747,23.51427080526891,55541400
2017-03-10,23.75518035888672,23.972339342842933,23.616061509522023,23.941799985456342,34958600
2017-03-13,23.75857162475586,23.873938791232945,23.67713765289746,23.73142869329592,26157600
2017-03-14,23.490514755249023,23.578733800503507,23.28353472284463,23.575342552505287,52769600
2017-03-15,24.013051986694336,24.067343020162546,23.575342825866947,23.690707388878455,46410000
2017-03-16,23.84340476989746,24.06395764058144,23.775543542951564,24.06395764058144,32555000
2017-03-17,23.82599449157715,23.993253601786652,23.82599449157715,23.94205108927861,28487800
2017-03-20,23.791854858398438,23.843057364689784,23.604115807687034,23.747480741888683,24437400
2017-03-21,23.624595642089844,23.921568093576543,23.53584480527756,23.904499723481536,33434400
2017-03-22,23.59046173095703,23.699692529510056,23.4573367766039,23.552913399804336,24839200
2017-03-23,23.494888305664062,23.696281559924255,23.4709941466117,23.5221966600862,23600800
2017-03-24,23.402727127075195,23.58022885587727,23.358352997008897,23.52902633394327,20885000
2017-03-27,23.293495178222656,23.358351876512454,23.16378438591138,23.18085276049343,22982600
2017-03-28,23.624595642089844,23.682623933584644,23.27300909398087,23.327623190603145,55845200
2017-03-29,23.94887924194336,23.98983916812846,23.556330122305862,23.621184206854917,37150400
2017-03-30,23.942047119140625,24.157094510893074,23.880604635173135,24.09906622166476,31824600
2017-03-31,23.86012077331543,24.010311461799823,23.75088999793264,23.863534967496268,39722400
2017-04-03,23.81917381286621,23.91475047821636,23.58023214949084,23.897684704700296,26266600
2017-04-04,23.99325180053711,24.01373176229564,23.64166523425416,23.87036682145036,25948000
2017-04-05,23.91815757751465,24.40286915326088,23.88402343634216,24.194647506560255,45467400
2017-04-06,24.109310150146484,24.177581034773475,23.948879430875976,24.013733515936664,26249400
2017-04-07,24.01714515686035,24.187818443873702,23.979596825376,24.12296176144297,25160600
2017-04-10,24.198062896728516,24.307293716434533,24.099072059453036,24.15027457587389,21641800
2017-04-11,24.20147705078125,24.24585117599352,23.942052877823894,24.235611193580546,27783000
2017-04-12,24.09906768798828,24.37897177547834,24.023971024762318,24.225366858347193,22907200
2017-04-13,23.658727645874023,24.095650796546987,23.60411355417361,24.078585032257593,35312000
2017-04-17,23.709928512573242,23.733822664344906,23.593871948044356,23.651900230308797,16024400
2017-04-18,23.488056182861328,23.76113447515668,23.440267872349786,23.604115368580516,29500600
2017-04-19,23.1433048248291,23.59046812060614,23.08186232123415,23.54609399189193,36250800
2017-04-20,23.25594139099121,23.426614679766548,23.187673117188158,23.211567273445997,32470800
2017-04-21,23.1398868560791,23.255943452686527,23.023827655203736,23.15695262390893,28232200
2017-04-24,23.27643394470215,23.37201061074643,23.204751445168938,23.310568096250986,26701400
2017-04-25,23.474401473999023,23.52901817292312,23.262768276337003,23.334450740474225,31182000
2017-04-26,23.395898818969727,23.713351295638343,23.354936284981843,23.365176267411773,37475200
2017-04-27,23.1398868560791,23.2388776848567,22.90777105859631,23.214983526480584,41095400
2017-04-28,23.15695571899414,23.37883156458067,23.12282157450428,23.337871632900153,28852000
2017-05-01,23.092100143432617,23.2149851391226,23.040897627850434,23.150128445767297,18838800
2017-05-02,22.97603988647461,23.214984080202967,22.880463250690465,23.13988740801028,32871200
2017-05-03,23.040891647338867,23.1501224369037,22.859978396272183,22.92483507279324,33869600
2017-05-04,22.617626190185547,22.90777027606065,22.47084704966974,22.880461923344253,67889000
2017-05-05,22.97603988647461,23.01358822257095,22.621039093370648,22.63128167943438,37487600
2017-05-08,23.1398868560791,23.180849386552985,22.952145180075394,22.972627747446307,37897400
2017-05-09,22.9487361907959,23.18767780164613,22.880465298932805,23.18767780164613,21439400
2017-05-10,23.252540588378906,23.361771439702416,23.061384645361073,23.081867220419113,36518400
2017-05-11,23.204748153686523,23.37542149149035,23.17061140271099,23.334458952880787,23937400
2017-05-12,23.12622833251953,23.23204492768651,23.057960065495827,23.187670814547847,21417200
2017-05-15,23.307147979736328,23.508543849976387,23.232051302842347,23.4709955115294,26413800
2017-05-16,23.191091537475586,23.41637896548622,23.109166468864277,23.41637896548622,23386800
2017-05-17,22.962385177612305,23.25253187786874,22.952145196053692,23.05455022017572,31213600
2017-05-18,22.955562591552734,23.06820761293716,22.77464928074833,22.85998594465745,28230000
2017-05-19,23.238874435424805,23.286662745494915,23.01358445572207,23.068201155383672,31249000
2017-05-22,23.18767738342285,23.375419077324867,23.105754918932966,23.361764899198523,20678400
2017-05-23,23.242286682128906,23.273009227622808,23.11940431295625,23.249115071913174,18173600
2017-05-24,23.11940574645996,23.2866648467982,23.01358653238377,23.21498237522467,26961400
2017-05-25,22.699552536010742,23.29008339447975,22.61763006808342,23.06137915660235,46658400
2017-05-26,22.737096786499023,22.757576748729917,22.59031764721935,22.699548452897165,26398200
2017-05-30,22.43330192565918,22.617629426467886,22.423061942992287,22.617629426467886,29058200
2017-05-31,22.337730407714844,22.405998710672197,22.22167116756476,22.255805319043436,32186000
2017-06-01,22.477672576904297,22.559595029842363,22.276279337542416,22.347961809396704,35967400
2017-06-02,22.218252182006836,22.382099719763602,22.122675536760497,22.375273932646692,33085000
2017-06-05,22.259212493896484,22.341134952456972,22.14315589462479,22.14998168105983,25105000
2017-06-06,22.522052764892578,22.55959849988566,22.19435769419968,22.24556021176221,29670600
2017-06-07,22.204601287841797,22.5391195564494,22.05099372818993,22.429888729355522,45884200
2017-06-08,22.139738082885742,22.303582973243685,22.09194977284238,22.09877555816247,39138600
2017-06-09,22.672243118286133,22.74733979548588,22.187531516338186,22.190945711920406,46368400
2017-06-12,22.832674026489258,23.057964034124755,22.78488571049407,22.873636556314228,45848800
2017-06-13,23.003345489501953,23.03406803548263,22.791709675386524,22.900940475256622,31615800
2017-06-14,22.58690643310547,22.941907249478238,22.412821522631535,22.941907249478238,60560400
2017-06-15,22.416231155395508,22.597144441219452,22.317240326417362,22.484502039656963,38517800
2017-06-16,22.787076950073242,22.797387424594827,22.405573659598826,22.54992554729294,49242000
2017-06-19,22.642723083496094,22.783639898483973,22.584295311416454,22.735522601218854,31356800
2017-06-20,22.354021072387695,22.41588654837626,22.103121469157347,22.381517422204002,32126800
2017-06-21,21.99314308166504,22.41588968602853,21.872848501027722,22.28528331721765,54611000
2017-06-22,21.97939109802246,22.16842390788559,21.890029275186603,22.00344843666525,30863200
2017-06-23,22.127182006835938,22.15124065942801,21.920964610018693,21.982830091283514,29111000
2017-06-26,22.079059600830078,22.237159655938065,21.989699099146673,22.19591775942042,27206800
2017-06-27,22.04469108581543,22.257783838400705,22.041253386945815,22.158111548749332,28455000
2017-06-28,22.16499137878418,22.29903283320552,22.05844627967921,22.072194457337396,33719800
2017-06-29,22.213111877441406,22.457136165953006,22.164994559830507,22.23029775752979,38044800
2017-06-30,22.31277084350586,22.415880817859286,22.16841897716752,22.374636303678802,39286400
2017-07-03,22.742399215698242,22.848946925223128,22.36777124915869,22.391829901852088,36805600
2017-07-05,22.281850814819336,22.649606065453234,22.19592666633294,22.628982486722595,41976400
2017-07-06,22.034387588500977,22.384956940526003,21.98627027787395,22.319656374501758,41367200
2017-07-07,22.00002098083496,22.030952417418547,21.752558999378003,21.962214143545864,32073400
2017-07-10,22.07219123840332,22.12374624155371,21.920963928414537,21.969081232102535,28307600
2017-07-11,22.192480087280273,22.271531426027074,21.972514564935956,22.109993671950118,23799600
2017-07-12,22.254343032836914,22.46743575567456,22.15810845548945,22.4124430702214,29637200
2017-07-13,22.34370994567871,22.360893197166014,22.147803047789534,22.271533996161242,20113600
2017-07-14,22.477752685546875,22.518994589288216,22.336835855240437,22.35745942930743,20545000
2017-07-17,22.450260162353516,22.604922572143803,22.41589102931087,22.436511984697106,24429800
2017-07-18,22.34370994567871,22.57054826956273,22.250910423301846,22.563675493407047,29913600
2017-07-19,22.67022132873535,22.69084228009046,22.302466170457087,22.319652044717184,49605400
2017-07-20,22.601486206054688,22.87987957668702,22.539620721225656,22.797393137647184,34318600
2017-07-21,22.37808609008789,22.632420842763086,22.347152032193925,22.5258757346553,26095200
2017-07-24,22.336833953857422,22.460564898941712,22.285278956372952,22.426195774684096,20866800
2017-07-25,22.618669509887695,22.780207310749375,22.553368947345355,22.604921332984933,30958600
2017-07-26,22.642723083496094,22.903933141646775,22.580857612412935,22.745833076033374,42422800
2017-07-27,22.873004913330078,22.883315389585317,22.54649163946785,22.649601646413057,31631800
2017-07-28,22.84551239013672,23.072350772353143,22.75958824401597,22.797395078084847,29530000
2017-07-31,22.897058486938477,23.027662194198662,22.79051080414082,22.852376270147396,27039000
2017-08-01,22.893625259399414,23.024228992166833,22.79395295457836,22.910811134167172,25337400
2017-08-02,22.80769920349121,22.9004961016885,22.573985486250645,22.77676515596137,30237000
2017-08-03,22.48806381225586,22.807701686482737,22.388391505002705,22.769894858828216,30655600
2017-08-04,22.560243606567383,22.622109096692032,22.44682310430606,22.498378116442737,18742000
2017-08-07,22.38839340209961,22.50525159444194,22.319655139919384,22.46400706381583,22874600
2017-08-08,22.336833953857422,22.532740846541532,22.271533404426783,22.323085779715157,20858200
2017-08-09,22.357460021972656,22.49837423381821,22.27497096791066,22.371205575453263,20875800
2017-08-10,22.120311737060547,22.433074256206687,22.082504904102684,22.395270045445592,30524200
2017-08-11,21.975955963134766,22.175299271547846,21.955335010149614,22.05157093144049,31981800
2017-08-14,21.910655975341797,22.113435689635647,21.883159620869066,22.017201071177773,22813400
2017-08-15,21.828161239624023,21.945018086550895,21.700993918617637,21.945018086550895,25451200
2017-08-16,21.618513107299805,21.896906468389552,21.57383218954409,21.835040985681108,33166600
2017-08-17,21.312620162963867,21.615073461067404,21.305747386480327,21.53258703228344,29593800
2017-08-18,21.41916275024414,21.563515941629234,21.243878136881438,21.257624998505516,37265400
2017-08-21,21.309188842773438,21.39854938039207,21.24044926170609,21.388238902116427,20750400
2017-08-22,21.45009994506836,21.498217248506105,21.35386533819287,21.367612202676376,30343600
2017-08-23,21.542896270751953,21.65287904354561,21.384796198748333,21.405417149210848,23052000
2017-08-24,21.5566463470459,21.608200038848786,21.4604104290371,21.467284516830457,20781000
2017-08-25,21.652883529663086,21.73880767065381,21.591018043261894,21.597892131872953,16440400
2017-08-28,21.5566463470459,21.73536869637859,21.43978947675522,21.66319143009745,19912000
2017-08-29,21.52915382385254,21.55665017991494,21.371053709789006,21.45354015577936,17454200
2017-08-30,21.53946304321289,21.604766229496022,21.384800638243743,21.446666124670738,17328800
2017-08-31,21.642568588256836,21.697559974704337,21.56008085303655,21.632256801918004,20667400
2017-09-01,21.852222442626953,21.92439838749148,21.621945123314145,21.676936506701114,23191000
2017-09-05,21.97252082824707,22.079065921010905,21.81785711654342,21.94158808590634,36229600
2017-09-06,22.32996940612793,22.391834901466538,22.072196945916566,22.08250742477349,34104200
2017-09-07,22.3712100982666,22.426202812092537,22.22342307980247,22.340278663387203,17280600
2017-09-08,22.134056091308594,22.33683577651233,22.030946087926022,22.323087601248233,20529400
2017-09-11,22.34370994567871,22.374641371673555,22.168423998452763,22.219978997307003,27102200
2017-09-12,22.48119354248047,22.52931085173448,22.35058716976528,22.409014956402764,18819400
2017-09-13,22.76302146911621,22.776767022260085,22.505249081429177,22.529307732725446,31786600
2017-09-14,22.873004913330078,23.02766730155149,22.804264034634468,22.80770173411835,29166800
2017-09-15,22.926971435546875,22.926971435546875,22.773755319995907,22.92000815350115,26136200
2017-09-18,23.02448272705078,23.038411951950476,22.85733468498245,22.874746880289067,25167000
2017-09-19,23.118497848510742,23.1533195766336,23.027959230009273,23.073229867623787,21008600
2017-09-20,23.27519989013672,23.337880071357446,23.163768752047407,23.18466391693958,36547600
2017-09-21,23.282163619995117,23.34136082532496,23.177695775637336,23.243858920845774,17748200
2017-09-22,23.400556564331055,23.466719705393583,23.236894181626475,23.261269656218857,29295800
2017-09-25,23.738330841064453,23.807976945820116,23.484129864706205,23.508505337188875,29667600
2017-09-26,23.727890014648438,23.773158000544203,23.612975908073206,23.679139058536737,21421400
2017-09-27,23.828874588012695,23.8358378716264,23.616458571969233,23.74878221445212,21836400
2017-09-28,23.84976577758789,23.992538322693118,23.783605288366537,23.881107193937098,23599800
2017-09-29,23.846290588378906,23.84977090237736,23.68958878641646,23.766198202034335,28575000
2017-10-02,23.83932113647461,23.846287076902236,23.501544757386707,23.592083385850895,24833600
2017-10-03,23.81494140625,23.895033766500017,23.762707489280626,23.807978123793525,14479600
2017-10-04,23.79753303527832,23.884588691960015,23.71396034874768,23.81494522930578,20395200
2017-10-05,23.90548324584961,23.94378794634989,23.80101539780744,23.814944621328245,20323600
2017-10-06,23.703510284423828,23.811458431202386,23.62341792419216,23.679134810740692,23926600
2017-10-09,23.752269744873047,23.82539619213181,23.70351878003387,23.73137723329292,11528200
2017-10-10,23.773164749145508,24.002993027538412,23.74878926417007,23.919420315726722,15527400
2017-10-11,23.828874588012695,23.84280381196792,23.647799990050437,23.745301901009178,20574000
2017-10-12,23.741823196411133,23.773161963394998,23.609499530154324,23.647804238731243,20362200
2017-10-13,23.727890014648438,23.950752287367028,23.713960790512544,23.881108823415413,17787400
2017-10-16,23.780120849609375,23.9194104161331,23.7313698998352,23.801013354733307,15333800
2017-10-17,23.794052124023438,23.84280307800208,23.66520879894974,23.77315696036992,16754200
2017-10-18,23.626901626586914,23.874139340677658,23.5990431824486,23.77663744292102,15412600
2017-10-19,23.55377960205078,23.65128151801637,23.45279471573558,23.463240970056468,15183800
2017-10-20,23.59905433654785,23.61298356520066,23.44235516347899,23.606020279238614,19640400
2017-10-23,23.4771671295166,23.693066098629455,23.456274623602575,23.616456701307875,17310600
2017-10-24,23.522441864013672,23.626907068502316,23.47369090390669,23.560746569344598,19640400
2017-10-25,23.358776092529297,23.550296956754323,23.28564965454578,23.480653489168493,27045400
2017-10-26,23.407522201538086,23.484131594047106,23.2682326384969,23.369217505283572,18724400
2017-10-27,23.44930648803711,23.574666825237845,23.10108391953004,23.28564411248977,32376000
2017-10-30,23.57118797302246,23.637348458563938,23.28564555542167,23.28564555542167,23229600
2017-10-31,23.647804260253906,23.734859933148268,23.477173228536586,23.581641098701137,19298000
2017-11-01,23.915929794311523,24.027360927124732,23.78012318421817,23.790569437805694,34612600
2017-11-02,23.846290588378906,23.982097222709417,23.703518012595005,23.91593406254339,22656600
2017-11-03,23.915929794311523,24.00994873332701,23.811461944980742,23.83583742226089,22223800
2017-11-06,24.462642669677734,24.493981434879128,23.982096339492674,24.023881359761198,38200000
2017-11-07,24.431299209594727,24.539247366848574,24.302455889493828,24.50442563774033,26820600
2017-11-08,24.31290054321289,24.43477791543828,24.177093948914965,24.372097744475585,28493200
2017-11-09,24.386030197143555,24.427817868897087,24.18406043542653,24.218884823585046,25977800
2017-11-10,24.257186889648438,24.365135042373463,24.072626685335216,24.34424253713056,21068400
2017-11-13,24.117897033691406,24.281562074075477,24.090038589215926,24.19102345789392,14979600
2017-11-14,23.727890014648438,24.027361691750514,23.70003156637665,24.027361691750514,33055400
2017-11-15,23.459758758544922,23.56422395003057,23.36225419373948,23.515472995991722,35386200
2017-11-16,23.365737915039062,23.470205766611198,23.299577421989348,23.386633079390187,25028000
2017-11-17,23.48065185546875,23.529402810732513,23.35180852699863,23.411008392728462,18344800
2017-11-20,23.424930572509766,23.473684175370003,23.320465397965197,23.452789015079244,15570600
2017-11-21,23.4771671295166,23.609493418245734,23.428416177898796,23.515471828177393,16928800
2017-11-22,23.57118797302246,23.665206903385364,23.557258750611748,23.616455953311632,18615000
2017-11-24,23.637359619140625,23.713969050207563,23.63387930444033,23.665218077115654,9981400
2017-11-27,23.397075653076172,23.564221001227907,23.348324705137966,23.536362557626813,21191600
2017-11-28,23.57815170288086,23.61297343120406,23.39359415171307,23.42145259706266,24226600
2017-11-29,23.706998825073242,23.7522668134862,23.518958273874173,23.567709232696746,27198600
2017-11-30,24.062185287475586,24.107455933605664,23.76271358717777,23.76271358717777,44607200
2017-12-01,24.26415252685547,24.431300555199755,24.00646852918882,24.23281110922251,42376600
2017-12-04,24.253704071044922,24.63674839100838,24.177094675706723,24.469600377840713,27151800
2017-12-05,24.149234771728516,24.34075824850297,24.121376328429072,24.25370260573774,21379600
2017-12-06,23.835838317871094,24.121380772479423,23.80101658569503,24.079595756559293,24122400
2017-12-07,23.90548324584961,23.947268259684286,23.790569144348773,23.81146165126611,17280000
2017-12-08,24.1248722076416,24.135318465287014,23.2229765412037,24.027370260646023,21393400
2017-12-11,24.298974990844727,24.42433535170241,24.156205092312725,24.170134316488895,22633400
2017-12-12,24.232810974121094,24.420851508687143,24.201472213390634,24.232810974121094,23516400
2017-12-13,24.197994232177734,24.288532876389425,24.1283507561554,24.232815970188906,18432000
2017-12-14,24.110929489135742,24.28156045764347,24.10048323733472,24.10744917635361,23565600
2017-12-15,24.089202880859375,24.281999025759056,24.05765276750808,24.281999025759056,20306800
2017-12-18,24.274986267089844,24.397675193483952,24.141781529064527,24.14879117867933,19321400
2017-12-19,24.31003761291504,24.450254661989213,24.25395239793603,24.38715712362672,13528400
2017-12-20,24.653573989868164,24.69563724058599,24.31705461203414,24.39066797520862,24509000
2017-12-21,25.175878524780273,25.24949188405991,24.639550711158517,24.664088497585062,33606200
2017-12-22,25.22846221923828,25.330119535020312,25.098760952671206,25.203924430905953,21321600
2017-12-26,25.449308395385742,25.491374331615038,25.267028020563426,25.3196097722453,17262200
2017-12-27,25.36516761779785,25.463318749773215,25.31258589012026,25.452802939121252,21710600
2017-12-28,25.403732299804688,25.403732299804688,25.316096961485734,25.361666374621006,15933600
2017-12-29,25.330120086669922,25.484356470510004,25.288054159576227,25.470337169230508,14712800
2018-01-02,25.747264862060547,25.77530881603193,25.375691832404975,25.45631753146804,29782800
2018-01-03,26.13286018371582,26.19946122536147,25.771800326374485,25.79984427781392,38599200
2018-01-04,26.29060173034668,26.308129867934234,26.020686062659177,26.11533105214437,28613600
2018-01-05,26.280088424682617,26.301120052259453,26.06275180018724,26.25555063437012,28408800
2018-01-08,26.437829971313477,26.451851947302387,26.199461728338882,26.269571608283446,19558400
2018-01-09,26.371227264404297,26.497419691505037,26.329161339091858,26.49041004116211,18469000
2018-01-10,26.339679718017578,26.46587483183145,26.31864809052145,26.448346692638975,21644000
2018-01-11,26.879520416259766,26.974165437787434,26.336180060115076,26.43082775606196,36179000
2018-01-12,27.138917922973633,27.209027816348435,26.886527655662302,26.886527655662302,39638400
2018-01-16,26.795379638671875,27.219534319406524,26.74630406730873,27.202006183454802,33789800
2018-01-17,27.030250549316406,27.145929865935994,26.697237252353403,26.872507971685287,28014800
2018-01-18,26.80940818786621,26.99519470708127,26.760329930047998,26.928590983431075,23029200
2018-01-19,26.77434730529785,26.784865792291544,26.599076630591853,26.74980951781574,25925400
2018-01-22,27.352737426757812,27.36325323793387,26.802387688395257,26.809400012124556,34033400
2018-01-23,27.3106746673584,27.433363590622328,27.173961096386652,27.40531964404259,20369800
2018-01-24,27.237060546875,27.478934922836594,27.14241556356115,27.34222401670651,25839400
2018-01-25,27.023235321044922,27.373776722066662,26.974159738855374,27.373776722066662,23436800
2018-01-26,27.170467376708984,27.216036800469894,27.026744104632506,27.08283201795569,15570600
2018-01-29,26.76032829284668,27.15644177316097,26.718265037888383,27.061794100667704,25294400
2018-01-30,26.220491409301758,26.60959248257182,26.199457111815548,26.535976452997062,45503600
2018-01-31,26.238019943237305,26.33617109494125,26.055739614989736,26.290601681483935,31450600
2018-02-01,26.5079402923584,26.525465756822324,26.125848794953175,26.273075533658965,36023200
2018-02-02,25.400224685668945,26.083781890138596,25.260007617489162,26.0206843431786,62010800
2018-02-05,24.334579467773438,25.3791938500304,23.934962549416575,25.060199943149662,69535200
2018-02-06,24.527379989624023,24.70265067392956,23.80175946357583,23.917438757077903,65630400
2018-02-07,24.117244720458984,24.912972367654987,24.11373855830059,24.60449695816922,49207400
2018-02-08,23.38811492919922,24.239930357490984,23.377599118571307,24.141779225740123,55542200
2018-02-09,23.370594024658203,23.689587975943727,22.592391704450776,23.665050185415502,70348200
2018-02-12,23.752683639526367,24.015589663257433,23.559884819022905,23.67205794883809,49913800
2018-02-13,23.65453338623047,23.756188032456954,23.489778510509957,23.62999559672434,24570000
2018-02-14,23.998062133789062,24.068172013212898,23.367089265485195,23.42317449460582,39513800
2018-02-15,23.938465118408203,24.064660197306598,23.552870232626574,24.047132062963783,32938800
2018-02-16,23.878881454467773,24.103227739555283,23.735158194798665,23.83681552310686,27582200
2018-02-20,23.749177932739258,24.103225466994374,23.64051096332586,23.9279547811439,35616200
2018-02-21,23.349565505981445,23.899915459183095,23.349565505981445,23.679075315023344,25090800
2018-02-22,23.605453491210938,23.952491357201705,23.458226764412707,23.517818152723663,30660600
2018-02-23,24.117244720458984,24.13477018241472,23.6790680552938,23.72113130352206,31369600
2018-02-26,24.26095962524414,24.310035186358856,24.12074259016602,24.239928006028546,24312800
2018-02-27,23.945472717285156,24.502834713768085,23.94196923025081,24.310035950175777,26931400
2018-02-28,23.395130157470703,24.15931044688303,23.384614344334956,24.0716751048606,35244000
2018-03-01,23.36007308959961,23.72814254125052,23.19181475555542,23.37058890117512,45950000
2018-03-02,23.468746185302734,23.552878048766452,23.013043959758416,23.198830478008066,29157800
2018-03-05,23.71763038635254,23.7912437531485,23.318010763945537,23.360076691151118,25663000
2018-03-06,23.731647491455078,23.95249024582377,23.61246472036316,23.864854911402713,31355800
2018-03-07,23.552871704101562,23.7246361988374,23.332028965023227,23.475752187243604,24725200
2018-03-08,23.545862197875977,23.675563462150894,23.37760384497596,23.605453586427306,16026600
2018-03-09,23.994556427001953,24.015590728437882,23.707112601950193,23.728146903386122,22786200
2018-03-12,23.98754119873047,24.162811848239116,23.868355766367294,24.008572820857786,18972000
2018-03-13,23.815780639648438,24.16982548447751,23.717629487639652,24.0611585196704,21461800
2018-03-14,23.675569534301758,23.973529227895394,23.62649394591782,23.906925497480483,22696400
2018-03-15,23.552871704101562,23.8648532590866,23.374094885423382,23.76319595726638,24817000
2018-03-16,23.762928009033203,23.868840223859912,23.519334224466984,23.56522808104682,28685200
2018-03-19,23.395776748657227,23.720573057028265,23.261623566879454,23.688798304775922,29050000
2018-03-20,23.59347152709961,23.75233715473304,23.491090438428927,23.522862486571817,22518200
2018-03-21,24.211288452148438,24.36662296697256,23.660548665260166,23.73468883718451,32879200
2018-03-22,23.71703338623047,24.07007049963464,23.671139531133317,23.94297692333238,36967600
2018-03-23,23.572294235229492,24.112443449857405,23.519340806456402,23.83707215293601,38428600
2018-03-26,23.99593734741211,24.031240526413903,23.568762686532626,23.844131253590483,31906000
2018-03-27,23.769994735717773,24.197169413958648,23.632310446593028,24.098319431352166,27846200
2018-03-28,23.307504653930664,23.86530383452777,23.268673056749343,23.784106822068306,36457400
2018-03-29,23.798236846923828,23.893555697398547,23.40636537399251,23.4098938063902,27936200
2018-04-02,23.321636199951172,23.748810881956203,22.922705139928304,23.706448142443,37986200
2018-04-03,23.819419860839844,23.840601230528797,23.18748296167242,23.40989542378653,28228600
2018-04-04,23.787641525268555,23.840597634964297,23.293391684000643,23.45578844519719,24981600
2018-04-05,24.214813232421875,24.36661929213388,23.84765702114844,23.84765702114844,27056800
2018-04-06,23.77705192565918,24.179514068153598,23.46284907219353,24.06301385366503,37767800
2018-04-09,23.890024185180664,24.19363636098234,23.794705336247485,23.890024185180664,21639600
2018-04-10,24.680828094482422,24.874996908114706,24.260713030116026,24.26777258789225,43684400
2018-04-11,24.93854331970215,24.995030554884803,24.61021867221693,24.641993415372077,42381800
2018-04-12,24.935016632080078,25.132719296946927,24.84675733149348,25.023275932666678,28623200
2018-04-13,25.21038246154785,25.312760857847646,25.03386389854066,25.069167072450192,26660800
2018-04-16,25.46810531616211,25.584608247392147,25.132721028214135,25.266874204701267,28048600
2018-04-17,25.566957473754883,25.683460414850707,25.39043884547412,25.53518541352539,32210600
2018-04-18,25.969406127929688,26.202411888072444,25.782296910913956,25.789359160683855,34623000
2018-04-19,26.001190185546875,26.19535902847654,25.842321830284348,25.990599500554723,36300600
2018-04-20,25.877622604370117,25.9694103185174,25.711694722970705,25.948228952707957,27380800
2018-04-23,26.0364933013916,26.04002442753349,25.655212481869622,25.79642789948444,29689200
2018-04-24,25.75758934020996,26.287145048750777,25.616373945907156,26.107095353678204,45575000
2018-04-25,25.96235466003418,25.99765783950485,25.51399593103085,25.67639540482383,26326600
2018-04-26,26.340099334716797,26.361280699684922,25.976471537647022,26.057668565664457,24433800
2018-04-27,26.061203002929688,26.191827721572054,25.958821903473744,26.07179368675965,21078600
2018-04-30,26.05767250061035,26.35069399639567,26.011778638429213,26.018838196664834,25926400
2018-05-01,25.898815155029297,25.944709031923,25.570490375892508,25.927058783945746,27601800
2018-05-02,26.004714965820312,26.209474443775093,25.78583098670934,25.821134159221582,26869400
2018-05-03,25.9447021484375,25.98706758057204,25.595196087072477,25.884686473008554,30659200
2018-05-04,26.071792602539062,26.163583014347847,25.768180442560478,25.874092663375208,27171000
2018-05-07,26.10709571838379,26.679016861242836,26.054142301557665,26.276554732606353,35947400
2018-05-08,26.311853408813477,26.325975215372075,25.644613536310075,26.11768462891594,57548200
2018-05-09,26.84847640991211,27.145026323880163,26.629592406654947,26.63312353233353,49807800
2018-05-10,27.049705505371094,27.11325229565229,26.83082151807819,26.95438397321954,27780200
2018-05-11,27.088539123535156,27.272117238920945,27.028520766724533,27.10972048860982,24021400
2018-05-14,27.275657653808594,27.399220147926176,27.173276531979635,27.173276531979635,20452600
2018-05-15,27.282712936401367,27.3250783677975,27.07442229232193,27.215635010055816,20965400
2018-05-16,27.378036499023438,27.39568674330947,27.106196341109197,27.24388063645688,23994400
2018-05-17,27.79108238220215,27.82991668069005,27.45216707186547,27.466288879811934,32542600
2018-05-18,27.575727462768555,27.769898940690094,27.554546099162298,27.741655326908916,28185400
2018-05-21,27.85816764831543,27.85816764831543,27.58985861344521,27.73107403671691,23026200
2018-05-22,27.487476348876953,28.03821351378844,27.40980773465404,27.854635356637964,33166800
2018-05-23,27.483951568603516,27.505135636848337,27.102670661724922,27.328616997752025,33211600
2018-05-24,27.032047271728516,27.208565799738615,26.90848484081324,27.166200383370956,38309600
2018-05-25,26.329509735107422,26.59075645647671,26.068260320278593,26.555453282258085,64907000
2018-05-29,26.248313903808594,26.410710684070878,26.00472008014514,26.124751428985114,38655000
2018-05-30,27.042644500732422,27.16267852944376,26.463663804137965,26.47425448742963,46044400
2018-05-31,26.837890625,27.15915581614058,26.78140606546238,26.844952878355,26517400
2018-06-01,26.964977264404297,27.145026969860876,26.82023342965433,26.92967408715746,28205000
2018-06-04,26.73197364807129,27.254467126016653,26.661364601416697,27.05676718230324,27378400
2018-06-05,26.668426513671875,26.873188706176663,26.541332924769574,26.60134859356797,27415800
2018-06-06,26.7955265045166,26.86613287368273,26.5589922050037,26.767282879466016,26958400
2018-06-07,27.201515197753906,27.35684972198267,26.929675066798794,26.936737318580935,30357800
2018-06-08,27.148561477661133,27.307427141792516,26.979102434922233,27.23328965230053,22473200
2018-06-11,27.289777755737305,27.41334024210896,27.08501552491559,27.141500078631122,21435600
2018-06-12,27.08148193359375,27.353322072328176,27.007344448518893,27.289775271769734,31414400
2018-06-13,26.979093551635742,27.137961856917368,26.86965291653405,26.996746483375663,25004200
2018-06-14,26.94025993347168,27.13443141365265,26.876713148454208,27.05676282158026,20582200
2018-06-15,26.36163902282715,26.83790573102181,26.304772934602287,26.784591909049134,32178800
2018-06-18,26.624652862548828,26.802363792738088,26.294110423930658,26.294110423930658,26368800
2018-06-19,26.564228057861328,26.663745741053162,26.230133365953527,26.304771628347403,25215200
2018-06-20,26.681520462036133,26.781038154716633,26.468267876055954,26.72417206389367,23311800
2018-06-21,26.187482833862305,26.507363051177506,26.063085724810172,26.493145851335317,30019600
2018-06-22,26.709957122802734,27.001402981016376,26.70640214443377,26.834354249176734,56072600
2018-06-25,26.173267364501953,26.67085854526302,25.995556422205414,26.63176192102548,36760600
2018-06-26,26.503812789916992,26.606885473375442,26.14839086557231,26.24080132516507,27047200
2018-06-27,26.859222412109375,27.193319735698292,26.71350089993204,26.72416311891418,41167800
2018-06-28,26.82369041442871,26.997846380890785,26.617545067875508,26.898328685769602,28570800
2018-06-29,26.990732192993164,27.27506800424479,26.89832176630115,26.89832176630115,26335800
2018-07-02,26.592655181884766,26.809462665952964,26.446933674688864,26.80235542409211,30593200
2018-07-03,26.759708404541016,27.175551271510173,26.695732370264743,26.869888297929453,18616400
2018-07-05,26.73128318786621,27.008511861039796,26.65308992893948,26.92321135659888,19939000
2018-07-06,26.894771575927734,26.980074774973726,26.52513251502258,26.649532335717915,18620600
2018-07-09,27.296396255493164,27.335492871758646,27.044044382632975,27.058261580516174,22118400
2018-07-10,27.498987197875977,27.722901968348218,27.431456184326585,27.46344284654264,22007200
2018-07-11,26.91609764099121,27.410133790921872,26.738386717659218,27.24308508912524,38725600
2018-07-12,26.96230125427246,27.136457198256217,26.770373133459284,26.987180674841568,25136000
2018-07-13,27.104476928710938,27.26797068983154,26.916103741151424,26.987187041932863,22846200
2018-07-16,26.79169464111328,26.969405543324132,26.56422490321564,26.837901211146132,22781200
2018-07-17,26.68507957458496,26.83435613673403,26.535803012435892,26.702849044371753,19506400
2018-07-18,26.702838897705078,26.741935512695747,26.294105996416846,26.55711736954697,30703000
2018-07-19,26.709957122802734,26.823692025723815,26.603329464965608,26.631763868609372,32463600
2018-07-20,26.617534637451172,26.77036609839939,26.532234176723932,26.709945051703126,21722400
2018-07-23,26.500247955322266,26.709948222753113,26.454044098537267,26.692176048484146,15247600
2018-07-24,26.834352493286133,26.990738991439798,26.5820032786815,26.61754492508357,20337000
2018-07-25,27.058259963989258,27.125790971986664,26.73838252151392,26.86988684868394,22070600
2018-07-26,27.353261947631836,27.403020783691062,27.06181617429073,27.115129987683666,24374800
2018-07-27,27.235973358154297,27.378142629882582,27.012058585548235,27.047600225566978,25281800
2018-07-30,27.459897994995117,27.56652294282434,27.360380292359565,27.45278803814742,22790000
2018-07-31,27.410137176513672,27.584293143627104,27.346161127745948,27.50965487200706,22581000
2018-08-01,27.029830932617188,27.182662426153946,26.884106682467877,27.171997493592777,22345000
2018-08-02,26.880550384521484,26.933864198095115,26.65663562149607,26.83079154829361,19379400
2018-08-03,26.741941452026367,26.880555768087195,26.606882114023282,26.830796921893754,15326600
2018-08-06,26.841463088989258,26.969415201334222,26.66019985621234,26.820138640816477,16400200
2018-08-07,27.040498733520508,27.18977528034113,26.95519552534824,27.11513700693082,23596600
2018-08-08,26.845008850097656,26.944526522939213,26.6850701204099,26.852118804816744,18797600
2018-08-09,26.596216201782227,26.916096391258254,26.553564605967633,26.866334840314543,30465000
2018-08-10,26.759708404541016,26.759708404541012,26.482479826561576,26.53579364040067,33955400
2018-08-13,26.418508529663086,26.80236480415398,26.40429132931301,26.70995435770535,19634000
2018-08-14,26.482486724853516,26.66019767617274,26.372304091110934,26.621101049950195,20875800
2018-08-15,25.55838966369629,26.27278571725498,25.48374867980439,26.23013682549258,52800800
2018-08-16,25.743207931518555,25.888929498228553,25.66856965905921,25.682786860240114,50026600
2018-08-17,25.807178497314453,25.874709510660807,25.714768065101534,25.810733474767755,23065400
2018-08-20,25.981340408325195,26.073750861804026,25.80362945791031,25.81429168107058,16691400
2018-08-21,26.11284065246582,26.322538217470555,26.08440625704556,26.19814112707341,19018200
2018-08-22,26.425615310668945,26.507363533335084,26.258566599051704,26.27633877709111,18690800
2018-08-23,26.301218032836914,26.34742189913172,26.201700344415084,26.30121803283691,12937800
2018-08-24,26.493146896362305,26.649533389141453,26.439833072764532,26.46471249555633,15506600
2018-08-27,26.68862533569336,26.724169689910678,26.5429037876857,26.58200040800194,13969800
2018-08-28,26.57489013671875,26.848566475680457,26.55712067147475,26.73838657154582,16787000
2018-08-29,26.738388061523438,26.84856797179777,26.578446595493933,26.66019481746283,15520800
2018-08-30,26.66375160217285,26.781041488139778,26.52513726844979,26.727727657095347,18500400
2018-08-31,26.457603454589844,26.589107803993738,26.347420836862025,26.582000560101715,17819200
2018-09-04,26.400737762451172,26.599773154683394,26.294112821606983,26.578448708845325,30189400
2018-09-05,26.365192413330078,26.379409612443705,26.013325548141506,26.279891930301766,19196200
2018-09-06,25.87826156616211,26.354528209862984,25.807178287593388,26.26567275582545,28812800
2018-09-07,25.87470817565918,25.920912033555116,25.51217642041889,25.782297748214166,20268800
2018-09-10,25.864042282104492,26.11283916033532,25.856935039482146,26.00621153942882,17823400
2018-09-11,26.109291076660156,26.258567616019324,25.768086395987602,25.83916968759089,28563200
2018-09-12,26.244352340698242,26.50381152622676,26.23724509567802,26.322545594190508,25378800
2018-09-13,26.2550106048584,26.304769442319163,26.02754085885111,26.201696789963787,22074800
2018-09-14,26.393625259399414,26.493142935688915,26.24790101079457,26.258563231589402,18988600
2018-09-17,26.43627166748047,26.61398256183161,26.372295637047937,26.461151084223506,29457800
2018-09-18,26.610437393188477,26.79170060137832,26.60688241509051,26.624654593926582,20447000
2018-09-19,26.692176818847656,26.802359421519675,26.592659148036663,26.61753856573941,21823000
2018-09-20,26.69928741455078,26.9089849814161,26.66729804150586,26.805912330843018,25024800
2018-09-21,26.875715255737305,26.965181686502277,26.660996367961136,26.843508651205337,27420200
2018-09-24,27.269372940063477,27.387469309647933,27.090440039589833,27.111913844250253,25569000
2018-09-25,27.444725036621094,27.55924196655552,27.405359585990606,27.441145614664055,26055200
2018-09-26,27.179899215698242,27.4196713131905,27.13337765693339,27.276524485061945,25457200
2018-09-27,27.179899215698242,27.323046043826796,27.108327166783294,27.28726001936932,21344200
2018-09-28,27.10475730895996,27.391051066233693,27.036764657589654,27.051076888183687,29666200
2018-10-01,27.48051643371582,27.59503338602156,27.204958225471085,27.204958225471085,25425200
2018-10-02,27.509140014648438,27.602183139873347,27.319468881769478,27.548505463897005,18936800
2018-10-03,27.731016159057617,27.813326482758697,27.548506592662203,27.62723476408625,26489600
2018-10-04,27.616504669189453,27.80975253959084,27.455466142338064,27.641555167372992,30385400
2018-10-05,27.612924575805664,27.702391019770353,27.444727224304174,27.587871350408324,23966400
2018-10-08,27.591449737548828,27.634394611948498,27.30157934367355,27.40893743422409,23157200
2018-10-09,27.838382720947266,28.04236613100752,27.569983353483792,27.68807973043961,33633400
2018-10-10,26.965181350708008,27.931420429116496,26.839928895256563,27.88489613830685,52810600
2018-10-11,26.05262565612793,26.721832808938572,25.85579841689022,26.70394116101619,71184200
2018-10-12,26.124197006225586,26.389016868928344,25.726965847022097,26.31028597534946,47158000
2018-10-15,25.90589714050293,26.227976808306448,25.89874102801776,26.12061600893909,23180800
2018-10-16,26.120620727539062,26.167145023142023,25.87011579082711,25.97747387928979,29142200
2018-10-17,25.956005096435547,26.14925294906764,25.734130055868505,26.070522039073165,31608400
2018-10-18,25.827171325683594,26.066940730370803,25.662553403198388,25.716233813428126,33173400
2018-10-19,25.598133087158203,25.973893164321773,25.58024144033527,25.698335046322192,27136200
2018-10-22,25.315418243408203,25.633918490308375,25.161535886904865,25.580240820840913,24589000
2018-10-23,24.65337371826172,24.950402975180356,24.302666777814995,24.943244130510436,52955400
2018-10-24,23.679975509643555,24.778623229149897,23.672819396130016,24.77146711563636,56200400
2018-10-25,23.969846725463867,24.216772211524987,23.808805515981863,23.969846725463867,50666600
2018-10-26,23.790916442871094,24.084366250898338,23.397261930628066,23.77302206311495,51159800
2018-10-29,23.347164154052734,23.998479804370746,23.03582265375693,23.966273192739894,48919600
2018-10-30,23.887537002563477,23.94479682876847,23.225485961286267,23.33284403997245,52794800
2018-10-31,24.034263610839844,24.43865090070378,24.002054275553977,24.120150621104106,34575600
2018-11-01,24.238243103027344,24.352760008558402,23.837432568519457,24.084360755254515,42951600
2018-11-02,24.17740249633789,24.685573795542282,23.93405374456198,24.506640970127588,42425000
2018-11-05,24.581796646118164,24.678419187086252,24.41359932452676,24.470856418726704,26463200
2018-11-06,24.696313858032227,24.749994261562374,24.402864079739324,24.64263345450208,26144200
2018-11-07,25.100698471069336,25.17942935718553,24.728517837800887,25.0148114727146,33325800
2018-11-08,24.556745529174805,25.183010509588208,24.46727910340146,24.986183280767396,30289800
2018-11-09,24.513811111450195,24.67127296162844,24.098685408362023,24.231096757857348,45835600
2018-11-12,24.005630493164062,24.785777785539473,23.95552951633891,24.681996410602093,36083200
2018-11-13,23.45452308654785,24.066473230650423,23.32927061207642,23.937641333965757,65463800
2018-11-14,23.4151554107666,23.909009147653357,23.200436513437527,23.819542712908003,45084200
2018-11-15,23.75870704650879,23.78733696192808,23.264853291871514,23.264853291871514,40613600
2018-11-16,24.04142189025879,24.123732216473392,23.78733752803842,23.905433884229303,39511000
2018-11-19,24.034263610839844,24.130886156099784,23.81954198973095,23.89469346499953,31167600
2018-11-20,23.246957778930664,23.77660026717286,23.068024911731108,23.719340439125542,52648800
2018-11-21,23.611984252929688,23.862489195004027,23.375791538717515,23.42947194924747,34661800
2018-11-23,22.871200561523438,23.10739190742826,22.703003218251226,23.02508158167624,28843600
2018-11-26,23.214750289916992,23.368632659064414,23.035817429526908,23.039394120919592,33365400
2018-11-27,23.150333404541016,23.318530723279316,23.017922110357986,23.096653002558778,44528600
2018-11-28,23.54756736755371,23.565459016817655,22.98213882907244,23.128862366352347,42296400
2018-11-29,23.701452255249023,23.891120685358352,23.533254898646632,23.565461508907035,28828400
2018-11-30,23.658506393432617,23.726501763774117,23.375792106059055,23.493888466031397,36258000
2018-12-03,24.184558868408203,24.331282350508637,23.90184470549015,24.198873820615216,43990800
2018-12-04,23.490304946899414,24.274031724191246,23.447360078863323,24.195300831274427,36592600
2018-12-06,23.05729103088379,23.093077060831536,22.570593378757028,22.974980704734808,70712200
2018-12-07,22.928457260131836,23.84459265716385,22.889091811325102,23.497465191784485,54891400
2018-12-10,22.570592880249023,22.878357645540497,22.051687266570344,22.767418770913487,46765600
2018-12-11,22.577754974365234,22.96067266340087,22.341563584256676,22.91772778145402,34483200
2018-12-12,22.66721534729004,23.100233917234092,22.65290039048292,22.94635154443114,38534800
2018-12-13,22.738788604736328,22.88193407634294,22.51333281464789,22.613534781287456,30598000
2018-12-14,22.21988296508789,22.692265613837545,22.112523520399225,22.599221125813877,45787200
2018-12-17,21.81549644470215,22.34871702881256,21.658036001447506,22.16262666943005,41464600
2018-12-18,21.3001708984375,21.854862571621634,21.182074538487868,21.776131664988547,53234000
2018-12-19,21.049659729003906,21.815492085448806,20.874306305783893,21.411104839570424,91097800
2018-12-20,20.46634292602539,21.110502405126386,20.341090452394404,20.792000722615526,77008800
2018-12-21,20.26767349243164,20.80949330900528,20.09790284230447,20.46995200875094,74787400
2018-12-24,19.447717666625977,20.126798830854074,19.429657283209476,20.029271106902254,31211800
2018-12-26,20.65778160095215,20.661394504444953,19.274335815782273,19.63554900160152,58194000
2018-12-27,20.766151428222656,20.791436246803443,19.967869057008823,20.24239191291345,48754600
2018-12-28,20.607215881347656,20.953980274760177,20.480791793515763,20.860065434930657,38874800
2018-12-31,20.715579986572266,20.867290272852273,20.473567762876975,20.79143581867189,37410400
2019-01-02,21.123748779296875,21.264621713556437,20.282122699627585,20.386873485410934,49785200
2019-01-03,20.914247512817383,21.261011898579362,20.675846825366122,21.185157447553777,36048200
2019-01-04,21.625831604003906,21.69085008333993,21.15264324407031,21.275455774158488,42703000
2019-01-07,21.947311401367188,22.106246076575736,21.499407846314995,21.78837810407752,36113400
2019-01-08,22.11708641052246,22.30491745974429,21.99788675842964,22.254347826861327,37384600
2019-01-09,22.467464447021484,22.543318898893254,22.1821056485486,22.413281908302107,37513600
2019-01-10,22.532482147216797,22.561378489706723,22.171268909618217,22.29769299161006,38335200
2019-01-11,22.398832321166992,22.543318167786687,22.20016531550428,22.41689408543382,28211800
2019-01-14,22.344650268554688,22.43495357460095,22.15320770067072,22.185715568045037,26383400
2019-01-15,22.424116134643555,22.637230600005175,22.31213954650661,22.46746133285956,19642400
2019-01-16,22.39522361755371,22.579441786187793,22.31936915858199,22.39883514411075,25082200
2019-01-17,22.60111427307129,22.698642021664245,22.17488250274026,22.225452140250844,20349600
2019-01-18,23.059852600097656,23.077912985968236,22.734760142750766,22.86841002961511,29063600
2019-01-22,22.557764053344727,22.857570285354345,22.496357094357375,22.807000659081805,39726400
2019-01-23,22.326589584350586,22.66612951449292,22.14237007084512,22.637231795543403,46735400
2019-01-24,22.445791244506836,22.648071161548824,22.1893301664509,22.279633479393347,26098400
2019-01-25,22.73114585876465,22.872018780549755,22.601108891603335,22.637229658961942,20467200
2019-01-28,22.503583908081055,22.514421241944223,22.257958801942355,22.431340986642766,24044800
2019-01-29,22.572216033935547,22.72392493373796,22.55415426955217,22.633621623497717,23768200
2019-01-30,22.89008331298828,22.962326238718266,22.59027703139977,22.71308959176498,24233000
2019-01-31,23.038179397583008,23.146544469055264,22.864797212314173,22.926204178009723,35688400
2019-02-01,23.439128875732422,23.576388926265093,23.211565507677022,23.287419963695488,29544800
2019-02-04,23.49331283569336,23.50053588896227,23.106814723596923,23.28019556043789,20215800
2019-02-05,23.5294246673584,23.569158334826653,23.399387711250963,23.475242143007357,15705400
2019-02-06,23.356050491333008,23.48247457995786,23.334375821969857,23.4174560835453,13607600
2019-02-07,22.839513778686523,23.29103172200263,22.62639790470242,23.21156436555863,29200200
2019-02-08,22.734756469726562,22.832284191174065,22.348258487278443,22.778103042315827,21268800
2019-02-11,22.843122482299805,22.879243249721746,22.561375260316623,22.626393744011285,24994800
2019-02-12,23.132095336914062,23.26574522271193,22.864796943237433,23.150154344721418,21354600
2019-02-13,23.421064376831055,23.60528389471519,23.200726843158787,23.226011658881063,26123400
2019-02-14,23.504140853881836,23.681134535488635,23.294636553950156,23.3379831264374,20426400
2019-02-15,23.883413314819336,23.901472317943213,23.69558094263604,23.749763463682665,20367600
2019-02-19,23.955657958984375,24.045961253877387,23.728094647955615,23.764215414745248,17443200
2019-02-20,24.056795120239258,24.17599612055266,23.915922212900732,23.919535116017457,19871400
2019-02-21,23.68475341796875,24.042353774790893,23.5980630069473,23.98094818181064,23732200
2019-02-22,23.753385543823242,23.93399217986482,23.634184502634547,23.861747871945052,19896600
2019-02-25,23.79311752319336,23.87258212246615,23.65585472587832,23.67752939462396,31808800
2019-02-26,23.71725845336914,23.933985807750467,23.71003264658166,23.7714382250861,21101400
2019-02-27,23.807565689086914,24.05318804377155,23.69558771204378,23.83285050535376,20588000
2019-02-28,23.56915855407715,23.84368132572854,23.421059836529132,23.81117070848042,22498800
2019-03-01,24.00261688232422,24.006229786086,23.695586202687316,23.695586202687316,40655800
2019-03-04,24.04596519470215,24.14710446062369,23.684751955931898,24.08931177545637,39560000
2019-03-05,23.966501235961914,24.089315187575643,23.79673054875868,24.07847922981181,31615000
2019-03-06,23.6630802154541,23.822012167698063,23.543879184392388,23.771442534369758,45381000
2019-03-07,23.52220916748047,23.695589994053964,23.428292945514002,23.677530984031776,46892400
2019-03-08,23.081525802612305,23.189888117426012,22.86840994313948,23.142931389923895,31243000
2019-03-11,23.4427433013916,23.49692584658914,23.229626025171612,23.251300696753862,26424200
2019-03-12,23.594449996948242,23.71365103396751,23.475248959928976,23.482474768387487,22026200
2019-03-13,23.83285140991211,23.843687366460845,23.64501897693939,23.742548097554792,26413600
2019-03-14,23.858137130737305,23.97733541312628,23.829239408287282,23.854524226471426,24640800
2019-03-15,23.84866714477539,23.921475273199505,23.757655595519214,23.83774620325698,24854800
2019-03-18,24.17995262145996,24.219997933413552,23.866872606615125,23.877793550338353,20135800
2019-03-19,24.11441993713379,24.423858657120377,24.016128683472974,24.300084280106596,25052000
2019-03-20,24.325565338134766,24.54399248796524,24.019767883862475,24.09257600798867,27325800
2019-03-21,24.49666976928711,24.536715074526217,24.201793228391992,24.252759475523195,35755800
2019-03-22,23.834108352661133,24.31464928996558,23.743096790463678,24.274603980402503,39949600
2019-03-25,23.84502410888672,23.885069409739014,23.615676021920553,23.732170685094903,24692600
2019-03-26,24.187236785888672,24.351056508045662,24.05617989718195,24.12170834153531,23033000
2019-03-27,24.016128540039062,24.278242251505308,23.8341054379044,24.169027279243664,19165200
2019-03-28,24.107141494750977,24.136265859376806,23.866869652766322,23.91419743964636,18298400
2019-03-29,24.07073402404785,24.39837335867661,23.99064342137793,24.340127415113322,20075200
2019-04-01,24.3874568939209,24.438423145437575,24.198154070780728,24.230916899276135,24823400
2019-04-02,24.219995498657227,24.471188288850428,24.161749545504403,24.449346403599662,22304800
2019-04-03,23.987003326416016,24.336487336825943,23.90327425777669,24.289162331832063,23979600
2019-04-04,24.187236785888672,24.205437434210104,23.88507769373413,24.00157239731201,21008600
2019-04-05,24.6131649017334,24.642289265620597,24.241836205802134,24.252759925348993,34538400
2019-04-08,24.722379684448242,24.846154063823572,24.620444411639383,24.64956877529906,21204200
2019-04-09,24.420217514038086,24.649565599037555,24.343768152371595,24.649565599037555,29083800
2019-04-10,24.511234283447266,24.624087730340882,24.445705848406874,24.474830214525365,18751200
2019-04-11,24.529428482055664,24.70053061621509,24.340125706945216,24.489383183531046,21828400
2019-04-12,24.59495735168457,24.900757566267263,24.533070171901173,24.882554147530147,30853600
2019-04-15,24.4493465423584,24.62408718026094,24.40930123420316,24.565841226777547,16601400
2019-04-16,24.60952377319336,24.645927839490906,24.449345325993697,24.53671564059826,16260400
2019-04-17,24.576765060424805,24.81339569714449,24.54399945105614,24.75878819983184,21869200
2019-04-18,24.46026611328125,24.678693287135918,24.39837614576979,24.645927683459004,19519000
2019-04-22,24.977214813232422,24.995418237718088,24.616809783527728,24.68597668617749,28329400
2019-04-23,24.937171936035156,25.050025401997253,24.77335220948032,24.995420678114233,20424400
2019-04-24,24.50031089782715,24.973569301532685,24.489387178532496,24.959007119925293,22038200
2019-04-25,24.423856735229492,24.624083243998655,24.369252030521462,24.49666763726006,24121800
2019-04-26,24.107141494750977,24.252760540427836,23.895994017392148,24.24547806054524,33676800
2019-04-29,24.085302352905273,24.21635645374172,24.03797456063542,24.114423943395263,25949000
2019-04-30,24.06709861755371,24.336492073909717,24.037974249987503,24.31829142727026,28654000
2019-05-01,23.586557388305664,24.147188958900745,23.568353964425274,24.074378040831725,44311400
2019-05-02,23.17518424987793,23.57927442137843,23.164263306755988,23.43729660588822,56066000
2019-05-03,23.38996696472168,23.575631293412233,23.339000721936337,23.39360820419261,39249000
2019-05-06,23.411813735961914,23.488263116105596,23.18974668726734,23.211588573750536,40689400
2019-05-07,23.207948684692383,23.226150719641012,22.913070719110138,23.13513915617163,30129000
2019-05-08,23.207948684692383,23.400892754855075,23.146061488121806,23.197027741468457,19647400
2019-05-09,23.207948684692383,23.29532039666254,22.902149775886212,23.098735086274374,28819000
2019-05-10,23.31716537475586,23.375411335354833,22.880308171726398,23.20795037963532,26150000
2019-05-13,22.91671371459961,23.218871406323526,22.807500107816583,23.10601794776249,28139600
2019-05-14,23.197023391723633,23.39360866524949,23.018640149733283,23.040483420811483,18484000
2019-05-15,23.31716537475586,23.368131631824724,23.00408396263351,23.065972552450237,20184600
2019-05-16,23.4445743560791,23.531944660879233,23.375404693659213,23.375404693659213,18753000
2019-05-17,23.207948684692383,23.415454938304475,23.17882431779358,23.28803930493784,21111400
2019-05-20,23.218868255615234,23.32808323630458,23.1715432452911,23.211587164320868,16372200
2019-05-21,23.488262176513672,23.553790610794447,23.28803841103802,23.317162776818897,36761000
2019-05-22,23.12421989440918,23.40089445643475,23.047770508830233,23.346286958891874,19274000
2019-05-23,22.348800659179688,22.756532099415008,22.214103925916707,22.738330063362117,47927200
2019-05-24,22.43252944946289,22.614552573759436,22.239585382100948,22.527182251783785,20306800
2019-05-28,22.199539184570312,22.487136042749174,22.166774967958464,22.447090734809564,25861200
2019-05-29,22.057559967041016,22.07212214876669,21.762682036363387,21.893738894442333,33903200
2019-05-30,21.777250289916992,22.061205969108467,21.70808199052397,22.021162041287123,30347800
2019-05-31,21.39499855041504,21.675314333116322,21.39499855041504,21.478729022329514,43797000
2019-06-03,21.668033599853516,21.773607348733,21.507853745114016,21.54061657539426,36049400
2019-06-04,22.04299545288086,22.093961694801767,21.813645975510852,21.871894696250102,29486800
2019-06-05,21.799089431762695,22.09396599997132,21.66803256201388,22.08668490846014,31763800
2019-06-06,22.203176498413086,22.28690695078706,21.842770179413357,21.842770179413357,64787800
2019-06-07,22.30510902404785,22.44708680828856,22.217737332124223,22.272344813167233,31548200
2019-06-10,22.37063980102539,22.570864938053226,22.3378755866953,22.425245899091486,19675600
2019-06-11,22.41432762145996,22.640035908825578,22.40704652977381,22.567227769416583,19045200
2019-06-12,22.097604751586914,22.319673157128115,22.028435084383297,22.268705522289537,27633000
2019-06-13,22.356077194213867,22.458009686312877,22.09032363357998,22.35243734323578,24383000
2019-06-14,22.210458755493164,22.414325133901336,22.155852656996643,22.410685282825334,15832600
2019-06-17,22.396127700805664,22.45801490289072,22.09396861657475,22.163138299759662,17590400
2019-06-18,22.705562591552734,22.84026069425336,22.501697594991594,22.54174151308315,34444200
2019-06-19,22.680078506469727,22.81113536369507,22.559943979830546,22.67279741565431,17655400
2019-06-20,23.182466506958008,23.218870578345406,23.018645408262103,23.044128535978544,51908000
2019-06-21,23.34998893737793,23.434483692739544,23.217735789367605,23.217735789367605,32712600
2019-06-24,23.140586853027344,23.408766204665064,23.103849091664596,23.342639635614415,20793200
2019-06-25,22.956899642944336,23.1479303747239,22.93118251221025,23.125889121812026,23774600
2019-06-26,23.309574127197266,23.485911160707808,23.129562617199866,23.188341628370047,28653600
2019-06-27,23.13690757751465,23.379371146611803,23.089149198349478,23.309571516602716,21217400
2019-06-28,23.405086517333984,23.42712916924445,23.192013154474118,23.192013154474118,34739200
2019-07-01,23.4271297454834,23.772456225496096,23.368350740345022,23.69530904401486,29772600
2019-07-02,23.05241584777832,23.405089921224537,22.949552926707057,23.357332937242706,24190800
2019-07-03,23.144258499145508,23.16262667799137,22.94587880424487,23.085479485997418,13974600
2019-07-05,23.17732810974121,23.199370771215893,23.00833857597647,23.059770051348124,14726400
2019-07-08,23.210384368896484,23.33896301836845,23.07445816782581,23.140584730812012,17256400
2019-07-09,23.2287540435791,23.24344914772317,23.01935371443403,23.173649505142237,14976200
2019-07-10,23.526323318481445,23.607144988917543,23.221406217401427,23.375702006288325,23534800
2019-07-11,23.57408332824707,23.599799062793196,23.427136473898123,23.59612738843293,25362600
2019-07-12,23.673269271850586,23.7540909344906,23.58877313287124,23.58877313287124,16162800
2019-07-15,23.46019172668457,23.728369608990302,23.40876027520665,23.71367731097138,19077800
2019-07-16,23.210384368896484,23.452847966045173,23.11854207601589,23.41243713295336,21174200
2019-07-17,22.94587516784668,23.26548731500276,22.93118006653794,23.192013209861063,27329400
2019-07-18,22.949554443359375,22.949554443359375,22.703416349869656,22.835669486502663,25509000
2019-07-19,23.05609130859375,23.133239908782127,22.86506055009566,22.971596557342043,19930600
2019-07-22,23.16262435913086,23.23977154340144,22.97893978625686,23.144256182123875,15686200
2019-07-23,23.22507667541504,23.287528754380553,23.09282356536807,23.162623195047523,14537600
2019-07-24,23.324268341064453,23.474889639032995,23.169972566749152,23.195688295568015,19815400
2019-07-25,23.059764862060547,23.441829166560993,22.989965218535424,23.412438957875292,20140800
2019-07-26,22.942203521728516,23.063434611569136,22.84301368382142,23.059761536714245,19307600
2019-07-29,22.850364685058594,22.942206985720887,22.681375188176528,22.923838805868886,16569800
2019-07-30,23.107524871826172,23.162629414874885,22.714439912188702,22.758523826908146,21602600
2019-07-31,23.03404998779297,23.305902421246245,22.843017828430007,23.10752411084062,30556000
2019-08-01,22.512380599975586,22.887097293427658,22.36910685865022,22.78055990578498,50380400
2019-08-02,22.189098358154297,22.736477634932236,21.961328464467456,22.60422450992753,43399800
2019-08-05,21.527833938598633,21.836424113755303,21.373539551721418,21.77764509950652,55153800
2019-08-06,21.502113342285156,21.707840546308233,21.270671814336364,21.582934994115995,33995000
2019-08-07,21.340476989746094,21.4433399178068,20.99882351994185,21.10903400020722,49604400
2019-08-08,21.953983306884766,21.965005336105158,21.38456131337962,21.483751167949265,46535600
2019-08-09,21.711517333984375,22.020107492094912,21.619675041706262,21.972350509119853,29186400
2019-08-12,21.454357147216797,21.69314623413805,21.358840391326716,21.660082957314867,43838000
2019-08-13,21.65273666381836,21.854790812469318,21.244958094527835,21.35884163132886,28695200
2019-08-14,20.80411720275879,21.241286025542276,20.771053920269132,21.189854564203305,47299400
2019-08-15,20.675537109375,20.793095135473617,20.451441684186314,20.693906689592207,28575800
2019-08-16,20.947389602661133,21.00984168698327,20.715946640227667,20.785747677296083,42798600
2019-08-19,21.410276412963867,21.487425009616704,21.200876082196757,21.241286918204846,27763200
2019-08-20,21.230262756347656,21.333125666224024,21.149441097786482,21.307409938754933,19042600
2019-08-21,21.366191864013672,21.487424368420292,21.289044671065227,21.450686608871816,24074800
2019-08-22,21.270675659179688,21.524159883829427,21.259653631045573,21.439665142279512,18706200
2019-08-23,20.557979583740234,21.215570771701817,20.44042155477978,21.01719107230521,48817800
2019-08-26,20.64615249633789,20.848205307139803,20.557983258157556,20.737994810466258,21610600
2019-08-27,20.51756477355957,20.840849991270403,20.407354317936008,20.756355261912272,23662600
2019-08-28,20.81146812438965,20.914331063723253,20.52124608680991,20.62410902614351,31388800
2019-08-29,21.116378784179688,21.204547997674894,20.951062384752493,20.97310503847682,24663400
2019-08-30,21.116378784179688,21.3808850232632,20.991473215879374,21.19720044643345,26044600
2019-09-03,21.013513565063477,21.05759746627537,20.71227100421196,20.774723080811977,27929600
2019-09-04,21.30741310119629,21.39925539904627,21.24496101133138,21.30741310119629,22381800
2019-09-05,21.57192039489746,21.81070953983931,21.461708511106423,21.49477179596327,29077000
2019-09-06,21.685800552368164,21.711516280846496,21.40660061400252,21.52783170520007,24468600
2019-09-09,22.11929702758789,22.170728486322346,21.818054425227082,21.862138332513453,49514200
2019-09-10,22.380125045776367,22.703410248284385,22.211135595007,22.255220896304852,51436000
2019-09-11,22.402170181274414,22.68137151485551,22.280939092763145,22.505033092908466,45504000
2019-09-12,22.262571334838867,22.424214667940483,21.935612994922856,22.119297581518563,38119000
2019-09-13,22.438907623291016,22.55646563534712,22.31400206030615,22.40951741957597,28123200
2019-09-16,23.1920166015625,23.383048742307484,22.92383726976729,23.37937426574193,61355600
2019-09-17,22.868732452392578,23.21405899214879,22.71443806273627,23.20671144006007,52900000
2019-09-18,22.758520126342773,22.85036241789266,22.600551272764793,22.70341419085198,23209000
2019-09-19,22.699739456176758,22.94587610686181,22.62993842280478,22.89444465157849,28037000
2019-09-20,22.718276977539062,22.807252576675744,22.60705853928259,22.714570309092156,40300200
2019-09-23,22.725688934326172,22.785005521717398,22.540324421951215,22.566275340546188,18660800
2019-09-24,22.366086959838867,22.67749804170522,22.232624259485135,22.655255201125776,41101000
2019-09-25,22.40315818786621,22.42910911006263,22.210378898536227,22.26228074292907,20248400
2019-09-26,22.11028480529785,22.35496597141248,21.999066350558362,22.303064120148676,28011000
2019-09-27,22.1065731048584,22.2771081242599,21.9471595041338,21.987939924907867,31263200
2019-09-30,21.947158813476562,22.091742908602647,21.924914562603696,22.002767319330204,39616800
2019-10-01,21.43926239013672,22.10286633803893,21.43555430754434,22.021306905855475,32749400
2019-10-02,20.912822723388672,21.365112553558784,20.85350614026955,21.313210720106916,37824600
2019-10-03,21.13896942138672,21.16121367226461,20.627362964947327,20.797897979020785,40914200
2019-10-04,21.272432327270508,21.30208991454136,21.012921721110175,21.227943825035688,20275800
2019-10-07,21.083362579345703,21.387360314630325,21.072241159392604,21.30580087794223,23284800
2019-10-08,20.723758697509766,21.031463136523776,20.69409968862103,20.868342830293887,40038400
2019-10-09,20.912822723388672,21.027749221902738,20.872042307328233,20.90911605566449,17833800
2019-10-10,21.176044464111328,21.23165439130135,20.949899501060056,20.98326517453023,20111400
2019-10-11,21.461503982543945,21.661698004332788,21.357700303491534,21.39477264194766,45127800
2019-10-14,21.45038604736328,21.52823881929577,21.224241069085707,21.305801923997432,24321200
2019-10-15,21.53936195373535,21.754385528623754,21.3799483142062,21.405900654468077,22170000
2019-10-16,21.23906707763672,21.61721086879507,21.231652327117647,21.465212018701727,23910600
2019-10-17,21.25389862060547,21.394774651345088,21.187167273741778,21.328043304481398,22616200
2019-10-18,21.142677307128906,21.36882225431233,21.138970638878614,21.198287230416966,20555600
2019-10-21,21.520824432373047,21.539360604925584,21.157510076309986,21.183461000727394,20948000
2019-10-22,21.798870086669922,22.04725931096825,21.520823270732247,21.587554619694828,39393800
2019-10-23,21.98052978515625,22.025016883414825,21.669117268907517,21.76179954857417,23640800
2019-10-24,21.887840270996094,22.121398520321126,21.772913773076638,22.106570435282233,24233600
2019-10-25,22.0657958984375,22.128819165746062,21.865601847776308,21.895260854193936,23750000
2019-10-28,21.939746856689453,22.26598883993554,21.902674514733416,22.139940897378136,23513200
2019-10-29,22.028724670410156,22.21408923915162,21.7840434962402,21.858189606580673,26936800
2019-10-30,21.58013916015625,22.09174568067645,21.494871642439417,22.080624260954007,31013400
2019-10-31,21.487457275390625,21.524531032160255,21.276141811570987,21.491165358177195,30064800
2019-11-01,21.976823806762695,22.01760423999673,21.57643705565113,21.59497323051583,26620200
2019-11-04,22.692323684692383,22.75905502351752,22.22520572713545,22.22891239519506,43060400
2019-11-05,22.72198486328125,22.922178898939386,22.647838767013145,22.75535053589094,35110200
2019-11-06,22.258573532104492,22.736814368162204,22.19554885529218,22.68861919344916,35655800
2019-11-07,22.59223175048828,22.66267118741218,22.425404780176468,22.484721381985395,26483400
2019-11-08,22.49954605102539,22.52920505453028,22.243743509781783,22.45505895998718,20779600
2019-11-11,22.373497009277344,22.477302102197175,22.20296199020634,22.288229499741842,28961000
2019-11-12,22.258573532104492,22.5625712540437,22.143647012163903,22.440229983053474,25082400
2019-11-13,22.162181854248047,22.240036028492945,22.069499593011855,22.143645684844625,21151200
2019-11-14,22.10286521911621,22.277108322439474,21.999061539290814,22.15476705902891,16233600
2019-11-15,22.27340316772461,22.35867068397781,22.169598066626616,22.195548988346324,18363600
2019-11-18,22.002765655517578,22.158472571415306,21.91008340521764,22.132521654468835,25508200
2019-11-19,21.67652702331543,21.95086571591522,21.650576104129474,21.9323295470994,30758200
2019-11-20,21.89525604248047,22.05466963139424,21.535648446900254,21.669111118011216,34290000
2019-11-21,22.254867553710938,22.27340514019737,21.898967954992457,21.96940597529529,31283400
2019-11-22,22.180723190307617,22.380915833639005,22.136234679150142,22.273405467223387,22984000
2019-11-25,22.202970504760742,22.24004427152766,22.06950777283904,22.15477531507355,24672000
2019-11-26,21.999059677124023,22.240034101142594,21.917498841754238,22.23261935117998,26804000
2019-11-27,22.054670333862305,22.099157420909943,21.873012489237702,22.02501133301788,19336600
2019-11-29,21.832237243652344,21.950870446703906,21.750676386222143,21.873017672367443,15660400
2019-12-02,21.832237243652344,22.047260808070387,21.80628631887352,21.906383349114403,30779000
2019-12-03,21.50599479675293,21.67653126016061,21.428142023978147,21.63945750106359,33891000
2019-12-04,21.82852554321289,21.895256881324965,21.624624860856667,21.695062866988742,34853000
2019-12-05,21.72472381591797,21.947162115455704,21.65057913029128,21.92121119264252,21784800
2019-12-06,22.139942169189453,22.206673519919008,21.813700167202654,21.817406835923506,33459200
2019-12-09,22.113990783691406,22.217794476338916,21.969405250650485,21.969405250650485,16812600
2019-12-10,22.158475875854492,22.240036720831455,22.06208552920551,22.188133464979405,17570200
2019-12-11,22.12140655517578,22.27340685644867,22.076919455462892,22.125114638446505,24872400
2019-12-12,22.529205322265625,22.60705808606247,22.128817255506192,22.154768176771807,44981600
2019-12-13,22.35866928100586,22.7516411647997,22.343839779748222,22.60705706308543,22743000
2019-12-16,22.65896224975586,22.747937856223356,22.506963374964155,22.518086209659646,22271800
2019-12-17,22.673791885375977,22.87769260920428,22.588524361383023,22.755352740595015,46292400
2019-12-18,22.759065628051758,22.90364979146854,22.6181881344217,22.64784714959421,25881400
2019-12-19,22.751644134521484,22.82579023626872,22.710863707849544,22.762766969026092,25534800
2019-12-20,22.969886779785156,22.996090903786754,22.778969387181903,22.820147704332314,34839600
2019-12-23,23.205724716186523,23.22069748092563,22.917477931698887,22.943682055014342,26944400
2019-12-24,23.194496154785156,23.291826991423996,23.153317833747014,23.258135767667135,10074800
2019-12-26,23.187007904052734,23.37418104272031,23.157060944435138,23.29556866720418,20312400
2019-12-27,23.089675903320312,23.295566047094123,23.074701711186837,23.273104758893915,21436600
2019-12-30,23.016807556152344,23.22114390040989,22.982108792908342,23.1787341374758,29259000
2019-12-31,23.14789581298828,23.17102734553632,22.835606887082072,22.901149660988693,21444800
2020-01-02,23.35608673095703,23.390784027254643,23.221146427777896,23.302109727251597,23889400
2020-01-03,23.28669548034668,23.637538010123244,23.17103191192002,23.568140457356595,59005800
2020-01-06,23.467893600463867,23.587411907873932,23.28669022753491,23.367653530591873,44916200
2020-01-07,23.406204223632812,23.42933722343724,23.13247034419993,23.402349459026834,22925000
2020-01-08,23.02066993713379,23.410067461341892,22.98982739889184,23.38307968885895,38042800
2020-01-09,23.1903076171875,23.213439151763946,22.739223573545083,23.009102752481557,30733600
2020-01-10,23.05921745300293,23.198011036062162,23.03222968929229,23.17873427208639,18302400
2020-01-13,23.066926956176758,23.14017924282127,22.904998913695838,23.02451719574788,17557000
2020-01-14,23.07078742980957,23.09777519844799,22.866451047054934,23.01681189253273,34678000
2020-01-15,22.901147842407227,23.03994143884308,22.83560507370536,22.97054537598663,21661600
2020-01-16,22.9397029876709,23.113196833823107,22.92813722150177,23.036088294341784,16449000
2020-01-17,22.793195724487305,23.01295409461169,22.75464219211295,23.00138832904398,23818200
2020-01-21,22.384525299072266,22.66982499784955,22.345970291992135,22.665970232503106,34709200
2020-01-22,22.168621063232422,22.357536915932915,22.106934524320177,22.342114913524078,29355400
2020-01-23,22.083797454833984,22.15319498217379,21.767653817273906,21.937292871092463,26556000
2020-01-24,21.829341888427734,22.083799016425942,21.65970429333657,21.98355895358183,40781200
2020-01-27,21.224042892456055,21.474645262240074,21.19705512595291,21.38982572710278,43365000
2020-01-28,21.32042694091797,21.45151100083045,21.23560888148487,21.343559941157658,28600200
2020-01-29,21.096813201904297,21.517053134218,21.069825437778697,21.439944606406495,27490800
2020-01-30,21.26645278930664,21.289585791045525,20.823079815677424,20.877056819734815,48861000
2020-01-31,20.603322982788086,20.965732683435473,20.49537190807087,20.907900910138054,66861000
2020-02-03,20.33344268798828,20.607176575610495,20.260188921777477,20.576332574948495,42578400
2020-02-04,20.40669822692871,20.788383236087373,20.36814469069639,20.62645661904385,39639600
2020-02-05,21.173919677734375,21.247173438969646,20.73440299321396,20.74597022803799,68764000
2020-02-06,20.95802116394043,21.27416484984168,20.923322394964778,21.27416484984168,30801200
2020-02-07,20.81151580810547,20.90019011617698,20.70356473231808,20.799950041620562,27386600
2020-02-10,20.707416534423828,20.753682535189174,20.580188709126354,20.703561769721496,29281200
2020-02-11,20.938745498657227,21.019708806952895,20.846214952945655,20.988864801474662,27689200
2020-02-12,21.22018814086914,21.33970497239437,21.04669430558078,21.251030672296533,34399600
2020-02-13,21.154645919799805,21.274164225144844,21.03127284944757,21.162356920537196,23949800
2020-02-14,21.042835235595703,21.243315325665677,20.911751194720615,21.2278947984683,25040000
2020-02-18,20.869342803955078,21.03898038002873,20.676572229484798,20.85777556939538,32629400
2020-02-19,21.14693260192871,21.231752130023064,20.892475488368493,21.00813901603274,24910800
2020-02-20,21.12380599975586,21.358986403798294,21.069830458642485,21.200914545942044,26101600
2020-02-21,20.873199462890625,20.942596993656643,20.699705635975583,20.923320228604503,27616400
2020-02-24,19.909347534179688,20.202359672750017,19.8476610003843,20.08669613500106,66075000
2020-02-25,19.03031349182129,19.978744472133926,18.906940427913447,19.96332247146471,85674600
2020-02-26,18.455852508544922,19.192235969203445,18.448141509864623,19.099706926485084,97656600
2020-02-27,17.468873977661133,18.324774523696234,17.46116297643448,17.97778829283544,122557400
2020-02-28,17.45345115661621,17.673209533738,16.77875402352086,16.917549097644734,137511600
2020-03-02,18.15898895263672,18.182121952849727,17.32236529969179,17.842845303340003,73285400
2020-03-03,17.60381317138672,18.502124977342636,17.40718778373902,18.263088346745814,97190600
2020-03-04,18.020198822021484,18.024053587435365,17.6076683280245,17.98164381426687,48969000
2020-03-05,17.360919952392578,17.584534556748533,17.07176404927759,17.50357125684985,58774600
2020-03-06,16.385501861572266,16.92140392243506,16.138755715913685,16.771043081844553,123034800
2020-03-09,13.085267066955566,14.045265248401133,13.004303772455653,13.520929010400572,133113800
2020-03-10,13.7059907913208,14.195628342731373,12.861656004967639,14.137796568427506,96862200
2020-03-11,12.981170654296875,13.513217887517053,12.772979537578427,13.281893770841949,86954600
2020-03-12,11.36190128326416,12.337320988660304,11.327202509154622,12.025032757036097,77658200
2020-03-13,12.410568237304688,12.422135471102314,11.103584063818424,12.32189395537712,68196800
2020-03-16,10.721901893615723,11.998043953079693,10.667926354248493,10.775878168344525,80467200
2020-03-17,10.795154571533203,11.250093346134236,10.390336569245328,10.825997840894551,90887200
2020-03-18,9.245279312133789,10.247686743210007,8.821183775675204,10.039494843535692,104271600
2020-03-19,9.873710632324219,9.912264165069805,8.859736837306924,9.380217618348826,104453000
2020-03-20,9.970094680786133,10.347924842913512,9.545999255677597,10.124310998454307,116714400
2020-03-23,9.290548324584961,9.968518399518672,9.124997579754229,9.905450768892036,96520400
2020-03-24,10.78050422668457,10.83568755358722,10.01187566457494,10.01187566457494,89022200
2020-03-25,11.288982391357422,11.825051639600607,10.540062604546023,11.017006744954513,104869800
2020-03-26,11.978776931762695,12.219219886234404,11.261390594216353,11.403291452831331,93836200
2020-03-27,11.166789054870605,11.513656863667206,11.099780406921479,11.478182404697852,73056800
2020-03-30,11.28110122680664,11.379643338057578,10.67802323529691,11.017008338581462,84254800
2020-03-31,11.454533576965332,11.825052086174091,11.225915933371963,11.596434442580723,68701200
2020-04-01,10.886932373046875,11.225916711787423,10.733206174031832,11.084016588149112,47653000
2020-04-02,11.884175300598145,12.518786568577347,11.139197378581825,11.434823633580866,146256200
2020-04-03,11.75804328918457,12.341412338131791,11.423000000324153,12.258637335375042,127668600
2020-04-06,12.380827903747559,12.463603648796468,11.860525798239449,12.022134762774044,76041400
2020-04-07,12.644920349121094,13.350480494795496,12.621269708759588,12.991787385959718,103019000
2020-04-08,13.488441467285156,13.53180022652433,12.806530399737703,12.912954531428307,83811600
2020-04-09,13.366252899169922,14.371382207592575,12.857775206610595,14.008747933094496,182655200
2020-04-13,13.322891235351562,13.882611129111503,13.110039944613288,13.831368817570864,67685600
2020-04-14,13.2598237991333,13.551509056135773,13.173106276093888,13.38990008369242,72648200
2020-04-15,12.63703727722168,12.763171023290765,12.242868193031143,12.731636834957063,73421000
2020-04-16,12.097028732299805,12.64492333429069,12.081261635003225,12.60550559104924,64605800
2020-04-17,13.382019996643066,13.397787096479343,12.341414713766495,12.349298263684632,91706800
2020-04-20,12.964197158813477,13.441140514976153,12.526670789132657,12.59367944060687,112790000
2020-04-21,12.735580444335938,12.968139840376848,12.372944765796031,12.58973781814453,120861600
2020-04-22,13.188872337341309,13.39778258067399,13.01149628305239,13.31106506443654,73753200
2020-04-23,13.61457633972168,13.933851768330753,13.45690838472069,13.590925695381614,83207200
2020-04-24,13.646109580993652,14.008745290723718,13.429317261815424,13.886552545469424,64859200
2020-04-27,13.941733360290527,14.040275442431522,13.236173194921978,13.543624010039368,46576000
2020-04-28,14.261011123657227,14.347728642430067,13.922026099690237,14.15064446604302,59138000
2020-04-29,15.317381858825684,15.368624163794816,14.718245804490317,14.730070373470546,71075000
2020-04-30,14.978400230407715,15.404102853436932,14.757665369914799,15.404102853436932,84040200
2020-05-01,14.130937576293945,14.781316085509662,13.95750400886526,14.670949406567157,58531800
2020-05-04,14.619707107543945,14.631531679264082,13.803778578923438,13.870786490181855,52780400
2020-05-05,14.6315279006958,15.34103058970747,14.580287100719241,15.218839370466458,68733400
2020-05-06,14.249191284179688,14.828617932624791,14.237365207200464,14.702484138158276,47350200
2020-05-07,14.619707107543945,14.89562530886857,14.51722397749189,14.651239800008721,48469400
2020-05-08,15.285849571228027,15.293733119406332,14.875915591387658,14.962631614082873,49646200
2020-05-11,15.01781177520752,15.22672199871795,14.946861360224014,15.18336324471328,46531400
2020-05-12,14.7537202835083,15.18730483245698,14.734012168307508,15.167596717256187,56129000
2020-05-13,14.083637237548828,14.674889857951213,13.98115411161101,14.655181737997767,68994800
2020-05-14,14.241302490234375,14.375319785462276,13.519973709075494,13.835308079131474,61968400
2020-05-15,14.18612289428711,14.54087359003489,14.059987609459073,14.245247258428433,54427800
2020-05-18,15.344977378845215,15.443519488134672,14.958692490866525,14.998108733129007,73139600
2020-05-19,14.915332794189453,15.411984332508819,14.903508222973066,15.36468454401011,53940600
2020-05-20,15.510527610778809,15.538119281462892,15.143950838966523,15.222784828192452,54521200
2020-05-21,15.262197494506836,15.62089059764002,15.14000477669757,15.557823727978123,56241800
2020-05-22,15.167597770690918,15.183364865399748,14.856204416539647,15.140006106766924,38495000
2020-05-26,15.589360237121582,15.75096922427127,15.54994399777118,15.652427122262115,74888600
2020-05-27,15.790383338928223,15.908633533440955,15.348913740752572,15.8179750008601,71225600
2020-05-28,15.348912239074707,15.829798020495673,15.274020807391382,15.829798020495673,54356800
2020-05-29,15.277959823608398,15.392268970360218,14.958684521923436,15.214892967406096,71500400
2020-06-01,15.546000480651855,15.632718006054573,15.049348979784138,15.254316719333163,47680000
2020-06-02,15.979584693908691,15.995351788212291,15.695783010975417,15.715491127038478,50318400
2020-06-03,16.448646545410156,16.523537997342387,16.200320041544035,16.23185423412586,54601800
2020-06-04,16.452587127685547,16.515654001765768,16.12148566285616,16.357986064748772,54849400
2020-06-05,17.674509048461914,17.83611801341048,17.260632577606604,17.27639967263401,100393400
2020-06-08,18.470733642578125,18.478617191943695,17.90707264382277,18.317008189032716,95069400
2020-06-09,17.776992797851562,17.93071972444494,17.53260883067437,17.87947741558048,87399000
2020-06-10,16.901941299438477,17.627211210710083,16.894057751055477,17.61144411394409,80977000
2020-06-11,15.309494972229004,16.176665427604952,15.258252678437149,15.723371336221543,96304400
2020-06-12,15.695782661437988,16.097834535429005,15.2700816501511,15.983525359722838,85635000
2020-06-15,15.743083000183105,15.904691959867817,14.860146758268108,15.025696739764836,65694800
2020-06-16,16.196378707885742,16.51565563528927,15.735200923858422,16.492004991307628,64083800
2020-06-17,15.644542694091797,16.137253176436207,15.64060167183159,16.133312154176,46736000
2020-06-18,15.837685585021973,16.011119130435876,15.392274895832836,15.486875968370533,36937800
2020-06-19,15.597241401672363,16.33433579101832,15.581474306888952,16.330394769138927,53934200
2020-06-22,15.669501304626465,15.721400716255369,15.338145514191973,15.521789234667771,38896400
2020-06-23,15.685468673706055,15.944962654340985,15.637560827475202,15.905040972063167,29611600
2020-06-24,14.815162658691406,15.445934074152271,14.715356929676148,15.44194251507407,64726000
2020-06-25,15.098610877990723,15.154501843736742,14.599582222523248,14.675434029905048,48034400
2020-06-26,14.575632095336914,14.990824410330797,14.507764911514931,14.990824410330797,67722200
2020-06-29,14.771252632141113,14.899003884423724,14.547687179189017,14.611562805330323,38905600
2020-06-30,15.110591888427734,15.198421447080788,14.49978110703352,14.651486293002865,41886800
2020-07-01,14.743302345275879,15.374073757883446,14.723341504146033,15.170470741695725,49146800
2020-07-02,14.906987190246582,15.254310781037612,14.87504861858469,15.046714633980066,41558400
2020-07-06,14.950899124145508,15.278261806906231,14.763263858569985,15.17047143239995,45084400
2020-07-07,14.475825309753418,14.78322720249972,14.451872904419217,14.763266357082925,41821800
2020-07-08,14.463846206665039,14.699387790346037,14.34407963526605,14.475822406930565,41301800
2020-07-09,13.749238967895508,14.439894544812704,13.733271206012112,14.399972855731987,61087200
2020-07-10,14.188380241394043,14.204349520653624,13.669390848771977,13.669390848771977,50456000
2020-07-13,14.112530708312988,14.37601779504947,14.004741851710758,14.320126825577294,74447600
2020-07-14,14.607566833496094,14.635512316311207,13.976793883293054,14.016717089396497,68442200
2020-07-15,14.922957420349121,15.018770095567646,14.703385056482066,14.978848401379096,51805000
2020-07-16,14.855088233947754,15.046715101123642,14.635515877157566,14.823151184209255,37645600
2020-07-17,14.647494316101074,15.066679770126013,14.583618683959736,14.902998367581631,35433800
2020-07-20,14.40396785736084,14.763267675699561,14.391990130709035,14.595594731724496,40153000
2020-07-21,15.274271965026855,15.390047005491988,14.63152418670808,14.651485032981219,72340400
2020-07-22,15.086638450622559,15.110590857409933,14.86706609188675,15.110590857409933,39243400
2020-07-23,15.058693885803223,15.134545716814385,14.867067005157862,15.0347399546294,42087800
2020-07-24,14.974854469299316,15.28225637045284,14.918963491437752,15.058692459006588,39901200
2020-07-27,14.990822792053223,15.058691491463692,14.767258894971276,14.954892662462933,36462000
2020-07-28,14.735320091247559,15.046713527477218,14.695398402520867,14.90299453431224,35553800
2020-07-29,15.042720794677734,15.054696995778828,14.675434890792431,14.77524062774071,34430000
2020-07-30,14.45186996459961,14.735317871437456,14.324118752421578,14.727333230312006,65667400
2020-07-31,14.384007453918457,14.399976743027606,14.092574780795028,14.232303776127235,49548200
2020-08-03,14.43590259552002,14.515747494441674,14.260245036224205,14.380011623149295,42206800
2020-08-04,14.78722095489502,14.81915800442502,14.376020210698451,14.387997936822789,45144200
2020-08-05,14.94291877746582,15.130554096969288,14.807182880510876,15.078654674420763,61517400
2020-08-06,14.823145866394043,14.9948118255337,14.76725490721637,14.859075986281749,38381400
2020-08-07,14.843109130859375,14.879039256617608,14.519737999035291,14.69140398622299,36753200
2020-08-10,15.302214622497559,15.310197740402963,14.91895947771392,14.954889599946307,52616200
2020-08-11,15.250316619873047,15.781282338411243,15.178456368805522,15.601633233657092,53026200
2020-08-12,15.402018547058105,15.581667614294977,15.238335713764739,15.481861900090342,51065400
2020-08-13,15.102606773376465,15.406015582337183,15.066676642573167,15.27826434457321,31522000
2020-08-14,15.246323585510254,15.270277510246194,14.926945536937712,14.982836505073573,26559400
2020-08-17,15.158495903015137,15.258301640542674,15.074657926076837,15.250316998790709,28511600
2020-08-18,14.966869354248047,15.250317288715372,14.922954585234713,15.102605220782568,28697600
2020-08-19,14.795205116271973,15.022762107330655,14.747297259164425,14.954893404552415,29587800
2020-08-20,14.475825309753418,14.67144524983375,14.471833749836014,14.575631059752286,38215400
2020-08-21,14.384007453918457,14.447883087439823,14.248271542321154,14.419937592956428,34695600
2020-08-24,14.7792329788208,14.883030270028984,14.384001609977963,14.471831141479617,49654000
2020-08-25,14.571637153625488,14.879038996876385,14.499776903363479,14.859078154673524,40237000
2020-08-26,14.264237403869629,14.551678447104035,14.244276558737209,14.551678447104035,36002400
2020-08-27,14.292182922363281,14.387997111285687,14.11652535273955,14.26823051731883,44519400
2020-08-28,14.547682762145996,14.591597527331087,14.276211052742335,14.348071300697104,29150200
2020-08-31,14.232301712036133,14.587609967151062,14.232301712036133,14.567649120117135,37583000
2020-09-01,14.136484146118164,14.200359755157114,13.96082660198971,14.168422712094962,36521000
2020-09-02,14.068618774414062,14.216330853633623,13.980789229676292,14.132494391610212,47700400
2020-09-03,13.964820861816406,14.332106827002642,13.880984394286864,14.040672686307667,78884600
2020-09-04,13.920905113220215,14.204354591058253,13.749239107187325,14.108540404213102,68682000
2020-09-08,13.41388988494873,13.721291724855277,13.262186267525726,13.65741611675227,98437600
2020-09-09,13.505717277526855,13.641451660217019,13.457809412314273,13.56559982466984,49955200
2020-09-10,13.010679244995117,13.561607479758328,12.986725313774082,13.545638192277638,74006600
2020-09-11,13.022652626037598,13.106490605678902,12.914862243282847,13.038621910056394,50794600
2020-09-14,13.12246036529541,13.24222696784699,12.96676362968686,13.058584742406904,38888400
2020-09-15,13.02664566040039,13.330054441063478,12.986722450500814,13.210287857194226,51220800
2020-09-16,13.549628257751465,13.72528735482833,13.030638655210078,13.142420609411786,71772200
2020-09-17,13.569592475891113,13.581568680355106,13.202306468872465,13.334050809636851,44713400
2020-09-18,13.417885780334473,13.569590952479126,13.2821498942924,13.561606309427834,52812800
2020-09-21,12.973137855529785,13.123280864511068,12.754011120296312,13.090816841825472,61439200
2020-09-22,12.839224815368652,13.188205263872405,12.814877576212627,12.981251796084234,44697400
2020-09-23,12.258943557739258,12.936614438147531,12.242712323098791,12.887919960241359,52969200
2020-09-24,12.254887580871582,12.478072304363824,11.987065603086952,12.214308329149851,70487600
2020-09-25,12.246770858764648,12.340102590471291,12.051991390685183,12.129091113059468,55116800
2020-09-28,12.534883499145508,12.672852498387673,12.45372576511093,12.469957002323888,52752000
2020-09-29,12.189958572387695,12.52676497640588,12.068220842342336,12.49835896427268,47601800
2020-09-30,12.153441429138184,12.409089432668706,12.09663015969866,12.267062420047326,49149000
2020-10-01,11.780111312866211,12.072280512173357,11.707068819543224,12.019528030320533,56730400
2020-10-02,11.893732070922852,11.995179804526046,11.443304660034318,11.463593897161044,57410400
2020-10-05,12.250828742980957,12.258943973584087,11.970832776575813,11.999238018648764,63144400
2020-10-06,12.068224906921387,12.498363173722332,12.035761656105938,12.429378668991383,62223200
2020-10-07,12.23865795135498,12.271121204250418,11.999241171006753,12.137210189308613,42086000
2020-10-08,12.697198867797852,12.705314098358981,12.283291923773337,12.340102407625206,61126200
2020-10-09,12.494303703308105,12.843283393475993,12.474013691447594,12.810820148483984,51035800
2020-10-12,12.526768684387207,12.571405168696888,12.323873181571628,12.45372617953601,33369200
2020-10-13,12.331987380981445,12.599809360356284,12.295466131613525,12.5267676356053,50767600
2020-10-14,12.38473892211914,12.672850100502188,12.33604367172432,12.360390909929357,54488000
2020-10-15,12.534883499145508,12.53894150194497,12.064166010196317,12.173729763827136,40707800
2020-10-16,12.250828742980957,12.526766707092136,12.230538731511135,12.51053469791628,37423000
2020-10-19,11.991122245788574,12.356334719455079,11.978949012656233,12.295465457854121,50372000
2020-10-20,12.133153915405273,12.238659695850462,11.978953635668525,12.060111392482826,45980600
2020-10-21,11.901848793029785,12.133149515754566,11.897790790562793,12.064165021785348,49315200
2020-10-22,12.39285659790039,12.409087834231658,11.845038633489034,11.92213836053604,65648400
2020-10-23,12.331987380981445,12.530824864215198,12.177787152305116,12.457783139464214,49975400
2020-10-26,11.88967514038086,12.137207880359242,11.771996161266202,12.12097664399181,60802000
2020-10-27,11.7354736328125,11.881558614120653,11.707068391776975,11.877500611974897,43193600
2020-10-28,11.244468688964844,11.5204067038571,11.179542188282541,11.447364197093274,81098200
2020-10-29,11.589390754699707,11.625912006654472,10.948241005027574,11.098384015728824,74504200
2020-10-30,11.654314994812012,11.6624309990039,11.374319816054642,11.50823078928179,75799400
2020-11-02,12.051992416381836,12.210250650917024,11.593448175520331,11.812575676247395,83786200
2020-11-03,11.983007431030273,12.263002638581813,11.873443685126711,12.254887407540128,69755000
2020-11-04,11.99924087524414,12.287352914826512,11.674608354291452,11.99924087524414,87227400
2020-11-05,11.99924087524414,12.238657649691117,11.974893629668935,12.015472888284267,63591600
2020-11-06,11.739533424377441,12.177787661118808,11.690838165190673,11.99923940941384,66446400
2020-11-09,13.415452003479004,13.711679269499175,13.107049953944353,13.147629985709402,198713400
2020-11-10,13.849647521972656,13.849647521972656,13.382987244073254,13.667041258969855,146676200
2020-11-11,13.707615852355957,14.02819102892154,13.57776289060245,13.99978579028605,93085000
2020-11-12,13.265308380126953,13.65892617952366,13.123282137030179,13.468203897676604,77169600
2020-11-13,13.748200416564941,13.817184148071041,13.35052539619764,13.366755860806773,78865400
2020-11-16,14.653112411499023,14.685574884680102,14.158046924737326,14.33253716849859,95865400
2020-11-17,14.803254127502441,14.811370132509492,14.271667409313155,14.462389657054668,78020200
2020-11-18,14.373114585876465,14.985859782119512,14.373114585876465,14.929049297269346,82000400
2020-11-19,14.608474731445312,14.636879975141104,14.12558404064718,14.271667487667099,65872400
2020-11-20,14.531375885009766,14.636880861127652,14.429928137678429,14.571954364754388,39506400
2020-11-23,15.558024406433105,15.578313643454367,14.742385313609775,14.758615774445047,76324600
2020-11-24,16.357437133789062,16.402072847223337,15.93947131625222,16.081499106899283,106932000
2020-11-25,15.975993156433105,16.251931193430675,15.886720178324484,16.251931193430675,71352400
2020-11-27,15.789324760437012,16.016568234707307,15.663529016970854,15.886715263115574,37510800
2020-11-30,14.916873931884766,15.63512406500223,14.89252746674253,15.614834828060516,83087200
2020-12-01,14.985857963562012,15.415996872038908,14.96150995245106,15.330779607135296,68935600
2020-12-02,15.472810745239258,15.708168712412693,14.888470734108417,14.937166767015832,75483600
2020-12-03,15.635126113891602,15.82584837166974,15.383536137311975,15.541794373353511,72975400
2020-12-04,16.487289428710938,16.499462663851798,15.919181386599256,15.919181386599256,103700400
2020-12-07,16.10178565979004,16.329029158090716,15.94758465922995,16.292507909220422,69313200
2020-12-08,16.34119987487793,16.50351530754768,15.898887728004036,15.902944955933762,57854600
2020-12-09,16.377723693847656,16.775398656189633,16.17888543869182,16.507576679593214,86691800
2020-12-10,16.880901336669922,17.07568233683527,16.353373460143267,16.39801070818243,77604400
2020-12-11,16.68612289428711,16.771340167505198,16.45076495579557,16.767281391272654,56152200
2020-12-14,16.10178565979004,16.945830064391696,16.040916395682988,16.94177283583708,79884400
2020-12-15,16.418304443359375,16.499462957673437,16.04091866757341,16.191062460843895,58671800
2020-12-16,16.33714485168457,16.519751109856674,16.223523867919617,16.45888338911251,47628800
2020-12-17,16.260046005249023,16.487289533126834,16.1626570275656,16.483230756074253,46363400
2020-12-18,15.988167762756348,16.31685751790049,15.862371981768721,16.22758454078442,73140400
2020-12-21,15.679754257202148,15.81545548082932,15.223301692079858,15.383676578490753,80158800
2020-12-22,15.416573524475098,15.70031356406426,15.400124417308804,15.646854750110407,50185800
2020-12-23,15.757881164550781,15.97582630672272,15.544047514127795,15.54816057454968,53931800
2020-12-24,15.675634384155273,15.77843891473885,15.519372627112546,15.77843891473885,22903000
2020-12-28,15.576943397521973,15.930591244711623,15.531709151671292,15.73320515942271,37824600
2020-12-29,15.474142074584961,15.716760887394607,15.400122669410965,15.67152663215794,37968600
2020-12-30,15.716761589050293,15.864800406007296,15.449469106358695,15.486478810597946,56436600
2020-12-31,15.585171699523926,15.712648348141416,15.515263784018432,15.646853493433754,36309800
2021-01-04,15.609842300415039,15.897695350551825,15.424793798993324,15.766105653690367,67717600
2021-01-05,16.308910369873047,16.73657758573735,15.766102583842441,15.77843862531094,95473400
2021-01-06,16.806486129760742,16.962749473227348,16.41582855543064,16.629662191576305,86262800
2021-01-07,17.05322265625,17.22593358172415,16.777705591604196,16.954529578355302,51457200
2021-01-08,17.03266143798828,17.2711688078214,16.896960213065537,17.2711688078214,62744000
2021-01-11,17.29995346069336,17.369861386212172,16.567985401142472,16.662565420289912,46890400
2021-01-12,17.904441833496094,17.999021836691096,17.3780814405472,17.509672715289195,87947200
2021-01-13,17.764631271362305,17.97435191884024,17.628928476361658,17.96612736441535,54764400
2021-01-14,18.290983200073242,18.504816827206135,17.85920445450632,17.87565355705641,83314600
2021-01-15,17.579578399658203,17.970236011162978,17.406867505185993,17.96612295062432,95497000
2021-01-19,17.9332275390625,18.05659269623874,17.7358429738459,17.79341327594994,55619400
2021-01-20,17.999021530151367,18.13061123397924,17.822197571506475,18.08537697916222,50725600
2021-01-21,17.39042091369629,17.9907992079249,17.230046040316214,17.90033068707534,59968000
2021-01-22,17.29995346069336,17.349299216623915,16.868174566786077,17.0079888491504,50444600
2021-01-25,17.123126983642578,17.176585793200093,16.810601816550395,17.110790938618948,81823200
2021-01-26,16.75714111328125,17.534343235400375,16.748916561303925,17.2752753384697,54999600
2021-01-27,16.530975341796875,16.991539380962134,16.24723372169268,16.48162958691177,99867200
2021-01-28,16.7242431640625,16.92574076894154,16.514522575751833,16.66667286800361,57248200
2021-01-29,16.169103622436523,16.703687105047468,16.107420249235002,16.489853398268423,63069000
2021-02-01,16.284238815307617,16.4487267098755,16.012834887341583,16.36648276259156,61021400
2021-02-02,16.4610652923584,16.855835986487484,16.4610652923584,16.674898960815344,63929000
2021-02-03,17.16425323486328,17.209485932029363,16.48574238461799,16.54742575961243,74385600
2021-02-04,17.353408813476562,17.357520305369395,16.98742485676826,17.291725454373214,48327800
2021-02-05,17.501447677612305,17.68238312627517,17.452100362699078,17.624812827549395,48196400
2021-02-08,18.233415603637695,18.31977105177474,17.73995343493988,17.756402539920174,62368200
2021-02-09,18.040143966674805,18.14706158881843,17.801638200314528,18.0894912855133,64798800
2021-02-10,18.38556480407715,18.402013908074238,17.986684228521487,18.10182481915534,58451000
2021-02-11,18.101829528808594,18.33211233866315,17.71939638907738,18.32799927725731,49632600
2021-02-12,18.36911392211914,18.38556302452411,17.941448240299113,17.97434487643631,47400800
2021-02-16,18.829681396484375,19.047626536365378,18.698091700480045,18.7926716964411,76593400
2021-02-17,19.109310150146484,19.23267529572869,18.747437696922137,19.0229531364333,68964400
2021-02-18,18.677528381347656,19.064074462054137,18.61995808898869,19.027064764298682,61360200
2021-02-19,18.990060806274414,19.064080224157635,18.68164708798543,18.70220768880337,54404200
2021-02-22,19.648006439208984,19.931748020585797,19.084637905866852,19.117536117082214,75644600
2021-02-23,19.972867965698242,20.03043826304837,19.12575790400551,19.882399459192072,98370800
2021-02-24,20.680166244506836,20.79941991392391,19.935860644566258,20.10446006493507,77748800
2021-02-25,20.281282424926758,20.893998261130854,20.14146816779332,20.893998261130854,75887800
2021-02-26,19.80015754699707,20.067448443751598,19.21622686990125,20.009878145025176,90308800
2021-03-01,20.314180374145508,20.59380888481627,20.174366118810127,20.322403357983184,69391600
2021-03-02,20.203149795532227,20.55268462405449,20.19081218332909,20.388198291850493,74468200
2021-03-03,20.49922752380371,20.963904549008852,20.34707722249111,20.35119028312478,82574400
2021-03-04,20.98857879638672,21.36689881431536,20.49100511549981,20.684276616540288,107573800
2021-03-05,21.774002075195312,21.8233478155963,21.046145737421327,21.584842096430858,112395800
2021-03-08,21.81512451171875,22.102977556420665,21.498486319413928,21.987836966009056,100610000
2021-03-09,21.432693481445312,22.004286564105676,21.28054317718471,21.691761402830792,118889600
2021-03-10,21.97549819946289,22.049517594746263,21.36278401132843,21.465588552702798,78416600
2021-03-11,21.98372459411621,22.357933093345423,21.934378849347784,22.02073429486077,50797400
2021-03-12,22.02895736694336,22.22634190142746,21.864469470536854,22.02484587543597,59786800
2021-03-15,21.77811622619629,22.041295632038555,21.514936820354027,21.97961384117283,60452600
2021-03-16,21.15717887878418,21.43680740902504,21.025589166750024,21.41624681064591,77287000
2021-03-17,21.321664810180664,21.424469368703566,20.914559636886892,21.095495095164893,64552200
2021-03-18,20.363525390625,21.22708298054288,20.2771699453678,21.132502983069813,87207200
2021-03-19,20.36763572692871,20.704834505285103,20.092120302355525,20.35529968364121,81158600
2021-03-22,20.17231559753418,20.4008849831775,20.130756518579272,20.321925111138324,59561800
2021-03-23,19.87725257873535,20.321924403510017,19.640369800232765,19.7650454474394,103196200
2021-03-24,20.37594985961914,20.650233443813395,20.180627734035685,20.180627734035685,81630800
2021-03-25,20.450756072998047,20.508937203283256,19.711021841685678,20.035174759170083,80670200
2021-03-26,20.957763671875,20.98685423408701,20.583739892982397,20.820621091175465,72348600
2021-03-29,20.70841407775879,20.887112553568652,20.454909266146014,20.77906212804215,47286200
2021-03-30,20.52971649169922,20.749974069509445,20.375950271985648,20.496469227334075,53392200
2021-03-31,20.38842010498047,20.57958713147062,20.3094586396742,20.48815873388102,48097400
2021-04-01,20.907899856567383,20.91621167442852,20.37179949440272,20.479849955963186,65039600
2021-04-05,20.40920066833496,20.870496227632188,20.28868169449176,20.86633952629025,53372200
2021-04-06,20.355173110961914,20.78322136846727,20.321927429322315,20.508937757343563,53257800
2021-04-07,20.42582130432129,20.529716628177823,20.288678715878586,20.363483475880635,49888600
2021-04-08,20.15984535217285,20.28452099302796,19.927120871252118,20.280364292830587,63766600
2021-04-09,20.02686309814453,20.33023726935632,19.93543628640803,20.155693877145527,44373400
2021-04-12,19.868942260742188,20.346859798226685,19.798292616312498,20.20140697927854,39196200
2021-04-13,19.889720916748047,19.997771355280634,19.690242086545474,19.83569490482334,44825400
2021-04-14,20.44244384765625,20.712572330368904,20.04348617483619,20.064264923048654,66767800
2021-04-15,20.276208877563477,20.46737586557817,20.193092313330293,20.46737586557817,49686200
2021-04-16,20.114131927490234,20.47568714941206,20.031015365413023,20.425817846292357,57189000
2021-04-19,20.093351364135742,20.305298674231803,19.898029268641515,20.1556891812973,40827800
2021-04-20,19.56140899658203,20.05179499053336,19.361930190023013,20.022704430325792,72574000
2021-04-21,19.81075668334961,19.881406317563858,19.220632091440066,19.312060470311472,56991000
2021-04-22,19.578035354614258,19.914655194008084,19.51154240983007,19.90634496306231,50062800
2021-04-23,19.75673484802246,19.84400653818557,19.478294560189987,19.594658399057604,33897800
2021-04-26,19.889720916748047,20.03933043572918,19.681930270455762,19.681930270455762,35891800
2021-04-27,20.130752563476562,20.201402191160945,19.873092665845803,19.96452103626684,42268800
2021-04-28,20.824777603149414,20.90373747339338,20.263741939889467,20.280365571093476,65874000
2021-04-29,21.057504653930664,21.31516621290823,20.799844680270017,21.123999186815393,66042400
2021-04-30,20.525558471679688,21.045035054118703,20.47984427877438,20.758284551326383,58519000
2021-05-03,21.09075355529785,21.144779574796253,20.695950954933302,20.76244390765555,45740000
2021-05-04,21.103214263916016,21.290226133697878,20.862177975887843,21.13230482306913,53917600
2021-05-05,21.784767150878906,21.851261669079893,21.36503080929288,21.36503080929288,79621200
2021-05-06,21.896976470947266,21.896976470947266,21.37749988521797,21.780614223045255,58710400
2021-05-07,22.287622451782227,22.32502482697394,21.59360095329522,21.67256240387585,63196200
2021-05-10,22.295936584472656,22.915151811625645,22.2793129525891,22.5660634686549,68998000
2021-05-11,21.72243309020996,22.142169473768202,21.53126608721578,21.830483522458103,113531800
2021-05-12,21.826330184936523,22.47048088637625,21.72658997485469,21.83464200121975,82195600
2021-05-13,21.56035614013672,21.963468882964865,21.2694489420523,21.56451125518339,79698200
2021-05-14,22.22944450378418,22.312559495789603,21.797239569961818,21.797239569961818,57183600
2021-05-17,22.74476432800293,22.753076144229713,22.117237263390987,22.150482942981263,67404200
2021-05-18,22.21697425842285,22.794631968634302,22.175416765652987,22.711516983094576,70435400
2021-05-19,21.66425132751465,21.909444332061774,21.360877200755777,21.697497003642784,87969600
2021-05-20,21.63100242614746,21.73074261760357,21.323473207681204,21.65593787034063,56522600
2021-05-21,21.676719665527344,22.00087255908052,21.66009603372544,21.84710792820488,50539800
2021-05-24,21.892820358276367,21.94268966434545,21.58113442104045,21.826327421745372,48020400
2021-05-25,21.448148727416992,21.896975656427013,21.414901466215014,21.838794534640222,48558600
2021-05-26,21.639314651489258,21.718274514957727,21.36918621621216,21.46892640956086,39554400
2021-05-27,21.65593910217285,21.921910847429388,21.53542015969203,21.726587153430586,39053600
2021-05-28,21.697498321533203,21.805550342475176,21.581136070041957,21.776459779602362,37125400
2021-06-01,22.53281593322754,22.582685239451585,22.113077982001567,22.125546497545074,72570200
2021-06-02,22.952558517456055,23.060610559751108,22.40399124442344,22.669963063431123,67893400
2021-06-03,23.014892578125,23.143721765068154,22.711518422787137,22.856971242018705,58761600
2021-06-04,23.168659210205078,23.264242726125737,22.827882645508137,23.164504094433298,52658800
2021-06-07,23.068918228149414,23.30580103752627,23.0356725471268,23.1645033262171,40070400
2021-06-08,23.26839828491211,23.30995578185764,22.715674380698605,22.989957982363013,57553000
2021-06-09,23.122940063476562,23.434625995141648,23.11047313351128,23.334887384786132,56052200
2021-06-10,23.093852996826172,23.542681567271586,22.848659963412516,23.434629540171674,57353800
2021-06-11,23.014892578125,23.305799801904968,22.985802014278686,23.176969029644987,38091400
2021-06-14,22.915151596069336,23.23930448816553,22.728139702430465,23.0980083744348,37745000
2021-06-15,23.35150718688965,23.41384500136222,23.00241891353951,23.060601613528263,64285000
2021-06-16,23.226839065551758,23.501122665597187,23.02320511227698,23.314110759812376,60786400
2021-06-17,22.437231063842773,23.363977006534157,22.133855374128125,23.168653323234288,106941800
2021-06-18,21.772302627563477,22.246065024887873,21.75567899617605,21.96762633307386,113812200
2021-06-21,22.700122833251953,22.742105035184608,21.952828748525974,21.952828748525974,84366800
2021-06-22,22.85126304626465,22.939426637884235,22.397847543903694,22.645546397633815,48344400
2021-06-23,22.91423988342285,23.32147243200935,22.872256073272606,23.06117921515222,40553000
2021-06-24,23.111553192138672,23.12834671257022,22.79668189087924,23.01919203280165,41756800
2021-06-25,23.23331069946289,23.245905042760455,23.044387542405783,23.174534962049286,38330000
2021-06-28,22.44822883605957,23.1451440332132,22.35586606003921,23.132548090062272,65702800
2021-06-29,22.339073181152344,22.708522694370902,22.309685315483446,22.582574469858695,31911000
2021-06-30,22.61616325378418,22.683335756873113,22.3852578745109,22.406248981441415,47034000
2021-07-01,23.01079750061035,23.203918199717368,22.796684098172147,23.13254653173183,47251600
2021-07-02,22.96041488647461,23.03598412747491,22.71691524443229,22.914235107212885,30471800
2021-07-06,22.213125228881836,22.92683397855623,22.120762449065566,22.884850168858566,68446200
2021-07-07,21.852069854736328,22.385252162620763,21.608570193740626,22.179537125066265,60823800
2021-07-08,21.726125717163086,21.931842394805418,21.390263224447878,21.465832485498638,49379800
2021-07-09,22.18793296813965,22.204726490523942,21.747113415421875,22.003209026467772,51206000
2021-07-12,22.154346466064453,22.288691435681137,21.780699419223154,21.93603549005775,41353000
2021-07-13,21.98641586303711,22.1837357504779,21.856270066230174,22.04519159082327,49786800
2021-07-14,21.331483840942383,22.309683283808035,21.247517831741256,22.05358767642788,66999400
2021-07-15,21.033405303955078,21.356673411852128,20.932647369933274,21.10057779380911,59670800
2021-07-16,20.4372501373291,21.20133782795778,20.399465510802692,21.192941066338744,74253800
2021-07-19,19.715145111083984,19.99643102653868,19.43805837729558,19.740335396526042,114994800
2021-07-20,19.97963523864746,20.189549455652994,19.55560922496437,19.72353963765777,83342000
2021-07-21,20.67654800415039,20.8444799991061,20.328089675148664,20.374271053837393,82042600
2021-07-22,20.445646286010742,20.655560515638122,20.269317500334132,20.655560515638122,47270000
2021-07-23,20.370079040527344,20.521217556980634,20.16436237057289,20.512820794786716,46951800
2021-07-26,20.873870849609375,20.957835257602692,20.382670734952647,20.42045535915701,47266200
2021-07-27,20.680747985839844,20.74372289164363,20.437248326536537,20.710137449661758,46888400
2021-07-28,20.869672775268555,21.041802383214442,20.54640466248852,20.735327793531205,39169200
2021-07-29,21.071191787719727,21.230727065760828,20.945243558326702,21.13836428349725,43794000
2021-07-30,20.735326766967773,21.117370590153882,20.609378553014256,21.029207000538264,49600600
2021-08-02,20.579988479614258,21.251713282905186,20.546401438690584,20.74791887967786,57810800
2021-08-03,20.93264389038086,20.97462608899166,20.319694822161168,20.512815498199995,64302000
2021-08-04,20.365877151489258,20.81089587950006,20.336489288476308,20.554800271942828,64523800
2021-08-05,20.596784591674805,20.84868102422431,20.403662285100495,20.491827477859434,45800000
2021-08-06,20.78570556640625,20.949440004909736,20.672353295815373,20.773111225566915,36214800
2021-08-09,20.491830825805664,20.65556369386529,20.353286644205227,20.50862274960555,42193400
2021-08-10,20.852876663208008,20.90745480573726,20.57578997258627,20.600980254103998,53283000
2021-08-11,21.01661491394043,21.054399542331286,20.66815649638935,20.798303905628657,47686200
2021-08-12,20.995620727539062,21.113173786198068,20.739526710414147,20.99981990901893,36517200
2021-08-13,20.747920989990234,21.008215779069047,20.697542024998835,21.008215779069047,33050800
2021-08-16,20.365877151489258,20.47503344398173,20.185352393631874,20.466636682903967,48258400
2021-08-17,20.155963897705078,20.48343118940067,19.97543913117249,20.168559840686235,51108200
2021-08-18,19.736135482788086,20.31130163432461,19.71094679979891,20.151766368812996,56305800
2021-08-19,19.22394561767578,19.52202344068525,18.951056477359884,19.396075222661946,99256200
2021-08-20,19.265928268432617,19.387678909326937,18.963651256975968,19.047617271438206,61587600
2021-08-23,19.988035202026367,20.042613355617558,19.689957350484388,19.731939560004605,58704400
2021-08-24,20.3196964263916,20.42465353272313,20.122376554002454,20.155961995239004,45382200
2021-08-25,20.475034713745117,20.588388593046922,20.143369837438193,20.277714819976957,39817600
2021-08-26,20.16436004638672,20.470834624306043,20.1307746030008,20.35748235154993,41465400
2021-08-27,20.701744079589844,20.840286652924753,20.370079177533135,20.416260569150985,46202600
2021-08-30,20.458242416381836,20.861277388147503,20.449845654280224,20.781510550460116,31817800
2021-08-31,20.3196964263916,20.542204979328574,20.26931586225926,20.357481048731685,53873200
2021-09-01,20.021615982055664,20.416255706232345,19.94604674132048,20.298702664245248,63459800
2021-09-02,20.52960968017578,20.693342502162544,20.206341615591388,20.206341615591388,61635400
2021-09-03,20.412057876586914,20.63876561380008,20.315497529592797,20.487627122324636,39162800
2021-09-07,20.29030990600586,20.571594200839503,20.21474065633028,20.31549858821875,42472800
2021-09-08,20.030014038085938,20.538006054710106,20.01741969765474,20.40366108504947,43798400
2021-09-09,20.07200050354004,20.386871868217828,19.790714584971557,19.89567170653082,50529600
2021-09-10,20.06360626220703,20.424659061972626,20.000631340752555,20.382675247163384,37513000
2021-09-13,20.63876724243164,20.777311404389618,20.32389589418369,20.32389589418369,68499600
2021-09-14,20.340688705444336,20.861275086149725,20.252525115384003,20.823490461621233,58935800
2021-09-15,21.100576400756836,21.117369922491264,20.596783560871064,20.63036900282154,76695000
2021-09-16,20.861276626586914,21.08378681036014,20.747922744631172,21.079587628703322,60643800
2021-09-17,20.705936431884766,21.08378263015641,20.65135829179703,20.756315391148238,64459000
2021-09-20,20.07364845275879,20.315857874552623,19.746452899235834,20.20537541701207,85660000
2021-09-21,20.120386123657227,20.417836727481305,19.90792163820794,20.31160448475666,51323400
2021-09-22,20.740785598754883,20.982995005210135,20.460332516492194,20.460332516492194,79252200
2021-09-23,21.467411041259766,21.53114941204376,20.75777884217563,20.85551392846667,49734200
2021-09-24,21.62888526916504,21.739366088379906,21.31018854096109,21.352680789664795,55503000
2021-09-27,22.39800453186035,22.487239222192393,22.075059243574028,22.104804140351373,81697400
2021-09-28,22.4744930267334,22.873927297073585,22.423502004064044,22.61047016783526,132975200
2021-09-29,22.4744930267334,22.614720365293348,22.177042422707302,22.453246902369116,69894400
2021-09-30,22.134550094604492,22.53398274253693,22.134550094604492,22.410754573275838,89198800
2021-10-01,22.878177642822266,22.8994237688296,22.296025361148658,22.296025361148658,83312000
2021-10-04,23.25211524963379,23.507071999608964,23.018403004351814,23.124635253670718,114815800
2021-10-05,23.38808822631836,23.817265723766184,23.14587887076287,23.583555141156964,98029600
2021-10-06,23.141632080078125,23.26911045108564,22.733700644463905,23.00140635826249,100174800
2021-10-07,23.320100784301758,23.447579142671003,23.08639019046227,23.201119578311896,77596200
2021-10-08,24.03822898864746,24.09347020238232,23.511318033096355,23.566557625856017,86200400
2021-10-11,23.948999404907227,24.471661895788102,23.927753278476402,24.399423120752648,86021400
2021-10-12,23.970237731933594,24.199699713065755,23.804515730329815,23.902249176891658,71038200
2021-10-13,23.948999404907227,24.072229207571766,23.528318969284523,23.796024701044423,57902600
2021-10-14,24.242198944091797,24.344182616556573,23.999989545585375,24.22095281844615,46786600
2021-10-15,24.361183166503906,24.60764117211029,24.348434192765595,24.514156262582517,45354800
2021-10-18,24.378177642822266,24.735118087672166,24.24220048487712,24.59914092972702,65257600
2021-10-19,24.654380798339844,24.739366922617062,24.348431399332053,24.48015997301052,44552600
2021-10-20,24.854093551635742,24.858342127659242,24.369673215221155,24.46740829448894,50212600
2021-10-21,24.395174026489258,24.752114454274032,24.195456876128876,24.662879752571715,64241800
2021-10-22,24.6246395111084,24.645885640051226,24.254951680380838,24.48441214232941,43005000
2021-10-25,24.985828399658203,25.12180556915758,24.794609998494792,24.92633859062419,50112200
2021-10-26,25.13030433654785,25.245035377207888,24.977329615667802,25.07081452753355,45503200
2021-10-27,24.407917022705078,24.994319396784153,24.352677429208118,24.858342269602804,68007600
2021-10-28,24.582141876220703,24.603389622892717,24.27194390232003,24.276194100044624,46735000
2021-10-29,24.420671463012695,24.760614357113045,24.3186877842948,24.705373130266867,43997800
2021-11-01,24.841344833374023,24.909333397265517,24.594886897133062,24.662875461024555,49656800
2021-11-02,24.607637405395508,24.888090470073926,24.526901481964373,24.696872103026042,34125400
2021-11-03,24.40367317199707,24.658629929586162,24.208206216447063,24.31018827109249,46674800
2021-11-04,24.437665939331055,24.828601460039653,24.216704287032197,24.764861462007936,76363200
2021-11-05,24.756362915039062,24.866845363179262,24.552397188828888,24.773360464133788,45207000
2021-11-08,24.9815731048584,25.240780021071952,24.84559597192265,24.96457555799761,40022400
2021-11-09,25.083559036254883,25.09205781100402,24.654381447764372,25.01132188235051,39378000
2021-11-10,24.420671463012695,25.058064997316695,24.2761955303981,24.977327445547147,72033000
2021-11-11,24.51415252685547,24.679876192393337,24.437665179984275,24.437665179984275,48996600
2021-11-12,24.454660415649414,24.552393878302915,24.305935933562626,24.412168169617555,34190000
2021-11-15,24.658634185791016,24.80311013895559,24.225206326297297,24.43342229034876,42751400
2021-11-16,24.69687271118164,24.89658985734692,24.57789311141108,24.73086780881636,40958800
2021-11-17,24.318687438964844,24.807356456715617,24.23370131140268,24.45466459467408,47339000
2021-11-18,24.174209594726562,24.454662658797627,23.881009179871725,24.26344429216385,57911000
2021-11-19,23.230865478515625,23.715285854813995,23.179874457159343,23.651545862387138,91379600
2021-11-22,23.64304542541504,23.999985791749516,23.192621796666337,23.196870372740754,67785800
2021-11-23,24.369674682617188,24.450412220702088,23.9319983819581,23.953244505305328,67724600
2021-11-24,24.607637405395508,24.747864748222433,24.208204743876376,24.242198219698537,42868600
2021-11-26,23.617551803588867,23.69403752324146,23.005653078565718,23.388089781705187,89454400
2021-11-29,23.753528594970703,24.373924463575413,23.677041255446802,24.131715095408158,70882400
2021-11-30,23.19687271118164,23.66004535679577,23.082141693903786,23.307353530981395,92524000
2021-12-01,22.95041275024414,23.95749556719702,22.937665399970808,23.74078088669815,89549600
2021-12-02,23.617551803588867,23.702536296752925,22.691206563517984,22.963160831983693,100743800
2021-12-03,23.43058204650879,24.0424807720078,23.20537022169335,23.93624853449481,75880200
2021-12-06,23.779024124145508,24.05947717186365,23.498571076427364,23.791773095161332,63939000
2021-12-07,24.33568572998047,24.565147795095463,24.080727339527495,24.110473862909608,73686600
2021-12-08,24.331432342529297,24.590639276073496,24.28044131951294,24.471659682043526,47030000
2021-12-09,24.14446449279785,24.24219796359529,23.995739998318136,24.178459589236308,46798800
2021-12-10,24.322933197021484,24.42066665853646,23.88950548444945,24.403669111931617,39051200
2021-12-13,23.64729881286621,24.178460047468096,23.53256779167515,24.10622127665501,57208000
2021-12-14,23.549558639526367,23.91074917373097,23.468822732833033,23.50281782258292,57597600
2021-12-15,23.434831619262695,23.57505732613594,22.912167598168505,23.51556753407,67716200
2021-12-16,23.583559036254883,24.067977827373234,23.545315362167884,23.638800259041762,53731800
2021-12-17,23.1033878326416,23.519818032106244,22.895173543396975,23.413585788743568,69270200
2021-12-20,22.81715202331543,22.834369661488576,22.236070691668747,22.481416288760844,72661600
2021-12-21,23.467103958129883,23.553190507216424,23.040976443231905,23.049585262336997,50319400
2021-12-22,23.617752075195312,23.77701275144872,23.208842235080255,23.49292831424659,42206200
2021-12-23,23.63066864013672,23.957795561886357,23.622059820884836,23.721058779334914,33370600
2021-12-27,24.147184371948242,24.16870724080381,23.355191071815646,23.553190628322067,43484400
2021-12-28,24.129972457885742,24.366709277668487,23.996538201443094,24.207450201373135,35877000
2021-12-29,23.975013732910156,24.207446931980527,23.85879713337497,24.091230332445342,30218200
2021-12-30,23.828664779663086,24.173009314231923,23.80714355412083,23.983620230710127,27180000
2021-12-31,23.888925552368164,24.01375096283936,23.729666508435717,23.768405372307317,26482400
2022-01-03,24.629270553588867,24.66800942217787,23.910449690207248,23.923363741046586,65054200
2022-01-04,25.481521606445312,25.580520563023647,24.88322263644858,24.965003954848676,79957600
2022-01-05,25.477216720581055,26.01525560619704,25.438477855138128,25.731171140270376,90804000
2022-01-06,26.04538345336914,26.191730083578918,25.679517698826817,26.07551513902678,74681400
2022-01-07,26.402645111083984,26.4715140249826,25.963605169243664,26.14438709445529,71169200
2022-01-10,26.320863723754883,26.514556414764474,25.976517513150224,26.462905139959545,66473000
2022-01-11,27.216161727905273,27.26350941765967,26.325169368599337,26.548993766188133,76887800
2022-01-12,27.267812728881836,27.435682256836234,27.069814793712485,27.362508107425672,60496800
2022-01-13,27.130069732666016,27.48732830780263,27.018158377276798,27.267807543282387,59554000
2022-01-14,27.767114639282227,27.81015709785803,27.1386839071095,27.155901547325637,64801000
2022-01-18,27.87902069091797,28.206149243940352,27.45289482464544,28.064106193873293,82133400
2022-01-19,27.676721572875977,28.12436703557975,27.457200788177712,28.094236989360674,65978000
2022-01-20,27.422767639160156,28.158804497275558,27.366812772962728,27.495941787058754,83980800
2022-01-21,26.88042449951172,27.285029172149134,26.596340018305774,27.112857704670525,114539600
2022-01-24,27.061201095581055,27.155896457054986,25.756995470021014,26.24338304218589,124505600
2022-01-25,28.111452102661133,28.214757923786053,26.458598371803777,26.95789834682466,118434400
2022-01-26,28.064105987548828,28.636580130147067,27.758500305181684,28.408452175980653,130725400
2022-01-27,28.369712829589844,28.864705922994847,27.90054126508012,28.55910026351071,108901400
2022-01-28,28.249189376831055,28.524664993406574,27.659500924440515,28.180322114651368,105302400
2022-01-31,28.374011993408203,28.55479223330326,27.736975924084263,28.184624578058738,63298400
2022-02-01,29.38552474975586,29.454395290317755,28.14157934522773,28.206144656022474,90444600
2022-02-02,29.4802303314209,29.53618848602831,28.873324080766572,29.234884692402467,65197000
2022-02-03,29.200448989868164,29.419969806018383,28.881930843640838,29.359709704946436,61962600
2022-02-04,29.656702041625977,30.13017557240666,29.501746590253603,29.5706138553477,81733400
2022-02-07,30.03547477722168,30.31525558514975,29.290830983180552,29.51465365916625,65165000
2022-02-08,29.389833450317383,30.00535002258426,29.183228372088905,29.945089934440244,75764200
2022-02-09,29.63517951965332,29.86330746907606,29.385528702427898,29.458704482599877,70791400
2022-02-10,29.45009422302246,30.018263127250503,29.256401547189856,29.488834728546134,75643200
2022-02-11,30.306650161743164,30.345387377854927,29.463002459679387,29.648087932490096,93034000
2022-02-14,29.59214210510254,30.156005871084265,29.239188686987934,30.121573874239004,99633000
2022-02-15,29.2822265625,29.351097113268587,28.70114524708664,28.86470787926912,86092200
2022-02-16,29.518964767456055,30.031175528484685,29.338184498857714,29.514659537081258,73444200
2022-02-17,29.471620559692383,29.781531504643,29.243492581861783,29.493140146246247,67622800
2022-02-18,29.290834426879883,29.523264305299037,29.00674835603465,29.054096034508856,63291600
2022-02-22,28.81736183166504,30.17752573116143,28.38262877000432,30.17752573116143,93002800
2022-02-23,29.114360809326172,29.33818683161227,28.817362284493367,28.985230159243514,67958000
2022-02-24,28.886234283447266,29.768619440596616,28.132979782832116,29.73418416099696,123485800
2022-02-25,29.648090362548828,29.678220405525803,28.95079414395934,28.95079414395934,78423000
2022-02-28,30.37982940673828,30.41426468467276,29.27362155354188,29.437184197837357,96394200
2022-03-01,30.685434341430664,31.20195036180264,30.25500322981109,30.650999064358192,124231000
2022-03-02,31.387033462524414,31.63668427624854,31.003950065295005,31.15460028601525,90908200
2022-03-03,31.473119735717773,31.688335261931556,31.016860587073296,31.081425901723097,89119800
2022-03-04,32.38132858276367,32.39854293450611,31.387030647334385,31.46881359578797,105216800
2022-03-07,32.859107971191406,33.38423442860744,32.12737642871477,32.71706820668547,131214800
2022-03-08,33.375633239746094,34.52918890407216,32.424380750287284,33.608066465087454,196054400
2022-03-09,32.35550308227539,33.117367923146304,31.6366839759976,32.153199951830246,174036400
2022-03-10,33.34550476074219,33.43158968503107,32.506161971243465,32.73859520753868,137802600
2022-03-11,33.07862854003906,33.49184199149726,32.76011045360998,32.81176336651548,91837800
2022-03-14,32.08864212036133,32.60085293303185,31.658210989485546,32.37272495909631,101490000
2022-03-15,30.913557052612305,31.270815602697358,30.31956340171761,30.844689794097427,124724400
2022-03-16,30.771522521972656,31.300954290485347,30.448699153933706,31.029780559617993,107536200
2022-03-17,31.830379486083984,31.912162448393993,31.124472723626752,31.318168694793282,76956400
2022-03-18,31.800249099731445,32.01546465388646,31.55920872993502,31.77442428409004,58550800
2022-03-21,33.08216857910156,33.18646258240139,32.426002880548076,32.44338521443138,68714800
2022-03-22,32.83882141113281,33.125624937376415,32.46510953378932,32.9431120955209,66462200
2022-03-23,33.40372848510742,33.7122573753767,33.29509141182921,33.45587215846313,58663000
2022-03-24,33.486297607421875,33.81655530950315,33.26468031732174,33.52975509835077,52700600
2022-03-25,34.22068405151367,34.26413822533629,33.26033255406766,33.28640439529305,56083600
2022-03-28,33.373313903808594,33.529751571743695,33.160382829744265,33.51671233663182,69760400
2022-03-29,33.286399841308594,33.303782171527715,32.239140139495206,32.625887869684355,73274000
2022-03-30,33.673152923583984,33.91215585790898,33.39938863863619,33.60797000373707,49736400
2022-03-31,33.216880798339844,33.986030008549065,33.21253438603889,33.355936153899634,65606600
2022-04-01,33.486297607421875,33.79917297619981,33.151696808520576,33.17342223864394,49612600
2022-04-04,33.529754638671875,33.81220843379083,33.17342178385022,33.703571338640145,46007400
2022-04-05,33.00395202636719,34.10770543955193,32.964844258919676,33.59059506081123,54577200
2022-04-06,33.19949722290039,33.66446386147811,33.01264128504162,33.36462441540819,64328400
2022-04-07,33.6340446472168,33.74702815220321,32.73887274669519,33.355933954435606,54097400
2022-04-08,34.55963134765625,34.65523251954403,33.72529927264812,33.72529927264812,53426200
2022-04-11,33.52106475830078,34.198959230664876,33.44719232279266,34.19026972103976,52461000
2022-04-12,34.07728576660156,34.69869013007552,34.01210284155495,34.198958791839885,63929400
2022-04-13,34.58570861816406,34.68130980505916,33.92519645059841,34.494453843948236,49295800
2022-04-14,34.698692321777344,34.97245996119706,34.368434578597785,34.42058158499713,51869400
2022-04-18,35.20710372924805,35.41568838338472,34.76821230933355,34.985486471194804,60913200
2022-04-19,34.9202995300293,35.36788372136115,34.71606131099277,35.024590187392974,45727800
2022-04-20,35.05501174926758,35.241867657192074,34.67261042587489,35.01155758086804,52079400
2022-04-21,33.94258117675781,35.42004663433651,33.81221530992904,35.263608920278664,65157800
2022-04-22,33.11258316040039,34.29455521058431,33.09954724026967,33.80786317721975,71499200
2022-04-25,32.01752471923828,32.19134473402541,30.85293493010789,32.06967171827672,110724400
2022-04-26,32.06098175048828,32.938771411464145,31.978416490156732,32.25653052779858,89168600
2022-04-27,32.53029251098633,32.847510976855965,31.687267579428333,32.26521772973028,89132600
2022-04-28,33.5167121887207,33.79047976406934,32.10443008717408,32.747563087551384,87469600
2022-04-29,32.65631866455078,33.781797627063504,32.53898871933131,33.59059855187978,79416200
2022-05-02,33.17776870727539,33.190804628439814,32.35647252050596,32.456420108335,104141200
2022-05-03,34.107696533203125,34.26413419282633,33.21687447098598,33.23859989766997,83298800
2022-05-04,35.52433776855469,35.59821021349229,34.32063995367941,34.763877938646786,90767400
2022-05-05,34.98982238769531,35.811121601118785,34.277163548250755,35.77635694667273,93194000
2022-05-06,36.032752990722656,36.03709940307348,34.73345418648866,35.441766893976904,94245600
2022-05-09,33.0517463684082,35.289671029122744,32.91703744110942,35.25925277730235,106044000
2022-05-10,33.351593017578125,34.19461805834541,32.64762334602943,33.56017772907676,113727800
2022-05-11,33.79917526245117,34.90727504927052,33.74268516190002,33.907812366439686,99705000
2022-05-12,33.94258117675781,33.95996351335776,32.88662826453822,33.78614346269997,90043600
2022-05-13,35.102813720703125,35.24186905429859,34.38580830999436,34.44664481123359,59437400
2022-05-16,36.028404235839844,36.397769659465766,35.207104828253705,35.22883357125435,56518800
2022-05-17,36.44557571411133,36.667193012358375,36.11966441221027,36.515101734539456,56329400
2022-05-18,35.51129150390625,36.74975363176244,35.085432664417404,36.70629946006132,66461400
2022-05-19,35.38092803955078,35.97626050922521,34.70303363272516,34.70303363272516,71441000
2022-05-20,35.533016204833984,36.23698570721082,34.82035719443109,35.815473288121396,63840000
2022-05-23,36.471641540527344,36.5976609543136,35.732910704225226,35.95452796591147,53289400
2022-05-24,36.61069869995117,36.76278996026559,35.78940257891247,36.067513259299076,53127600
2022-05-25,37.36681365966797,37.41896065794192,36.68457284678676,36.736719845060705,52648000
2022-05-26,37.77964401245117,38.062097857975225,37.5667128809118,37.5927880428331,42678200
2022-05-27,38.47056198120117,38.574852649006544,37.518900105873065,37.61015816996088,37334400
2022-05-31,37.892616271972656,39.3092448765277,37.68838132439217,39.10500661360628,78681200
2022-06-01,38.509674072265625,38.79212783356999,37.94910633055679,38.370618739733715,59297200
2022-06-02,38.38800048828125,38.6574216647039,38.005599125429875,38.240255637409426,52605400
2022-06-03,38.896419525146484,39.018092519517374,38.392341902363704,38.43579606959039,41050600
2022-06-06,38.852970123291016,39.109352062112364,38.64438545354311,39.083280221646696,33384600
2022-06-07,40.013214111328125,40.065357793135895,38.796477367252905,38.82689562008774,51378800
2022-06-08,40.10012435913086,40.54770866435328,39.85243191277762,40.20876145516896,56985400
2022-06-09,39.21364974975586,40.00887417953393,39.170195569430916,39.756835292171246,49176200
2022-06-10,38.54878234863281,39.34400659630474,38.10119809463385,38.76171010420364,62543600
2022-06-13,36.53683090209961,37.41896363896218,35.81113585718068,37.37985255830565,89462600
2022-06-14,36.606353759765625,37.74921809466077,36.128351215843466,37.27121223539765,69512800
2022-06-15,35.798091888427734,36.706299664132025,35.194069947003975,36.523790152768186,86446400
2022-06-16,33.78178787231445,35.0376323412493,33.49064127287908,34.84643332127575,115958200
2022-06-17,31.934951782226562,33.79481786765229,31.548204082936643,33.547125483665035,128468400
2022-06-21,33.589385986328125,33.817883728317874,32.7281201087967,32.785243706164,70013400
2022-06-22,32.244747161865234,32.8116012762924,31.796538725061357,31.972307988472235,82425200
2022-06-23,31.04952049255371,32.63143700263344,30.526607907276762,32.39854417633953,113842200
2022-06-24,31.458189010620117,32.12611168342403,31.124231026738727,31.581229867993887,94797000
2022-06-27,32.38097381591797,32.60068458225744,31.783360263272982,31.822906592004372,67958800
2022-06-28,33.25541687011719,33.79151159808932,32.75447666422973,33.14995665638292,79568000
2022-06-29,32.099735260009766,33.831053331301,32.00745381392707,33.71680617880496,71184000
2022-06-30,31.42302703857422,32.23595600427167,31.14179759479261,31.409844932228115,75533400
2022-07-01,31.893213272094727,32.02943286427761,30.816628585667466,31.805326960589653,69204000
2022-07-05,30.62767791748047,31.383483451367184,29.964153850946026,31.234081747120776,89865800
2022-07-06,30.104772567749023,30.84300093622136,29.19956185779381,30.298115777989523,96419000
2022-07-07,31.190141677856445,31.436216661876387,30.847390068302676,30.92209427632606,67587200
2022-07-08,31.176952362060547,31.699864990986,30.741926039793043,31.568037207258975,43940600
2022-07-11,30.878149032592773,31.137409475199465,30.465095079529497,30.78587091480672,45508200
2022-07-12,30.276142120361328,30.456303192645144,29.731260397269786,30.069613478276953,64690200
2022-07-13,30.227806091308594,30.86057413885217,29.836721215401816,29.836721215401816,58978000
2022-07-14,29.656558990478516,29.691713518514046,28.773324103098002,29.16880080967659,73273600
2022-07-15,30.13991928100586,30.33326581512871,29.691710823062913,30.30250644402007,59920600
2022-07-18,30.829811096191406,31.33953824405705,30.68480121047631,30.944058261433906,51453600
2022-07-19,31.778961181640625,31.858057181848075,30.77708074735947,30.78586770181815,48776400
2022-07-20,32.08655548095703,32.23156537616029,31.295598816477202,31.427423250963898,41849400
2022-07-21,31.52410316467285,31.554862541127317,30.61010882751703,31.20771909112943,43159200
2022-07-22,31.26483726501465,31.959123970101825,31.084672858844577,31.647131786123424,40836400
2022-07-25,32.4117317199707,32.44249109176319,31.31756973938089,31.695472508557117,39112000
2022-07-26,32.11731719970703,32.943431800659404,31.902001594201842,32.798421894851366,37228800
2022-07-27,32.84235763549805,33.00494477594074,31.994274118359897,32.323840199851105,44810800
2022-07-28,33.02692413330078,33.365277239665396,32.41612511619228,33.136779516896084,46665400
2022-07-29,34.45943832397461,34.56490191339327,33.563017929038864,33.62893183429541,51667600
2022-08-01,33.74757385253906,33.95849430332486,33.29496687383262,33.87061134091747,51331000
2022-08-02,33.66848373413086,34.00683688635093,33.36967691615491,33.75197155726424,39864400
2022-08-03,32.701751708984375,33.9101609996639,32.49961819357316,33.80909591821852,57013200
2022-08-04,31.48894691467285,32.569923423498544,31.370301229942683,32.47764530899733,55991000
2022-08-05,32.11292266845703,32.389756994858956,31.06270559600992,31.06270559600992,45179600
2022-08-08,32.279903411865234,32.569923214885776,32.02943328767478,32.07776992151154,37756600
2022-08-09,32.84675598144531,33.26420505090389,32.67977702416585,32.736900610269906,34683000
2022-08-10,33.08404541015625,33.27299679081539,32.27111629895578,32.92145824690815,34788400
2022-08-11,34.222145080566406,34.51216487865289,33.602562511276155,33.703627578473586,60531600
2022-08-12,34.481407165527344,34.49898442860668,33.853034258651626,33.998044164666055,38381000
2022-08-15,33.809085845947266,33.99364204166388,32.93024298727451,33.23344149380338,42024400
2022-08-16,33.72999572753906,34.21335871346701,33.51907192962358,33.857428366537164,39357600
2022-08-17,34.011226654052734,34.36276186200883,33.488313967287326,33.57620028366648,45472400
2022-08-18,34.92522048950195,34.96037165976947,34.32760701219651,34.389125750814436,46866000
2022-08-19,34.91643142700195,35.15811458912895,34.63520193971959,34.83733542417129,39488400
2022-08-22,34.85051345825195,35.0658323784362,34.04637476809044,34.617620630622035,45696200
2022-08-23,36.10726547241211,36.37970802155802,35.39540475604657,35.42176897442451,54367000
2022-08-24,36.55107498168945,36.60380676062953,35.94906641073824,36.11165354808055,49093200
2022-08-25,36.83230972290039,37.01686594692767,36.47637938334492,36.76200402673189,39798600
2022-08-26,36.401676177978516,37.15748170948027,36.2390923653434,36.757609879802516,38635200
2022-08-29,36.950958251953125,37.429929507080516,36.291825896242045,36.384107376259664,52125000
2022-08-30,35.69860076904297,36.326973631382074,35.40418917650112,36.31818667672526,57641800
2022-08-31,35.37343215942383,35.962255383675384,34.68793566491721,34.81536830729705,58304600
2022-09-01,34.503379821777344,34.98235107111966,34.02001677059811,34.85052326056147,56604200
2022-09-02,35.13613510131836,35.601920717279555,34.94718376328366,35.351450650816744,57188200
2022-09-06,34.81097412109375,35.58435695211266,34.66596421168017,35.465711261676006,45568200
2022-09-07,34.40671157836914,34.55611330863181,33.73878888919783,34.05077781344102,60541400
2022-09-08,34.55610656738281,34.72748068455606,34.138657482477726,34.56050172109803,53681600
2022-09-09,35.41737365722656,35.588747780933325,34.91643339523446,35.17569383399606,38678800
2022-09-12,36.067718505859375,36.458803383297585,35.62829699390452,35.93589071126488,41731800
2022-09-13,35.158111572265625,36.11165532552649,34.99991958017852,35.50525492420569,61146000
2022-09-14,36.15121078491211,36.40607609797469,35.48768663360432,35.48768663360432,54384200
2022-09-15,35.219635009765625,35.65905652366783,35.048260887545375,35.50965146563063,55886400
2022-09-16,34.46822738647461,35.13614666604152,33.96728708866933,35.10978244590031,70403600
2022-09-19,34.4886589050293,34.510870886093734,33.44031711335061,33.520275500481105,37625800
2022-09-20,34.248779296875,34.448676933283345,33.844547728751905,34.248779296875,42299600
2022-09-21,33.746822357177734,34.941755002588465,33.733496525144076,34.89289135908356,68705800
2022-09-22,33.62688064575195,34.47088496692994,33.60022898362246,34.35983185596105,57748000
2022-09-23,31.30809783935547,32.38309125359666,31.06822268766099,32.320901776017244,105475600
2022-09-26,30.539608001708984,31.503548269985583,30.499630505261436,31.112642507629722,72159600
2022-09-27,30.881649017333984,31.454683502791315,30.708406427436667,31.068220827976752,67671200
2022-09-28,32.24982452392578,32.42751018907763,31.00603164600721,31.192600069334166,63147600
2022-09-29,32.24982452392578,32.31645707199175,31.450244114350735,32.01439245795526,48563000
2022-09-30,31.992176055908203,32.43638846283822,31.681228726685873,31.992176055908203,43369400
2022-10-03,33.80012130737305,33.97780695264241,33.08938211536741,33.14268882566975,69550600
2022-10-04,35.25270080566406,35.283795542044444,34.21324189552879,34.484211765017314,66330800
2022-10-05,35.98120880126953,36.261061427435685,34.93731021139279,35.239374815904604,61273600
2022-10-06,36.620880126953125,36.73193325359811,35.66137948598568,35.68803115187729,52670200
2022-10-07,36.33659362792969,37.1095226368596,36.074506420126745,36.6964047651935,56915400
2022-10-10,35.59031295776367,36.78968556234144,35.474816738581076,36.478738113472545,46331600
2022-10-11,35.30601119995117,35.914580159543206,34.77739723732238,34.92398817656653,53842200
2022-10-12,35.59031295776367,35.839070916858795,34.8440356914053,35.07502474069748,41102400
2022-10-13,37.04288101196289,37.185028879884676,35.115000341456565,35.12388310048246,70134800
2022-10-14,35.66138458251953,37.167264923912064,35.59031233362716,36.638654270105015,53494600
2022-10-17,36.1055908203125,36.70083732212122,36.00342384499679,36.22108701721372,37988400
2022-10-18,36.420982360839844,36.75858481381029,35.719129178156415,36.40321345393903,50375800
2022-10-19,37.4959831237793,37.63368793033248,36.51427040192805,36.52759962530307,62527600
2022-10-20,37.53150939941406,38.12675585183445,37.30496348734261,37.78027067895145,50523600
2022-10-21,38.615394592285156,38.690909907489846,37.64256808663593,37.74029538352322,50548400
2022-10-24,38.79751968383789,39.06848959086319,38.38440529573029,38.59318233230731,44992000
2022-10-25,38.837501525878906,39.01518721520123,38.43770957217185,38.64649000294512,37683600
2022-10-26,39.366111755371094,39.67705914014742,38.95743369228637,38.98408874603314,45413000
2022-10-27,39.50826644897461,40.174585293664364,39.38832715904963,39.908055044530144,50021200
2022-10-28,39.64596939086914,40.25898147903152,38.93523000117231,39.934708221110185,49328000
2022-10-31,39.979129791259766,40.50330073964142,39.21064058296906,39.255064549550944,59520800
2022-11-01,40.36559295654297,40.66765760603571,40.12127471464716,40.6498886985276,43510800
2022-11-02,39.392765045166016,40.445549901178865,39.29948082588474,40.2367694817564,56499200
2022-11-03,40.12126922607422,40.34781852947007,39.04183281339909,39.15288592832833,53634400
2022-11-04,40.60990524291992,41.32064455296451,40.041313794884246,41.014140237769496,60590600
2022-11-07,41.30731964111328,41.43614167347264,40.6232319808631,40.694307607987895,38775400
2022-11-08,41.3473014831543,41.524987165995775,40.84089948995322,41.227362206880485,43718600
2022-11-09,39.326133728027344,40.91641535793699,39.237292579939485,40.787593320858804,63028000
2022-11-10,40.20123291015625,40.24565348417617,39.31280787346771,40.139043428713855,58488200
2022-11-11,41.369510650634766,41.58273415082419,40.87199479864706,40.96972209502252,51082600
2022-11-14,41.35618209838867,42.071364477674365,41.24512897600359,41.24957204983925,46245200
2022-11-15,41.79151153564453,41.898121583444755,41.24068561235333,41.51165550019449,51542200
2022-11-16,40.938629150390625,41.671577127218384,40.72540564084636,41.41837611598797,47277200
2022-11-17,41.0274658203125,41.06300363286629,40.103503028348,40.31228344076109,42859800
2022-11-18,40.703189849853516,40.81424297402115,39.76146152591835,40.26786350099695,47366200
2022-11-21,40.15237045288086,40.25898051150509,38.77531228298635,39.81921105424158,85153600
2022-11-22,41.40949249267578,41.502776717070404,40.46776071119685,40.654329159986105,53755000
2022-11-23,40.960838317871094,41.22292548141971,40.50774301371498,40.65877365207609,41197400
2022-11-25,40.8098030090332,41.2762240938919,40.7387273832991,40.987485295223735,15182600
2022-11-28,39.69038009643555,40.31227817865899,39.55711840036246,39.81031935088042,58262400
2022-11-29,40.29006576538086,40.525501198465115,39.98356149537975,40.13014902056643,38048400
2022-11-30,40.48997116088867,40.81868747094425,39.85474713294183,40.738729083193164,43830200
2022-12-01,40.35670471191406,40.978602886103005,40.21899992222003,40.77426554398294,38902000
2022-12-02,40.1168327331543,40.59214000745623,39.88140063313642,40.07685523197662,36770000
2022-12-05,38.92634201049805,40.67209735427865,38.593182619616805,40.51218057552985,51753800
2022-12-06,37.90020751953125,39.148443466331656,37.638123790958815,38.6820224097861,64930200
2022-12-07,37.811370849609375,38.38884509105313,37.47821146025132,37.89132923861821,48894200
2022-12-08,37.6425666809082,38.744215183216724,37.43378626154983,38.65981372286186,51280800
2022-12-09,36.72749328613281,37.93575194848061,36.71416745205986,37.52263414685541,48097800
2022-12-12,37.69143295288086,37.780277493409194,36.7941251225171,36.93627299828975,42184800
2022-12-13,38.4066162109375,38.726449785396994,38.10455154495606,38.424385119415554,54557400
2022-12-14,38.171180725097656,38.80640474339109,37.82913858712695,38.66869995121843,52675600
2022-12-15,37.940189361572266,38.02903050151723,37.29607923521842,37.83801900047054,40406600
2022-12-16,37.47377014160156,37.6514558353975,36.96292504284051,37.225012203730884,59101000
2022-12-19,37.46927261352539,37.98986782924434,37.1955119266348,37.86869327000956,36836600
2022-12-20,38.034751892089844,38.2770976247575,37.44235235356154,37.58596425914483,28593000
2022-12-21,38.75730514526367,38.932332070278065,38.241198617461436,38.81116090064439,34058200
2022-12-22,37.86422348022461,38.82014014954047,37.10577109145633,38.79769939257928,37359400
2022-12-23,39.07144546508789,39.0804231340799,38.16938489810808,38.36684910422487,29630000
2022-12-27,39.48882293701172,39.654875594139945,39.09837988697469,39.24199179282308,32749200
2022-12-28,38.604713439941406,39.43497335944257,38.48354227693178,39.43497335944257,31838000
2022-12-29,39.00862121582031,39.18364812315672,38.425199332691605,38.443151249338676,26915800
2022-12-30,39.25545120239258,39.331744271243586,38.79768594133134,38.80217477596304,22661800
2023-01-03,37.87767028808594,39.20608103865107,37.40644198622659,39.00861341898014,53082800
2023-01-04,37.87318801879883,38.09309299992896,37.173080408029776,37.31669231341773,45705200
2023-01-05,38.5643196105957,38.77525033593254,37.70264821788065,37.810356285975594,38723800
2023-01-06,39.29584884643555,39.77605153540213,38.9637469161915,39.06248075533986,44422400
2023-01-09,39.15671920776367,39.95107177568614,39.03105922404511,39.888241783826864,46003200
2023-01-10,39.43497085571289,39.51575276724985,38.81564172593693,39.41253010429454,31599000
2023-01-11,39.5561408996582,39.879268536727416,39.12979402651168,39.7805347116254,32903000
2023-01-12,40.31010437011719,40.57040201456286,39.71770484164165,39.793997916192936,36716000
2023-01-13,40.36845397949219,40.46718782556999,39.85235084150499,40.27869780522796,31808400
2023-01-17,40.453712463378906,40.87557388713092,40.28765982501369,40.462690132467586,33933200
2023-01-18,39.71321487426758,41.095481542621656,39.672825632648994,40.64220509525028,38075200
2023-01-19,40.20688247680664,40.36844629892572,39.39906679018916,39.48433753630143,34293800
2023-01-20,40.606300354003906,40.74542340336552,39.883752101036194,40.29214700437855,28560000
2023-01-23,40.66015625,41.104455019381696,40.530007433923004,40.902501967111206,29305000
2023-01-24,40.50308609008789,40.59733108728718,39.69975577227138,40.52552684255453,30755200
2023-01-25,40.507572174072266,40.507572174072266,39.663849243917724,40.30561568752389,26861200
2023-01-26,41.78661346435547,41.80456537912729,40.66015563626145,41.16279897793958,36663000
2023-01-27,40.942893981933594,41.76866151692598,40.875575157586304,41.56221963317788,34841000
2023-01-30,40.00493240356445,40.70504006913075,39.951076650836974,40.64669890499295,27525000
2023-01-31,40.359474182128906,40.4223041802703,39.46189886699114,39.87029385491021,27848200
2023-02-01,39.565120697021484,40.34152141074823,39.04452538175529,40.17098333711518,46967200
2023-02-02,38.66305160522461,39.48881912821089,38.236701339875694,39.412526059582774,49803000
2023-02-03,38.57778549194336,39.45292345268777,38.537396247467065,38.824620065891835,45454800
2023-02-06,38.40275955200195,38.905402958896495,37.93153114403969,38.61369029796643,31714400
2023-02-07,39.650390625,39.70873521442501,38.4431541007489,38.645107186046204,41014000
2023-02-08,39.29584884643555,39.820933043362906,39.07145500254502,39.61897652947443,26967200
2023-02-09,38.95924377441406,39.42598320919282,38.93231761870779,39.30032325059413,32150400
2023-02-10,40.485130310058594,40.565912217661406,39.56960316521929,39.60550699614893,40003200
2023-02-13,40.38191223144531,40.53898721628425,39.861316940004414,40.2786895705638,24744800
2023-02-14,40.39537048339844,40.69156850168909,39.95106831999626,40.06326521346555,27022600
2023-02-15,39.7087287902832,40.02736757890238,39.20159660537262,39.942096838293836,31939600
2023-02-16,39.31827926635742,39.83438565645259,39.27788660460483,39.493306144671294,25314200
2023-02-17,37.91806411743164,38.7348574286745,37.752014893483576,38.707931267813244,44680400
2023-02-21,37.72957992553711,38.16490452072252,37.65777567757712,37.752020679012375,33622600
2023-02-22,37.47825622558594,37.98089618367004,37.15512858168735,37.62635354239119,40270400
2023-02-23,38.04373550415039,38.2636439636966,37.563532755637674,38.04373550415039,35023400
2023-02-24,37.994354248046875,38.048206560747616,37.26731721079248,37.48273330954975,37496800
2023-02-27,38.106563568115234,38.27261281843801,37.79241013759797,38.070659731945554,30676400
2023-02-28,37.55904006958008,38.505982298749174,37.527625070583014,38.49251579291207,38007600
2023-03-01,38.299537658691406,38.49251649145492,37.45132924639968,37.59045575074985,37094000
2023-03-02,38.6361198425293,38.77973515040405,38.11103921302745,38.23221377305243,32798600
2023-03-03,39.16121292114258,39.35419175560164,38.146951831382516,38.17387799582577,50675200
2023-03-06,39.179168701171875,39.24199870705223,38.78872215836235,38.94579717306324,33898400
2023-03-07,38.497005462646484,39.044526963301706,38.39827162823611,38.94579312889133,37000400
2023-03-08,38.10206985473633,38.81564053137073,37.734064141055256,38.32646366610229,39399000
2023-03-09,37.56352615356445,38.860522230206776,37.55455190682377,38.32197840233344,37888200
2023-03-10,37.083316802978516,38.093088866153195,36.867900680262004,37.563519380506925,56624800
2023-03-13,36.32936477661133,36.980109028799525,35.503597010497664,36.13638591892498,83327000
2023-03-14,36.688392639160156,37.50518607532973,36.04213728782484,36.32487571602317,61066400
2023-03-15,34.71821212768555,35.61129857317281,34.21556873791517,35.34202667378717,115347000
2023-03-16,35.09519577026367,35.18495536209275,33.82064038209567,33.95527805785012,88790400
2023-03-17,34.54318618774414,35.184952668279564,34.26044777510233,34.893240009131084,67351600
2023-03-20,35.23472595214844,35.46146164929151,34.509172413233046,34.509172413233046,52288800
2023-03-21,36.454566955566406,36.56793480987771,35.8514491402993,35.96028477143104,59712400
2023-03-22,35.67913055419922,36.64502340867327,35.65192337680094,36.4772412017675,49209400
2023-03-23,35.18484878540039,36.18702375269271,34.84474519170859,35.874127339388195,49486200
2023-03-24,35.32088851928711,35.4569313287571,34.37766713823316,34.48650276969409,41298000
2023-03-27,36.07365036010742,36.27771110116663,35.407046865069546,35.69273259449486,40223800
2023-03-28,36.63141632080078,36.79013060665022,35.85598070161184,35.86958428901151,32596800
2023-03-29,37.139305114746094,37.18011587652701,36.75385515028575,36.99419441778296,36204600
2023-03-30,37.302555084228516,37.50208013024858,37.08488730891072,37.44766578120307,27460800
2023-03-31,37.561031341552734,37.62451705139382,37.26173860112042,37.397781384900874,32294600
2023-04-03,39.26155471801758,39.515497595399204,38.93959043856238,39.143651185070865,62452200
2023-04-04,38.549598693847656,39.42933072057261,38.204959514669646,39.379448597545064,49363000
2023-04-05,39.13005065917969,39.13005065917969,38.322872056002375,38.64483636065667,40552200
2023-04-06,38.5359992980957,39.111906426979075,38.45890653430774,39.07109566354315,33378600
2023-04-10,38.844364166259766,39.28876422806766,38.68111417547372,38.68111417547372,26977200
2023-04-11,39.21167755126953,39.45655255390778,38.839831093866124,39.06203113970516,25575200
2023-04-12,39.2388801574707,39.56538012292733,39.120976623341974,39.48375513156317,33334400
2023-04-13,39.4837532043457,39.583517462222616,39.084699632550155,39.179928207874816,31384600
2023-04-14,39.556312561035156,39.787580488817596,39.32504117354043,39.53817328949515,23560200
2023-04-17,39.0892333984375,39.588054707513024,38.953194053908724,39.424804726308714,23762000
2023-04-18,39.2434196472168,39.34318391964129,38.80355178773385,38.9985446493692,24493600
2023-04-19,39.10737228393555,39.13911514331707,38.67657584094169,38.88970795095143,34246200
2023-04-20,38.762733459472656,38.77180136441916,38.291122828880376,38.5632049535304,30396200
2023-04-21,38.5359992980957,38.92144927818729,38.36367795991185,38.9033100078673,33757600
2023-04-24,39.12550735473633,39.306896585891906,38.39995388982584,38.41355747671294,25251800
2023-04-25,38.3908805847168,38.812605557740376,38.164144942595044,38.74458763287292,30665200
2023-04-26,37.87846755981445,38.47251401919173,37.64719616444805,38.11880686140335,40070000
2023-04-27,38.01450729370117,38.10973587003408,37.497550188058455,37.85579299981299,34114600
2023-04-28,38.604026794433594,38.81262326518802,37.746965952974186,37.87847310056755,38228600
2023-05-01,38.1686897277832,38.58135039293472,37.96462896659095,38.11880759332066,27821400
2023-05-02,36.50898361206055,37.76963355842571,36.15980869442827,37.7106835215518,67648000
2023-05-03,35.81970977783203,36.46364188259161,35.806106187540045,36.04191328497671,59367600
2023-05-04,35.420650482177734,36.19608614243457,35.31181831750453,35.83330764724104,52861000
2023-05-05,36.38201141357422,36.667697145910566,36.1824828933768,36.400147224762925,39073400
2023-05-08,36.38201141357422,37.07128640924649,36.377475730920956,36.912572113504076,32711800
2023-05-09,36.395606994628906,36.740242686787596,36.0192249905939,36.09631428017849,41421200
2023-05-10,35.98295211791992,36.64955557797034,35.71086999088415,36.577001958626376,36052000
2023-05-11,35.552162170410156,35.73808366480568,35.280079993895015,35.475072854678174,38168200
2023-05-12,35.606571197509766,35.96934968500929,35.34809264957277,35.729010407418485,37913200
2023-05-15,35.787960052490234,35.992024246883965,35.45692788647662,35.738077924508126,32544600
2023-05-16,34.90822982788086,35.7743584011832,34.85381201448796,35.6201797861383,44511200
2023-05-17,35.57936477661133,35.769821929718425,35.0079898575779,35.266468410998144,46200600
2023-05-18,35.83784484863281,35.88319129752572,35.14403414740573,35.36623416877957,33154200
2023-05-19,36.11446762084961,36.39562117795505,35.91040684308313,36.168885442786625,36122200
2023-05-22,35.964813232421875,36.33212739457109,35.9103988822605,35.97841681996222,26943600
2023-05-23,36.350276947021484,36.762934211226565,36.2142341137113,36.30946271314324,42803800
2023-05-24,36.50898361206055,36.790133667610846,36.20062291973501,36.6359550513042,33474200
2023-05-25,35.86051559448242,36.06004063813817,35.52494430068926,35.9829513380959,38251000
2023-05-26,35.719940185546875,36.17794726223757,35.5340187130445,36.078183001996806,28785800
2023-05-30,35.352630615234375,35.39344484107717,34.96264492688551,35.09868773341178,40331600
2023-05-31,34.73137283325195,35.066944159934735,34.61347276035367,34.79939423513156,44797600
2023-06-01,35.162174224853516,35.55669560466037,34.577195679503646,34.81299929497895,51623600
2023-06-02,36.23236083984375,36.40467870393703,35.57482531953037,35.81970025884931,55278800
2023-06-05,35.99202346801758,36.76292340425736,35.92853775372546,36.76292340425736,37826200
2023-06-06,36.28224563598633,36.31398849380718,35.479599365825905,35.51587790611031,34750800
2023-06-07,37.24359893798828,37.28894883857569,36.43642052738043,36.45909547767413,60654200
2023-06-08,37.08489227294922,37.420460155924694,36.46817086332747,37.29348871154005,46155200
2023-06-09,36.88083267211914,37.24814342769218,36.78106840277523,37.0667541615862,38387000
2023-06-12,36.527122497558594,36.89443322287869,36.27771184474112,36.32759397530461,36387000
2023-06-13,36.699440002441406,37.42045785721073,36.681300731541825,36.930711381770806,40136400
2023-06-14,36.323055267333984,37.22546230559293,36.05097314310201,37.062215798823274,47605400
2023-06-15,36.72211837768555,36.99873277047,36.37747911790513,36.38654702434376,46777000
2023-06-16,36.667694091796875,36.962451164888925,36.56339415773222,36.85815123082428,47461800
2023-06-20,35.847007751464844,36.46458566608129,35.57710120955662,36.42341543386026,42552000
2023-06-21,36.13063430786133,36.43713541953765,35.64571840277384,35.70061553076078,34473800
2023-06-22,35.645713806152344,35.84242412667392,35.513048381597315,35.80125390363188,33507400
2023-06-23,35.3895378112793,35.4856051649717,35.09676011711614,35.2614480063561,34905200
2023-06-26,36.025413513183594,36.2266994801483,35.37123761073361,35.45358155265687,32488600
2023-06-27,36.107757568359375,36.26329418682154,35.77838179963324,35.98881554294487,28388400
2023-06-28,36.47373580932617,36.51948167377948,35.75093928433231,36.071163825691244,32903200
2023-06-29,36.89459991455078,36.89459991455078,36.414259657009296,36.61096999702714,28435800
2023-06-30,37.132484436035156,37.32004702006166,36.8717291659346,37.14620784653743,35970600
2023-07-03,37.21940231323242,37.49845661458039,37.08216123414188,37.22397794658494,19539800
2023-07-05,37.013545989990234,37.38409203534692,36.803108727738554,37.374940768195565,32557400
2023-07-06,36.180946350097656,36.86714463101914,35.90646773576606,36.610965056334294,41967800
2023-07-07,36.95864486694336,37.301744054170626,35.97509316552145,36.0025399836403,48916000
2023-07-10,37.246849060058594,37.32004523281309,36.83512931377862,36.86257962365436,30925000
2023-07-11,38.065711975097656,38.1251812463464,37.342915492910485,37.41611166384943,39642000
2023-07-12,38.41796112060547,38.63296701243765,38.18007706340861,38.37678740331988,43077600
2023-07-13,38.27157211303711,38.655841525098204,37.91474602874201,38.41796095908687,53226400
2023-07-14,37.26057052612305,38.06113530038757,37.16907880513842,38.02454070610498,43988200
2023-07-17,37.1873779296875,37.347490186857726,37.01811440628729,37.1279086599344,32445800
2023-07-18,37.5625,37.951345054766065,37.04098950486707,37.10045877529961,43209400
2023-07-19,37.78208541870117,38.03826854965722,37.4801599121057,37.56250386666552,37521000
2023-07-20,38.22582244873047,38.303594249262616,37.905597941311164,38.09315701274665,35449800
2023-07-21,38.56435012817383,38.58264568017108,38.12060795325381,38.367639787441824,31529000
2023-07-24,39.186500549316406,39.470126955592036,38.74733055151095,38.7610574497178,44539600
2023-07-25,39.392364501953125,39.62109731012139,38.93032325220125,39.168207327200214,33606600
2023-07-26,39.40608596801758,39.561626084795385,39.01266527816169,39.06756240588071,32788000
2023-07-27,39.15447998046875,39.78120912416993,39.04468921105194,39.62109685831507,35550600
2023-07-28,39.27341842651367,39.282569692403484,38.70158646488655,39.12702958394454,34627800
2023-07-31,40.01909255981445,40.13345896077505,39.502154193753775,39.61652059471438,36266400
2023-08-01,39.83152389526367,39.94589027873349,39.40150517655791,39.85897071043721,35766000
2023-08-02,39.310020446777344,39.76291042849311,38.97606901205884,39.561627931167024,45920000
2023-08-03,39.7080192565918,40.06484190013445,39.200232113031596,39.41524152393188,41630600
2023-08-04,39.76291275024414,40.366767257852686,39.71716688409828,39.99164557115928,43208200
2023-08-07,39.808650970458984,40.06940619661232,39.68971243936111,39.98706574747619,26821600
2023-08-08,40.00536346435547,40.02366250632714,38.87085078359496,39.163628474770924,37237200
2023-08-09,40.50857925415039,40.87912526394312,40.14260538730872,40.394212857035555,52085600
2023-08-10,40.504005432128906,41.030091580417924,40.229526764817216,40.56805033816212,39226600
2023-08-11,41.126163482666016,41.1719093505739,40.47656308389049,40.48571086139766,46689200
2023-08-14,40.95232009887695,41.1215836319835,40.677841429390234,41.01179286222593,30189400
2023-08-15,40.10143280029297,40.71443497747388,40.02823663515691,40.668689119356465,44982400
2023-08-16,39.75375747680664,40.57719338271606,39.72630717014668,40.14260250100153,37995400
2023-08-17,40.229522705078125,40.7784799843038,40.170049948202085,40.3118666459805,40464200
2023-08-18,40.62752151489258,40.6778430134464,39.868130383401294,39.996220201470734,35307200
2023-08-21,40.371341705322266,40.956897151230365,40.09228739279016,40.79220924579549,30488400
2023-08-22,40.06026077270508,40.56347221356881,40.03738609758997,40.42165900037427,25732800
2023-08-23,39.959617614746094,39.996215698698805,39.28257051254791,39.62566969668744,38798600
2023-08-24,39.685142517089844,40.10601004965534,39.57077611214146,39.598222932469646,33455000
2023-08-25,40.06941604614258,40.270702056225424,39.57535577895403,39.9230271724967,38036800
2023-08-28,40.33932113647461,40.641246650427234,40.10601267783899,40.17463322334193,25718200
2023-08-29,40.44910430908203,40.49027802471583,40.046535869449215,40.48570239182646,27019400
2023-08-30,40.650386810302734,40.723579479369796,40.471975534857116,40.632087770489726,27890200
2023-08-31,40.67783737182617,40.86997207228312,40.3850596882198,40.80135502939513,29617400
2023-09-01,41.51042938232422,41.556175246287935,41.117008669902006,41.12615993680617,35764200
2023-09-05,41.73001480102539,42.15545797117014,41.70256798043081,41.743738211322686,48737400
2023-09-06,41.74831008911133,41.972467247568495,41.44180549590697,41.647667102404114,40324200
2023-09-07,41.70713806152344,42.04566511965156,41.633945380161656,41.83065572846319,30729200
2023-09-08,42.109710693359375,42.4116361803228,41.88097788892002,41.90384907525259,34739000
2023-09-11,41.556175231933594,42.54430264609989,41.38691518630774,42.416212830971446,44095000
2023-09-12,42.535152435302734,42.58089829663283,41.92672235807448,42.0044906713542,53599400
2023-09-13,42.214927673339844,42.66324552531042,41.995346125988114,42.576325938966406,36315400
2023-09-14,42.708984375,42.859948845373765,42.525997455472876,42.654087252086306,37099800
2023-09-15,42.09141159057617,42.73186414013654,42.09141159057617,42.31556876135733,49612800
2023-09-18,42.44810104370117,42.65087238197634,42.13472875543082,42.52644323678356,33746600
2023-09-19,42.05177688598633,42.82599056271664,41.802922113186504,42.766082447686244,36264400
2023-09-20,41.66006851196289,42.31907193762873,41.632415633639106,41.84440579837582,35930400
2023-09-21,41.08861541748047,42.0425568472864,41.01948851353561,41.94577707219937,43446200
2023-09-22,41.157745361328125,41.67388900826495,41.12088072050052,41.39738486438274,42067400
2023-09-25,41.673892974853516,41.73841049736888,41.047148313897424,41.047148313897424,35073800
2023-09-26,41.43425369262695,41.68310496499512,41.24991642173783,41.31443393915787,33460000
2023-09-27,42.46653366088867,42.586353403561525,41.76605279781425,41.950390052093866,46289400
2023-09-28,42.51261901855469,42.76147379569815,42.18542204747926,42.28219831926713,48462800
2023-09-29,41.65544891357422,42.61399975546704,41.498764543849276,42.44809658991096,48369200
2023-10-02,40.8259391784668,41.71075736545886,40.54482915059346,41.60015289462175,50599800
2023-10-03,40.79829025268555,40.87663245007275,40.3973604684446,40.72916333666232,41466600
2023-10-04,39.517154693603516,40.25910971606484,39.13004955976697,40.18998279475367,59572400
2023-10-05,39.27290725708008,39.61853832984348,38.950316146269586,38.950316146269586,47037000
2023-10-06,39.507930755615234,39.867386448549524,38.830493403881924,39.27290068102724,51481000
2023-10-09,40.8259391784668,40.996451767384954,40.27754028664855,40.5678691117288,61489000
2023-10-10,40.87663650512695,41.14853479754032,40.632391091430705,40.862811823739065,41700600
2023-10-11,40.35127258300781,40.49874169301653,39.885825292132715,40.457267653923886,47145400
2023-10-12,40.39735794067383,40.816721777342984,40.208411283095955,40.77985362231207,39986400
2023-10-13,41.28677749633789,41.48493943013453,40.88123834816974,41.05635680661812,48511800
2023-10-16,41.56328582763672,41.68771145513975,41.16696195345558,41.5540670309679,38365200
2023-10-17,41.9964714050293,42.12550993778743,41.41120443133781,41.47111254173441,40424000
2023-10-18,42.37897491455078,42.55409338160737,42.07021201897434,42.16698829150095,47616800
2023-10-19,42.30524444580078,42.65548139918119,41.83057482214223,42.23150812975791,63297000
2023-10-20,41.595550537109375,42.3881983989127,41.45268729582261,42.231510476584916,46549600
2023-10-23,40.92271423339844,41.36051211965365,40.73376758787446,41.35590272158365,51888200
2023-10-24,40.3466682434082,41.05636094525705,40.33284004724089,41.024102186082104,44271600
2023-10-25,40.272926330566406,40.581689199178406,40.070155006252584,40.37431199272332,41412600
2023-10-26,39.959556579589844,40.14389383912215,39.56323270217466,39.904254346947916,44770400
2023-10-27,39.00099563598633,40.07014724782423,38.867351245014106,39.918072299974355,53809400
2023-10-30,39.130043029785156,39.42037183171279,38.752149725138686,39.139258310316215,45530600
2023-10-31,39.25908279418945,39.34203439274981,38.78441668084895,39.1761311956291,37205600
2023-11-01,39.16690444946289,39.71991616628341,39.11160573893912,39.50792957208135,46082600
2023-11-02,40.35127258300781,40.38814073949522,39.0378752726269,39.26368657821567,45323000
2023-11-03,39.94573211669922,40.4065735100548,39.701486740771294,40.277538482465765,47235000
2023-11-06,39.49410629272461,40.263714097365884,39.37889594354404,40.263714097365884,41035400
2023-11-07,38.61851119995117,39.04709384784447,38.44799861412149,38.9779669338086,47550200
2023-11-08,38.13462448120117,38.72450088947769,38.12079980224793,38.471040238139885,50742000
2023-11-09,38.0194206237793,38.50330556536757,37.99637714429745,38.415744562466124,38232200
2023-11-10,38.43878173828125,38.530948609211336,38.07471662100812,38.44799701899795,34565600
2023-11-13,38.71529006958008,38.79363226996882,38.37887427387969,38.49869403184791,28447400
2023-11-14,39.0609130859375,39.171514023422674,38.79823366194746,38.86275116847551,34724000
2023-11-15,38.9871826171875,39.480282785684636,38.93188389814094,39.00100729694914,33043600
2023-11-16,38.22679138183594,38.765978473025136,37.83968630707521,38.61850937083904,53166000
2023-11-17,39.02865982055664,39.2867298829565,38.46182334385306,38.55399373466795,48850800
2023-11-20,39.083961486816406,39.42037728576661,39.07474620501036,39.18995656526244,29093800
2023-11-21,38.996395111083984,39.06551849871933,38.623111238151296,38.89961885245414,26973800
2023-11-22,38.977970123291016,39.01022888368863,38.00098499762708,38.21758103855729,36547200
2023-11-24,39.13926696777344,39.429595833920715,38.94110499108646,38.96414847142227,19152600
2023-11-27,39.00099563598633,39.07012253006712,38.63693060870473,38.936478139094895,24501800
2023-11-28,39.010231018066406,39.36968680100433,38.93649469544253,39.07935794154094,28921800
2023-11-29,38.71989440917969,39.305164979205976,38.595468773282846,39.25447214192997,45268000
2023-11-30,38.977970123291016,39.535587847844766,38.51251928103297,39.051702925939345,58364600
2023-12-01,39.18073654174805,39.6461873670684,38.75676327311023,38.931885265417066,43048000
2023-12-04,39.00099563598633,39.24524446386377,38.71527629716423,38.89500411221035,37070200
2023-12-05,38.318965911865234,39.051702103729994,38.29592243380588,38.977969302634065,37747200
2023-12-06,37.74751663208008,38.337392996997174,37.60004402491033,38.07010417041272,62306600
2023-12-07,37.48944854736328,38.11158375675338,37.35580411460021,37.92264060418558,40908800
2023-12-08,37.894989013671875,38.01019936107142,37.65995892051339,37.738301112919295,34127200
2023-12-11,37.94107437133789,38.0655000058182,37.75212770438003,37.92724969150019,29344200
2023-12-12,37.42031478881836,37.632304895774304,37.20832819780276,37.59082734756454,45386600
2023-12-13,37.94107437133789,37.954899051175595,37.26824633035554,37.44336480153474,46445600
2023-12-14,39.056304931640625,39.10699776208968,38.323568863052444,38.323568863052444,60717400
2023-12-15,38.84893035888672,38.922663152571445,38.52633927818635,38.706067137972525,46366400
2023-12-18,39.16624450683594,39.738525476748556,39.129022229991996,39.53846017585198,42447200
2023-12-19,39.636165618896484,39.678038017669806,39.15228667359421,39.24068514313067,36862400
2023-12-20,39.26859664916992,40.00837062710214,39.22207058667229,39.77573676490292,39818200
2023-12-21,39.42213821411133,39.48262174401407,39.05457626383029,39.3476936698822,26062800
2023-12-22,39.53845977783203,39.882756960893346,39.4779726911416,39.70595292252029,25037800
2023-12-26,39.87810134887695,40.092124103595594,39.75248060904417,39.87344767711678,25983400
2023-12-27,39.70130157470703,40.01303014366294,39.55706614526904,39.87810205791078,20238200
2023-12-28,39.09645080566406,39.65012059722572,39.08249334028208,39.49658137860101,26198000
2023-12-29,39.008052825927734,39.26860522227806,38.891735869433845,39.231382944269185,24345400
2024-01-02,39.426788330078125,39.78969660886397,39.22672305463064,39.282556462794325,39301800
2024-01-03,40.06886291503906,40.21309479245598,39.28721289438827,39.48727818389149,37936000
2024-01-04,39.36630630493164,40.52947572996871,39.34304149654635,40.35732537716713,42049000
2024-01-05,39.39887619018555,39.76178449466432,39.21742203794616,39.74317335729214,34029200
2024-01-08,38.942909240722656,38.98943885547444,38.19848155094003,38.7288865017671,47218600
2024-01-09,38.319454193115234,39.03596699183525,38.235705851713895,38.99409104627888,33750400
2024-01-10,37.942588806152344,38.407856585260475,37.78904958711592,38.39389557012961,33159800
2024-01-11,38.04029846191406,38.24501389162664,37.88675922734578,38.14730807409549,38588600
2024-01-12,38.46834182739258,38.7800704013111,38.23570792750503,38.62653117545454,38769200
2024-01-16,37.5517578125,38.43576720356083,37.5284965559814,38.38458746962445,36031200
2024-01-17,37.24003219604492,37.61224427681363,37.08183931069195,37.16558765006439,39284200
2024-01-18,37.17954635620117,37.28190227600203,36.74684722126221,37.24933367658559,35705600
2024-01-19,37.30051803588867,37.305171707728306,37.0306618645749,37.16093982810371,39940200
2024-01-22,37.44009780883789,37.523846148954334,36.97948371305314,37.22142139021655,30136800
2024-01-23,37.519187927246094,37.82161264930751,37.3237763405766,37.379606194075926,24709200
2024-01-24,38.05424880981445,38.072859945345186,37.537801335397745,37.71460179837302,33841000
2024-01-25,38.910343170166016,38.92430418532603,38.096124555026606,38.32410832305789,37609400
2024-01-26,39.19881057739258,39.212768042878764,38.58465724802011,38.868470878610786,36469600
2024-01-29,39.14297103881836,39.198804441735156,38.733536733227915,39.13832091752514,29680600
2024-01-30,39.54776382446289,39.55706761878374,38.60792441074292,38.75680996785831,35341200
2024-01-31,38.807987213134766,39.6222058277041,38.789376075979234,39.547761279081975,38580800
2024-02-01,38.8033332824707,39.22207499139711,38.445075106612556,39.040620842480905,51101400
2024-02-02,38.85915756225586,39.166235954598,38.53347158526655,39.129013685881816,38075000
2024-02-05,38.76145935058594,38.99409325099702,38.342721169615295,38.62188114016626,31593600
2024-02-06,38.88707733154297,39.26859672429109,38.72423433763421,38.95221452910648,28056200
2024-02-07,38.96617889404297,39.166244193338166,38.64979664282526,38.998747498592806,26920400
2024-02-08,39.36630630493164,39.51053817772859,38.933607136829394,38.94291093035668,36201000
2024-02-09,38.76145935058594,39.60824660609379,38.71958695237352,39.44074991382089,38073400
2024-02-12,39.18950653076172,39.301169803642146,38.89638555859735,38.89638555859735,25893800
2024-02-13,38.794029235839844,39.36165653954279,38.54278418913304,39.22672844688294,41156800
2024-02-14,38.75680160522461,39.19880450918266,38.552082677221684,39.07783391084357,40894600
2024-02-15,39.83623123168945,39.94789451234283,38.71493410399414,38.74750270875602,43364400
2024-02-16,39.812957763671875,40.129339948150076,39.69664083628594,39.99906555743157,26960800
2024-02-20,39.45005416870117,39.87809966001042,39.39887443064122,39.854838401617656,28995600
2024-02-21,40.1898307800293,40.227053055491375,39.58963489962163,39.617553381073975,28745800
2024-02-22,40.259620666503906,40.42711735224212,39.743173143763,39.93393463851932,35206800
2024-02-23,39.99441909790039,40.12469351210897,39.61289964927031,39.868798355545415,28952400
2024-02-26,40.13399887084961,40.399201358003864,39.74782576946545,39.947891052737006,23376400
2024-02-27,39.961849212646484,40.34336864904004,39.757130254192376,40.171218293093496,26317400
2024-02-28,39.88275909423828,40.31545831963138,39.72456618563805,40.013033519137394,26679600
2024-02-29,40.07816696166992,40.20844137431489,39.85484041133899,39.96650368650445,27335400
2024-03-01,40.54343032836914,40.72953813315803,40.296838995651086,40.366629866160814,32459600
2024-03-04,40.11073303222656,40.627180528111516,40.0735107596178,40.52016738178913,33198000
2024-03-05,40.408504486083984,40.66905684703535,39.99907013274802,40.050249870628924,32174200
2024-03-06,40.53413391113281,40.962179455237084,40.44573188908736,40.74815668318495,28008800
2024-03-07,40.87842559814453,41.10640580618237,40.55738970846073,40.589958309608996,24569200
2024-03-08,41.02265167236328,41.03195901406869,40.72022696173165,40.82258642222642,28252000
2024-03-11,41.44605255126953,41.460010015993994,40.72488610967448,41.0319645324578,24983800
2024-03-12,41.380916595458984,41.55771707014473,41.162240175627616,41.44140012765668,23780600
2024-03-13,42.041603088378906,42.26958334030016,41.74383194921712,41.81362283645766,42725200
2024-03-14,42.47429656982422,42.492907707212034,42.0462510590389,42.20909407404294,35946000
2024-03-15,42.599910736083984,42.90698913102775,42.3440156233418,42.44172141726637,37753400
2024-03-18,42.747188568115234,42.897277303994066,42.414179297208996,42.77064138682038,30496800
2024-03-19,43.234981536865234,43.26781333881025,42.71436040716706,42.74250092929192,28545800
2024-03-20,43.17400360107422,43.32878003104129,42.92072819967687,42.98639179503201,32659400
2024-03-21,43.43197250366211,43.521088928573185,43.11303346431504,43.24905195240109,23334200
2024-03-22,43.338165283203125,43.55860890062487,43.230287325044344,43.45073094246609,17948800
2024-03-25,43.74152755737305,44.032322462827565,43.47886959252677,43.488252151127156,35074400
2024-03-26,43.403831481933594,43.88223824624954,43.31940633783101,43.7837428411962,35373800
2024-03-27,43.807193756103516,43.81657273686337,43.23497931301043,43.31002189428281,33960000
2024-03-28,44.28091812133789,44.360651991773764,43.85410108830185,44.06516217554935,34615200
2024-04-01,44.60923385620117,44.740561066220614,43.97604704880851,44.412243041172005,42899000
2024-04-02,45.2330436706543,45.27994573652335,44.60454453713462,44.801535360823586,38671200
2024-04-03,45.542598724365234,45.60357462862043,45.25180377815664,45.4018925312186,29148800
2024-04-04,45.51445770263672,45.77711212301726,45.336228428578224,45.61295311027942,36941200
2024-04-05,46.00224685668945,46.185167409927914,45.42534109604641,45.70206935504695,31194600
2024-04-08,45.71144485473633,46.15702337177231,45.63171099471018,46.02569259370842,34034600
2024-04-09,45.72551727294922,46.03038604564682,45.39250797853731,45.90843782088818,35322800
2024-04-10,45.8662223815918,46.03507265153051,45.40188592845915,45.59887671725511,39199600
2024-04-11,45.833396911621094,46.030387727615334,45.186136261357,46.01162618632091,39204600
2024-04-12,45.08763885498047,46.41967960066053,44.87188650725441,46.124189811367785,46572400
2024-04-15,44.66551208496094,45.519142406269516,44.6092274694118,45.30338650252994,48690800
2024-04-16,44.27621841430664,44.78745692222138,43.96197069411698,44.581087154394076,36497600
2024-04-17,44.14958572387695,44.62330480595402,43.83533795528247,44.182417526888344,27421000
2024-04-18,44.0135612487793,44.42630794869848,43.85878481470726,44.29966845544231,25555600
2024-04-19,44.5435676574707,44.843745142435615,44.03232553006623,44.09798913125243,35451400
2024-04-22,44.83435821533203,45.139226950223026,43.957278665621104,44.30904945701897,30244400
2024-04-23,45.082950592041016,45.082950592041016,44.41224073704014,44.62799308207847,28657400
2024-04-24,45.115779876708984,45.16737321486227,44.585776235388465,44.801528568394154,21303800
2024-04-25,45.32215118408203,45.45816966396031,44.67489416316957,45.06418806298694,26500200
2024-04-26,44.90471649169922,45.08294932968651,44.4450712933482,44.914099050750025,32366600
2024-04-29,45.20958709716797,45.3080825008396,44.74525060031656,44.77339112182332,22236400
2024-04-30,43.86347579956055,45.106400114911295,43.84471783761229,45.02666625223846,35399000
2024-05-01,43.16462707519531,43.94321492664413,42.93011317946708,43.80250515784796,50943800
2024-05-02,43.41321563720703,43.70870546598235,43.206845821336785,43.455430003488544,34616800
2024-05-03,43.41790771484375,43.49764159013048,42.84569316815356,43.45073952104408,38087800
2024-05-06,43.76029586791992,44.201179573627016,43.55392248754754,43.55392248754754,33445600
2024-05-07,43.718074798583984,44.041705081181306,43.70400453906195,43.82126147294242,20942200
2024-05-08,43.6664924621582,43.87755714335444,43.399146728695136,43.4648103419388,19811800
2024-05-09,44.25276565551758,44.25276565551758,43.71338304978107,43.71338304978107,22489400
2024-05-10,44.008880615234375,44.49197869076815,43.891623661817505,44.34658121361867,20568400
2024-05-13,43.89162063598633,44.27622327354372,43.704008807773405,44.11206426575666,20978000
2024-05-14,43.947898864746094,43.98073066420066,43.6289598507313,43.80719268639701,24911600
2024-05-15,44.0463981628418,44.126132022327745,43.20683805249564,43.85409506577804,38792200
2024-05-16,43.92445373535156,44.26684202193833,43.80719678655372,43.94790297807227,24580200
2024-05-17,44.538875579833984,44.609230459386616,43.99011396043956,44.00418422067052,29001600
2024-05-20,44.24808120727539,44.65613668401546,44.140206816513015,44.55764127481575,20134600
2024-05-21,44.032325744628906,44.49666581321988,43.99949394387582,44.13551242653801,22467600
2024-05-22,43.18807601928711,43.87285610393551,43.01453446380312,43.85409456455364,34868000
2024-05-23,42.79409408569336,43.5539203853369,42.71905150088796,43.40383163732808,26931400
2024-05-24,42.855072021484375,43.23967468015729,42.73312378969106,43.127105430010445,19041400
2024-05-28,43.29595184326172,43.4085210833113,42.897278958680246,43.0051569191283,28904200
2024-05-29,42.53144454956055,43.21153348420598,42.33914141809346,43.174013976698866,30053600
2024-05-30,42.653385162353516,42.80816160183979,42.423558986077985,42.43763282457473,22731400
2024-05-31,43.7133903503418,43.74622215382303,42.68622188234436,42.728432667506716,32503000
2024-06-03,42.56896209716797,43.582060236022755,42.25471076659174,43.56798997523835,40796600
2024-06-04,42.1609001159668,42.19842319118199,41.60275600193243,42.128068319752856,34721400
2024-06-05,42.156219482421875,42.278167718467394,41.89825632656973,42.212504109457875,21040200
2024-06-06,42.37665939331055,42.39072965422863,41.851350567579686,42.01081829584856,25506600
2024-06-07,42.20780944824219,42.70029005476201,42.00143965577126,42.29692587264433,20089800
2024-06-10,42.52674865722656,42.780024092023794,42.20780961841502,42.36728092701981,22543800
2024-06-11,42.44232177734375,42.48922383852271,41.949844767367786,42.33913509571129,18591200
2024-06-12,41.98736572265625,42.80816434609252,41.77630465084613,42.79409408509158,32560600
2024-06-13,41.60276412963867,41.99205805965634,41.391703052514835,41.87480111049907,28495600
2024-06-14,41.293209075927734,41.602765571665685,41.119667496936394,41.55586350605669,25811400
2024-06-17,41.40108108520508,41.58869291523701,41.08683332748045,41.23692207582639,29547800
2024-06-18,41.574623107910156,42.099935522052725,41.47143642134661,41.6684272347508,29285800
2024-06-20,42.339134216308594,42.55489013436669,41.565241276935055,41.69656847686759,34073800
2024-06-21,42.09524154663086,42.56896058715715,42.0342692259286,42.45170364691584,39972600
2024-06-24,43.15666580200195,43.32214309583251,42.25835585489175,42.329275725714695,31188200
2024-06-25,43.255950927734375,43.260679880888375,42.88244298552413,43.11884014334319,27666600
2024-06-26,42.8304328918457,43.3032271806554,42.627134810506334,43.3032271806554,23127400
2024-06-27,42.92972946166992,43.10466106683677,42.68860332733744,43.05738235211964,15631600
2024-06-28,43.09520721435547,43.411978574098555,42.939184207747175,43.260684521151504,25670000
2024-07-01,43.11884307861328,43.58218312661916,42.86353730506727,43.44034337941838,24563200
2024-07-02,43.08574295043945,43.54435399528133,42.81152499983442,43.53489969648842,25226800
2024-07-03,43.274864196777344,43.47343694851341,43.04792493968883,43.123570156340186,16280000
2024-07-05,42.5987663269043,43.222854667677716,42.40964788273235,43.1897592104827,23450400
2024-07-08,42.3387336730957,42.731150225376474,42.17325277197121,42.29145135441186,19595000
2024-07-09,41.96522521972656,42.42856163737813,41.79501897446921,41.917946508740506,19086600
2024-07-10,42.2489013671875,42.263084619862,41.79029029266172,41.91794678100109,19320800
2024-07-11,42.6885986328125,42.77843070589038,41.99359042078413,42.14015550242968,22684800
2024-07-12,42.79734420776367,42.99119162827264,42.48057284985046,42.92972965957051,18117200
2024-07-15,43.445068359375,43.83748849788943,42.934449644715315,43.09993053702608,30792000
2024-07-16,43.638916015625,43.68146577186629,43.03846522523521,43.26067912685343,24129400
2024-07-17,44.073890686035156,44.35756657976952,43.72874921711631,43.73820712428378,29435400
2024-07-18,44.154258728027344,44.68378963467564,43.870582873697046,44.026605856075676,32867600
2024-07-19,43.67201232910156,44.38592915013202,43.558539095964726,44.08334107603588,26500200
2024-07-22,43.39779281616211,43.64837323872809,43.15193773984996,43.440342575253894,21527600
2024-07-23,42.70751190185547,43.31268805588039,42.655504237950105,43.27486364447023,33103800
2024-07-24,42.71224594116211,43.09521187214989,42.41911571090854,42.82099024431546,29328600
2024-07-25,43.449806213378906,43.5869170226515,42.53731287432237,42.740614611225176,36437400
2024-07-26,43.58690643310547,43.77129591629676,43.18030305808515,43.336326038365215,23730800
2024-07-29,43.21340560913086,43.62473439741695,42.80680216734974,43.591638936208476,27156600
2024-07-30,43.884769439697266,44.02188022785781,43.15666574074187,43.20867340546258,25673200
2024-07-31,44.06916046142578,44.508859346529555,44.03606500156354,44.480492840114664,36173800
2024-08-01,42.9013557434082,44.192085828858986,42.67914183505554,43.969871920506314,42558400
2024-08-02,41.79501724243164,42.641319480407645,41.37423059996512,42.4096476740482,45836200
2024-08-05,40.873069763183594,41.218211222855,40.409733324163156,40.896710923334155,50039200
2024-08-06,41.12364959716797,41.586985988874666,40.86361129060405,41.024359620382306,31418600
2024-08-07,41.289127349853516,42.050326466312356,41.265486191848005,41.62481087215303,26126000
2024-08-08,42.17798614501953,42.234722769104785,41.40733260531953,41.40733260531953,21596800
2024-08-09,42.272544860839844,42.45220541652903,41.847029221434234,42.11652185853534,22345600
2024-08-12,42.480567932128906,42.75478949699598,41.36950202766978,42.518392342552154,28785800
2024-08-13,42.069244384765625,42.196897276782984,41.86121370889388,42.159072861690895,31386400
2024-08-14,42.31509017944336,42.50420862234259,41.98413560972042,42.149612894581885,21657600
2024-08-15,42.82098388671875,42.95809468027923,42.51839579304548,42.55622020653829,18335200
2024-08-16,42.773704528808594,42.87771986077898,42.5231241056806,42.5562195652044,17753000
2024-08-19,43.06209945678711,43.42614942778538,42.844614543223585,42.844614543223585,21762600
2024-08-20,41.92740249633789,43.005373021617196,41.90849028975506,42.96754860845153,33866400
2024-08-21,41.99831771850586,42.40492109717456,41.88011914580296,42.19216150202884,22737800
2024-08-22,42.10706329345703,42.29618175325242,41.941585993811536,42.02668912036273,19595400
2024-08-23,42.73587417602539,42.806794038614825,42.25362560325854,42.305633262015185,20734600
2024-08-26,43.11884307861328,43.497079999725614,42.80207173128411,43.20867515898275,19514800
2024-08-27,42.71696853637695,43.237041596727394,42.6413233165557,43.11884300995981,16627200
2024-08-28,42.4427490234375,42.707516323586944,42.253634161075475,42.45693588453596,17049000
2024-08-29,42.995914459228516,43.15666278854393,42.291448360614325,42.69332639817131,22498800
2024-08-30,43.15666580200195,43.17084905473965,42.46165756077914,42.560943937077475,28085000
2024-09-03,42.08342361450195,42.518393525063644,41.81865634130989,42.45220260854923,38194200
2024-09-04,41.50188446044922,42.3954654286687,41.42151029248192,42.12597281296972,30114000
2024-09-05,41.18038558959961,41.83284407622787,41.142561177333,41.79974861727821,24991200
2024-09-06,40.6650390625,41.52079559773022,40.499561777667395,41.270215193964525,35912000
2024-09-09,40.958168029785156,41.33640490450634,40.726499837763875,40.78796179687404,32824400
2024-09-10,40.25371170043945,41.071647534008,39.90857383610347,41.01963986560646,49326800
2024-09-11,39.88019943237305,40.26789062331134,39.25138213270048,40.24897841800528,48125800
2024-09-12,40.23952102661133,40.39554400304555,39.73836024948402,40.03621934411239,31762000
2024-09-13,40.46646499633789,40.76905668627406,40.348266413770524,40.442827444105106,26195400
2024-09-16,40.929805755615234,41.1851151313609,40.62248871404352,40.80687821755964,26875000
2024-09-17,41.48297119140625,41.51134130247598,40.85415750898664,40.943985973827,25034600
2024-09-18,41.5633544921875,42.07396966660656,41.364778116826734,41.421514739377635,28209600
2024-09-19,42.059783935546875,42.53257827422047,41.828115719594486,42.26781459884631,37806800
2024-09-20,41.96522521972656,42.06451159493761,41.50188519494056,41.88484744320239,27961600
2024-09-23,42.4833984375,42.69314343674871,41.901825318603805,42.04483277669294,26630200
2024-09-24,42.37852478027344,42.96963028415744,42.31655160757082,42.96963028415744,34627400
2024-09-25,41.549068450927734,42.39759171866739,41.4632625229022,42.26888100816751,27633600
2024-09-26,40.733909606933594,41.27258156007314,40.60043452942319,40.724377231507034,46896400
2024-09-27,41.56337356567383,41.62534310638985,40.92936322734054,40.95319962442093,30489600
2024-09-30,41.85415267944336,41.93042259001961,41.24874321616816,41.487092596718696,22806600
2024-10-01,42.807552337646484,42.97916419115975,41.425125134088766,41.47756229138022,66114200
2024-10-02,43.24611282348633,43.51783097582356,42.76464604937194,43.4081886589156,41925200
2024-10-03,44.00883483886719,44.06604000645814,43.06973758322507,43.39866093225716,44726000
2024-10-04,44.418792724609375,44.55703580804539,43.97546271115013,44.3806559491257,35945600
2024-10-07,44.576107025146484,44.909794739500946,44.4283279199981,44.576107025146484,32519400
2024-10-08,43.41295623779297,44.046966465982784,43.203207618079546,43.999297317026894,39759800
2024-10-09,43.675140380859375,43.78954706146419,43.002993403845124,43.088799323529436,31519600
2024-10-10,43.970699310302734,44.21381673332048,43.59887480270116,43.91826214775139,26047400
2024-10-11,44.24241256713867,44.39972403725498,43.87058810098964,43.95639402678735,26414600
2024-10-14,44.22334289550781,44.294848437750254,43.86581882121854,43.93255999438833,22198600
2024-10-15,42.79801559448242,43.331919533731906,42.77418283779887,43.04590099506802,37839200
2024-10-16,43.002994537353516,43.14600561957124,42.88858785373307,43.04113131086796,19877000
2024-10-17,43.207977294921875,43.35098838424277,42.950559516298114,42.99822866709738,21433400
2024-10-18,43.06497573852539,43.250891650566395,42.75988874156786,43.12694892151369,24015200
2024-10-21,42.93626022338867,43.48923257006532,42.85999030756064,43.350989483396155,21162000
2024-10-22,43.0363655090332,43.23657812485349,42.879054037921655,43.093570672234605,17956400
2024-10-23,42.81231689453125,43.08403505763085,42.56443512554972,42.91719120957375,19813200
2024-10-24,42.807552337646484,43.03159771152809,42.52153015717563,42.9028906398547,17046600
2024-10-25,42.793251037597656,43.150775148975434,42.66931196423816,43.03636845167308,19104600
2024-10-28,42.52153396606445,42.55013836882765,41.84462250375137,41.88275928282002,24228000
2024-10-29,41.87321853637695,42.45955962827817,41.782648242480974,42.426190859595856,23791600
2024-10-30,41.968563079833984,42.29748641793325,41.85892075482648,42.02100023915193,19364200
2024-10-31,42.23074722290039,42.550138200180136,42.12110852966686,42.23551522949593,31623200
2024-11-01,41.96379470825195,42.9553290833688,41.87798877892601,42.80278561311415,26304600
2024-11-04,42.69791030883789,42.764647848224605,42.192610757217615,42.249812284164435,25811800
2024-11-05,42.98392868041992,43.093571001496244,42.71697852395321,42.907658765825055,20876600
2024-11-06,44.59994125366211,44.93839698564097,43.880128640840496,44.16614721070342,50053200
2024-11-07,44.394954681396484,44.57133453376353,44.05649899462968,44.57133453376353,26138000
2024-11-08,44.69050979614258,44.75724733315098,44.223343400160786,44.39972325478184,22336800
2024-11-11,44.94316101074219,45.09570447695012,44.49029861832203,44.70004361128098,20909400
2024-11-12,44.70481491088867,45.21488250455966,44.65714575610999,45.07187504022362,18500400
2024-11-13,45.052799224853516,45.238711443692736,44.29961433795867,44.838282608323254,23676200
2024-11-14,45.224422454833984,45.372197938590006,44.938400227414505,45.35312954763379,18011000
2024-11-15,45.15768051147461,45.61531093912889,44.995601022577674,45.18151327015837,28080400
2024-11-18,45.75831604003906,45.84888997436277,45.31498601786361,45.51520227462777,23892600
2024-11-19,45.467529296875,45.7392474617935,45.25301629606892,45.39125938164825,23796400
2024-11-20,45.9251594543457,45.95853186092585,45.491365448804366,45.634376539861975,17917600
2024-11-21,46.2969856262207,46.64497368994908,46.020499468105704,46.13490615401009,33541000
2024-11-22,46.36848831176758,46.67834324335501,46.19211209239055,46.2350132364802,21555600
2024-11-25,45.45323181152344,46.59254170167067,45.343593119475315,46.35896029794246,32950600
2024-11-26,45.39126205444336,45.61054307440162,45.181513410603564,45.51520476552354,24932800
2024-11-27,45.34359359741211,45.729718482307476,45.28638842905141,45.34835796708294,15595600
2024-11-29,45.539031982421875,45.61530552978093,45.36265576876916,45.443693685145966,13636400
2024-12-02,45.05757141113281,45.601011418475316,44.652378136616605,45.52473786062956,22190000
2024-12-03,45.052799224853516,45.42939166830094,44.85735099447635,45.34835011791957,17886600
2024-12-04,43.96593475341797,45.0337391157918,43.70374894177724,45.0337391157918,32518000
2024-12-05,44.137542724609375,44.428329300549784,43.95163047270301,44.12801034829875,22662400
2024-12-06,43.389122009277344,44.05173666943292,43.30808408831755,44.04696866322261,26206600
2024-12-09,43.317623138427734,43.98499857774773,43.27948635991706,43.75141717398573,23627800
2024-12-10,43.02206802368164,43.62747391806225,42.96009848706735,43.56550438144796,23299800
2024-12-11,43.093570709228516,43.25564654972033,42.883822080899726,43.11263909697868,23147600
2024-12-12,42.745582580566406,43.09357432156214,42.70268143222464,43.0173007641678,21746200
2024-12-13,42.53106689453125,42.864754594871116,42.41189219627799,42.85045421298843,22346000
2024-12-16,41.596736907958984,42.411891392124716,41.56336813855769,42.411891392124716,25036200
2024-12-17,41.28688049316406,41.36315040466997,40.90075565578105,41.28211248715652,32011600
2024-12-18,40.06653594970703,41.36792164855863,40.06653594970703,41.17247703002731,39241200
2024-12-19,39.71854019165039,40.619500549246375,39.689939430114926,40.490793485413896,49981400
2024-12-20,40.109432220458984,40.2476752933089,39.60889708210318,39.71377138819089,35704800
2024-12-23,40.34498596191406,40.4795808240493,39.777762137604896,40.04695186187537,34445400
2024-12-24,40.68627166748047,40.763185095071655,40.195961402605946,40.46034305822396,15024200
2024-12-26,40.652626037597656,40.72473146456501,40.402664713869775,40.70069509976444,15386400
2024-12-27,40.64781951904297,41.09006444249484,40.44592725009171,40.61897881417407,20369800
2024-12-30,40.64301300048828,40.87374596193604,40.30652223617838,40.652625345784315,23545400
2024-12-31,41.17658615112305,41.29195262662044,40.657431510233565,40.7391492775678,21165000
2025-01-02,41.65728759765625,41.964934003267544,41.37848189649775,41.51307674052339,34887000
2025-01-03,42.04664993286133,42.186052777324775,41.734195534404236,41.902439082055196,22120800
2025-01-06,41.854373931884766,42.57542091842287,41.748619787069636,42.23893379167894,22835200
2025-01-07,42.272579193115234,42.59464594169025,41.90724772167088,42.16201705016856,25035800
2025-01-08,42.31584167480469,42.335070033679784,41.86398440982616,42.01300327424951,28483800
2025-01-10,42.488887786865234,43.358949826605404,42.26295918335759,42.86383156824643,34075800
2025-01-13,43.382991790771484,43.637761128071816,42.68117319469158,42.68117319469158,48896200
2025-01-14,43.84926986694336,43.88772658512821,43.24358939155267,43.30607880802718,31173000
2025-01-15,44.498207092285156,44.613573568237726,43.93579139615294,44.11845528869736,34657800
2025-01-16,44.820274353027344,44.86353907416639,44.296315365175026,44.34919243132598,25230600
2025-01-17,45.166378021240234,45.32500922169094,44.66164738448921,44.82027491750568,23899600
2025-01-21,44.935646057128906,45.18560737788868,44.70010142067019,45.051012538446166,49302000
2025-01-22,44.11846160888672,44.8491246186038,44.08962090262553,44.796247545501856,35880200
2025-01-23,44.320350646972656,44.61838470380703,44.00789990549648,44.45494915703084,29359200
2025-01-24,43.89253234863281,44.5655102689678,43.83965527627141,44.38284635281408,29156800
2025-01-27,43.43587112426758,43.820430987265105,43.13303270767542,43.74351754769174,31993400
2025-01-28,43.0224609375,43.71947140750272,42.80614835506711,43.56564823017773,37401800
2025-01-29,43.11860275268555,43.3397270273079,42.854221092267416,42.91671050274425,20681800
2025-01-30,43.339725494384766,43.56565043231814,43.07053216988357,43.38298654608455,39092600
2025-01-31,42.12836456298828,43.315688988153646,42.0274184419229,43.21955087307252,44537400
2025-02-03,42.39275360107422,42.56580515735476,41.73900409233313,42.12356025384097,39816400
2025-02-04,43.28204345703125,43.37337724026391,42.123559647897544,42.19566507321626,40279800
2025-02-05,43.373382568359375,43.43587198868034,43.02727941826077,43.267628420558715,21772000
2025-02-06,42.57542037963867,43.6762192052486,42.34468373319517,43.57046506177177,41309600
2025-02-07,42.57061004638672,42.95997788676617,42.512928638504114,42.73404925940097,22568400
2025-02-10,43.507972717285156,43.58007814366298,42.950361331893276,42.950361331893276,25871400
2025-02-11,43.85887908935547,44.152105126622466,43.43586622175051,43.71467190758376,26226800
2025-02-12,42.80134582519531,43.796390433070755,42.72443239297581,43.49835638437163,38798800
2025-02-13,43.1234130859375,43.21955487736016,42.45524322214597,42.734048916120166,31550400
2025-02-14,43.29646301269531,43.90214343983041,43.28685066763218,43.28685066763218,25885800
2025-02-18,43.88772201538086,44.17614003686714,43.2532009011374,43.50316220844307,29574800
2025-02-19,44.233829498291016,44.647230082451806,44.04635756680354,44.07039393440339,24531200
2025-02-20,44.63761520385742,44.7145249744317,43.955024944984466,44.14249686583781,28332200
2025-02-21,43.70986557006836,44.488597584129636,43.68582920513828,44.36842309434802,31276600
2025-02-24,43.71947479248047,43.95501941617908,43.48874184234541,43.78677220855604,26295200
2025-02-25,43.08976364135742,43.91175668998046,42.738856194090175,43.709864432585526,26608600
2025-02-26,42.8446044921875,43.25800499873962,42.64752025112005,43.14263852427492,24305600
2025-02-27,43.075340270996094,43.6041072417316,42.772501906126834,43.142637685411486,30048000
2025-02-28,43.74351119995117,43.777159908023,42.66674887421854,42.93593853879317,26627200
2025-03-03,42.21489715576172,44.161725473964886,41.82553295909493,43.91176046646343,49501800
2025-03-04,41.806304931640625,42.484087192980276,41.06602958421179,41.594796641679636,50677000
2025-03-05,41.1958122253418,41.412128500032715,40.39304754116001,41.20062023165073,56510800
2025-03-06,41.320796966552734,41.575566303280226,40.67666344859526,40.998730207574,47104200
2025-03-07,42.02742385864258,42.33026226087017,41.50826916845143,41.50826916845143,44849200
2025-03-10,42.33987808227539,42.92152218594495,41.945705893530956,42.258160307550995,40045400
2025-03-11,42.003387451171875,42.69559370406981,41.777462485094695,42.51292979508151,30230200
2025-03-12,42.1956672668457,42.585031449400695,41.87360050677097,42.032231717232065,32240400
2025-03-13,41.90724563598633,42.652328893604604,41.652476320168276,42.04664847561838,30742000
2025-03-14,43.1474494934082,43.20513090088461,41.945704605191665,42.13798452079318,32023200
2025-03-17,43.83484649658203,44.03673875200107,43.113799583713245,43.113799583713245,29761600
2025-03-18,43.906951904296875,44.18095327470406,43.5608524379903,44.08000347116744,30806600
2025-03-19,44.623191833496094,44.82027608705567,43.95502197257539,43.96463431795918,31742600
2025-03-20,44.78662872314453,44.93564758682964,44.190564270707426,44.37803618451776,33163600
2025-03-21,44.47417068481445,44.74336401834922,44.19536867382487,44.63760988739993,36975600
2025-03-24,44.98090362548828,45.247350956359675,44.60303555337054,44.675703343247946,23824600
2025-03-25,45.165000915527344,45.55740185040022,45.029352634399615,45.17953373592445,22292000
2025-03-26,45.43144607543945,45.93527147666796,45.32002531803612,45.58646899150685,25564600
2025-03-27,44.990596771240234,45.46535278837485,44.81135004050471,45.29579706796963,19147800
2025-03-28,44.777442932128906,45.135932729872444,44.55459772293493,44.96637699418549,22248800
2025-03-31,45.271575927734375,45.538023287084535,44.61757314101039,44.68055362378646,28813800
2025-04-01,45.538021087646484,45.58161954650472,44.80650503315654,45.29579757122283,27121200
2025-04-02,45.60099792480469,45.63975457452692,45.04388679320718,45.150462035886996,33960600
2025-04-03,42.02093505859375,43.76494365690691,42.006402238813756,43.43067771385434,75657800
2025-04-04,38.15504455566406,40.97936759388399,38.15504455566406,40.52398995343695,100752000
2025-04-07,37.907981872558594,39.521191445046874,36.32384163653701,36.919709441557785,113906800
2025-04-08,37.0311279296875,39.27896159666641,36.440102029173396,39.07549475433644,90538400
2025-04-09,39.89905548095703,40.31083469448734,36.086456235035044,36.309301412992184,118962400
2025-04-10,37.29273223876953,38.86233950713372,36.5660617280035,38.86233950713372,79046600
2025-04-11,38.21802520751953,38.5038508719725,36.73077300024845,37.46713084623012,41916800
2025-04-14,38.35367202758789,39.12394475834739,37.970958414901276,39.12394475834739,32748200
2025-04-15,38.29553985595703,39.0076738975851,38.27616153090056,38.31975999024943,22167000
2025-04-16,38.61042785644531,39.26443432145686,38.43602662524725,38.53291825148929,27331400
2025-04-17,39.4824333190918,40.09283761756581,38.90594016519758,38.92531849010569,47908800
2025-04-21,38.4505615234375,38.95438687058526,38.0242457779846,38.857495248419845,31012000
2025-04-22,39.429141998291016,39.71980946618987,38.779984776518155,38.949540491456034,22097400
2025-04-23,39.35647964477539,40.19942022299085,39.11425610538798,39.77310442820476,43216200
2025-04-24,39.98625564575195,40.10252189034461,39.38069689844417,39.72465382339052,21219000
2025-04-25,39.91359329223633,39.94750443886204,39.4727483861021,39.62777129868217,17664800
2025-04-28,40.1945686340332,40.305989375507124,39.816700561143655,39.86999002742678,16436800
2025-04-29,40.07830810546875,40.22364001021717,39.66652513525359,39.74403844128304,19843400
2025-04-30,38.997989654541016,39.49212404626736,38.51838808374223,39.433992762557125,37814200
2025-05-01,39.1433219909668,39.65683466644399,38.678249583849166,38.678249583849166,36314400
2025-05-02,39.714969635009766,39.91359099781759,38.9107857812029,39.618078010193386,32038800
2025-05-05,38.997989654541016,39.269278834623094,38.7799899485519,39.21598936053013,29530200
2025-05-06,39.00767517089844,39.346790326399955,38.789675474962806,39.17238909123637,22995400
2025-05-07,39.02220916748047,39.22083052490184,38.726696187870346,39.0948732640752,22446200
2025-05-08,39.53572463989258,40.073461169150804,39.317724942533935,39.3807017294061,30565800
2025-05-09,39.9329719543457,40.13159333024259,39.608393305905786,40.01532706883861,19993200
2025-05-12,40.97453308105469,41.599470229831844,40.67417457431317,41.41053617276407,32610000
2025-05-13,41.551021575927734,41.88044571557856,41.013288754358335,41.17799897616492,29031600
2025-05-14,41.299110412597656,41.45897882382448,41.13924200137083,41.27488658203446,21332600
2025-05-15,41.4735107421875,41.49773457222412,40.674172399467174,40.775905832753395,29721600
2025-05-16,41.4105339050293,41.589776941333476,40.98906365678461,41.5655568073657,21725800
2025-05-19,40.87279510498047,41.110173102322555,40.57243663158218,41.066570949973084,24787000
2025-05-20,40.49492645263672,40.93577503480187,40.456173498278744,40.84372891412176,22782200
2025-05-21,39.74888229370117,40.33021728059192,39.7440367882664,40.252703977786375,25698400
2025-05-22,39.5938606262207,39.82154764426988,39.10456805101489,39.540571152879586,23732200
2025-05-23,39.719810485839844,39.82154391741418,39.230521652463864,39.24505447182627,23511000
2025-05-27,40.06377029418945,40.126750777313084,39.70043500000017,39.9959480016238,19028000
2025-05-28,39.55510330200195,40.378661827956115,39.453369862633814,40.25755006260769,29552600
2025-05-29,39.850616455078125,39.850616455078125,39.366169391861646,39.618080238477596,23792800
2025-05-30,39.49696731567383,39.70527969459625,39.18207599459979,39.545411281368835,31038600
2025-06-02,40.01532745361328,40.29146213712659,39.555104213103725,40.238172663462805,32031000
2025-06-03,40.49008560180664,40.741996443265705,39.66652339357517,40.044395199820315,30352600
2025-06-04,39.70043182373047,40.785595810036746,39.65198786092191,40.47070450772499,44939200
2025-06-05,39.661678314208984,40.01532256417953,39.55994488492825,39.99594424012071,27655000
2025-06-06,40.40773010253906,40.528841864703196,40.020170985198774,40.020170985198774,28556800
2025-06-09,40.48523712158203,40.90670735755695,40.247859117798136,40.56759222754253,28680400
2025-06-10,41.207061767578125,41.473509103301694,40.89701597475655,40.91639429881257,46092200
2025-06-11,41.80293655395508,41.870758845541275,41.08111148148045,41.48804523099763,48996600
2025-06-12,41.94826889038086,41.96280540676215,41.30395711357721,41.609157428905256,34028200
2025-06-13,42.67978286743164,42.90747356430412,42.12266804028276,42.73307233674382,84194800
2025-06-16,42.55382537841797,42.99467395020257,42.2340922602771,42.56351638880748,69406600
2025-06-17,42.951072692871094,43.27080579017816,42.64102321324751,42.90747054103446,67884200
2025-06-18,42.67009735107422,43.32410013396515,42.57320572277034,43.10610043834741,70473000
2025-06-20,43.106101989746094,43.227213757456504,42.71369734905864,42.83965462236806,56744800
2025-06-23,42.01601791381836,43.676537814380254,41.83531674338528,43.64723572752184,105688200
2025-06-24,41.46902084350586,41.90368580226511,41.31273312915232,41.40552802802369,65358800
2025-06-25,41.2883186340332,41.571584545431016,41.151570601249276,41.42018174390215,43723000
2025-06-26,41.87926483154297,41.96228988504895,41.27854604053762,41.38111078440288,33565600
2025-06-27,41.659488677978516,41.85484085389509,41.4104098097498,41.85484085389509,35411800
2025-06-30,41.42018127441406,41.679026294407464,41.298084285654575,41.49832513575024,26247600
2025-07-01,41.737632751464844,41.932988671965816,41.102730667467014,41.483672663086566,40772800
2025-07-02,42.45556640625,42.52394042400207,41.625308347200836,42.08927542853339,42468800
2025-07-03,42.50440216064453,42.64115018875728,42.29928011847541,42.39695621681185,22266200
2025-07-07,42.09415817260742,42.47021525077781,41.6594931996385,42.24555724320657,35673000
2025-07-08,43.22721481323242,43.383498794867,42.03554712445372,42.04531324313537,47472400
2025-07-09,43.00743865966797,43.29070454500918,42.88046048439426,43.119769519752964,28672400
2025-07-10,43.33466339111328,43.35908055235799,42.60208148389542,42.909764543529384,28823800
2025-07-11,43.5300178527832,43.68142065524506,43.12953987168907,43.26140670847506,30171600
2025-07-14,43.05139923095703,43.44699228447368,42.821856294584116,43.44699228447368,33441600
2025-07-15,42.43114471435547,43.15396053619081,42.37742174055196,42.96837445239059,33859000
2025-07-16,42.06485366821289,42.616734447914034,41.913454592913006,42.37254046782806,35501600
2025-07-17,42.323699951171875,42.38718904089764,41.74740204270101,41.84996306122919,36085600
2025-07-18,41.98182678222656,42.85604164002162,41.81577667152462,42.66068571923372,60975600
2025-07-21,41.547157287597656,42.08438321664873,41.4641322412933,42.0111242885727,30434400
2025-07-22,41.74251937866211,41.97206231516604,41.45925346867409,41.49832539959059,32444000
2025-07-23,42.39695739746094,42.421378285777266,41.80600841602907,41.91345436285385,28046000
2025-07-24,42.69976043701172,42.75348341188924,42.09416039651588,42.28463140704364,24022200
2025-07-25,42.53858947753906,42.81697045854051,42.318816391629,42.74371152120237,20143200
2025-07-28,43.0220947265625,43.09535366768832,42.758368500276795,42.82185759533009,23705200
2025-07-29,43.44210433959961,43.45675910724381,42.94883521926541,43.09046816432609,24552000
2025-07-30,42.82185745239258,43.19791455062988,42.553242577862704,43.17349738773913,26552400
2025-07-31,42.59231185913086,43.085584722521766,42.37253877626884,42.37253877626884,24960800
2025-08-01,41.801124572753906,42.58254830580546,41.57158535673236,42.43114550132186,42329400
2025-08-04,41.70832824707031,42.040432174817724,41.49343637437962,41.727864210597104,26509600
2025-08-05,41.76205062866211,41.8206547923153,41.19551887265459,41.69855781656582,31413600
2025-08-06,41.37622833251953,42.26997918851154,41.25413134321257,42.02578520989762,38249400
2025-08-07,41.21506118774414,42.08439119288015,41.16133821204656,41.620424103969675,35042000
2025-08-08,41.478790283203125,41.85973230217587,41.200409290407315,41.410416265751834,40736200
2025-08-11,41.14668273925781,41.74251660477447,41.0734238051837,41.56181173087222,28828800
2025-08-12,41.346923828125,41.70832985201758,41.107611060290985,41.22970804245374,34522600
2025-08-13,41.82554244995117,41.83042737260973,41.22970857315086,41.37622644407378,25601200
2025-08-14,41.78647232055664,41.849965139539734,41.34204121819699,41.79624216629453,24944600
2025-08-15,41.78647232055664,42.26020923402557,41.65460921193031,41.80600828592802,27297800
2025-08-18,41.53739547729492,41.73274767095287,41.29808270568672,41.566697561122766,26428400
2025-08-19,41.55204772949219,41.79624170478149,41.31273495091354,41.42018089621752,25693800
2025-08-20,41.8988037109375,42.069738752432215,41.58135079038763,41.620422721616265,27967200
2025-08-21,42.18695068359375,42.279745588435574,41.71321749187015,41.82554463615868,22088000
2025-08-22,43.04651641845703,43.14907744750413,42.260211469657996,42.32858548902273,30936400
2025-08-25,43.15884780883789,43.212570785566285,42.79743801519152,42.93907097873867,23412800
2025-08-26,43.09047317504883,43.12954138166389,42.68999517993387,42.98790842013359,22855600
2025-08-27,43.573970794677734,43.730254779947856,42.97813693642787,43.02697498318026,26877400
2025-08-28,43.90607833862305,43.96956743201013,43.30047831167847,43.58862541947879,24086200
2025-08-29,44.145381927490234,44.25771278383496,43.86700097388388,43.925608863207735,23745000
2025-09-02,44.20887756347656,44.287021427487005,43.69607242880001,44.02817639863533,25964400
2025-09-03,43.217445373535156,44.22352700796057,43.07093123531294,43.85723607324893,36018200
2025-09-04,43.50559997558594,43.68630113443647,43.03674798538047,43.222334067095844,25895400
2025-09-05,42.66557312011719,43.29070912206543,42.450681222158295,43.14907616442021,48182200
2025-09-08,42.567893981933594,42.99278909846899,42.191833187319354,42.80720302553088,34931800
2025-09-09,42.77301788330078,43.378617902636044,42.74859699517175,42.79743504532543,41193400
2025-09-10,43.52024841308594,43.54466929984396,42.77301548198232,42.870691576806045,29932800
2025-09-11,43.5300178527832,43.622812758217464,43.04162988919989,43.173496725985885,25176800
2025-09-12,43.27116775512695,43.90607352379037,43.261401636486234,43.71071761603977,22297800
2025-09-15,43.124656677246094,43.46652674547667,43.05139774088117,43.354195879569886,23287800
2025-09-16,43.847469329833984,43.984217358955604,43.3053584100273,43.31512825559561,41593000
2025-09-17,43.95003128051758,44.25771807864824,43.598391354713634,43.788866086277785,26044800
2025-09-18,43.81328201293945,44.077011949855034,43.48117806194623,43.989101970883176,28713000
2025-09-19,43.23209762573242,43.808395528199064,43.0806985608307,43.77420852237918,29979200
2025-09-22,43.182350158691406,43.394149224897184,42.90652021494478,43.078913929786424,22502400
2025-09-23,43.926109313964844,44.39896224715108,43.354743004343305,43.354743004343305,44214800
2025-09-24,44.497474670410156,44.911223361715315,44.18716597035726,44.23642078272896,35406200
2025-09-25,44.896446228027344,44.94077443073921,44.36941185656831,44.49255076352511,31887200
2025-09-26,45.3101921081543,45.763346151326765,44.96047805596233,44.97033127315156,40161600
2025-09-29,44.47777557373047,45.05899137635297,44.24627382281878,44.99495673841493,37674400
2025-09-30,44.00491714477539,44.18223746803435,43.66012971505027,44.08865445590961,47544800
2025-10-01,44.00491714477539,44.15268533345824,43.73894041778809,43.78819522804866,27661200
2025-10-02,43.561622619628906,44.29552948138622,43.51729065729384,43.90641006934003,31793600
2025-10-03,43.79312515258789,44.049252440078234,43.72909051228923,43.78327193504898,24048000
2025-10-06,44.00984573364258,44.26105016254732,43.832525402404094,44.06895376335584,21488400
2025-10-07,44.078800201416016,44.11327894357683,43.30056519865746,43.97043736665315,25324000
2025-10-08,43.82267761230469,44.078804901682275,43.492666222446545,44.078804901682275,20024200
2025-10-09,43.226680755615234,44.29059890359593,43.182348797252985,43.91625935114216,23397800
2025-10-10,41.975589752197266,43.12324522721807,41.96081368513794,42.906519555945174,44892200
2025-10-13,42.54695129394531,42.601132710473976,42.15783191973991,42.29575064411351,22889600
2025-10-14,42.542030334472656,42.78338153652683,41.886930456710154,41.941111875646975,25084600
2025-10-15,42.51740264892578,43.054290250059175,42.20216734029567,42.81293528102885,24267000
2025-10-16,42.00514221191406,42.719350107826266,41.71945905354918,42.591284595817676,29193800
2025-10-17,42.349937438964844,42.438597608371246,42.01007282992338,42.182466559907645,24071800
2025-10-20,42.798160552978516,42.89667018079645,42.423817203047804,42.423817203047804,25352400
2025-10-21,42.699649810791016,43.014885121063145,42.48292412576593,42.91637173791478,25885200
2025-10-22,43.24638366699219,43.433553444241845,42.62576255183652,42.98532603943468,32814000
2025-10-23,43.82267761230469,44.11328364751967,43.55669710531558,44.019700627619,47308800
2025-10-24,43.37937545776367,44.03447536679916,43.34982332162417,44.01969929872941,21191000
2025-10-27,43.482810974121094,43.6601313038327,43.29071457658373,43.51728971834828,19597200
2025-10-28,43.0296630859375,43.45818786624559,43.00503379958935,43.320269123757996,22474600
2025-10-29,43.349822998046875,43.57147153324137,42.99025572679437,43.07891589245243,26807800
2025-10-30,43.093692779541016,43.65028306926908,43.03458850657972,43.33504775380424,20663400
2025-10-31,43.40892791748047,43.65520574154903,43.00995904501784,43.19712883846545,26985400
2025-11-03,43.41385269165039,43.53206498999566,42.91637045584144,43.41877930013596,22232000
2025-11-04,42.945926666259766,43.064138965478726,42.54203119918552,42.881892029177685,29477600
2025-11-05,43.0592155456543,43.53699514433474,42.89667127350293,42.95085269755339,23857200
2025-11-06,43.477882385253906,43.88670444668508,43.12324549988465,43.12324549988465,32154800
2025-11-07,44.103431701660156,44.206867933341556,43.512362689036294,43.630578746301815,35458400
2025-11-10,44.502403259277344,44.605839497230996,43.6453574605889,44.216720073747375,31264600
2025-11-11,45.0836181640625,45.39885348027524,44.73390410257341,44.768382847849765,38752800
2025-11-12,44.453147888183594,44.98510889777233,44.38911700584291,44.77823642445496,29863200
2025-11-13,44.566436767578125,44.97033224937484,44.369413756430646,44.59598890398477,32243800
2025-11-14,45.32497024536133,45.42348363224487,44.24134929495265,44.8028624475337,34179400
2025-11-17,44.497474670410156,45.285566699962594,44.32015809745229,45.27079063204122,37447400
2025-11-18,44.852115631103516,44.97033169106517,44.18223965625947,44.305378566960194,34839400
2025-11-19,44.27090072631836,44.41374231659627,43.748792936813956,44.059101645271994,41062800
2025-11-20,43.76849365234375,45.10331896082773,43.734014908504726,44.497473881483465,41630000
2025-11-21,44.0443229675293,44.23641936013223,43.37937362714214,43.842377115929295,39317200
2025-11-24,43.92118453979492,44.059099514662535,43.24145912456115,43.99506863573149,33681800
2025-11-25,43.645355224609375,43.81774894570029,43.28578795670438,43.57639773617301,29299000
2025-11-26,43.975364685058594,44.290599977876845,43.59609851516514,43.63550010834158,26611000
2025-11-28,44.551658630371094,44.74375504009914,43.93596404588337,43.999998687727064,16666600
2025-12-01,44.98017883300781,45.22645664172071,44.58120998542128,44.61568872832504,31150000
2025-12-02,44.398963928222656,44.91122223137858,44.17731539917786,44.91122223137858,33305000
2025-12-03,45.23138427734375,45.31019122381305,44.63539241767128,44.69942329654641,30174000
2025-12-04,45.42348098754883,45.497365083934355,45.073766939752,45.20675530692495,23799600
2025-12-05,45.23630905151367,45.9652930663345,45.22645959199914,45.34467189568041,22164400
2025-12-08,44.743751525878906,45.23630715478326,44.59598709194833,44.98017988122953,27891900
2025-12-09,45.01958465576172,45.39392798113792,44.78315630344486,44.822561655147865,20917400
2025-12-10,45.49243927001953,45.58109943565054,44.95062881689726,45.157501284069184,26255100
2025-12-11,45.27571487426758,45.56139805586556,45.15750256936205,45.21661060076552,25827200
2025-12-12,44.83241271972656,45.55154726140699,44.71420041828513,45.36437371306497,33161200
2025-12-15,44.51717758178711,44.93092627527498,44.152687458832105,44.93092627527498,27521600
2025-12-16,43.15772247314453,44.18223525204308,43.11831712375202,44.16253633524777,49312400
2025-12-17,44.11328125,44.21179463125377,43.40400369447914,43.47296118240615,43375300
2025-12-18,43.47296142578125,44.044324008646754,43.32519323202397,43.98521973746486,29920200
2025-12-19,43.47296142578125,43.867003679298534,43.374448043975974,43.59117372604631,31959600
2025-12-22,43.92301940917969,44.2012044267167,43.80379942448381,43.85347410227918,23707400
2025-12-23,44.21113586425781,44.260810539826196,43.93295464912701,44.08197867583216,19137500
2025-12-24,44.08198165893555,44.27075074477847,44.02237356019363,44.1316563378655,11293900
2025-12-26,43.9130859375,44.15152590660888,43.704450017045986,44.03230592205444,17884500
2025-12-29,44.33035659790039,44.44958036921491,44.002500701622665,44.22107003582953,31352100
2025-12-30,44.66815185546875,44.797309052314645,44.50919060932575,44.50919060932575,18654700
