Date,Close,High,Low,Open,Volume
2015-01-02,57.05784225463867,57.65643933635399,56.825055910183195,57.12435445104086,7516800
2015-01-05,56.76686096191406,57.26568976341838,56.65878339685637,56.800117061074666,10784800
2015-01-06,56.57563781738281,57.44027089379882,56.22645200015364,56.958073385822956,13344500
2015-01-07,57.90585708618164,57.922481963859155,56.83337170184443,56.95808048475846,14146400
2015-01-08,58.89518356323242,58.96169574235348,58.379730032420554,58.47949195815162,22138400
2015-01-09,58.37143325805664,59.01160208848626,58.1719029992648,58.9450898879048,9724300
2015-01-12,58.396366119384766,59.02821925646638,58.23840759232816,58.820373414014036,11972100
2015-01-13,58.13864517211914,59.269327176609885,57.648125636091116,58.945088137096604,14219800
2015-01-14,58.04719161987305,58.196840893030355,57.42365403887629,57.58161892247353,12548000
2015-01-15,57.42363357543945,58.37140985336959,57.390377488483125,58.263332327974055,16382800
2015-01-16,58.50444412231445,58.612521666037665,57.315565769554794,57.33219064437718,13759300
2015-01-20,58.50444412231445,58.74554603642108,57.82271008147717,58.59589679121528,10387200
2015-01-21,58.6208381652832,58.845308865025714,58.155259204820915,58.44624843371654,8391000
2015-01-22,59.319210052490234,59.32752566332019,58.063819221175045,58.87857782279119,11497400
2015-01-23,58.97834396362305,59.29426739111134,58.953403474999284,59.236070803338436,6815600
2015-01-26,59.285945892333984,59.31920198818014,58.67903958625881,59.03653468791536,7871700
2015-01-27,58.861934661865234,59.27762627291527,58.61251715805497,58.753850783503836,10040100
2015-01-28,58.01393508911133,59.186188777274076,57.92248240380989,58.97002730811137,11005400
2015-01-29,58.50444412231445,58.55432508973269,57.548352074774684,58.01392468521446,12120000
2015-01-30,57.58991622924805,58.63746092378716,57.50677917097214,58.25502538135722,13886500
2015-02-02,57.914180755615234,57.93912124707823,56.899891816433,57.69801925801417,18042300
2015-02-03,58.30489730834961,58.329844130620586,57.423633209941315,58.196819783641985,17432800
2015-02-04,57.573299407958984,57.88922281077826,57.25737600513971,57.606555504511306,15184800
2015-02-05,58.546016693115234,58.59590400963017,57.93911037159175,57.93911037159175,10801400
2015-02-06,58.01393508911133,58.78712193750848,57.85597020669025,58.54601998016397,11886100
2015-02-09,57.33218765258789,57.914159728219424,57.199169632096904,57.74787927391723,8139000
2015-02-10,58.29661560058594,58.354812194161006,57.66476233966159,57.797780406567625,8629000
2015-02-11,58.35479736328125,58.67072074197496,58.0222427661055,58.346481754040234,8088100
2015-02-12,58.56264877319336,58.7289229161473,58.07212926846091,58.62915462460376,10124100
2015-02-13,58.79541778564453,58.84529874524222,58.33815451283207,58.60419686893657,8592300
2015-02-17,59.21946716308594,59.2444076606541,58.79545967556328,58.853656284207204,8381700
2015-02-18,59.285945892333984,59.31920198818014,58.92014152392967,59.211124433893914,7780900
2015-02-19,59.38570022583008,59.4854684899257,59.11965786452533,59.219426128620945,5383600
2015-02-20,60.00925064086914,60.03419112657342,59.194492164470184,59.30257605979087,8213700
2015-02-23,60.28358840942383,60.47480296419438,59.99260560241464,60.10068311846106,8577500
2015-02-24,60.20878601074219,60.40000698905624,59.984315277284274,60.36675089096022,8052200
2015-02-25,60.183860778808594,60.36676619322497,59.942758763710074,60.158920284652496,9629700
2015-02-26,60.35011291503906,60.375059743032715,59.90117149837629,60.18383878612333,4424900
2015-02-27,60.05912399291992,60.39999416883847,60.02586790188269,60.32516637826699,6745300
2015-03-02,60.59952163696289,60.61615285320626,60.142258334527924,60.250342211258285,6769900
2015-03-03,60.05084228515625,60.57461168771509,59.751543671421565,60.566296075401986,10144000
2015-03-04,60.34181213378906,60.42494920993748,59.527053564449,59.87623309004374,9153500
2015-03-05,60.557952880859375,60.83231087564708,60.341797802800116,60.41661925067813,6252100
2015-03-06,59.369075775146484,60.40830474746357,59.29424799080551,60.27528039439085,12314900
2015-03-09,59.73489761352539,59.79309419935843,59.211128341028065,59.551992245778095,10306300
2015-03-10,59.06979751586914,59.4771736362472,59.02822580558564,59.21113118210914,12323900
2015-03-11,59.03655242919922,59.45224423776965,58.99498071116073,59.38573202608951,7525100
2015-03-12,59.81802749633789,59.81802749633789,59.25268658351223,59.31088316234937,7574200
2015-03-13,59.70165252685547,60.092403822212646,59.30259196266969,59.73490863102984,6480400
2015-03-16,61.02352523803711,61.031840845666615,60.000921159912615,60.21708255762879,13635100
2015-03-17,60.84895324707031,60.97365568305985,60.474826910245746,60.80738153977248,10142500
2015-03-18,61.638771057128906,61.89649790767832,60.483148520665125,60.715934881542346,12886900
2015-03-19,61.99627685546875,62.079413949636745,61.530704053765035,61.63878164188805,9403900
2015-03-20,62.44480895996094,63.37022651198721,62.09465268640917,62.861663483911684,9544300
2015-03-23,62.26972198486328,62.603200468135036,62.027945632005206,62.25304424428308,4667800
2015-03-24,61.727806091308594,62.511494472062154,61.71946722153417,62.34474888004334,8467700
2015-03-25,60.602291107177734,62.21134925001499,60.58561337018024,61.90287472249115,15039100
2015-03-26,60.460567474365234,60.960797909912365,59.96034339951232,60.26047911656291,18253800
2015-03-27,60.894100189208984,61.12753766874954,60.527266229534256,60.627313589634895,8841600
2015-03-30,61.511024475097656,61.60273293738499,61.310936175876364,61.38596690282472,8008200
2015-03-31,60.44390106201172,61.836193532321666,60.44390106201172,61.26927117138121,8442900
2015-04-01,59.835289001464844,60.70234707939466,59.45178364480841,60.46890958931636,21829300
2015-04-02,60.018672943115234,60.29379827380605,59.726876241181515,59.89361539637477,7560100
2015-04-06,60.11040496826172,60.43555090092851,59.61018094575077,59.68521168681532,5746200
2015-04-07,60.25216293334961,60.70236667844184,60.20214241523823,60.260501806600374,5599300
2015-04-08,60.76070022583008,61.02748681011003,60.31049667222756,60.38553377817493,12577100
2015-04-09,61.219234466552734,61.31928180754557,60.694000237899736,60.7773698417139,8181400
2015-04-10,61.74448013305664,61.827856113008835,61.035828828322586,61.27760517665665,5084300
2015-04-13,61.41098403930664,62.061275787944155,61.385967436080854,61.78615039869216,6814800
2015-04-14,61.511024475097656,61.57772269506888,61.01080054669825,61.477675365112056,5878700
2015-04-15,61.669437408447266,61.969573068048476,61.552718692012675,61.85285435161389,6254600
2015-04-16,61.636085510253906,61.88620066885194,61.54437704281414,61.73613284583166,4439500
2015-04-17,61.10251235961914,61.40264800525557,60.71066824666642,61.24424131431059,12115400
2015-04-20,61.477725982666016,61.64447166988376,61.31932553068114,61.4110340684765,6659500
2015-04-21,61.88621139526367,62.06962200124009,61.76115379428908,61.786164042345234,6577200
2015-04-22,61.98625946044922,62.11965594622838,61.66945234776551,62.02794745242883,6078200
2015-04-23,62.219696044921875,62.37810277930707,61.60275320890264,61.89455006643239,10532500
2015-04-24,62.01958084106445,62.30304506620677,61.75279434953199,62.09461792092542,10397200
2015-04-27,60.894100189208984,62.22803318707946,60.810730569472256,62.16967381719432,17847700
2015-04-28,61.1942253112793,61.30260516209854,60.19377096561314,61.06916772298438,15798400
2015-04-29,60.6356315612793,61.20255368506695,60.235448619497156,60.76902163474529,13661300
2015-04-30,59.7852783203125,60.677346795761224,59.468471154692736,60.37721101330225,14554400
2015-05-01,60.59396743774414,60.62731655941126,60.185451828537396,60.19378433843325,11508300
2015-05-04,60.97747039794922,61.21924675000712,60.68567354570496,60.827402536695836,8561700
2015-05-05,60.21046447753906,60.86075647420986,60.15210510247104,60.85241760328733,11373800
2015-05-06,59.977020263671875,60.40220722270448,59.543488073956034,60.3688644641363,10152200
2015-05-07,60.26047134399414,60.46889854502383,59.80193531814485,59.893637434759995,9019700
2015-05-08,61.235923767089844,61.402669384218484,60.827408136340786,60.87742864113192,11222400
2015-05-11,61.26927947998047,61.56107639046948,61.21092009788266,61.45269649820087,7980700
2015-05-12,60.87740707397461,61.12752223071133,60.59394916631948,60.82738658690433,7019800
2015-05-13,60.94412612915039,61.394329748749726,60.83574624988743,61.077522621192344,6005800
2015-05-14,61.78618621826172,61.8111964752944,61.01917531934431,61.26928425036725,6894400
2015-05-15,61.9112434387207,61.98627420930321,61.71948753496089,61.89456569368278,3872300
2015-05-18,62.27805709838867,62.35309421274826,61.83619236495372,61.86954148681413,6792200
2015-05-19,62.569847106933594,62.72824745144105,62.203013204655406,62.361419909856124,5869200
2015-05-20,62.65323257446289,62.92001919983209,62.40311733037527,62.67824282673268,10577000
2015-05-21,62.661582946777344,62.728274844839554,62.42813904112342,62.636566329220955,4537900
2015-05-22,62.5114860534668,62.81161535729351,62.461459202251426,62.553167675337654,4612300
2015-05-26,61.87788391113281,62.386446917495654,61.752826287147776,62.3197486699443,9533800
2015-05-27,62.59486389160156,62.66156212820011,61.92789424700396,62.09463983850033,13043700
2015-05-28,62.636531829833984,62.81160989212167,62.336396191428655,62.58651134366394,5766400
2015-05-29,62.47813415527344,63.04505634513615,62.286378348994994,62.53649351184639,9839200
2015-06-01,62.728240966796875,62.97001725369588,62.311386615735,62.83662716891624,7466700
2015-06-02,62.319725036621094,62.60318294017697,62.07794875145678,62.528152210656614,5722400
2015-06-03,62.43647384643555,62.586541738517965,62.261395699122,62.528182356080116,5357600
2015-06-04,62.002933502197266,62.45313707379934,61.78616740608645,62.20302185823347,6479500
2015-06-05,61.97792053222656,62.01960852416738,61.477696432409374,61.91956115992613,7772200
2015-06-08,61.669437408447266,62.12797340567085,61.669437408447266,61.99458331289975,6736600
2015-06-09,61.652748107910156,61.869514123786466,61.41097821256527,61.869514123786466,8297500
2015-06-10,62.411434173583984,62.486464903911646,61.67777280293425,61.7944915127946,7728800
2015-06-11,62.836669921875,62.93671096335273,62.503184941989694,62.895029316302654,4912000
2015-06-12,62.061275482177734,62.61985876497919,61.97789952655404,62.52815030234703,6330600
2015-06-15,62.13630676269531,62.26136433655204,61.352618569839386,61.66943193836877,7150200
2015-06-16,62.44480895996094,62.47815808516042,61.969595057084895,62.1029851971876,6041400
2015-06-17,62.50316619873047,62.661572947830265,62.11132194192257,62.519837580411746,5132100
2015-06-18,63.386878967285156,63.59530616702538,62.59485815254966,62.61986839880755,9511200
2015-06-19,63.337520599365234,63.58849734880862,63.29569539619392,63.446273786735304,10327400
2015-06-22,63.831092834472656,64.13226231626454,63.755797272723434,63.805990058821244,6635000
2015-06-23,63.95659637451172,64.12391635561815,63.73072237827387,63.92313876089509,4631600
2015-06-24,63.31242752075195,63.931495450541796,63.31242752075195,63.872935056948215,7294400
2015-06-25,63.66379928588867,63.96496889245592,63.33753327587501,63.50485326985967,9232500
2015-06-26,63.571754455566406,63.99841232486101,63.3458805145299,63.755803198501454,6147500
2015-06-29,62.015716552734375,63.345883003648865,61.98225256337643,63.019617085662986,13675900
2015-06-30,62.23322296142578,62.70170599957282,62.032445428306005,62.6849771978973,8722200
2015-07-01,62.90251159667969,62.9610719966328,62.53441400691445,62.87741519421477,7756500
2015-07-02,62.60969543457031,63.086552552570225,62.484213437837816,63.04472096525665,5678800
2015-07-06,62.58460998535156,62.977803997519594,62.024102359863406,62.024102359863406,9352600
2015-07-07,62.88575744628906,62.88575744628906,61.8149353799442,62.66825110210231,10653300
2015-07-08,61.806541442871094,62.57620005977288,61.78981264760378,62.383783809897366,13074900
2015-07-09,62.141204833984375,62.634790698099245,62.10774084467123,62.47583834451259,6654600
2015-07-10,62.97780990600586,63.05310550688769,62.55951945085693,62.91924949758924,8059500
2015-07-13,63.513206481933594,63.647062460259676,63.25386850218225,63.42954968678197,7815100
2015-07-14,64.1490249633789,64.23268177854797,63.404468457944255,63.54668568199225,5831800
2015-07-15,64.23268127441406,64.63424291972211,64.04863245292312,64.3498020912527,6994900
2015-07-16,64.53382873535156,64.62585311447236,64.28285199545779,64.4669007536994,5109200
2015-07-17,64.39161682128906,64.47527361388616,64.1322788494568,64.4585448084084,3877900
2015-07-20,64.60075378417969,64.7513385447588,64.40833744131619,64.47526541992987,3874800
2015-07-21,64.3163070678711,64.7429649134866,64.02350516699879,64.57565136516035,8140200
2015-07-22,64.45854187011719,64.51710226052614,64.04025154359496,64.14063713709383,5765400
2015-07-23,64.22428894042969,64.70950721335505,64.10716816870334,64.57565763821209,5677400
2015-07-24,62.6180534362793,63.62195393458345,62.50093266886761,63.58012235367794,13229700
2015-07-27,62.55949401855469,62.68498238060576,62.23322810678382,62.467469645224114,11037000
2015-07-28,63.68891525268555,63.705650448527145,62.59299608152392,62.91089459383608,11445100
2015-07-29,63.79764175415039,64.09044370328472,63.52993620314131,63.96495533005464,9367000
2015-07-30,63.70564270019531,63.85622753141896,63.21205660461536,63.73910670520127,5381100
2015-07-31,64.07371520996094,64.35815597783846,63.90640161657731,63.94823320622545,7910300
2015-08-03,64.02351379394531,64.33305092092094,63.588494680118096,64.14063457007585,8447800
2015-08-04,63.990081787109375,64.37490829854197,63.7893041251895,64.34145067372765,10778700
2015-08-05,64.52547454833984,64.63423413677229,64.27450413890601,64.38325734473351,5391200
2015-08-06,63.12002182006836,64.6425986934462,63.06146141657711,64.58403828995495,13360200
2015-08-07,63.01126480102539,63.22040999837115,62.35036521150021,63.103289198465916,10863600
2015-08-10,63.52157974243164,63.797652935401985,63.22041014693762,63.22041014693762,7951100
2015-08-11,62.986141204833984,63.32077465263305,62.66824293985605,63.08653315395435,7914900
2015-08-12,63.02799606323242,63.0949240608149,61.823324019773565,62.50932003848109,9665900
2015-08-13,62.88575744628906,63.31241530736812,62.73517269429664,63.07817377818055,6329300
2015-08-14,63.06144332885742,63.094907318769096,62.57623143164686,62.71008100869008,5504000
2015-08-17,63.697269439697266,63.71400463201541,62.601350499271895,62.85232094059222,5796000
2015-08-18,63.60523223876953,63.9482334036507,63.50484663547122,63.630328639594104,5465900
2015-08-19,63.34590530395508,63.780924553546065,62.894150862491976,63.2622484924113,10070300
2015-08-20,61.873512268066406,63.12001581382824,61.873512268066406,62.87741301002476,12992900
2015-08-21,59.98284149169922,61.78149150875292,59.97448027907936,61.25444789647418,24008300
2015-08-24,57.43125915527344,59.45578266447676,47.375560014813836,56.377165817857104,33675700
2015-08-25,56.85403823852539,59.68167943453361,56.7703814235156,59.229931356959604,17883700
2015-08-26,59.255008697509766,59.313569087435006,57.029701115142984,58.42678926236218,26115600
2015-08-27,60.409481048583984,60.493137827477426,59.13788141463556,60.024654759591655,18689700
2015-08-28,60.066505432128906,60.434596652776335,59.58965462000861,60.108330643567975,10045600
2015-08-31,58.9705696105957,60.31746499920568,58.81998483476962,59.79878906894116,15143100
2015-09-01,57.42289733886719,58.3598699977849,57.155191776691275,57.42289733886719,21723600
2015-09-02,58.60248947143555,58.60248947143555,57.64878783947482,58.376609073936585,12491700
2015-09-03,58.1841926574707,59.26337618865386,58.050336676254645,58.93711021269532,14080100
2015-09-04,57.45637512207031,57.949954777863304,57.0380846818638,57.29742271235805,16587900
2015-09-08,59.06259536743164,59.146252159811596,58.1590866914782,58.51045543164063,11697400
2015-09-09,58.15071105957031,59.790408037493215,58.000126317587466,59.748576460374764,12424000
2015-09-10,58.71124267578125,59.154629492735594,57.9917826541781,58.175831457277305,17313700
2015-09-11,59.087711334228516,59.112814124599204,58.301329566315694,58.46864320648279,7633000
2015-09-14,58.90365982055664,59.21319064550401,58.63594782530771,59.104437434388075,6232200
2015-09-15,59.748592376708984,59.89080956463265,58.97893966048232,59.19645243075655,8414600
2015-09-16,59.915916442871094,60.02466964414021,59.32194486805418,59.77369286262109,12003400
2015-09-17,60.459712982177734,61.28793286245666,59.857379954621116,59.857379954621116,19149000
2015-09-18,59.536964416503906,60.17506572200994,59.45299798696014,59.629315958671484,23716000
2015-09-21,58.747703552246094,60.09108263473638,58.35308454550966,59.9483500084767,23860100
2015-09-22,58.38668441772461,58.48744027624777,57.73178735166995,57.9416905859561,29234000
2015-09-23,58.327903747558594,58.87365336280306,58.02564261929205,58.4370511083125,9578700
2015-09-24,57.73179244995117,58.0760304535961,57.085286844043594,57.84933775907275,20064500
2015-09-25,56.1533088684082,58.369886428625755,55.70831505297834,58.19356848698778,30973700
2015-09-28,53.97870635986328,55.918209830568905,53.50852205033568,55.80066455390415,66470200
2015-09-29,54.474082946777344,55.39766226646844,53.80239646651068,54.12144706420699,31776000
2015-09-30,55.60756301879883,55.767085107681226,54.89388695701647,55.28010810727895,26565600
2015-10-01,56.17012405395508,56.21210087028129,55.20456759808761,55.741919530689614,19853100
2015-10-02,57.337162017822266,57.34555993988819,55.17935725999007,55.439635192394924,23741800
2015-10-05,57.48829650878906,57.9500797621204,56.925757401004915,57.83253446812784,18389800
2015-10-06,56.13650131225586,57.47148232771609,55.33887187096357,57.30356236293963,30431600
2015-10-07,57.034915924072266,57.3119897736886,55.859456348577574,56.54793880760828,27466100
2015-10-08,57.20282745361328,57.38754332583994,56.1449197584325,56.707458892403956,23182700
2015-10-09,57.463104248046875,57.706592737914235,57.043297832221256,57.2951778382741,13890000
2015-10-12,57.614261627197266,57.798971155303356,57.13568234665853,57.21124446191913,11074500
2015-10-13,56.89216232299805,58.09280882416599,56.83338968611865,57.35394549683988,17273300
2015-10-14,56.78302764892578,57.66462390414975,56.62350552706042,57.19444265109117,21786200
2015-10-15,58.05084991455078,58.05084991455078,56.41360691230124,56.47237957377329,22133300
2015-10-16,58.57140350341797,58.65536352059278,58.067636994630405,58.210369664401455,17657000
2015-10-19,58.78130340576172,58.94082550759868,58.05923576879968,58.37828637821194,15694700
2015-10-20,57.85772705078125,58.78129994426186,57.60584062267837,58.59658408441815,14802000
2015-10-21,57.337162017822266,58.4118654357054,56.388401807977424,58.1851727858266,36068300
2015-10-22,56.992919921875,57.513482212933624,56.2792502558548,57.42112428378229,35524500
2015-10-23,58.210365295410156,58.51262645914416,57.345565012513845,57.58065560525402,26524200
2015-10-26,58.43705749511719,58.83167658935778,57.874518380481454,58.06763216910023,17831900
2015-10-27,59.51176071166992,59.51176071166992,58.588187792485876,58.59658571518648,25160900
2015-10-28,60.00712585449219,60.040711134068886,58.89043933008109,59.41939307050562,18158000
2015-10-29,60.275794982910156,61.291725555623216,60.02390861696236,60.35135704925267,22780700
2015-10-30,59.898006439208984,60.62847227593377,59.898006439208984,60.46055218750407,12427200
2015-11-02,61.1741943359375,61.216177541811746,59.89797918391937,60.24222353602224,18646600
2015-11-03,60.955894470214844,61.149008253241114,60.52769010314822,61.01466711622493,10428700
2015-11-04,60.687217712402344,61.190984157353164,60.317785996760726,61.17419471834123,11533000
2015-11-05,60.49411392211914,60.74599395664907,59.92317687581772,60.72920451664239,9172000
2015-11-06,60.24224090576172,60.30101356748897,59.545360484038795,60.12469558230722,12661100
2015-11-09,59.780433654785156,60.13307592779722,59.436195709799684,60.13307592779722,15625000
2015-11-10,60.183448791503906,60.31778351528658,59.67968236727804,59.79722765273949,9737400
2015-11-11,59.587337493896484,60.41015467235261,59.578939570027615,60.41015467235261,10580900
2015-11-12,58.55461120605469,59.520167476442694,58.55461120605469,59.42780953023016,10870800
2015-11-13,58.4118766784668,59.008001145132944,58.336314582542684,58.43706404377483,18196800
2015-11-16,59.14231872558594,59.14231872558594,58.27751869746538,58.28591021206375,12959800
2015-11-17,59.39421463012695,59.7888337172327,58.957618741550455,59.25987989738728,7882300
2015-11-18,60.55288314819336,60.620047310162136,59.42779855918897,59.42779855918897,12816300
2015-11-19,59.536964416503906,60.24223630334927,59.486583277629805,60.166674203646934,11128000
2015-11-20,60.04911804199219,60.34298771218134,59.847612718617434,59.847612718617434,9224500
2015-11-23,59.898006439208984,60.26743832064323,59.72168842463557,59.931591738043075,10362700
2015-11-24,60.082698822021484,60.14147147050171,59.494972337219245,59.52855762288483,7174700
2015-11-25,60.410160064697266,60.49412649940291,60.11629676044633,60.24224000676519,4594400
2015-11-27,60.5276985168457,60.63685230727886,60.36817640163697,60.56968172943366,2658000
2015-11-30,59.70487976074219,60.62845276131448,59.70487976074219,60.62005483787382,8846100
2015-12-01,60.71243667602539,60.76281783076156,59.881221288902694,60.01556249387751,10659200
2015-12-02,60.20024108886719,60.964291886390676,60.107883159370104,60.779576027396516,9875100
2015-12-03,58.882041931152344,60.3261769370772,58.62176401929513,60.250614861662065,13191400
2015-12-04,60.267425537109375,60.359783487877564,58.99960799944185,59.142347090645046,14929800
2015-12-07,59.93158721923828,60.45214970330547,59.6209344384923,60.1414905168192,8511000
2015-12-08,60.06591796875,60.23383801534464,59.47818499419044,59.47818499419044,7483600
2015-12-09,59.46138000488281,60.368163393177646,59.226289438822114,59.78882849414414,17593600
2015-12-10,59.9063835144043,60.317792071881186,59.40261701871485,59.461389669782974,9778500
2015-12-11,59.02478790283203,59.51175850385261,58.949219412806386,59.26827000047337,15178300
2015-12-14,59.411006927490234,59.48656900906811,58.49582559204179,59.251478436508926,21091500
2015-12-15,60.183448791503906,60.4689140831281,59.864398217499634,60.05750558401303,14006300
2015-12-16,60.964290618896484,61.05664854647337,59.8392060492043,60.68721683616582,15273700
2015-12-17,60.30939483642578,61.13221187336774,60.25901370761653,61.13221187336774,11469100
2015-12-18,59.43502426147461,60.227605756778374,59.426597197007624,60.151717146460065,15159800
2015-12-21,59.97466278076172,59.97466278076172,59.48562920839372,59.78917083696683,6707200
2015-12-22,60.37938690185547,60.463702591104045,59.839758771214896,60.18545502699647,7495800
2015-12-23,61.028629302978516,61.16353956206299,60.69979358755413,60.758815217684784,8091000
2015-12-24,61.08763122558594,61.281563052236585,60.80095666682854,60.82625072402794,2568300
2015-12-28,60.800968170166016,60.96117247323652,60.63233680168343,60.910577916392256,6534700
2015-12-29,61.54296112060547,61.686304873773324,61.0792215962094,61.205691918306066,7243100
2015-12-30,61.28158187866211,61.63571165399286,61.22256024944032,61.47551376489092,8496500
2015-12-31,60.73351287841797,61.340596095842905,60.73351287841797,61.06234854904409,6591700
2016-01-04,59.63739013671875,59.86504310397366,59.0303069802074,59.67111126063721,19666300
2016-01-05,59.924076080322266,60.18545665392087,59.66269550672366,59.80603282560838,14540000
2016-01-06,59.43502426147461,59.848182003807736,59.02187295201512,59.07246107031157,14651700
2016-01-07,58.22930145263672,59.030316582787265,58.06910357290641,58.28832307840573,17850400
2016-01-08,57.35239791870117,58.72676859294639,57.251221675700876,58.57499779557189,17022800
2016-01-11,56.66944122314453,57.630654276055104,55.868432490010726,57.60536021143246,28563800
2016-01-12,57.3945426940918,57.72337825631009,56.45862411458672,57.124728734505695,13727000
2016-01-13,55.69135284423828,57.77397628497881,55.6323312314703,57.504162279057574,16202500
2016-01-14,57.18376541137695,57.554762115933535,55.48899261350356,55.83469525781746,23342300
2016-01-15,56.382747650146484,56.64412814065717,55.58173275307273,55.733503522727645,17882300
2016-01-19,56.37431335449219,57.209049359322265,55.758796788265386,56.998256984061044,13495200
2016-01-20,56.48394012451172,57.03200175220797,54.6879908609799,55.37938980323332,24665600
2016-01-21,56.3153076171875,56.913957359692645,55.78411299766522,56.62728273632734,17102800
2016-01-22,57.20905685424805,57.360827641634444,56.83806659953856,57.1078806179062,11343800
2016-01-25,56.6778678894043,57.4198549046753,56.60197927181024,57.04043111532775,10131900
2016-01-26,57.107887268066406,57.217497014491904,56.2731446237994,56.71159647525014,12449700
2016-01-27,56.45864486694336,57.60535622489603,56.06235406094691,57.00670648304751,15924700
2016-01-28,55.1432991027832,56.7621833663417,54.848190997375276,56.72845580674162,26127300
2016-01-29,56.045494079589844,56.070788142725114,54.86505514790491,55.02525945826116,17578200
2016-02-01,56.129798889160156,56.41647989250582,55.370944977802125,55.66605304530986,16705700
2016-02-02,55.32036209106445,55.88528422125198,55.15173073165367,55.73351342463267,12968700
2016-02-03,55.68292999267578,55.74195161672741,54.44346945471697,55.480571057766554,19453100
2016-02-04,55.3793830871582,56.00332682940789,54.881909646606886,55.514286886594434,18958100
2016-02-05,54.30012893676758,55.227614302602866,54.02188139715474,55.075843502166244,16744000
2016-02-08,53.55813980102539,53.920703029821354,52.91732902697045,53.693046824546876,24652800
2016-02-09,53.95442581176758,54.49405064162881,52.84987244320081,52.90889405973736,20741700
2016-02-10,54.43503189086914,55.2782015617085,54.2664005298509,54.308561586542496,14728500
2016-02-11,53.55813980102539,53.988154933363525,53.15341873046092,53.45696033749356,22801100
2016-02-12,54.274837493896484,54.30013155637716,53.397940208277724,53.85324941511606,10316000
2016-02-16,55.29506301879883,55.320357077130524,54.67111289320753,54.85661123147124,17303000
2016-02-17,55.99491500854492,56.06236371018823,55.30350952903866,55.7250944704689,12140000
2016-02-18,55.64920425415039,56.29001507403949,55.514294004542265,56.06235563604445,9722100
2016-02-19,55.590187072753906,55.75039139875364,55.24448435514926,55.37939461554384,8875100
2016-02-22,56.382747650146484,56.39117471360802,55.95272939731206,56.0454785583719,7515700
2016-02-23,55.9611930847168,56.526115419313,55.90217144427953,56.23100721712665,8211900
2016-02-24,56.14665222167969,56.222540819481814,55.05053576450436,55.64075182353165,11118600
2016-02-25,56.84648895263672,56.88021650624659,56.121362632207216,56.399610124833835,9496400
2016-02-26,56.74531936645508,57.33553554152714,56.694724813681866,57.10788256910615,10365700
2016-02-29,55.8431282043457,56.72001897084893,55.81782771147881,56.576681675639165,11091700
2016-03-01,57.04043960571289,57.05730017164666,55.784118375203015,56.15510872162275,14549100
2016-03-02,57.13317108154297,57.15003164224768,56.78746847480073,56.90551169835339,10923700
2016-03-03,56.97297668457031,57.0404318048306,56.45020915186462,56.989837248198214,10815000
2016-03-04,56.83806228637695,57.200619016254095,56.576675352290756,56.97296606888677,9855700
2016-03-07,57.29337692260742,57.48730877859116,56.458640744403795,56.46707424237025,11082400
2016-03-08,56.593544006347656,57.14159908202209,56.517655399749565,56.956107179737096,8204200
2016-03-09,56.694725036621094,56.939245005219284,56.306867772495174,56.74531958959326,13032500
2016-03-10,56.72844314575195,57.36082027314878,56.28999783455418,56.97296307362346,11287700
2016-03-11,57.83298873901367,57.841422234608764,57.048847336222686,57.09100194845352,10618300
2016-03-14,57.5885009765625,57.816153996301246,57.445157218930504,57.62222210825513,6140900
2016-03-15,56.694725036621094,57.32710226934521,56.526093681044216,57.209059033866616,15226500
2016-03-16,56.5598258972168,56.88866157068759,56.11294697854493,56.58511995934926,16881300
2016-03-17,55.90214538574219,56.51765557297403,55.362517372467686,56.50922207602099,20920400
2016-03-18,56.55964279174805,56.76273413982045,55.899612050393536,56.00115772442974,19524800
2016-03-21,56.8896598815918,57.008126596794014,56.51733223041238,56.61041414320723,12183600
2016-03-22,57.456607818603516,57.634307888819464,56.70349523037571,56.70349523037571,13200200
2016-03-23,57.0504264831543,57.51583599846147,56.99965688364846,57.41429034349869,9105100
2016-03-24,57.02505111694336,57.23659975781523,56.585032784548844,56.796581425420705,8492800
2016-03-28,56.864280700683594,57.236608430942006,56.779662522703,57.177375060760276,7156300
2016-03-29,57.524295806884766,57.57506540291018,56.56809204206838,56.76271958675024,10455600
2016-03-30,57.532745361328125,57.9643062373304,57.43120618293921,57.81199101379723,7607700
2016-03-31,57.35504913330078,57.786610037821205,57.32966433702609,57.448131023608134,8602700
2016-04-01,58.00664520263672,58.218193862812704,57.00813526836795,57.11813824751647,9120200
2016-04-04,58.700523376464844,58.912072032412375,58.13356807200145,58.14203182590609,17381200
2016-04-05,57.9389533996582,58.285889877093624,57.80355914586159,58.015107825453775,16555000
2016-04-06,59.495933532714844,59.521318334892115,57.95585979309361,57.95585979309361,24546600
2016-04-07,58.84438705444336,59.470569397581535,58.53975641054826,59.07285680938771,19216700
2016-04-08,58.68358612060547,59.233613825893364,58.33664973957719,59.2082290243488,12883800
2016-04-11,58.2351188659668,58.82745257226531,58.10818837005906,58.65821621502379,8695500
2016-04-12,58.708984375,58.83591486775982,58.21819636879005,58.226653667275144,13510500
2016-04-13,59.25899124145508,59.2928397912795,58.666657759404636,58.97974554736669,9706200
2016-04-14,59.29283905029297,59.48746659536342,59.07282670715914,59.24206945416619,6655200
2016-04-15,59.25053024291992,59.43669404762843,58.85282428989392,59.43669404762843,7945300
2016-04-18,59.800575256347656,59.86827237878418,58.98822915496826,59.08131108433024,11505400
2016-04-19,60.01210021972656,60.333658196321586,59.682084948131944,59.902097281178484,6655000
2016-04-20,60.333675384521484,60.62137843927911,59.9782687588267,60.02904482304151,10763400
2016-04-21,60.689048767089844,60.824436481349515,60.291336462037485,60.36749084081804,12463100
2016-04-22,60.816009521484375,61.01909442214326,60.45214557749621,60.72292759702559,12052800
2016-04-25,60.579078674316406,60.7737063062173,60.38445749836907,60.58754242943042,8937500
2016-04-26,60.350589752197266,60.69753258611117,60.1728896870041,60.69753258611117,7433500
2016-04-27,60.28290557861328,60.5367665581854,60.029051054994056,60.39291501587255,9121200
2016-04-28,59.99519348144531,60.579063317227,59.66517813114856,59.9359601225703,19512000
2016-04-29,59.055904388427734,59.57208345776759,58.7005043112939,59.45361676538964,13577900
2016-05-02,59.3944091796875,59.419793988214,58.92053574869724,59.16593299104232,9074800
2016-05-03,59.2082405090332,59.57210446563797,58.97976433891126,59.18285570256472,9436800
2016-05-04,58.64128875732422,58.937455578128386,58.480509716336606,58.8359099013016,11802000
2016-05-05,58.886653900146484,58.97127848867259,58.52279657566289,58.64972054655266,10145200
2016-05-06,58.53972625732422,58.84435674430722,58.05739572892623,58.67511399823297,14164300
2016-05-09,59.2082405090332,59.3944043644058,58.51436115643258,58.53974596290106,13606600
2016-05-10,59.707481384277344,59.715945136877224,59.28438413760656,59.44516315724598,11073000
2016-05-11,58.98821258544922,59.76670990693402,58.97974883353385,59.61439465221298,8452500
2016-05-12,58.64128875732422,59.29285576309338,58.3028096238541,59.11515567061088,11322900
2016-05-13,58.505882263183594,58.95436427728406,58.455112663383886,58.57357936688397,11947300
2016-05-16,59.30131912231445,59.4282496035154,58.48897308096182,58.51435788601152,8338100
2016-05-17,58.68358612060547,59.343616784570315,58.47203749979871,59.191301519351384,14920000
2016-05-18,58.928993225097656,59.225160052941455,58.53128071801341,58.59051408358217,11515200
2016-05-19,58.429725646972656,58.86128014080158,58.05739804669588,58.59049819222326,8765700
2016-05-20,58.97132110595703,59.174406062095414,58.62437811893104,58.64976293145404,7925700
2016-05-23,58.73435974121094,58.99667795421633,58.68358368427829,58.886668544155,5061400
2016-05-24,59.5805549621582,59.67363041318092,58.95436641415949,59.030527272570744,11936400
2016-05-25,59.95289611816406,60.07136286544656,59.73288367780219,59.741347432880524,8949200
2016-05-26,59.96134948730469,60.0798162140675,59.76672188993583,59.978270538576915,5257700
2016-05-27,60.232112884521484,60.367500620714786,59.91901865715195,59.91901865715195,9641300
2016-05-31,60.375972747802734,60.519824254949455,60.11365453407033,60.41828505270533,7669800
2016-06-01,60.59599685668945,60.73138463790489,60.1390509901763,60.189820601138024,9301700
2016-06-02,61.37449264526367,61.37449264526367,60.469064691235246,60.54522556151178,12473100
2016-06-03,61.17139434814453,61.391406701240214,60.68060004352762,61.18831539563606,13896000
2016-06-06,61.50143051147461,61.61143349736065,61.02756354956162,61.17987885245553,9117600
2016-06-07,61.120635986328125,61.30679336676257,60.96832070709838,61.24756000572612,6439100
2016-06-08,61.33221435546875,61.442217377584925,60.93450168603717,61.06988952433744,4621300
2016-06-09,61.23064041137695,61.628352897488575,61.05294032404135,61.19679185341508,9608500
2016-06-10,60.73983383178711,60.90907658767797,60.460588126530446,60.8752280364998,10270900
2016-06-13,60.25749969482422,60.97676361075539,60.240578648216115,60.51981788092896,8538400
2016-06-14,60.350589752197266,60.3759745535175,59.859795406834344,60.113656331939715,8000500
2016-06-15,59.93595886230469,60.638301857020245,59.88518280151383,60.51137138897077,7861100
2016-06-16,60.14751052856445,60.24904974337154,59.46208854885607,59.7582618079157,9341200
2016-06-17,59.52306365966797,60.26221910747652,59.30217199365532,60.23673210616301,10799100
2016-06-20,59.896873474121094,60.32167399521415,59.820412491656285,60.03281275220281,7983700
2016-06-21,59.69298553466797,60.16026233217799,59.557046223575014,60.100790504060605,7014900
2016-06-22,59.86288833618164,60.53407393377153,59.641990251444604,59.69297072142485,11207600
2016-06-23,60.64452362060547,60.65302144647021,60.109277266081506,60.3896471821406,7626900
2016-06-24,58.88584899902344,59.81191755026856,58.66495738440213,58.919833820182525,22576500
2016-06-27,58.09571075439453,58.69043530985804,57.84932570052347,58.48652641441525,18241500
2016-06-28,59.225704193115234,59.27667819547143,58.49504657694084,58.503544404647975,13652400
2016-06-29,60.355655670166016,60.5255732769738,59.64198746130265,59.64198746130265,8968400
2016-06-30,60.9249153137207,60.95890014738531,60.17726841893214,60.47462761106712,9535200
2016-07-01,61.30720520019531,61.451635800226725,60.86540909405846,61.06082015676141,6793100
2016-07-05,61.24772644042969,61.49411148196086,60.94187607646536,60.94187607646536,8359800
2016-07-06,61.9359130859375,62.06335453004084,61.086312101170016,61.15428173561728,18791500
2016-07-07,61.842491149902344,62.31826589403912,61.56212111198828,62.30976806448104,8022400
2016-07-08,62.60710525512695,62.624094424562834,61.816975996551655,62.14831989705661,11013200
2016-07-11,62.43718719482422,62.95544441899886,62.37771537312921,62.79402460693666,7375100
2016-07-12,62.743045806884766,62.836502455181,62.5221476852807,62.57312816376939,10237200
2016-07-13,62.717552185058594,63.02340909591903,62.658080368054726,62.93845028333378,6401900
2016-07-14,62.98941421508789,63.431210341083414,62.760024809547005,63.13384482161144,4813200
2016-07-15,62.93845748901367,63.40573425270096,62.86199001157303,63.22731878126298,7131300
2016-07-18,62.96394348144531,63.082887127170096,62.73454753473141,62.955445654767104,3954300
2016-07-19,62.82801818847656,63.193347033771076,62.64111133348698,63.040418529183974,6634700
2016-07-20,63.397220611572266,63.50766639354076,63.03189197036525,63.11685076279797,6855000
2016-07-21,63.58416748046875,63.71160899049701,63.337788771543764,63.397260611964356,9230800
2016-07-22,63.71160125732422,63.78806874683751,63.388755088790845,63.575668416552574,5446500
2016-07-25,63.64360427856445,63.77953704714599,63.25278217428448,63.72856306917044,5868400
2016-07-26,63.533180236816406,63.62663689257608,63.278303751788926,63.39724740785704,6904200
2016-07-27,63.82205581665039,63.924003830319954,63.28680281710959,63.40574648768668,7983100
2016-07-28,63.76255798339844,63.923977766540716,63.448203278220305,63.720075340395006,5470100
2016-07-29,63.88998794555664,64.00893155832274,63.49068094952229,63.643609377641674,4889200
2016-08-01,64.29780578613281,64.56967785466426,63.94946625479551,63.94946625479551,9255100
2016-08-02,64.05142974853516,64.34878885264386,63.66061400000053,64.34878885264386,12149300
2016-08-03,63.87300109863281,64.05141652426178,63.74555965691469,64.00893388304208,9761200
2016-08-04,63.77956008911133,64.01744738152694,63.69460126781183,63.91549938874458,8415500
2016-08-05,63.93248748779297,64.05992895857572,63.5756565551552,64.05992895857572,8244400
2016-08-08,63.38871383666992,63.881483837912484,63.16781582198543,63.881483837912484,6655500
2016-08-09,63.54169464111328,63.762592837986595,63.363279110465726,63.728608001394946,11261100
2016-08-10,63.32925033569336,63.516163566293606,63.159326270629364,63.516163566293606,7031600
2016-08-11,63.694618225097656,63.76258789300971,63.38026337246266,63.499207050336594,6599800
2016-08-12,63.533180236816406,63.60114989226764,63.30379075209736,63.575662891959205,6211900
2016-08-15,63.64360427856445,63.78803487078866,63.53315201703045,63.53315201703045,4122500
2016-08-16,63.07437515258789,63.55864745354049,63.0743751525879,63.55015611070947,6042300
2016-08-17,63.201820373535156,63.25279436133197,62.81100467589614,62.938446127329655,7296300
2016-08-18,63.22732162475586,63.36326093212271,63.0319169728447,63.19333679791415,4180100
2016-08-19,63.176334381103516,63.21881702623528,62.90446230530835,63.099866916254655,4323500
2016-08-22,63.30376434326172,63.541651556157014,63.13384027552193,63.201809902617846,4090200
2016-08-23,63.363250732421875,63.72008163390569,63.32926591105077,63.52467053150728,8557900
2016-08-24,62.36922836303711,63.47370605440832,62.21629988491582,63.33777323049099,8670400
2016-08-25,61.842491149902344,62.454205239189484,61.570618941546364,62.19932220800493,8766500
2016-08-26,62.080352783203125,62.40319887116481,61.70652622097439,61.910435154158456,9974300
2016-08-29,62.216270446777344,62.3691988525393,61.95288978677964,62.105818192541605,7372100
2016-08-30,62.00387191772461,62.29273309088682,61.85094350783286,62.29273309088682,5497900
2016-08-31,61.81697082519531,61.99538625808464,61.57908358134288,61.918918797165645,4756800
2016-09-01,61.65555191040039,61.893439182611836,61.37518199017603,61.816978194519024,9501400
2016-09-02,61.72349166870117,61.910404858349715,61.553567640866646,61.78296345795854,8052300
2016-09-06,61.94440460205078,62.080337375160234,61.73200437749064,61.82545451291189,8735800
2016-09-07,61.94440460205078,62.1652961685962,61.76598270931267,61.89342414043684,7561600
2016-09-08,61.995384216308594,62.04635820061497,61.68952734658829,61.74899915559274,4822200
2016-09-09,60.754974365234375,61.647051600077226,60.737978713937316,61.647051600077226,14135500
2016-09-12,61.65555191040039,61.816978194519024,60.398139423357286,60.415135075339265,13023400
2016-09-13,60.83142852783203,61.27322466482229,60.50858249075533,61.27322466482229,12194200
2016-09-14,60.83142852783203,61.23074202328594,60.58504346719151,60.805941535686635,13108500
2016-09-15,61.46011734008789,61.630041385324105,60.57653823261775,60.72096880961388,9613600
2016-09-16,61.50196075439453,61.587248539429055,61.263152353481516,61.399611508128565,8691000
2016-09-19,61.28017807006836,61.78338682365384,61.20342105227137,61.655451953621075,9919700
2016-09-20,61.467811584472656,61.698089132061405,61.442225913300284,61.54457510502719,5286600
2016-09-21,62.0818977355957,62.201301880146914,61.29724006939124,61.67250744925025,8485900
2016-09-22,62.55097961425781,62.66185953218273,62.303647121280946,62.33775701152521,6501900
2016-09-23,62.354827880859375,62.61069764559635,62.34629715349123,62.45717708816185,5420400
2016-09-26,61.6298713684082,62.175720785704534,61.48487503331517,62.12454292924415,5534100
2016-09-27,62.06483840942383,62.07336913633781,61.416646318799124,61.553105414232405,7839000
2016-09-28,61.97100830078125,62.13305302248312,61.64690584330516,62.12452229806634,6522600
2016-09-29,60.87931442260742,61.971019600754445,60.70020821941324,61.89425608107845,8857900
2016-09-30,61.50196075439453,61.67253632446357,60.97316607591507,61.00728249133705,7453500
2016-10-03,61.450767517089844,61.450767517089844,60.9731443781885,61.229014149279884,9187900
2016-10-04,61.33134841918945,61.6383829598534,61.02430737148851,61.38251975812728,10594600
2016-10-05,61.570167541503906,61.706626638429746,61.39958553654891,61.493404012514624,12842100
2016-10-06,61.33988571166992,61.425173463756906,60.973142521361346,61.365471386592176,9308900
2016-10-07,61.29723358154297,61.587213185607226,60.939014678766256,61.28017213010556,9920400
2016-10-10,61.578697204589844,61.766334173107026,61.40812169159535,61.40812169159535,11039500
2016-10-11,60.03494644165039,61.28016547277976,59.770552536428184,61.28016547277976,12499700
2016-10-12,59.753509521484375,60.307889677337236,59.69380744359489,60.06908136577932,11746400
2016-10-13,59.77910232543945,60.000855715632625,59.207667153633246,59.40383486554244,13623100
2016-10-14,59.37824630737305,60.07761634371843,59.3611848513184,59.91556504639388,8382400
2016-10-17,59.18205261230469,59.40380589434894,59.05411777623931,59.2844017825642,8463000
2016-10-18,59.88996887207031,60.01790374190057,59.582927787292824,59.72791760314948,5495800
2016-10-19,59.6682014465332,60.017889574387794,59.6511465045327,59.966711734313805,5296700
2016-10-20,59.949668884277344,60.13730581931081,59.634097083808555,59.74497700380336,6876000
2016-10-21,59.45500183105469,59.64263880066486,59.30148126564988,59.64263880066486,5511600
2016-10-24,59.344120025634766,59.779089477052324,59.344120025634766,59.719387404875135,7384700
2016-10-25,59.17354202270508,59.454997456411114,59.09678499916976,59.27589122779044,7922100
2016-10-26,58.81532287597656,59.17353529247585,58.576514598310375,59.07971682524448,8073700
2016-10-27,59.088233947753906,59.49762412024154,58.93471344645055,59.26734011476849,6974700
2016-10-28,57.80889892578125,58.54238504639636,57.553035760217234,58.38033381994723,18469300
2016-10-31,57.450706481933594,57.800388214725,57.42512080722182,57.79186399451329,12689000
2016-11-01,57.14366912841797,57.64687144960304,56.70016888783177,57.484826663428215,14908700
2016-11-02,56.84515380859375,57.47629096419721,56.84515380859375,57.03279076197163,17942900
2016-11-03,56.307830810546875,57.271601289065686,56.25665946019666,57.03279297804672,22074200
2016-11-04,56.700157165527344,57.169242985527774,56.40164031721013,56.46134238546609,21382600
2016-11-07,58.150081634521484,58.30360220350593,57.28013608163555,57.31424597959751,17367800
2016-11-08,58.312129974365234,58.70445885142089,57.69804772956905,57.77480475664928,15943900
2016-11-09,60.36756896972656,61.04135302704127,58.312106915038946,58.312106915038946,49750100
2016-11-10,61.03285598754883,61.476362792423046,60.606410640498794,61.356958615812204,28378900
2016-11-11,60.1202507019043,60.86226779398795,59.855856723972096,60.86226779398795,15866100
2016-11-14,59.9326057434082,60.45286940969437,59.81320160757571,60.38464312281679,17406200
2016-11-15,60.10318374633789,60.16288581029885,59.54880371982212,60.16288581029885,10371600
2016-11-16,59.84730911254883,60.23963785871243,59.77055211107692,59.949658288214444,7585000
2016-11-17,60.08613967895508,60.103201134758216,59.71939646365349,59.86439280982487,12856200
2016-11-18,59.44646072387695,60.29935115898014,59.41235083266593,60.13730640109611,12185000
2016-11-21,59.65968322753906,59.71938529760959,59.50616268920947,59.574395485586535,6791800
2016-11-22,58.798282623291016,59.63411180398235,58.39742298259573,59.63411180398235,14522100
2016-11-23,59.02854919433594,59.03707992108553,57.81744627741276,57.81744627741276,13676000
2016-11-25,59.25883483886719,59.31000618664588,59.02855075978684,59.199132764112676,4009300
2016-11-28,58.81532287597656,59.15648034708721,58.7215044087452,59.14794962087412,6507200
2016-11-29,59.19913101196289,59.36970650420199,58.94326126656632,58.951791993289646,7093900
2016-11-30,58.6362190246582,59.258831922489385,58.61063335202804,59.24177046937741,8640700
2016-12-01,58.20979690551758,58.84946500338041,58.039221348903645,58.704475129554524,11360700
2016-12-02,58.346256256103516,58.57653388337056,58.115972121796794,58.312139847056606,7964500
2016-12-05,58.243896484375,58.67034175969738,58.056259522107,58.58505400604061,5832100
2016-12-06,58.40593719482422,58.42299213965178,58.07330395383215,58.41446141371934,5490800
2016-12-07,57.902732849121094,57.94537997496589,57.118075187064264,57.94537997496589,12758900
2016-12-08,58.01360321044922,58.07330527926428,57.39099685095462,57.72362359250104,7586600
2016-12-09,58.721492767333984,58.83237266500982,58.21829064015863,58.21829064015863,12100200
2016-12-12,59.002967834472656,59.088255587089535,58.61063896680429,58.72151239450238,15018100
2016-12-13,59.48057556152344,59.565863301388525,59.04560613610027,59.21618161583044,11041400
2016-12-14,59.17354202270508,59.78762423914068,58.968850119572636,59.47205891077781,11682200
2016-12-15,59.557350158691406,59.617052238403986,59.199137680415895,59.41236032325208,8210100
2016-12-16,59.60444641113281,59.852870434901874,59.43311611771497,59.690108290050524,8257100
2016-12-19,59.35603332519531,59.91284544414061,59.278933045054025,59.64728507430242,9318300
2016-12-20,59.313201904296875,59.51879830397021,59.17614417343192,59.38173403752132,4885000
2016-12-21,58.97910690307617,59.37315680546836,58.876315254546085,59.34745889333584,5432300
2016-12-22,59.05623245239258,59.07336222261853,58.662182381338496,58.90203837801614,4458400
2016-12-23,59.50166702270508,59.53593309220814,59.073350957293506,59.073350957293506,4188700
2016-12-27,59.62159729003906,59.964251462656904,59.56163329999979,59.578769603202296,5141200
2016-12-28,59.16755676269531,59.750066634316944,59.15898861493537,59.68153452340103,4558800
2016-12-29,59.270381927490234,59.458842050564094,59.1761518659533,59.20184978535705,5539200
2016-12-30,59.05623245239258,59.33891614242795,58.86777230197851,59.278952143258536,6649000
2017-01-03,59.82716751098633,59.84430380855521,59.29605992683764,59.373153659149835,11792900
2017-01-04,60.298336029052734,60.461098227626344,59.92141579470735,59.92141579470735,9174500
2017-01-05,60.60672378540039,60.62385355250938,60.19553748335461,60.24693985585068,5979300
2017-01-06,60.77804946899414,60.94937982327869,60.40969737676331,60.62385541793043,5769300
2017-01-09,61.03502655029297,61.13782473729286,60.66667454968893,60.7780343505848,5751900
2017-01-10,61.24919128417969,61.60041356009229,61.000767206589174,61.137831471018636,10320500
2017-01-11,60.63241195678711,61.54043978603658,60.00707425627574,61.326281785886536,23742000
2017-01-12,60.6923828125,60.726648880676734,60.186973011957654,60.332598900020606,9358900
2017-01-13,60.752349853515625,60.957946272916736,60.60672395812826,60.74378823772901,5279000
2017-01-17,60.4439697265625,60.546767949811944,59.94712798648709,60.37544411331497,6038200
2017-01-18,60.366859436035156,60.70094540066162,60.24693147619917,60.56388114051556,6174200
2017-01-19,59.98138427734375,60.486800678136916,59.88716074728239,60.34973638789298,6470700
2017-01-20,59.82716751098633,60.28118789840542,59.775771689444866,59.981361511193306,7006900
2017-01-23,59.578758239746094,59.912844197042475,59.35603208968734,59.75008202558605,10003700
2017-01-24,59.16755676269531,59.56160659708909,58.893434854613474,59.518778929453006,8703500
2017-01-25,59.72440719604492,59.750105120295366,59.18472464444139,59.21899072197066,6553800
2017-01-26,59.26180648803711,59.698690670928826,59.25323833742794,59.59589247037078,6612500
2017-01-27,59.75007629394531,59.7929105040881,59.38172430769911,59.3988540704065,7264900
2017-01-30,59.45882797241211,59.72438179082165,59.21040391768763,59.60445383827649,7281900
2017-01-31,60.40968704223633,60.40968704223633,59.09904110020458,59.14187531534408,14342500
2017-02-01,60.932228088378906,60.932228088378906,60.28975412759033,60.409682077424215,19490500
2017-02-02,60.91509246826172,60.949358527145826,60.44394232808332,60.63240238415468,14539400
2017-02-03,61.180660247802734,61.24062423066871,60.8208763506069,61.112128114360495,15104800
2017-02-06,61.24919128417969,61.24919128417969,60.94937137522005,61.06929933880391,11561600
2017-02-07,61.30915832519531,61.53188449821492,61.10356845387638,61.2920285590788,11278000
2017-02-08,61.214927673339844,61.28345980830333,60.812309549909514,60.983639887318226,6812900
2017-02-09,61.43764877319336,61.61754071093637,61.154958641489955,61.20635447067837,7869200
2017-02-10,61.55757522583008,61.69463294550757,61.38625144233735,61.531877311864505,4440300
2017-02-13,61.93449020385742,61.96874972921926,61.61753404180608,61.61753404180608,6465200
2017-02-14,62.42279815673828,62.42279815673828,61.82315162439807,61.86598585370301,10403000
2017-02-15,63.09953308105469,63.219461070183925,62.225764548158544,62.28572854272316,10091700
2017-02-16,63.013832092285156,63.17659422302558,62.58551619924769,63.116630259423616,11332600
2017-02-17,63.09953308105469,63.133792618875695,62.77400865148798,62.77400865148798,12118400
2017-02-21,63.3822021484375,63.58779854151307,63.090950394956046,63.090950394956046,10651800
2017-02-22,63.287967681884766,63.51069382436866,63.23657185499743,63.30510398123606,6634300
2017-02-23,63.75055694580078,63.86192329743863,63.27941322964934,63.35650697870568,8685600
2017-02-24,64.0589370727539,64.09320313550394,63.622052942170015,63.64775739091994,9103000
2017-02-27,64.36734008789062,64.40160615861846,63.96472192631942,64.10178620923078,8178200
2017-02-28,64.23883819580078,64.44443460173052,64.0503780914906,64.18744236211042,10258600
2017-03-01,64.88131713867188,65.04407933837743,64.43587129682594,64.62433141530929,15196600
2017-03-02,64.67570495605469,65.00979085615991,64.6671368075544,64.77850313131106,7889300
2017-03-03,64.93270874023438,64.984104569264,64.55578856579434,64.58148648030915,6635300
2017-03-06,64.6843032836914,64.88989319454187,64.45300891534738,64.83849735072562,5886900
2017-03-07,64.23027801513672,64.55579586175291,64.02468160461505,64.15317772729502,12330600
2017-03-08,64.48725128173828,64.70997741570169,64.17886326104527,64.22169747220158,8130000
2017-03-09,64.83848571777344,64.92414762062671,64.43586758522038,64.47869526885488,8451400
2017-03-10,65.0868911743164,65.18111466556657,64.84702876519023,65.11258908425576,10455800
2017-03-13,65.0355224609375,65.14688884239301,64.77853669302601,65.14688884239301,6898500
2017-03-14,64.7956314086914,65.06975333418102,64.72709929342344,64.85559537565531,7296300
2017-03-15,65.60942077636719,65.74648498964618,64.88985326339672,64.88985326339672,11044900
2017-03-16,64.97552490234375,65.44667503688261,64.72710088009438,65.44667503688261,12129400
2017-03-17,64.61791229248047,64.93601115977897,64.58352198480054,64.81564836253945,10401000
2017-03-20,64.52332305908203,64.72965828983227,64.3943610801336,64.63508660922201,4728300
2017-03-21,64.01605987548828,64.8156160929523,62.18482117838944,64.5920824839631,16650400
2017-03-22,64.03326416015625,64.19660985615873,63.71515886284137,64.1106374015346,9954300
2017-03-23,63.83551788330078,64.28257855680545,63.71515514200039,63.95588062460117,13250500
2017-03-24,63.869937896728516,64.15365301579597,63.6034212111515,63.869937896728516,9229500
2017-03-27,64.0418472290039,64.15361730663673,63.29387977051643,63.41424250083113,6946300
2017-03-28,64.08482360839844,64.17079603255257,63.7151362811877,63.912872200814654,7392300
2017-03-29,64.10206604003906,64.2568191493124,63.95591214774777,64.11066525702111,4357800
2017-03-30,64.11064147949219,64.23960344927032,63.85271753993592,64.02466901939951,7137400
2017-03-31,63.93010711669922,64.10205206316492,63.861326514401235,63.955898202741146,5895400
2017-04-03,63.98167037963867,64.29977565179455,63.73234568945335,63.99886880476997,12354800
2017-04-04,63.94730758666992,64.03328663074369,63.76676340081927,63.964506019196726,5228600
2017-04-05,63.74955368041992,64.4115488432086,63.70656417041827,64.03326870416292,6470100
2017-04-06,63.861324310302734,63.9816870805304,63.577609255075096,63.76675262522686,5253300
2017-04-07,63.97311019897461,64.13645596497204,63.732378039882455,63.90432958209114,5638200
2017-04-10,63.85273361206055,64.17083900967859,63.79255221891982,63.95590452570745,4530000
2017-04-11,63.766746520996094,63.91290036238459,63.41425745886628,63.74955465230032,5472600
2017-04-12,63.766746520996094,63.86991741100595,63.50882913488905,63.697965927656185,3782200
2017-04-13,63.60337829589844,63.90428508614428,63.60337829589844,63.68935072750067,6671100
2017-04-17,63.83551788330078,63.852709749510495,63.474429659399604,63.52601181730622,6149900
2017-04-18,63.13914489746094,63.48303476331949,62.89841936764845,63.48303476331949,7519500
2017-04-19,63.32830047607422,63.50884465826282,63.21653034475746,63.34549234897218,5023100
2017-04-20,63.7237434387207,63.85269881139688,63.16491277311074,63.457220363545176,7307300
2017-04-21,63.34547805786133,63.67217604345763,63.199324213721816,63.61199466297204,6763000
2017-04-24,63.97311019897461,64.12785674804145,63.88713114822995,63.95591176511341,5450000
2017-04-25,64.24819946289062,64.4287435878759,64.05045691117652,64.23100103616179,9035700
2017-04-26,64.60069274902344,64.85861669269924,64.42874782609181,64.48032999111562,6240400
2017-04-27,64.73826599121094,65.03917294201936,64.48894121503265,64.61790321088758,6962800
2017-04-28,64.91018676757812,64.9445770576146,64.68665316197959,64.78982403208902,5781100
2017-05-01,65.05635070800781,65.18531267590065,64.91019687205907,65.02196041261784,7182000
2017-05-02,65.23690795898438,65.25410638977718,64.73826497374436,65.1165451805527,5243800
2017-05-03,64.91879272460938,65.09073763337875,64.77263233694981,65.0391554726035,8094100
2017-05-04,65.34867858886719,65.34867858886719,65.04777164045083,65.14233677342781,4275400
2017-05-05,65.31428527832031,65.51202130991047,65.04776864475132,65.49482943905538,5720100
2017-05-08,64.91018676757812,65.3142644764103,64.8156151097971,65.26268232099416,6558500
2017-05-09,64.9875717163086,65.10794103277435,64.86720895912114,64.94458876547212,3830200
2017-05-10,64.7984619140625,64.89303362828089,64.53193864704654,64.88443441082076,4314900
2017-05-11,64.83283233642578,64.85862342161346,64.50612776597123,64.69527113638617,6791600
2017-05-12,64.72106170654297,64.90160586069896,64.67807875133191,64.80703417624406,2638000
2017-05-15,65.14230346679688,65.17669375178669,64.6952428804817,64.75542423939483,7320800
2017-05-16,64.89300537109375,65.13373088090711,64.71245467945553,65.07354950345378,5471700
2017-05-17,64.0418472290039,64.54909578613885,64.0418472290039,64.36855169066682,11434000
2017-05-18,64.32557678222656,64.69526426899193,64.00747146036107,64.00747146036107,10690500
2017-05-19,64.50611877441406,64.71245398643322,64.35136572558017,64.43733818398164,9209800
2017-05-22,64.67807006835938,64.75544331291937,64.30838259492378,64.44593721612316,4999100
2017-05-23,64.89300537109375,65.03055999415359,64.71245467945553,64.7640434024714,4216100
2017-05-24,65.05635070800781,65.10793943073185,64.77263569049921,64.92738874011498,5186400
2017-05-25,65.3658676147461,65.49482960396134,65.04776880853164,65.20251532445484,4479400
2017-05-26,65.24552154541016,65.50344558987685,65.17674092564825,65.31430216517207,4507400
2017-05-30,65.15094757080078,65.31429989724295,65.03918398702918,65.03918398702918,4651200
2017-05-31,65.40886688232422,65.55502076422704,65.21972347784751,65.27990487388281,5884400
2017-06-01,66.13103485107422,66.18262358316679,65.45184115215638,65.5206217554269,9149900
2017-06-02,66.56089782714844,66.64687029390464,66.25999091386235,66.32017229651957,4833000
2017-06-05,66.37174224853516,66.62966616060983,66.21698921314587,66.56088557615291,5558900
2017-06-06,66.20840454101562,66.44913005635692,66.09663443797977,66.24279483738987,4316500
2017-06-07,66.38895416259766,66.4577347610288,66.1740197119595,66.29438247957455,4415700
2017-06-08,66.19979858398438,66.50930466054781,66.02785367890587,66.34595240922887,6304400
2017-06-09,66.6468505859375,66.85319231627012,66.19978995543713,66.28576239677064,13419000
2017-06-12,66.56089782714844,66.83601365633555,66.24279904422262,66.59528812570667,7700600
2017-06-13,66.69847869873047,66.78445119085022,66.46634575479834,66.62109886432619,5592500
2017-06-14,67.01654815673828,67.20569149194048,66.7844218739851,66.81021295437125,6782300
2017-06-15,66.9477767944336,66.99935895725973,66.57808932253081,66.75863345170035,8186000
2017-06-16,67.05826568603516,67.19636655015336,66.70437028582953,67.03237218559585,14165200
2017-06-19,67.75740051269531,67.8178208612045,67.11867017340906,67.15319702760345,8294400
2017-06-20,67.9818344116211,68.35298993156184,67.72288624968093,67.74877974880988,7697200
2017-06-21,68.84497833251953,68.87087182870034,68.0767738809744,68.11992751283421,9481200
2017-06-22,69.5614013671875,69.98435049649633,68.93130423221838,68.95719773292592,12341100
2017-06-23,69.45781707763672,69.6045512834652,69.1988689382602,69.47507721377694,8779600
2017-06-26,69.3887710571289,69.65634600158525,69.28519047282703,69.65634600158525,7434400
2017-06-27,68.7586669921875,69.47507789218527,68.74140027055392,69.38876403999184,8428000
2017-06-28,69.1211929321289,69.29382064602994,68.94855863290272,68.98308549274795,8674200
2017-06-29,68.49107360839844,69.10391041358592,68.06813119629061,69.04349006899909,8445800
2017-06-30,68.39615631103516,68.7586851223582,68.39615631103516,68.7586851223582,7817400
2017-07-03,68.51697540283203,68.83634388310053,68.50834862779126,68.62918933160648,5904200
2017-07-05,68.92266845703125,69.00898231814286,68.37025184352639,68.61193328876908,8955500
2017-07-06,68.03363800048828,68.75868907953573,67.93869075697818,68.62921496699224,6367700
2017-07-07,68.3788833618164,68.45656385912503,68.10267506251024,68.2753027800796,4371400
2017-07-10,68.24942779541016,68.43068892362737,68.07680003101103,68.40479541750021,3580000
2017-07-11,68.17173767089844,68.35299877357401,67.82647560542422,68.20625795065232,4117500
2017-07-12,68.63783264160156,68.86225396788946,68.49109840666665,68.50836513155667,8808200
2017-07-13,68.69824981689453,68.91403777071365,68.23215363173192,68.69824981689453,9437700
2017-07-14,69.16435241699219,69.31109323007523,68.7068830096748,68.84499046073515,5750000
2017-07-17,68.91403198242188,69.30245421786698,68.8967718451094,69.25066722060437,5743700
2017-07-18,68.96582794189453,69.0348816641747,68.49972519449142,68.82772049733417,8042700
2017-07-19,69.5268783569336,69.5268783569336,69.25929682771341,69.25929682771341,8177900
2017-07-20,69.98434448242188,70.09655183762061,69.57866211199736,69.6908694671961,8276800
2017-07-21,69.90665435791016,70.01023493265497,69.78581364670364,69.83760722673848,4043600
2017-07-24,69.88076782226562,69.94982154564148,69.57866601415316,69.8462409605777,4476800
2017-07-25,69.380126953125,70.09654439997247,69.27655297018524,70.04475740850259,8486000
2017-07-26,69.14708709716797,69.29382131393069,68.95719265885141,69.22476759357463,4964100
2017-07-27,68.67236328125,69.21615319463704,68.38752815816666,69.21615319463704,12536800
2017-07-28,69.01761627197266,69.10393013382478,68.40477929189944,68.69824773926175,6426100
2017-07-31,68.95721435546875,69.24205610256587,68.94858099137655,69.10394861839976,5516800
2017-08-01,68.80182647705078,69.20750886071949,68.71551261751657,69.20750886071949,8678800
2017-08-02,68.64646911621094,68.79320335779822,68.40478763940217,68.79320335779822,7718500
2017-08-03,68.7586669921875,68.89676783863202,68.4565586315233,68.68097991548605,8003600
2017-08-04,68.60328674316406,69.07801613513917,68.5169663216017,69.07801613513917,3930100
2017-08-07,68.75004577636719,68.7586791387091,68.47383744935993,68.53425781510133,4583300
2017-08-08,68.43067169189453,68.78456708072251,68.29257083221624,68.66372635900697,4423300
2017-08-09,68.50833892822266,68.57738604539517,68.14581028278018,68.26665096948649,4886500
2017-08-10,67.6538314819336,68.36161565025283,67.6452047059076,68.3011952914448,7054700
2017-08-11,67.84373474121094,68.18036343910148,67.68836714331329,67.68836714331329,8318600
2017-08-14,68.30119323730469,68.41340717551996,68.13719888851507,68.13719888851507,3955800
2017-08-15,68.30119323730469,68.52561452841022,68.28393310044657,68.38751367757028,4653800
2017-08-16,68.49107360839844,68.62054765689126,68.33570606727177,68.41339313049694,3756900
2017-08-17,67.63656616210938,68.56877155685613,67.61067266536497,68.27529656132859,7133400
2017-08-18,67.32584381103516,67.78331323456055,67.28268358471821,67.38626417668331,8434600
2017-08-21,67.6279525756836,67.7142664518445,67.17048310523685,67.26543034461183,10269000
2017-08-22,68.44791412353516,68.52559459478746,67.60202278640135,67.64518299397913,5455500
2017-08-23,67.9300765991211,68.23218514224611,67.90418308635697,68.21491841018417,5662500
2017-08-24,68.12857818603516,68.22352541970895,67.86962998777459,67.99910408690486,5502800
2017-08-25,68.14581298828125,68.53423514124987,68.09402600201494,68.2752870392708,5476500
2017-08-28,68.50833892822266,68.6205462557861,68.31844453902029,68.33570467198254,7432800
2017-08-29,68.63783264160156,68.70688637050954,68.16310307234284,68.22352343880581,4243500
2017-08-30,68.9917221069336,69.16434982897385,68.54288607843363,68.56014621650746,3667900
2017-08-31,70.16561126708984,70.23466499221247,69.16435200878887,69.16435200878887,6987200
2017-09-01,70.11381530761719,70.41591708477264,69.84623380328676,70.26918287662926,6471600
2017-09-05,69.81168365478516,70.23463258702478,69.49232184776163,69.8203170127736,8076900
2017-09-06,70.1483383178711,70.21739203686559,69.74266253575995,70.05339768591006,8791000
2017-09-07,70.92516326904297,71.08053081580645,70.12243204165223,70.139698760917,7251000
2017-09-08,71.24455261230469,71.36539334129506,70.700769331848,70.82161006083837,4302600
2017-09-11,71.79698181152344,71.81424195354391,71.40856605545646,71.56393367494866,6286200
2017-09-12,71.95232391357422,71.96095727418617,71.67611564191331,71.81421648508145,6984800
2017-09-13,71.68473052978516,71.99546557849463,71.54662313688185,71.86599154397852,5873800
2017-09-14,71.77971649169922,71.8919238700557,71.39992754137494,71.48624141590504,6373800
2017-09-15,71.55009460449219,71.95727021045728,71.47212818270198,71.95727021045728,7091300
2017-09-18,71.5328140258789,71.81870429711884,71.42019359004274,71.62811078295888,7783100
2017-09-19,70.96969604492188,71.65409699833205,70.89172957900372,71.56746538856694,7329200
2017-09-20,71.03899383544922,71.11696029023733,70.52786278410349,70.99567473196657,5101800
2017-09-21,70.67510986328125,71.07362034504662,70.64045591579321,70.99564731080739,4527900
2017-09-22,70.67510986328125,70.77040656648217,70.3112533290039,70.57981316008032,6473300
2017-09-25,70.46720886230469,70.90037343099719,70.36325359594123,70.57983588028748,12439300
2017-09-26,70.35457611083984,70.86571364919746,70.32858729880847,70.66645507434757,4579400
2017-09-27,70.32861328125,70.53653046388024,70.02539934625423,70.53653046388024,5384700
2017-09-28,70.38925170898438,70.62315769876139,70.16400425283669,70.26796614249739,4229000
2017-09-29,70.80509948730469,70.83974684429904,70.22465380934058,70.39792364215386,6902700
2017-10-02,71.52413177490234,71.53279691699214,70.9350276945655,71.01300075424007,8764900
2017-10-03,71.5068130493164,71.73206049227296,71.22958796935727,71.62809860870057,5141700
2017-10-04,71.85334777832031,71.87933659744611,71.54146872967581,71.61077665372291,3291100
2017-10-05,71.90534210205078,71.91400724695926,71.57613930078742,71.85336445173787,7709600
2017-10-06,71.81001281738281,72.08723784279107,71.697392422849,71.77535886301104,4035900
2017-10-09,71.35953521728516,71.8186886140953,71.24690819647492,71.80135832955513,4558800
2017-10-10,71.52413177490234,71.52413177490234,71.13428630522999,71.38552254929964,4037700
2017-10-11,71.6627426147461,71.7407090594191,71.46348401797114,71.48081430094271,4031600
2017-10-12,71.58478546142578,71.7493901383871,71.49815385602375,71.63676971232125,4731600
2017-10-13,71.40284729003906,71.4981440257493,71.22958410305696,71.35086965585782,5909600
2017-10-16,71.09097290039062,71.62809939035863,70.96102880646616,71.35087430737423,10219700
2017-10-17,72.04393005371094,72.23451690083157,71.23824373834896,71.23824373834896,8437800
2017-10-18,72.14791107177734,72.53776326588302,72.06127945405456,72.22588415442598,6938700
2017-10-19,72.58973693847656,72.60706061724471,71.95731360556078,72.06127550687484,6410400
2017-10-20,72.6677017211914,72.72834450982542,72.41646542268813,72.61572407652461,6343800
2017-10-23,72.48575592041016,73.04020602872254,72.45110196244481,72.76298097456635,7159600
2017-10-24,72.00062561035156,72.5030981694227,71.58478465570737,72.49443302610968,7145500
2017-10-25,71.89665985107422,72.10458362199336,71.61943476608276,71.93131381289407,6819100
2017-10-26,71.1776351928711,71.59346965326642,70.74447044104369,71.38555242306876,13466900
2017-10-27,71.1602554321289,71.23822847022859,70.89169558775609,70.92634953695983,6122000
2017-10-30,70.39791870117188,70.96969258540415,70.24197916736892,70.926380087417,5884000
2017-10-31,70.26795196533203,70.5711658203735,70.14666642331544,70.35458355112011,6548600
2017-11-01,70.44121551513672,70.73577083987739,70.25062205963975,70.38923788529804,7427800
2017-11-02,70.12068176269531,70.58850028514556,69.9647422552119,70.57117000122145,10200300
2017-11-03,70.70114135742188,70.74446047032706,70.0427291767613,70.0427291767613,6862700
2017-11-06,70.48454284667969,70.66647118193333,70.43256521076925,70.58850472806768,4853200
2017-11-07,70.63182067871094,70.73578256518759,70.38058441023462,70.60583185948364,4439800
2017-11-08,70.79640197753906,70.87436840948519,70.46719275048137,70.55383093206409,6186200
2017-11-09,70.80509948730469,70.8744008108617,70.37193481962395,70.62316451045868,7086400
2017-11-10,70.34590911865234,70.63179926260344,69.9040861066175,70.63179926260344,4826300
2017-11-13,70.41522979736328,70.55384562911846,69.91275732160076,70.11201592735716,4704000
2017-11-14,70.12933349609375,70.25928417465907,69.8087959798075,70.18131773325952,7430100
2017-11-15,69.93008422851562,70.1466664979996,69.68751314422418,69.86944145744276,4952300
2017-11-16,70.6578140258789,70.74445224161185,70.03405588618182,70.03405588618182,4780500
2017-11-17,70.38059997558594,70.60584747465062,70.26797953083805,70.33728747048394,6129800
2017-11-20,70.0860366821289,70.43256969927215,69.973409651056,70.37192691698965,4898500
2017-11-21,70.70114135742188,70.86574605497918,70.44123989912809,70.46722872304375,7974500
2017-11-22,70.67510986328125,70.96965850258253,70.56248288155398,70.7010986715061,4853100
2017-11-24,70.83973693847656,70.86573236693972,70.61449610166814,70.77043562461024,1650600
2017-11-27,70.90037536621094,71.02166752955692,70.7790898124319,70.83973258932143,4241400
2017-11-28,71.42018127441406,71.4808240539561,70.88305479163654,71.07364827293073,8290400
2017-11-29,71.77535247802734,72.03525380791243,71.4808038064186,71.4808038064186,8144600
2017-11-30,72.31251525878906,72.52909760634284,71.78405380199233,72.00063614954611,10639600
2017-12-01,72.16522216796875,72.46843605413997,71.18626598031548,72.27784258009892,15315400
2017-12-04,71.28156280517578,72.59838684040926,71.28156280517578,72.58105655571127,9770300
2017-12-05,71.1602554321289,71.68005145105516,71.09961267341359,71.32486003845547,13240800
2017-12-06,71.09961700439453,71.43748476775582,70.7877380521279,71.20357885833853,8533000
2017-12-07,71.11695861816406,71.25557445839569,70.83973354726788,71.05631584045449,3979200
2017-12-08,71.91397857666016,71.92263710854773,71.27289030039827,71.32487453955534,8444100
2017-12-11,72.2171859741211,72.2605050679506,71.8619879115032,71.97461491163362,6588600
2017-12-12,72.5030746459961,72.61569503425497,72.24317330747179,72.24317330747179,6068600
2017-12-13,72.75432586669922,72.96224301471108,72.46843565720356,72.49442447450917,8459800
2017-12-14,72.01792907714844,72.91025352008106,71.94862777879543,72.81495679908404,6772100
2017-12-15,72.81031036376953,72.83640307019682,72.28843632725854,72.28843632725854,8012200
2017-12-18,72.83642578125,73.23652955519734,72.79294013564144,73.0451807697368,5655400
2017-12-19,72.74943542480469,73.20173118659424,72.71464293266784,72.94949059559417,4777100
2017-12-20,72.51460266113281,73.01907726463007,72.5059028781099,72.9060066292926,4686700
2017-12-21,72.3493423461914,72.78423860779726,72.29715691831561,72.74074632724056,4304200
2017-12-22,72.11450958251953,72.33195773834285,71.94054707626623,72.24497316722065,7023600
2017-12-26,72.13188171386719,72.22755940571734,71.97531882138414,72.05359694963107,2504100
2017-12-27,72.253662109375,72.44501751954391,72.1753839703005,72.18407711731538,4053300
2017-12-28,72.35801696777344,72.48848049209565,72.13186913230159,72.38410967263788,5380600
2017-12-29,71.91445922851562,72.59289645886147,71.83617443640335,72.47982579913433,4877200
2018-01-02,72.72334289550781,72.75813538773116,72.0796983793494,72.18406922003005,6708900
2018-01-03,73.419189453125,73.47137488056264,72.5059046570248,72.71465300276562,7606500
2018-01-04,73.5235595703125,73.79319312402197,73.34090394012316,73.6540297735878,7762500
2018-01-05,74.1498031616211,74.21938814725482,73.61922925914558,73.75839923041302,7579300
2018-01-08,73.88018035888672,74.15851370582429,73.50616930181525,74.06283599569039,5167300
2018-01-09,74.74995422363281,74.90651710692228,74.0367247855339,74.1063031278935,6962900
2018-01-10,74.61949920654297,74.63689213666889,74.06283253865142,74.49772878769107,10835800
2018-01-11,74.94132995605469,74.95872288737267,74.54121953984446,74.74997453160385,4247800
2018-01-12,75.51539611816406,75.60237405425033,75.01961458288206,75.08049980174155,5391700
2018-01-16,75.8893814086914,76.4982333902395,75.76761101238179,75.98505909664738,8920000
2018-01-17,76.6199951171875,76.78525776604674,76.04593569039396,76.23729104465453,7214600
2018-01-18,76.63740539550781,76.71568352265862,76.193809433686,76.62870561382803,7954800
2018-01-19,76.92444610595703,76.95053881759841,76.54173530591076,76.933139252511,4802400
2018-01-22,77.42891693115234,77.47240920577445,76.75917969950196,76.89834966950119,11152500
2018-01-23,77.05487823486328,77.56805901978899,76.98529991086258,77.42019595680533,7637600
2018-01-24,77.28104400634766,77.56807705604817,77.01141051868336,77.43760688473078,8291100
2018-01-25,77.94207763671875,78.02035574750008,77.35931846983216,77.65504462521186,6339300
2018-01-26,79.62078857421875,79.63818150052268,78.2813076252022,78.29870055150613,9784400
2018-01-29,79.40335083007812,79.83824704014363,79.39465104779975,79.41205061235651,12643800
2018-01-30,77.73335266113281,78.37699720790532,77.60288246808697,77.83772350677773,14270600
2018-01-31,76.62872314453125,78.35960847940214,76.3590895746744,78.13346719190504,15858400
2018-02-01,76.6548080444336,77.00272635986892,76.14163367205869,76.3329890773476,12848700
2018-02-02,75.57625579833984,76.69828871187214,75.55886287139646,76.02855153073479,10539200
2018-02-05,72.22754669189453,75.6632233039676,71.64478749756108,75.20223448946538,34979800
2018-02-06,73.02775573730469,73.34088147485483,70.80108972449318,70.83588221044188,33313400
2018-02-07,72.94078063964844,73.96713578856458,72.56676969633183,72.81901025214893,17338000
2018-02-08,70.40968322753906,73.15823004946475,70.34879803267305,72.9233824149897,20252500
2018-02-09,71.40995025634766,72.01880887994447,69.20067690190224,71.05333884531706,35535700
2018-02-12,72.07970428466797,72.63637093386909,71.22730474533444,71.87094931422511,13389200
2018-02-13,72.13188171386719,72.29714438815186,71.21859706838447,71.662193036418,8415200
2018-02-14,72.94947814941406,73.07994167768166,71.60129751208436,71.67088248448587,10110800
2018-02-15,73.75839233398438,73.78448504215997,72.70593777365023,73.44526656389947,9519100
2018-02-16,74.28897857666016,74.81085273517614,73.39308675195292,73.39308675195292,9323000
2018-02-20,73.47136688232422,74.17589661999685,73.26261855930817,73.9323558038132,8872100
2018-02-21,73.16693878173828,74.44552803034829,73.15823899969635,73.46266501127016,9417400
2018-02-22,73.05386352539062,73.92365594572004,72.87990769572055,73.4017818207203,6316100
2018-02-23,74.21940612792969,74.24549884486629,73.16695785021014,73.4887768737496,5498500
2018-02-26,75.15875244140625,75.24573034028906,74.34984537341838,74.34984537341838,6266100
2018-02-27,74.37596130371094,75.411009904795,74.37596130371094,75.15877591007018,7460700
2018-02-28,73.18433380126953,74.71517032091758,73.16694087267798,74.61949262369022,6279000
2018-03-01,72.01880645751953,73.42786576315655,71.47083305111514,73.05385480163797,12720300
2018-03-02,72.74943542480469,72.90599832142578,71.61870265632012,71.62740243835167,11206000
2018-03-05,73.41046905517578,73.6279171230904,72.26234352202609,72.41890639636415,11028800
2018-03-06,73.30609893798828,73.69750948104216,72.94078773992925,73.57573244570008,9573300
2018-03-07,73.68013763427734,73.75842242673247,72.65378199936414,72.67987471818533,6868200
2018-03-08,74.17588806152344,74.23677325854436,73.75839146366243,73.8801618577043,6403000
2018-03-09,75.24571990966797,75.27181261211699,74.34983506698555,74.62816828642073,8253100
2018-03-12,74.92390441894531,75.38489325297785,74.83692652052208,75.27182264862648,5760200
2018-03-13,75.01957702636719,75.54145101761391,74.85431438534371,75.2109323715548,6400700
2018-03-14,74.65430450439453,75.45451214720829,74.41076362492872,75.28055627215879,9416400
2018-03-15,74.53251647949219,75.1326687520072,74.43683877999173,74.9152206415043,5883100
2018-03-16,74.53251647949219,74.93402590201323,74.52378613180797,74.52378613180797,7067700
2018-03-19,73.32797241210938,74.48885535042253,72.73443542424813,74.39284818379892,7190200
2018-03-20,73.43272399902344,73.69458114888447,73.01376055041052,73.49382311275049,5534400
2018-03-21,73.11849212646484,73.9564322740375,73.05739301771511,73.55491623447821,5498700
2018-03-22,71.01493072509766,72.46385528732515,70.89273250874004,72.41148652582997,14648500
2018-03-23,69.53981018066406,71.2331377145663,69.48744142289071,71.08475512800656,11049000
2018-03-26,70.98003387451172,71.07604773430356,69.52237859847935,70.32539755373377,9183500
2018-03-27,70.14209747314453,71.4426397155725,69.74058801102935,71.23315796562213,10948400
2018-03-28,70.51742553710938,71.19824624777645,70.24684465448657,70.34285185533253,10146800
2018-03-29,71.04984283447266,71.56482006167475,70.41266073611263,70.89272989647314,6914900
2018-04-02,69.43508911132812,71.1196866981765,68.72807741741265,70.75308532902221,11364900
2018-04-03,70.49122619628906,70.62215476502142,69.38270519489926,69.81040563004518,8590700
2018-04-04,71.49501037597656,71.69576176398367,69.64456950688287,69.64456950688287,9085800
2018-04-05,71.442626953125,71.80922161487618,71.1720461303044,71.74812250458432,8031300
2018-04-06,69.7231216430664,71.19823743989632,69.09467644432938,70.84909677883961,12171800
2018-04-09,70.41265106201172,71.39024328184065,69.89767390556311,70.09842522918464,6952600
2018-04-10,71.59973907470703,71.87905024128457,70.86654975967978,71.1109461980222,8097800
2018-04-11,71.01493072509766,71.49499990314783,70.91891688948762,71.06729948659283,6205800
2018-04-12,71.49501037597656,71.83542069416629,71.34662109783146,71.3989965263021,5096900
2018-04-13,71.4600830078125,71.8965070985079,71.07602767702355,71.83540799218267,7837000
2018-04-16,72.02742767333984,72.28928478666151,71.81794597826432,71.9837892606549,7217200
2018-04-17,72.58604431152344,72.7431505616998,72.20198905295393,72.57731396674635,6500900
2018-04-18,72.64716339111328,72.90028352556371,72.298022756304,72.76936161440098,4704500
2018-04-19,72.03617095947266,72.586069664366,71.77432045841773,72.51624020036299,5833600
2018-04-20,71.65210723876953,72.20200587974918,71.41644114928071,72.0972616959189,5250500
2018-04-23,71.93141174316406,72.1583474438207,71.6608243165316,71.84412160981682,9257300
2018-04-24,71.39025115966797,72.21073055362227,70.8490829080147,72.15835513617007,8904800
2018-04-25,71.71321868896484,71.74812676037058,70.80545566842433,71.30297892725572,8068800
2018-04-26,72.62096405029297,72.90027519435937,71.92268951977846,71.92268951977846,9463300
2018-04-27,72.91776275634766,73.03123066130128,72.4115090401446,72.5686220327833,6663300
2018-04-30,71.80049896240234,73.27560797766054,71.79176861529089,73.23196956071065,7241000
2018-05-01,71.76557159423828,71.96632292732045,71.1633042763868,71.7132028393999,8498000
2018-05-02,70.7792739868164,71.44264063942639,70.6221676668006,71.39027186608779,11594300
2018-05-03,70.14209747314453,70.46505377626761,69.22560399574144,70.45632342772245,13524100
2018-05-04,70.70072937011719,70.93639553792309,69.66203751135617,69.9326250780141,7889500
2018-05-07,70.59597778320312,71.20697567253471,70.41268041419514,70.92766444462183,5886700
2018-05-08,70.06352233886719,70.48249240648526,69.64455893055242,70.42139329863505,9522300
2018-05-09,70.46502685546875,70.77052234478856,69.81039081008251,70.19443942838359,11340200
2018-05-10,71.40772247314453,71.72194841668811,70.72690181523495,70.76181654888474,7845500
2018-05-11,72.47257995605469,72.61223885483784,71.33788137030426,71.46880326378493,10434000
2018-05-14,72.95270538330078,73.25820113596627,72.45518182630043,72.60356452626539,11837600
2018-05-15,72.00999450683594,72.55988661299291,71.77432836399865,72.47260310302742,8806800
2018-05-16,72.4114990234375,72.66462584652392,71.96634449598868,71.9750748441791,7013600
2018-05-17,72.43768310546875,72.5598813424052,72.02744331319445,72.34166925368947,6610400
2018-05-18,72.62096405029297,72.76935329815868,72.24563907614409,72.49004215409228,5838900
2018-05-21,72.69081115722656,73.101050956441,72.586073614826,72.96139202083414,6406500
2018-05-22,72.55113983154297,72.92646479830853,72.43766531133068,72.83917465682129,5770200
2018-05-23,72.78681945800781,72.81300384161045,72.15836761432823,72.24565111277171,8360500
2018-05-24,72.49877166748047,72.86537298421392,72.17582208516033,72.74316810576711,7166500
2018-05-25,72.39403533935547,72.84791349520783,72.27183711819123,72.52495724824315,6853300
2018-05-29,71.65210723876953,72.05362328046719,71.1982290941119,71.92269471550522,18236800
2018-05-30,72.7257080078125,72.8915512882385,72.06234154541147,72.14090134219855,13167700
2018-05-31,71.93141174316406,72.64714688521684,71.90522070757856,72.5860477874551,11543500
2018-06-01,72.76062774658203,72.7868121275476,72.14090631295102,72.21945945584774,8037800
2018-06-04,73.03121185302734,73.13595604091273,72.61224842009322,72.84791451870571,7230800
2018-06-05,72.8828353881836,73.21451535547489,72.53369472512186,73.05740239006232,5444400
2018-06-06,73.70332336425781,73.78187652628259,72.83919862615522,73.13597055440496,7218900
2018-06-07,73.79933166503906,73.99135271084822,73.44146064018094,73.92152990296513,7405600
2018-06-08,74.22702026367188,74.27938903071755,73.65093718895326,73.77313541826254,6247100
2018-06-11,74.36666870117188,74.72453968237481,74.06117314362284,74.23574679029636,7074400
2018-06-12,74.32304382324219,74.44524206852238,73.99135716379173,74.44524206852238,6829200
2018-06-13,74.3404769897461,74.82054614663848,74.24446315836761,74.45395151372232,10379200
2018-06-14,74.72453308105469,74.7681781536933,74.27937864549271,74.48886034369119,9379800
2018-06-15,74.86995697021484,74.9050010476357,74.29174640270676,74.63341780259208,9349300
2018-06-18,74.15156555175781,74.41439277433064,73.84493824807214,74.41439277433064,7342600
2018-06-19,74.34432220458984,74.37060359626732,73.52956564271066,73.64345390130488,6431700
2018-06-20,74.50202941894531,74.67724318142444,74.2830088738581,74.44070393367996,5900800
2018-06-21,74.07275390625,74.44070683216908,73.89753345297173,74.43194413851096,7423400
2018-06-22,74.4056625366211,74.69477127075147,74.15159789304987,74.34433704913678,9829800
2018-06-25,73.72232055664062,74.41442631633731,73.16162846746452,74.12531757798739,9925100
2018-06-26,73.4945297241211,73.8362012218377,73.39816015461372,73.78363843264323,5560100
2018-06-27,72.87250518798828,73.87123819029257,72.8199424038593,73.49452264142512,7420500
2018-06-28,72.9688949584961,73.15287143787933,72.09281266582688,72.60094199972961,9026900
2018-06-29,73.11779022216797,73.76608891808803,73.06522745016673,73.19664106414388,6479300
2018-07-02,73.34559631347656,73.38939640918503,72.46951419159362,72.71481611628465,9364700
2018-07-03,73.52080535888672,73.8624768298358,73.32806623497171,73.60841222867289,3023100
2018-07-05,74.28299713134766,74.36184130680675,73.68726107552415,73.86247481030584,7458600
2018-07-06,75.35182189941406,75.48323554877969,74.55458399484488,74.64219086643,9822500
2018-07-09,75.90374755859375,76.05267990152946,75.62340157260721,75.64968296442227,7874400
2018-07-10,76.1928939819336,76.22793808303946,75.85122235112502,76.05271757751015,6122900
2018-07-11,75.58834075927734,75.85992399322555,75.53577798728067,75.78107983523054,6434500
2018-07-12,76.42939758300781,76.48196705208278,75.92127506443846,75.96507515736259,4461600
2018-07-13,76.56956481933594,76.73601584702112,76.21913069772383,76.26293746941595,6048700
2018-07-16,76.1052474975586,76.63089537285971,76.00011524890822,76.63089537285971,5388500
2018-07-17,76.5257568359375,76.6396517669436,76.04391577482836,76.07895317085736,5849300
2018-07-18,76.58708953857422,76.6046149222188,76.31550624786222,76.54328944741366,7575700
2018-07-19,76.15782165527344,76.56081864266413,75.82491284411844,76.403123588122,5204000
2018-07-20,76.0088882446289,76.12277651645766,75.7898677098977,75.94756276226322,4822600
2018-07-23,76.16658782958984,76.26295740532453,75.87747910238579,75.9650859846964,3824600
2018-07-24,76.85868072509766,76.99008768462669,76.5170025783955,76.56957204618269,6467100
2018-07-25,77.83985900878906,77.85738438610673,76.73599417683278,76.81484500681617,9285900
2018-07-26,77.62085723876953,77.89244718069425,77.45440621807819,77.70846409449781,5763000
2018-07-27,77.06018829345703,77.65592444741186,76.77984226124161,77.65592444741186,5742900
2018-07-30,77.10396575927734,77.25289807014367,76.87618260596913,76.99883353067953,5531200
2018-07-31,77.90998077392578,78.01511303128484,77.27043790528275,77.38433285508238,6719100
2018-08-01,77.9274673461914,78.21657592175056,77.86614189234308,77.86614189234308,5733000
2018-08-02,78.21662139892578,78.38307916357117,77.55955971824397,77.59460380995759,5666200
2018-08-03,78.68092346191406,78.74224893547539,78.1728009741097,78.2779265379432,5884800
2018-08-06,78.82109069824219,78.99630440706608,78.35676835428178,78.63711429878474,4751100
2018-08-07,78.82984161376953,79.09266213774688,78.72470939379446,78.82984161376953,5170300
2018-08-08,78.9524917602539,79.066379984472,78.6633831711155,78.83859685206232,5020400
2018-08-09,78.86490631103516,79.1802963961944,78.78606213173327,78.9612758750547,5680300
2018-08-10,78.52323150634766,78.98756060603348,78.2516482105116,78.5758009742978,5389500
2018-08-13,78.54949951171875,78.92620827924912,78.3479977513437,78.61082497201136,6563900
2018-08-14,78.9174575805664,79.0576272061012,78.58454218746941,78.66339303256187,5497700
2018-08-15,78.78604888916016,78.88241843698164,78.28668245225553,78.67216064354146,6840600
2018-08-16,79.55699920654297,79.66213144606813,78.91746313036224,79.01383267893327,6916700
2018-08-17,79.80229187011719,80.047600400694,79.31168817691162,79.4956645618637,5455300
2018-08-20,80.06511688232422,80.21404918736076,79.94246596241486,79.98627272694272,8144900
2018-08-21,80.06511688232422,80.30166271641644,79.89865919788701,80.26661864158893,6395900
2018-08-22,80.14399719238281,80.31921094697645,79.78480030629667,79.88116987651607,3954300
2018-08-23,80.1176986694336,80.31043778474681,79.9249662380958,80.1001799698485,6058300
2018-08-24,80.50318145751953,80.50318145751953,80.15274729019988,80.3016863229944,4028900
2018-08-27,80.79227447509766,80.85359994118474,80.45060306633039,80.79227447509766,4671300
2018-08-28,80.83607482910156,80.94120706444701,80.66086112083367,80.91492567660428,4954100
2018-08-29,81.36176300048828,81.44936989088595,80.76602678821592,80.85363367861359,5338500
2018-08-30,81.30042266845703,81.57200598430892,81.12520223566865,81.30042266845703,5266100
2018-08-31,81.28289031982422,81.35297848693524,80.94998155201014,81.10767658602218,5808100
2018-09-04,80.63459014892578,81.26537027453016,80.4418510345494,81.21280080807954,6875500
2018-09-05,80.95874786376953,80.95874786376953,80.42433726261027,80.5732696113987,10218900
2018-09-06,80.95874786376953,81.12519891313127,80.46813735603143,80.94998517149497,5940300
2018-09-07,81.08137512207031,81.16021927757015,80.6433342120299,80.7659851321233,5591100
2018-09-10,80.87113952636719,81.4318315565473,80.79229534273696,81.2828991981505,4234000
2018-09-11,80.80105590820312,80.95875095528791,80.45937773620604,80.73096773528187,5683900
2018-09-12,81.20404815673828,81.35298050255756,80.69591895855713,80.85361399647626,11056600
2018-09-13,82.21153259277344,82.21153259277344,81.4756269128366,81.55447108541185,10603800
2018-09-14,81.93992614746094,82.2815974999941,81.79099385204358,82.2815974999941,5929000
2018-09-17,81.64207458496094,81.9487019138612,81.5457050410245,81.93993922332848,5543000
2018-09-18,82.11515808105469,82.3254158620931,81.51942213146727,81.64207306073753,5422900
2018-09-19,82.00128173828125,82.2378276440243,81.91367486666287,82.0626072168117,4186600
2018-09-20,82.79852294921875,82.85108573749338,82.18526145545148,82.23783092770225,5083000
2018-09-21,82.91022491455078,83.0949252911321,82.73432810165741,83.01576702830678,8579100
2018-09-24,83.07730102539062,83.24440763319559,82.74309451981154,82.85742673513391,5392600
2018-09-25,82.82225799560547,83.31478103967767,82.73430960881709,83.19164524613578,5215900
2018-09-26,83.0069580078125,83.65779088219463,82.83106122070141,82.98057416074907,10880500
2018-09-27,83.42912292480469,83.65779412493872,83.02455493074146,83.12130018041229,7168800
2018-09-28,83.68415832519531,83.73692600897847,83.22681603230461,83.26199672483705,5995800
2018-10-01,84.09751892089844,84.4844930995786,83.85125408533567,84.00077369872074,7307100
2018-10-02,84.00078582763672,84.16788574550077,83.84247605121756,84.09753106378352,5572700
2018-10-03,83.84248352050781,84.43174513132914,83.71055757673366,84.28223219306682,6367500
2018-10-04,83.02455139160156,83.81610035060628,82.59359956782266,83.7809196513136,10976400
2018-10-05,82.92778778076172,83.52584611622605,82.40888096865272,83.09489438788627,12291000
2018-10-08,82.89263153076172,83.13009288087574,82.1978277663079,82.82227012701209,11924000
2018-10-09,83.03334045410156,83.32356945348168,82.41768833928582,82.67274335270541,7463900
2018-10-10,81.07205963134766,83.12128990649454,81.01929194169757,83.02454466878156,22549300
2018-10-11,78.88211822509766,81.03688401461388,78.31044361460391,80.85219037922953,46581800
2018-10-12,80.0958023071289,80.39483481661138,79.17232764876394,79.83195048758733,20797300
2018-10-15,79.54174041748047,80.3156956497884,79.48017587297906,79.96389537690948,13909700
2018-10-16,81.7228775024414,81.86360027403178,80.14857672293721,80.15737357366937,13505900
2018-10-17,82.15386962890625,82.35615030843387,81.25677836741993,81.67014329084658,14232300
2018-10-18,81.2215576171875,82.11864843640043,80.57073162777944,82.10985158639978,14455600
2018-10-19,80.4828109741211,81.6437473028765,80.37726886785866,81.36230839620951,11318600
2018-10-22,79.82318115234375,80.6235202494967,79.45378716670244,80.4740073108024,8288300
2018-10-23,79.39220428466797,79.77918517547275,78.1697037905682,78.80294280823757,15424500
2018-10-24,76.77132415771484,79.8143841704705,76.67457891282685,79.35704850284453,17431900
2018-10-25,77.76515197753906,78.3016458833605,75.87423138407273,76.76252556240475,15725100
2018-10-26,76.88565826416016,77.58925884224375,75.94459634924199,77.04396805872734,25507900
2018-10-29,77.07913970947266,78.34561791732445,75.99736183195893,77.7739433535007,14024300
2018-10-30,77.9058609008789,78.02898996783198,76.69215051229736,77.087928264673,15432000
2018-10-31,78.01141357421875,78.84694009680322,77.94984902708367,78.53032050867073,13460700
2018-11-01,78.99642944335938,79.12835535068236,78.24885824856968,78.2752420880282,9668500
2018-11-02,78.50391387939453,79.89351421289851,77.98500709552997,79.76159501448674,12953000
2018-11-05,79.19873046875,79.55052400260033,78.60946220848444,78.60946220848444,7783500
2018-11-06,79.60328674316406,79.69123511374701,78.97884458898542,79.09317679974019,7980500
2018-11-07,81.94275665283203,82.01311804279372,80.28930424892108,80.34207193637663,13310600
2018-11-08,81.98672485351562,82.28575066172009,81.67890219506083,81.79323440819242,7345600
2018-11-09,81.74928283691406,82.0219316010434,81.35351168032024,81.89000564550119,8486500
2018-11-12,80.64109802246094,81.74925963035761,80.45640442114482,81.62613056281354,8423200
2018-11-13,80.07823944091797,81.23917571858053,79.8407713897867,80.91375927111758,14227000
2018-11-14,79.4361801147461,80.57952906202328,79.05799608234184,80.57073221195884,11664000
2018-11-15,80.1397933959961,80.23653863218233,78.1257438490772,78.87331518412668,15563900
2018-11-16,80.94893646240234,81.33591744152451,79.95510687787669,79.99907771912005,11323200
2018-11-19,79.91991424560547,81.08085029959436,79.56811401802645,81.02807590393721,8821000
2018-11-20,79.17234802246094,80.00787452599785,78.98765438526618,79.4186129154195,11604300
2018-11-21,78.72380065917969,79.43619128386213,78.70620695657705,79.42739443256082,9345100
2018-11-23,78.8381576538086,79.3130871228115,78.2576927761608,78.3016636264183,3939500
2018-11-26,79.60328674316406,79.81436417456925,79.13715434004695,79.47136083227437,7141200
2018-11-27,80.43001556396484,80.43001556396484,79.04920524024664,79.3394409241569,9262000
2018-11-28,82.36494445800781,82.39132831012033,80.64992026032506,80.66751396842247,11870400
2018-11-29,82.6375732421875,83.12129948650346,82.05710845904088,82.17144070313714,8796000
2018-11-30,84.3174057006836,84.3174057006836,82.49684661996523,82.5847950049695,15875900
2018-12-03,83.91284942626953,84.26464301518907,83.42912317645626,84.26464301518907,12158200
2018-12-04,82.03950500488281,84.36137728162238,81.88999207805476,83.89524479796331,15011300
2018-12-06,81.73167419433594,81.73167419433594,79.27787622725383,81.01928361712957,18492900
2018-12-07,79.64727783203125,81.61735672634526,79.25150670872681,81.50301777647738,14930800
2018-12-10,79.95509338378906,80.25411920989319,77.96742784016546,79.69124154073039,15372000
2018-12-11,80.20135498046875,81.16000374548823,79.6296804359006,80.62350989551226,13632300
2018-12-12,80.88735961914062,81.94275358897877,80.83459193365807,81.08964022017784,12581000
2018-12-13,80.96651458740234,81.55578284379567,80.42123058749858,81.10723736804299,11567100
2018-12-14,78.24008178710938,80.24533462886478,78.00262046007292,80.17497994198533,19422700
2018-12-17,76.68336486816406,78.08176222913958,76.15566116738789,77.43093616422193,22089500
2018-12-18,76.01493835449219,77.48369697321559,75.2849541152354,77.34298091952081,24712500
2018-12-19,75.02113342285156,77.07915418713404,74.34391664449568,76.16447605521975,23075600
2018-12-20,73.96571350097656,74.98593347824645,73.43801652067852,74.67811079890852,25321600
2018-12-21,73.0468978881836,75.33513201162762,72.89670632018297,74.08057878393657,28909200
2018-12-24,71.2975845336914,72.83486078436485,71.25341411253848,72.5609745150673,14235500
2018-12-26,74.40750122070312,74.4781820121491,71.21810296698472,71.56266339966974,20575100
2018-12-27,75.2291030883789,75.27327350194926,72.53445846255556,73.53280552416587,14045700
2018-12-28,75.31746673583984,76.36882121438745,75.00824681288137,75.71503424528807,15770600
2018-12-31,76.43064880371094,76.50132281344905,75.68851440731832,75.74152834023108,10163100
2019-01-02,75.27327728271484,75.82987979365411,74.45163205557907,75.25561046449683,14179900
2019-01-03,73.74485778808594,75.53834010628321,73.55048905085471,75.37931175222937,17668000
2019-01-04,75.94474029541016,76.35998134967946,74.5753359089027,74.61066954968057,16262600
2019-01-07,76.23628234863281,76.95190642933143,75.74153056350661,75.97123289775091,12387200
2019-01-08,76.82823944091797,77.08445218253239,75.98009040341302,76.84591300405793,13371000
2019-01-09,77.17276763916016,77.6233489447391,76.94305859742568,77.16393086127015,11259700
2019-01-10,77.3229751586914,77.37598909651334,76.43948592052291,76.8282233422732,10396800
2019-01-11,77.57919311523438,77.6056967157013,76.81939177957025,76.96075330271168,7187900
2019-01-14,76.7221908569336,77.14626859433164,76.71336081900955,77.11092822117456,5449000
2019-01-15,78.10045623779297,78.11812305815216,76.81056265593944,76.82822947629863,10540600
2019-01-16,77.95909118652344,78.54219733932798,77.9060839873551,78.20646710329329,8288900
2019-01-17,78.64820098876953,78.97509440010339,77.68520105288803,77.74704502362825,8731600
2019-01-18,79.584716796875,79.62888721704644,78.63938352695524,79.23131973306171,13367500
2019-01-22,79.03694915771484,79.17831067612092,78.4891833846236,79.02811237769242,12244500
2019-01-23,79.12527465820312,79.55818913215975,78.26828922833292,79.18711862012746,7722800
2019-01-24,78.4626693725586,79.11645619769278,78.09160554671743,79.04577544786953,11307000
2019-01-25,78.55986022949219,78.8514132913116,78.33015788425979,78.8514132913116,7241900
2019-01-28,77.66754913330078,78.10045701151914,77.29647849719647,78.02093946789373,7113800
2019-01-29,78.04743957519531,78.1092902955178,77.44667333708477,77.66754565656245,11099200
2019-01-30,79.11646270751953,79.33733501352546,78.14461916870316,78.33898787646643,11706500
2019-01-31,80.10597229003906,80.29150423204214,78.94860347733436,79.02811427798352,13409900
2019-02-01,80.1766357421875,80.36216764413744,79.62887007417798,80.20313933668221,9386500
2019-02-04,79.94694519042969,80.1854910770603,79.26666139251513,80.1854910770603,9308600
2019-02-05,79.83209228515625,80.53004962875671,79.81441872479313,80.07946820633346,8921400
2019-02-06,80.19432067871094,80.22966105951822,79.59354768596397,79.69073204806189,6135900
2019-02-07,79.31082153320312,79.80558006259021,78.88675049714287,79.67305533613853,9511700
2019-02-08,79.46102905273438,79.46985909249979,78.88675966502969,79.00161084637527,7284200
2019-02-11,79.36383819580078,79.69072489306403,79.14296589095251,79.63771769685655,5017400
2019-02-12,80.45052337646484,80.4947005321006,79.56703418765065,79.70839569329496,9093200
2019-02-13,80.62722778320312,80.8657669058378,80.26499396901262,80.60955422420038,6435600
2019-02-14,80.81278228759766,81.17500946250081,80.30919356312958,80.42404476678382,6938600
2019-02-15,82.031982421875,82.07615958429014,80.81276958078733,81.42237937157547,8234200
2019-02-19,81.83760833740234,82.15566501261281,81.80226795788028,81.81110473788284,6284100
2019-02-20,81.74042510986328,81.84644624989649,81.33402085046839,81.63441071031833,6959900
2019-02-21,81.02478790283203,81.50187284541978,80.66256086190573,81.44886565418354,8368500
2019-02-22,81.76691436767578,81.83758836898726,81.08662402372141,81.18380835857204,6488100
2019-02-25,81.88179016113281,82.37654202164785,81.81994617856843,82.18217329344878,7652600
2019-02-26,81.59024047851562,81.91713396601035,81.49305611035471,81.69626162755173,7288000
2019-02-27,81.21031951904297,81.59905689466916,80.93644004466296,81.31634064161933,9827600
2019-02-28,80.9717788696289,81.50187099139423,80.88343130608253,81.06012643317528,9464100
2019-03-01,82.12033081054688,82.23518873775578,81.40470660773498,81.47538737209604,10795200
2019-03-04,81.00711822509766,82.56205419733618,80.45051577482512,82.41186266714615,15208400
2019-03-05,80.96295166015625,81.25450472075634,80.54771064787509,81.04246919508711,13591700
2019-03-06,79.77906799316406,81.07779130110575,79.55819571936293,80.9717769235928,11662400
2019-03-07,79.15181732177734,79.8321079792404,78.87793774670216,79.66424282523192,14430700
2019-03-08,78.98394775390625,79.02811817628294,78.30365719251589,78.7277350383621,11531200
2019-03-11,79.88510131835938,79.95578208045713,78.96627163255407,79.1959807391275,9694300
2019-03-12,80.46820831298828,80.65374026001467,79.9734497137627,80.08830763846133,8981600
2019-03-13,81.33401489257812,81.55488719610173,80.65373116354003,80.70673835942961,10098300
2019-03-14,81.20147705078125,81.41351252298908,80.90992406369166,81.3074914166421,9283800
2019-03-15,81.5748062133789,81.70782442937457,81.06047948542988,81.34424852227977,10219400
2019-03-18,81.45067596435547,81.73444506489786,81.15803717659924,81.65463817674016,7183500
2019-03-19,82.09801483154297,82.3285725379177,81.44179339330977,81.7344321347715,11308700
2019-03-20,81.5304946899414,82.09803292633151,81.21125358627329,82.00048665767795,11123700
2019-03-21,81.84973907470703,81.97388764604476,80.73239516707784,80.84767405029437,7398200
2019-03-22,80.3599624633789,81.79654095446656,80.34222308426452,81.49503916543017,12162600
2019-03-25,80.3155746459961,80.57274137070543,79.73916693651564,80.50179742618141,9893300
2019-03-26,80.86540222167969,81.37972904641715,80.29786404117789,80.78558857082758,8107200
2019-03-27,80.19146728515625,80.95409816625197,79.63279865785654,80.76787529048539,10817400
2019-03-28,80.39543151855469,80.61712639024857,79.97864407727569,80.43089674430601,6726800
2019-03-29,81.36202239990234,81.43296638649967,80.69693774813203,80.8742909490344,10120900
2019-04-01,81.48617553710938,81.98276993979759,81.2999526361013,81.85862133912555,9082000
2019-04-02,81.29993438720703,81.62804519567207,81.14918351531357,81.50389662286688,7002200
2019-04-03,81.19351196289062,81.70784558962649,80.95408452456284,81.6635039176154,7398700
2019-04-04,81.02501678466797,81.36199044025288,80.55501813227318,81.26444418839625,9212400
2019-04-05,81.58369445800781,81.72558239150447,81.16690711034765,81.22011170261437,6262000
2019-04-08,81.56597900390625,81.64578590909116,80.9895709926279,81.52163732396542,5961200
2019-04-09,81.35310363769531,81.53046349720452,81.06047170928211,81.28216645947849,7207600
2019-04-10,81.3797378540039,81.60143269118072,81.23785667631729,81.45068182564196,5433400
2019-04-11,80.37767791748047,81.6014309570784,80.02296483241764,81.5570960499389,8534200
2019-04-12,79.64165496826172,80.714657219872,79.50864347203759,80.68805492062717,11659000
2019-04-15,79.96088409423828,80.02295837169345,79.58843842950725,79.73918927967141,7921900
2019-04-16,78.32036590576172,80.723537561486,78.18734762639292,80.62599127432159,14857100
2019-04-17,76.06793212890625,78.60412163010452,75.66888412466027,78.5863890198314,34381800
2019-04-18,76.19206237792969,76.66205424144219,75.0658558426594,76.29847831075038,35300900
2019-04-22,76.23640441894531,76.6797939928458,75.82848682282741,76.06791421587496,18717700
2019-04-23,77.44244384765625,77.85036154515227,76.07680280877497,76.2098210671212,30503400
2019-04-24,77.35377502441406,77.62867449114293,77.00792481178084,77.46905391823158,14612800
2019-04-25,78.1518783569336,78.38244293149947,76.86605073128308,77.185291906654,16166400
2019-04-26,78.9322280883789,78.9588303851209,78.08978368654348,78.25827392002842,11321700
2019-04-29,78.79034423828125,79.10071565901804,78.45337051942268,78.95883448050532,13264400
2019-04-30,79.1539306640625,79.30468153741761,78.46224381870158,79.02091240174158,11750900
2019-05-01,79.01203155517578,79.57070682490829,78.5686419204491,79.2603286681285,25596400
2019-05-02,79.3490219116211,79.42882880835045,78.47997514222622,78.9322345204618,18927500
2019-05-03,79.95201110839844,79.97861340030352,79.43767757960707,79.57069580472042,13624000
2019-05-06,80.3599624633789,80.56391796405862,78.65734064471118,78.7903589257058,25168300
2019-05-07,78.81694030761719,80.12937662448512,78.3558180569057,79.73919157462916,18011600
2019-05-08,78.9854507446289,79.34903359148659,78.3380987249809,78.78148848031519,13783300
2019-05-09,78.81694030761719,79.07410711178689,77.91242841501085,78.28487409046116,15692300
2019-05-10,78.84356689453125,79.04752238640815,77.15868452769826,78.55979096567553,17771800
2019-05-13,77.36263275146484,78.79921781117446,77.06113100376709,77.50452070256253,17436000
2019-05-14,77.7528076171875,78.2937435197645,77.56658478007576,77.71733563408208,13147000
2019-05-15,77.98338317871094,78.24941294132782,76.9990574961716,77.3449009234865,10587700
2019-05-16,78.59524536132812,79.26919951029842,78.09865112818633,78.15185572014038,15124000
2019-05-17,78.4267807006836,79.04752364093068,77.94791896152557,77.94791896152557,13354100
2019-05-20,78.39128875732422,78.63958587022793,77.8148808791755,78.08978028766334,10757400
2019-05-21,79.12732696533203,79.46430069374101,78.78147678317815,78.83468814651938,11690600
2019-05-22,79.57958984375,79.75694980178525,78.82582862747434,78.89677261068844,9021800
2019-05-23,79.30467987060547,79.30467987060547,78.63959533856939,79.18053129920591,13545300
2019-05-24,79.4199447631836,79.8988063537636,79.22485225232634,79.57956529337693,9986400
2019-05-28,78.2848892211914,79.96977153915998,78.27601953227426,79.49090982148952,20796000
2019-05-29,77.53112030029297,77.91243569859307,76.99018434536515,77.90356601056106,16302700
2019-05-30,77.95677185058594,78.08092041188043,77.6020587759206,77.68186566578598,12457600
2019-05-31,77.39812469482422,77.76170758906234,76.94586519108147,77.45132930740867,10712900
2019-06-03,77.5843276977539,78.24941224677767,77.42470713536461,77.46904881153549,19371000
2019-06-04,78.87014770507812,79.00315917849669,78.13411931274818,78.23166557031426,15837200
2019-06-05,79.46427917480469,79.65050198209548,78.8967410671791,79.4465398032982,24291700
2019-06-06,79.87223052978516,80.19147169597021,79.40223847001015,79.58846135601964,18840900
2019-06-07,80.70580291748047,80.90089548690041,80.10279259636,80.12939489844625,9302700
2019-06-10,80.94522857666016,81.2112651227051,80.65258972912878,80.95409826568576,8552800
2019-06-11,80.81219482421875,81.54822326377995,80.6082393748299,81.3442678143911,8317900
2019-06-12,81.20240783691406,81.22901014246384,80.75014834579358,80.82996202803434,5799200
2019-06-13,81.1048355102539,81.34426971454232,80.78559441492887,81.34426971454232,9031800
2019-06-14,80.91860961914062,81.37973186970012,80.85653533991936,81.14030444001499,5056300
2019-06-17,81.28218841552734,81.33539300495836,80.88313369802859,80.9984125636587,4861500
2019-06-18,81.97389221191406,82.2576613572902,81.53050249941447,81.69012306653792,7979600
2019-06-19,82.70990753173828,82.89613715015963,81.93841382223367,81.99161841858859,6988100
2019-06-20,83.07347106933594,83.64987887013888,82.5946095163114,83.39271210468563,9241200
2019-06-21,83.47247314453125,83.63277475662632,82.51957100442624,82.99156830824603,9026100
2019-06-24,83.03608703613281,83.41902937401562,82.88469296624929,83.3655977715758,6493600
2019-06-25,82.6976547241211,83.48134747173046,82.61750054620352,83.09840523034597,14930600
2019-06-26,81.65570831298828,82.82234344972105,81.486499200532,82.81343591894566,10498400
2019-06-27,82.22567749023438,82.38597909045106,81.7803960223498,81.94069762256649,7416200
2019-06-28,82.50173950195312,82.57298615856838,81.7892865247107,82.26129052894551,9390600
2019-07-01,82.91141510009766,83.18749425418727,82.57300360137145,83.15187091835453,7797200
2019-07-02,83.35669708251953,83.35669708251953,82.51066493364256,82.98266224582382,7952500
2019-07-03,84.06914520263672,84.08695347236491,83.53480878286008,83.54370952049608,4066000
2019-07-05,83.49027252197266,83.9177457068457,83.30325512685813,83.71291324869792,5934300
2019-07-08,82.86687469482422,83.19637859603978,82.48393240316285,83.16966279804448,15202000
2019-07-09,82.94701385498047,83.03606877094305,82.55516407139967,82.5640716013323,5537300
2019-07-10,83.23201751708984,83.45465826803256,82.88469848917573,83.13405504311852,5347300
2019-07-11,83.24981689453125,83.84649236395111,82.68875795942894,83.81086903517833,13691700
2019-07-12,82.32363891601562,82.99156110939882,81.7536791878851,82.97374604601329,11508200
2019-07-15,82.50173950195312,82.69766441041754,82.09208141809803,82.36815371941327,5811100
2019-07-16,82.09208679199219,82.55517650139583,82.03865519326057,82.43940577265882,9092300
2019-07-17,82.10990142822266,82.53737463459552,82.10100069071413,82.26130229379694,9566700
2019-07-18,82.57300567626953,82.70659149038492,81.70025091257813,82.10100835492432,6559500
2019-07-19,81.71805572509766,82.7956360467007,81.64680906058112,82.76001271444242,8105900
2019-07-22,81.54885864257812,81.86055435281446,81.47761196753642,81.80712274376162,5192500
2019-07-23,82.05646514892578,82.18114341150073,81.32620384193436,81.66461529828696,6688600
2019-07-24,82.10099029541016,82.10989103179169,81.19261239480409,81.9317811817873,5430400
2019-07-25,81.7002182006836,82.19003039150556,81.52210838281417,81.87833481300704,6618700
2019-07-26,81.99411010742188,82.14550414053542,81.68241451146623,81.98520257769331,3812400
2019-07-29,82.33253479003906,82.39487391929434,81.90506841641869,82.03865420609587,5887500
2019-07-30,81.9763412475586,82.01195779468452,81.3618504955424,81.7002620489001,7959200
2019-07-31,81.16590118408203,82.22567319653353,80.66718814031927,81.88725495016111,8557400
2019-08-01,81.27278900146484,82.1455370194599,80.78297658716151,81.17482651860418,16422500
2019-08-02,81.08574676513672,81.40634992107145,80.56031117284448,81.15698662632384,15956600
2019-08-05,79.17997741699219,80.4890996143692,78.5387708255254,80.1684963186358,17626200
2019-08-06,80.20410919189453,80.2219242584752,79.14434374188683,79.58071775071353,10135900
2019-08-07,80.23081970214844,80.45346045851286,78.54765612758985,79.55399669480936,12452500
2019-08-08,81.29949188232422,81.37963928585583,80.37330560626357,80.48017560542844,12034800
2019-08-09,81.3974380493164,81.91396608349152,80.69389264989611,81.1569822979621,7253100
2019-08-12,80.6048583984375,81.39745891864665,80.29316270978049,81.09466396791096,7097100
2019-08-13,81.65570831298828,82.08317466783386,80.50688144335108,80.57812810064374,12232500
2019-08-14,79.384765625,81.01449714223476,79.34023476824088,80.8185722436223,16426100
2019-08-15,79.66085052490234,79.96364545100445,79.14432919477314,79.7231896575622,12315200
2019-08-16,80.64045715332031,80.85419030404293,80.15064493869102,80.20407652775808,10239300
2019-08-19,81.4152603149414,81.62009277559683,81.13918798464815,81.27277378120986,6427200
2019-08-20,80.72062683105469,81.61118979855922,80.65828769510762,81.44198066050737,4708800
2019-08-21,81.31729125976562,81.51321617291592,81.07684228100729,81.281667930606,5687100
2019-08-22,80.91655731201172,81.65572625632669,80.59595407819937,81.46870883567894,6486900
2019-08-23,79.04634857177734,81.07683047707197,78.65449880252599,80.77403562052656,9822700
2019-08-26,79.87459564208984,79.93693477874899,79.34915995214304,79.67867069988786,8913900
2019-08-27,79.40260314941406,80.64048521963527,79.3491647472938,80.36440605964131,8252000
2019-08-28,79.9814453125,80.15065442384265,79.01073509248305,79.1265058139803,5691500
2019-08-29,80.58705139160156,80.81859969538067,80.07052996780416,80.58705139160156,4360300
2019-08-30,80.68500518798828,81.12137914876313,80.33768616693901,80.9610843339309,4784100
2019-09-03,80.2129898071289,80.5959320766192,79.92800998758645,80.2129898071289,6437800
2019-09-04,80.26641845703125,80.7829464842804,79.89238373155618,80.73842242331695,9318700
2019-09-05,81.05901336669922,81.23712998205828,80.52467710953033,80.95215019193792,7897400
2019-09-06,81.28167724609375,81.51322551494081,81.1124749062628,81.22824564345831,13166400
2019-09-09,80.53360748291016,81.37963956387345,80.23972008004482,81.35292376260497,10675900
2019-09-10,80.76515197753906,80.77405271457528,79.27790676334433,80.12394559923212,8770700
2019-09-11,81.56664276123047,81.59336535230089,80.7028025613568,80.8987206680224,8124300
2019-09-12,81.53993225097656,82.2701935151165,81.49540818521572,81.93178207862177,9344700
2019-09-13,81.49540710449219,82.1544217013291,81.32619799126107,81.63789362527478,6351000
2019-09-16,81.31729125976562,81.52212370381964,80.95216402617626,81.05012648275141,6668100
2019-09-17,81.44196319580078,81.66460388993305,81.15698337908967,81.2727608884895,3932900
2019-09-18,81.43306732177734,81.53993051288974,80.85420012358284,81.44196805806659,5369800
2019-09-19,81.81600952148438,82.18113674814722,81.37962884339865,81.53102968806878,5058600
2019-09-20,82.27206420898438,82.6565969559116,81.99484530631858,82.00378300966796,8935700
2019-09-23,81.83390045166016,82.32574035540688,81.8070736888873,82.03063914222932,4232900
2019-09-24,81.08271789550781,82.19160746892283,80.79655438490826,82.13794712009548,10542600
2019-09-25,80.68925476074219,81.16321247917865,80.57299634647723,81.0916698892736,7956800
2019-09-26,80.24211883544922,80.98435098602009,79.62507597543922,80.95752422213731,10004500
2019-09-27,79.88441467285156,80.6266536641436,79.58930661761352,80.51039525425652,10017300
2019-09-30,80.59980773925781,81.0916544226993,79.93805596554382,79.99170948640086,8031600
2019-10-01,79.81285095214844,80.99327603786146,79.65188358488417,80.81442643986774,13413900
2019-10-02,78.65032196044922,79.72344020558893,78.30156040701472,79.56247280995177,13385000
2019-10-03,79.3567886352539,79.38361539708944,77.97962467206322,78.54301396131338,11958800
2019-10-04,80.59980773925781,80.64452355508907,79.54457861879064,79.58929443462189,9146600
2019-10-07,80.33152770996094,80.85913882206103,80.15267128178496,80.26892966576813,8247200
2019-10-08,78.8023681640625,79.69663014440633,78.78447910375624,79.66085884647129,10649300
2019-10-09,79.37468719482422,79.60719037368627,79.016981074613,79.2852623704406,7350200
2019-10-10,79.76815795898438,80.04538378465232,79.07063477553774,79.14217736426991,8232300
2019-10-11,80.42990112304688,81.37781636114028,80.39412983559565,80.52827045786889,10773200
2019-10-14,80.3941421508789,80.78761272776579,80.26894603695901,80.3762530930752,4915600
2019-10-15,81.86072540283203,82.14688890386988,81.22580034811293,81.27945387247127,12607900
2019-10-16,81.75340270996094,82.1737067992184,81.61926209086332,81.79811852388525,7851500
2019-10-17,82.36151123046875,82.59402121111884,81.9859229081944,82.0216941992695,7536100
2019-10-18,82.05747985839844,82.48672178110652,81.69082917768615,82.12901563039823,6784700
2019-10-21,81.96802520751953,82.52246305787685,81.80705783939244,82.39726697407521,4948400
2019-10-22,82.14689636230469,83.12163853092059,82.11112506859263,82.59402729969032,8702400
2019-10-23,82.65660858154297,82.89805623674785,82.12005293011804,82.28995801241952,5525000
2019-10-24,82.23631286621094,82.88912697073296,81.94120483994719,82.79969533416141,6892300
2019-10-25,82.32572937011719,82.54929479362733,81.80706277280689,82.02168366902754,5536900
2019-10-28,83.17530059814453,83.3452057184349,82.46883288378459,82.5403754726841,6937900
2019-10-29,84.35572814941406,84.48986880131079,83.16635816403432,83.37204140663292,13768400
2019-10-30,84.82968139648438,84.86545268994757,84.05167111468214,84.3825504622093,10179700
2019-10-31,84.73128509521484,84.78493860700613,84.18578498308868,84.66868705723353,9675200
2019-11-01,84.838623046875,85.5540284238349,84.82073398941209,85.18738461796168,14670800
2019-11-04,84.57925415039062,85.27677702746763,84.54348287173619,85.23206122348114,9878200
2019-11-05,83.98011779785156,84.7134121038907,83.79231684075266,84.70446757672524,13273800
2019-11-06,84.26630401611328,84.42727143517916,83.80128399539981,84.06062077182135,13130200
2019-11-07,84.45408630371094,84.7223607492427,84.20369409214419,84.58822011513878,7827900
2019-11-08,85.07110595703125,85.08899501023478,84.30204041347369,84.40040973806882,7756900
2019-11-11,84.72235870361328,84.92804191396318,84.48985555430144,84.74918546525112,6092500
2019-11-12,85.23209381103516,85.53614638451211,84.74025389250312,84.8565054755722,13801500
2019-11-13,85.33045196533203,85.53613516358506,84.86543887138133,84.99957949435718,6507700
2019-11-14,85.33939361572266,85.46458970689903,84.8207201964632,85.31256685656705,6498800
2019-11-15,87.1547622680664,87.30678515068098,85.5540326793334,85.63451979656723,11337700
2019-11-18,86.85962677001953,87.57503877923911,86.75231974450878,87.07425446639014,11251400
2019-11-19,87.44986724853516,87.57506336189043,86.94013826625259,87.16370372905506,10025800
2019-11-20,87.33361053466797,87.61082950900463,86.81493705398718,87.30677694965945,12305600
2019-11-21,87.55717468261719,87.61977273468759,86.78810900136597,87.3872627601364,9122400
2019-11-22,87.87015533447266,87.99535142492341,87.5213938221205,87.70918795779664,6141800
2019-11-25,88.89856719970703,88.91644943340506,88.0937302297766,88.22787086187766,11726500
2019-11-26,88.82701873779297,89.03269511374303,88.5319107312467,88.88961678560501,11073300
2019-11-27,89.2830810546875,89.41722166851574,88.87172150890927,88.95220860627623,6333200
2019-11-29,88.97010040283203,89.2562638925164,88.79125078028271,89.05058750885226,2392000
2019-12-02,88.57662963867188,89.17578337759953,88.29046614973062,89.14895661655437,6682200
2019-12-03,88.37989807128906,88.45144065494921,87.66448588004029,87.90594039422417,7709700
2019-12-04,89.2026138305664,89.31886540746542,88.6481690628747,88.7376007002943,6237600
2019-12-05,89.2026138305664,89.33675446401976,88.4514371995093,89.25626735487734,7390400
2019-12-06,89.79281616210938,90.09686185029337,89.6050152103781,89.66761325339687,5658500
2019-12-09,89.16681671142578,89.84645738742402,89.16681671142578,89.82856833605156,5148900
2019-12-10,89.36360168457031,89.44408198946141,88.80021908229986,89.14898071551647,6027900
2019-12-11,89.44406127929688,89.66762672691054,89.26521165027634,89.43512357371905,6064300
2019-12-12,90.27574157714844,90.57084965957417,89.44407768656147,89.4887935133571,9769100
2019-12-13,90.21312713623047,90.74074514139227,89.84648334923928,90.18630037409405,6433200
2019-12-16,91.18788146972656,91.5187539860213,90.74075054701352,90.74075054701352,7730300
2019-12-17,91.08952331542969,91.43828493219307,90.96432718749809,91.30414427435855,4643600
2019-12-18,91.21471405029297,91.39356370171299,91.02691986949888,91.12528922458296,5202900
2019-12-19,91.57239532470703,91.67076465309543,91.25940510832348,91.40248342609524,6637200
2019-12-20,92.22073364257812,92.42726800428177,91.84359108737245,91.84359108737245,8586500
2019-12-23,92.58889770507812,92.68767411084913,92.20277362367572,92.43624575103529,4770900
2019-12-24,92.47216033935547,92.7056256038705,92.24766976515428,92.58889297161299,2071800
2019-12-26,92.40930938720703,92.6966570672238,92.11298016537157,92.5888991181266,2910100
2019-12-27,92.4362564086914,92.61584615757637,92.22972203165489,92.60686461485919,3605000
2019-12-30,91.88129425048828,92.63145103508182,91.74572142104878,92.43261180463998,5665100
2019-12-31,92.06206512451172,92.14340469519902,91.52881376642753,91.68246667026146,4746700
2020-01-02,92.30609893798828,92.45071182609462,91.64632159868874,92.34225216001487,6277400
2020-01-03,91.50170135498047,92.02591268894277,90.78769079227763,91.23959568799931,8247500
2020-01-06,92.07110595703125,92.09821914749709,91.05883650800368,91.08594969846952,6441800
2020-01-07,91.89033508300781,91.97168154569674,91.3751638043817,91.81802864851124,6335300
2020-01-08,92.48686218261719,92.90261387975868,91.8993844100505,91.93553763095696,7494700
2020-01-09,92.88453674316406,93.13760929746947,92.56820466968486,92.7670439431638,6660600
2020-01-10,92.91165161132812,93.3906697093302,92.74896556903293,93.23702369591852,9300300
2020-01-13,92.58629608154297,93.08338743067239,92.26995707375174,93.06531426519544,7621700
2020-01-14,93.1466293334961,93.16470938973659,92.14339997330143,92.30608600186059,7294900
2020-01-15,93.9510269165039,94.19505942650176,93.18278995771976,93.25509639738739,7521800
2020-01-16,94.43910217285156,94.50236859515728,93.96912402079806,94.3396825241536,5479900
2020-01-17,94.43910217285156,94.58371507842055,94.20411654458624,94.20411654458624,6533400
2020-01-21,94.53852081298828,94.75543327350483,94.18603547882785,94.22218870483441,6644800
2020-01-22,94.656005859375,94.9723379185297,94.52946614019139,94.74638546263039,9431500
2020-01-23,94.17696380615234,94.62886863611568,93.52622664324234,94.49330270354307,8522600
2020-01-24,92.60435485839844,94.33063495294532,92.36936237057324,94.28544170299061,15962700
2020-01-27,91.89937591552734,92.25186116738178,91.3570914430991,91.48362425681498,11762300
2020-01-28,92.35128021240234,92.71280549026007,91.91744849986884,92.17052102123405,8079900
2020-01-29,92.09822845458984,92.76704583724755,92.08014839543786,92.4416737277336,6435700
2020-01-30,91.42940521240234,91.48363159533868,90.64308818221677,91.4203651834057,10989400
2020-01-31,89.60371398925781,91.14018807913772,89.30545506382107,91.0678885268835,14476700
2020-02-03,90.4171371459961,91.06788133353933,90.2273379072163,90.2273379072163,11850600
2020-02-04,92.00782775878906,92.37838614021302,91.5288028383562,91.54688289336455,9575100
2020-02-05,93.7793197631836,94.10469188787549,92.43263800995008,92.44167803994777,14131000
2020-02-06,93.86063385009766,94.2131190735103,93.45392225247403,94.2131190735103,6166500
2020-02-07,93.12855529785156,93.95101856551968,92.98394243137044,93.8696789997648,6057200
2020-02-10,93.62565612792969,93.62565612792969,92.71281317271152,92.78511961337881,4010100
2020-02-11,94.18600463867188,94.26735109443133,93.7612129915916,93.95101219433631,10277100
2020-02-12,94.30352783203125,94.75543281162624,93.92392930409692,94.53852035216701,4705700
2020-02-13,93.86063385009766,94.24927228815783,93.67083464483859,93.96005346649821,4778500
2020-02-14,93.93296813964844,93.9962345601661,93.4720231355782,93.96008133479563,5114200
2020-02-18,93.59851837158203,94.0504231638674,93.29122642267752,93.93293040026037,8409300
2020-02-19,94.03236389160156,94.16793672841067,93.75218508557806,93.84256467827717,6427900
2020-02-20,93.42682647705078,93.90584459324266,92.57724301330099,93.81546498754037,8080900
2020-02-21,93.48104095458984,93.5714205487804,92.73991724939367,93.06528930489648,6510800
2020-02-24,90.53463745117188,91.83612593419687,90.10081255384516,91.22153491671534,16284500
2020-02-25,87.78704833984375,91.05884248265045,87.47975630037317,90.86000321215917,20301600
2020-02-26,87.77802276611328,89.31449688684097,87.58822350853086,88.27511408963223,13721600
2020-02-27,84.7954330444336,87.97684042702426,84.77735988291401,86.82900504369358,22047900
2020-02-28,83.70183563232422,83.74702888566364,81.32481807084879,82.56303322428977,27750600
2020-03-02,87.6243667602539,87.75993962391503,83.43972941932596,83.7289483105593,22359400
2020-03-03,85.44617462158203,89.37774565631764,84.298332377199,87.84127183900249,33385500
2020-03-04,90.37194061279297,90.5165534916699,87.83223726333082,88.0129964664054,26418700
2020-03-05,88.27510833740234,89.64890320113017,87.27187883018073,88.43779438980374,17873000
2020-03-06,87.80512237548828,88.1214544225161,85.50040465546004,85.85288992150839,17917700
2020-03-09,83.24087524414062,85.21118074296552,81.35191620716574,82.59917115952385,21968500
2020-03-10,86.096923828125,86.2415298110406,82.19246575210168,85.64501892629119,26473200
2020-03-11,82.80706024169922,84.6598662812753,81.74959748551218,84.06335537097259,23217900
2020-03-12,76.62498474121094,81.09884686307453,74.92582499916281,77.73667369867398,20652200
2020-03-13,81.93939971923828,82.15631214033709,76.06463602344056,80.1860065019256,29162800
2020-03-16,73.85934448242188,78.67665279680396,72.91034135039882,74.582388248967,21474800
2020-03-17,78.4958724975586,79.12854343641015,74.42872877337918,75.38677176180677,27899700
2020-03-18,75.89290618896484,77.09497481737995,72.23247392501611,74.47392515021478,28931000
2020-03-19,74.33837890625,76.15503909355057,73.50687528951914,75.04334966371849,27121100
2020-03-20,71.48231506347656,75.74829849982493,71.07560340433794,74.98006153505105,22004900
2020-03-23,67.76959991455078,71.120839031307,66.78874639935962,71.02093689944567,33633000
2020-03-24,72.99173736572266,73.13704516714581,70.44878501543397,70.97554051969185,16775800
2020-03-25,73.96350860595703,76.37022324854775,71.62944440105724,72.51038898833293,16851800
2020-03-26,78.87686157226562,79.29463111454294,74.48119400909547,74.62650184037103,18822500
2020-03-27,77.1876220703125,79.22198731078366,76.54280335775779,76.59729293293461,13043200
2020-03-30,80.80221557617188,80.95660726445115,78.56805379564477,78.57713076861155,13766700
2020-03-31,80.44803619384766,81.31081997457048,79.59432938796178,80.8748895967906,13584900
2020-04-01,77.38738250732422,78.45905409465601,76.64266204351641,77.75974620372101,15255200
2020-04-02,79.53076171875,79.71239823457229,76.22492724206408,76.9968928277922,13588000
2020-04-03,78.81326293945312,80.03024941674207,77.9232345683937,79.27644492871129,12934200
2020-04-06,82.9455795288086,83.41783861177636,80.95662717985353,81.31990712851496,13472900
2020-04-07,82.26441955566406,85.2069735216236,82.18267828853283,85.05258181913837,16699200
2020-04-08,85.65199279785156,86.15150354588958,81.93747317167302,82.97281642307178,32624300
2020-04-09,86.12425994873047,86.59651899328584,85.34321054778309,86.43304337613434,12982500
2020-04-13,85.37045288085938,86.11517357563926,84.15347315506772,85.81546713129191,9606600
2020-04-14,88.20403289794922,88.52190023786439,86.75091318007135,87.04153573784926,12830800
2020-04-15,87.74993896484375,88.26761063746822,86.54203608572375,87.03246297489251,11019000
2020-04-16,89.66622924804688,89.89327833697448,88.12229128594613,88.4038299389401,11331600
2020-04-17,91.52804565429688,91.8459130556296,90.26565302544003,91.8459130556296,11504400
2020-04-20,90.80146789550781,92.10018886411419,90.55625101758888,90.65615316355766,10558100
2020-04-21,88.04055786132812,89.75704843726754,87.7499353016185,89.24845376103441,9291400
2020-04-22,89.38467407226562,89.93867434410633,88.76710033950816,89.32110061134887,11994100
2020-04-23,89.87511444091797,91.26465381698843,89.67531012532822,89.85695356176828,16013300
2020-04-24,91.08300018310547,91.26463665640361,89.85693666587474,90.42001389049136,7853300
2020-04-27,92.25459289550781,92.64511762856417,91.57344558871108,91.71875341108691,8022100
2020-04-28,90.39277648925781,92.87215543314215,90.28379736798018,92.87215543314215,11517500
2020-04-29,90.99219512939453,91.7823215246009,90.40186611216782,91.7823215246009,9939900
2020-04-30,90.57443237304688,91.1647545051871,90.1021663525481,90.60167715711626,12768900
2020-05-01,88.84883880615234,89.70253855027866,88.0496216895396,89.53906295178855,10102000
2020-05-04,88.80345916748047,89.00326352075729,87.99516477758054,88.57641002584589,8991300
2020-05-05,90.72879791259766,91.38270025746475,89.3574197687229,89.58446880908026,11498300
2020-05-06,89.82971954345703,91.26466475385531,89.78430694665776,91.20109127573001,9493200
2020-05-07,89.82062530517578,90.75606648811454,89.71163924278916,90.74698258400183,9453900
2020-05-08,90.28380584716797,90.81963838774115,90.01134416040934,90.78330970090744,10374500
2020-05-11,91.83679962158203,92.07292563798299,89.91142123800957,89.91142123800957,15115100
2020-05-12,90.43820190429688,92.45439908178199,90.42911799990591,92.37265780024102,18471000
2020-05-13,89.45735168457031,91.0194507109493,88.73987564668745,90.32013555358726,12667200
2020-05-14,90.43820190429688,90.48360756827398,88.61272514508889,88.63088602488196,12021400
2020-05-15,91.2010726928711,91.28281396465653,89.97500904799385,90.18389725012283,15170200
2020-05-18,91.95487213134766,93.33532740989827,91.90038257254587,92.90848098430484,10557300
2020-05-19,90.84687042236328,92.13650744354125,90.83778651968244,91.66424843895057,10561400
2020-05-20,90.95587158203125,91.88222886877456,90.74698335958541,91.53711672841699,10058000
2020-05-21,90.28380584716797,90.75606491802928,89.75705028156183,90.70157535227295,12259500
2020-05-22,90.47454071044922,90.5471911667347,89.82063810095232,90.2928972472614,10233200
2020-05-26,90.31105041503906,91.9821284314806,90.16573566805013,91.90039408304071,10828800
2020-05-27,91.24650573730469,91.24650573730469,89.06683269719404,90.43821138648289,15551900
2020-05-28,92.43622589111328,93.3625900733683,91.96396682511215,91.99121160770993,11707700
2020-05-29,93.55331420898438,93.75311852798225,91.44629881326,92.83583821303233,19055300
2020-06-01,92.62694549560547,93.07196670414083,92.0457003752617,92.96298064570574,8436200
2020-06-02,93.16278076171875,93.20818642061502,92.10926969789686,92.6632700109432,13162300
2020-06-03,92.98113250732422,93.52605581766673,92.5906078303722,93.43523064661782,10020900
2020-06-04,92.24551391601562,93.06289211360686,91.65518483281144,92.4180734602263,10848300
2020-06-05,93.73494720458984,94.48875186018283,92.34540785692353,92.82675082792025,14579500
2020-06-08,94.3797607421875,94.41608942678583,93.135536207388,93.36258528938652,8191300
2020-06-09,93.39891815185547,94.65223366808208,93.28993901408893,94.18905154560751,10371100
2020-06-10,93.25360107421875,94.01648267886078,92.84491549015883,93.70769924716897,10519700
2020-06-11,88.06780242919922,92.61786814796928,87.75901206270369,92.4453086217221,39561900
2020-06-12,88.63996887207031,90.20206781722013,87.11419861506221,89.91144524107519,19397200
2020-06-15,88.83976745605469,89.3483551992221,86.66009481121272,87.31399729756414,14521800
2020-06-16,91.02851867675781,91.60976375749736,89.52999338807481,90.92861652891308,13272800
2020-06-17,90.93770599365234,91.64610502903055,90.61983862911724,91.48262939455694,9086200
2020-06-18,90.62891387939453,90.83779515800492,90.0567526778669,90.42002567179594,7115200
2020-06-19,91.50078582763672,92.03661836909994,90.55626075535667,91.66426145416573,12177000
2020-06-22,91.14962005615234,91.27730557609247,90.21021646301901,91.12225986735646,6889200
2020-06-23,91.54183197021484,92.32619013712508,91.36854143430585,91.77895833074754,5369900
2020-06-24,89.15226745605469,91.04019754737868,88.50471729469959,90.85779159934715,15739700
2020-06-25,90.02781677246094,90.13726450198865,88.3222928519388,89.07017523286828,10506300
2020-06-26,88.93338012695312,90.091672525101,88.50471848911903,89.86366160781401,16631400
2020-06-29,89.73597717285156,89.90014531368459,88.94249666576847,89.63565181132356,7490200
2020-06-30,91.26820373535156,91.75158573511044,89.49883690603895,89.76333038782676,9183000
2020-07-01,91.97048950195312,92.35355316984081,91.12229548439052,91.69688054870954,10932800
2020-07-02,92.66361999511719,93.1926069053189,92.4629693079138,92.78219010574092,6502400
2020-07-06,93.60304260253906,94.14115200489141,93.15614313703172,93.73072816411259,6374400
2020-07-07,92.79134368896484,93.91316073858412,92.66365810066252,92.91902927726719,5913200
2020-07-08,92.80044555664062,93.39327534744218,92.18025556844441,93.11053707156815,5624900
2020-07-09,92.07080841064453,93.0466948879083,90.91251597735322,92.70012078811952,10521700
2020-07-10,91.8519058227539,92.23496244682691,91.17699553867192,92.14375948276289,10502700
2020-07-13,92.37177276611328,94.07729676750765,92.13463948672886,92.38089515025814,10167200
2020-07-14,94.20500183105469,94.36004760194075,91.97961280575652,92.15290334871254,10889900
2020-07-15,95.4271469116211,95.70076285394678,94.69751599599005,94.89816675924989,9606900
2020-07-16,95.2720718383789,95.34503699501538,94.59716153534237,95.33591461085074,6412200
2020-07-17,96.57630920410156,96.90464550081872,95.63690528340472,95.7737132334271,7548600
2020-07-20,96.55805206298828,97.12351460432293,96.2388312573884,96.7951783733299,6776300
2020-07-21,96.49421691894531,97.25120782845674,96.29356621099993,96.88639595038207,7458600
2020-07-22,97.36064147949219,97.52480958420806,96.43036019166199,96.93197993060413,5648400
2020-07-23,96.9228744506836,98.07205138410949,96.6036605687155,97.67074995629774,6970100
2020-07-24,95.85579681396484,96.82256792145037,95.24472917095281,96.76784056473205,6241000
2020-07-27,96.57630920410156,96.82256490581011,95.51834210450073,95.8193112445403,5934200
2020-07-28,96.46685028076172,97.10528498748302,96.28444434075026,96.62190298394611,6239400
2020-07-29,97.47923278808594,97.87141187607556,96.62191640097541,96.68575918467876,5449800
2020-07-30,96.8043212890625,96.96848943937874,95.76459198984013,96.53982777142292,5349200
2020-07-31,96.24797058105469,96.76783521190139,94.9893527796209,96.50334170380869,6920400
2020-08-03,97.2420883178711,97.56130217694873,96.67661879726198,96.84990930290708,8811800
2020-08-04,96.81343841552734,97.25121548702828,96.21148624428719,97.02320456610539,6092900
2020-08-05,97.26033782958984,97.43362835608447,97.01408909677109,97.34242537942349,4406600
2020-08-06,96.74046325683594,97.55218149479774,96.03819275461318,97.14176466287202,5369700
2020-08-07,97.05056762695312,97.0688054381874,96.36653489304454,96.6401438116035,4274000
2020-08-10,96.72222900390625,97.15088366171642,96.46685094445638,97.06880307564872,4640200
2020-08-11,96.11116027832031,97.35154023701189,95.88314935883055,97.2603372608842,8115900
2020-08-12,97.72547149658203,98.03556297539033,96.59453939983946,96.63101501988957,8205500
2020-08-13,97.59778594970703,97.69811130069395,96.94111345537091,97.60690137554923,5323300
2020-08-14,97.40625762939453,97.84403465338038,97.03231641966379,97.4153730552365,3826200
2020-08-17,97.98085021972656,98.35478450026272,97.53395077672549,97.57954878451041,4610200
2020-08-18,97.95347595214844,98.34565494613386,97.44272684660517,98.18148683334137,4220500
2020-08-19,97.6342544555664,98.31828704551664,97.42448139964569,98.04467122620082,6308100
2020-08-20,97.32416534423828,97.5430538455612,97.06879426630489,97.20560218900921,4938300
2020-08-21,97.42447662353516,97.55216214406576,96.66747892443296,97.16910558247393,6466700
2020-08-24,96.97761535644531,97.9261417085525,96.3847855165856,97.88965912289358,6363200
2020-08-25,97.6342544555664,97.67073007035847,97.09614519980244,97.47008635564478,5096500
2020-08-26,97.51569366455078,97.62514139439556,96.46684220147672,97.4336130859222,6995300
2020-08-27,98.28182983398438,98.73785167829418,96.98672250780527,97.6798776594917,7775200
2020-08-28,98.50072479248047,98.55544519069588,97.77108701068101,98.55544519069588,5159600
2020-08-31,98.73783111572266,99.2120906733682,98.20884421648518,98.29092479136357,6721100
2020-09-01,97.85317993164062,98.76522372972656,97.26035007121638,98.61017795405402,10999300
2020-09-02,99.8140640258789,100.07855753194866,97.53395479252707,97.94437167119393,8495800
2020-09-03,97.09616088867188,100.08766278542238,96.40300580385345,99.94173942765771,13337300
2020-09-04,96.40301513671875,97.60691252777464,95.22648490133737,97.43362895854963,14715500
2020-09-08,94.81605529785156,96.28444610436388,94.55156180915188,96.24796352402522,9660200
2020-09-09,96.49421691894531,97.28769040793232,95.5092081481264,95.52744595869392,8200800
2020-09-10,95.01670837402344,96.76783052379245,94.76133726364141,96.76783052379245,9186200
2020-09-11,95.39065551757812,95.84667740713536,94.66102466929163,95.46362068990932,8764300
2020-09-14,96.75871276855469,97.27858435743094,95.97436158842675,96.16588993037742,5846900
2020-09-15,96.88639831542969,97.66163401277309,96.64014263754346,97.26033258708632,5580500
2020-09-16,96.72222900390625,97.59779004699823,96.61278126414201,97.4062617211663,7193300
2020-09-17,96.40301513671875,96.73135142140137,95.51833860346179,95.82843011769475,7597300
2020-09-18,96.25708770751953,96.8772776681851,95.36328186837119,96.521581201162,8649300
2020-09-21,94.47886657714844,94.97332940229622,93.16029904342102,94.97332940229622,8783000
2020-09-22,94.27739715576172,94.57041132230142,93.42582364269184,94.32318345734961,7833300
2020-09-23,93.30680847167969,94.70778296553681,93.21524283544261,94.67115531383992,7681900
2020-09-24,92.83979797363281,93.30679171639628,92.27207995329273,92.97714989632901,8434600
2020-09-25,94.33233642578125,94.58872993778618,92.41858915244721,92.51931342851836,6769000
2020-09-28,95.18391418457031,95.92561179463299,95.00078293957242,95.23885914687705,6511100
2020-09-29,95.06489562988281,95.83406235800247,94.68947441842768,95.34875120337404,5402700
2020-09-30,96.58489990234375,97.36321820844319,95.33958781818086,95.35789814912023,7565500
2020-10-01,96.25525665283203,97.42731342411612,95.8432008596088,97.0335749475745,9113200
2020-10-02,95.37620544433594,96.33765490284208,94.96414968839721,95.33957780029635,8628700
2020-10-05,97.33573150634766,97.43645577320869,96.035474693962,96.0629506643854,6661200
2020-10-06,96.04466247558594,97.6654029076393,95.95309683776611,97.61045793613911,7747200
2020-10-07,97.8576889038086,98.15985479784992,96.70394235289145,96.72225268531422,7873100
2020-10-08,98.33382415771484,98.65430733683114,98.12322391972813,98.42538978231816,5942700
2020-10-09,99.22203063964844,99.5150448454964,98.62684356920454,98.88323012607029,5636300
2020-10-12,99.89962005615234,100.29335853197166,99.34106066054798,99.67070250011808,5065000
2020-10-13,99.13963317871094,99.82638599287384,98.8832465791852,99.30445413355046,6773600
2020-10-14,98.56271362304688,99.5150112167487,98.25138919091741,99.10296253045797,5999900
2020-10-15,97.84852600097656,98.03165726130239,97.18008362736873,97.34490455606588,6197700
2020-10-16,98.81913757324219,99.55167661115905,98.13238484494887,98.16901249544573,7462100
2020-10-19,97.25334167480469,99.37769649027486,96.92369980809293,99.07552361478743,8308500
2020-10-20,97.38153076171875,98.18732506163047,97.21670983546495,97.60128966805391,7421100
2020-10-21,96.89622497558594,97.64707429649636,96.66730741450337,97.37237042879346,5474300
2020-10-22,98.36129760742188,98.53527719226514,97.0244198667565,97.033578525435,6127100
2020-10-23,98.72756958007812,99.44179128266921,98.16901014887024,98.85576286074782,5697900
2020-10-26,97.6287612915039,98.04996875403823,96.69477375570266,97.93092715448961,8135500
2020-10-27,96.9603271484375,97.75696282144591,96.9053891661645,97.27165868200778,6893100
2020-10-28,93.88368225097656,95.93478193096085,93.7646476174186,95.35791211078073,11431700
2020-10-29,93.114501953125,94.2316206798497,92.53762527417197,93.81956491116769,15974200
2020-10-30,93.08705139160156,93.54488656786714,91.85089082687621,92.99547876754013,10741700
2020-11-02,94.7627182006836,94.98248410448872,93.77379957760067,94.46055230846912,10287300
2020-11-03,96.1453857421875,97.18924937136471,95.85237151269935,95.92562681657395,9812900
2020-11-04,100.41240692138672,102.02398159490535,98.69094231256882,98.88323223431786,25531500
2020-11-05,100.61383056640625,101.86830114945705,100.43069933627135,101.79504586299964,12864800
2020-11-06,100.65047454833984,101.33722725183999,100.0003494940142,100.72372984668887,12311200
2020-11-09,101.59361267089844,104.76183792187625,101.46541939322994,104.31315446402681,20443000
2020-11-10,101.88663482666016,102.25290435687381,100.78783322202942,102.06061442536395,12526500
2020-11-11,101.75843048095703,102.70157668921937,101.26396771680311,102.70157668921937,9935400
2020-11-12,101.38301849365234,101.96904693694431,100.7054244159729,101.5661497624273,7856300
2020-11-13,102.66494750976562,103.0586859835314,101.70349098503239,101.88662223450092,6576100
2020-11-16,102.49097442626953,103.64472093184753,101.97820130646144,103.47990000247925,7586000
2020-11-17,101.82254028320312,102.1979684805692,101.33723611471359,101.96905089271488,8898100
2020-11-18,99.9271011352539,102.07893201113268,99.89963214296785,102.0423043594145,9849900
2020-11-19,99.8538589477539,100.00952123760442,99.11216118044672,99.92710726967665,10410900
2020-11-20,99.62493133544922,100.09191815805819,99.27697215074845,99.62493133544922,7674500
2020-11-23,99.3685302734375,100.17432454678365,98.74587423767431,100.11937958250405,7747700
2020-11-24,99.66154479980469,100.33914580210642,99.32275128466328,99.85384169641021,9615900
2020-11-25,99.29529571533203,99.8538551917957,98.88323986321386,99.78059988661775,11671800
2020-11-27,100.21095275878906,100.28420106822541,99.37768949161405,99.69817267667771,4443900
2020-11-30,100.48564910888672,100.5772147347074,99.71648946878165,100.24757987895482,12723400
2020-12-01,101.32808685302734,102.43604716629372,101.15410724659351,101.45628014639631,12682400
2020-12-02,102.08808898925781,102.26206859745692,101.33723955504519,101.40133620238002,8552400
2020-12-03,101.95987701416016,102.362774144169,101.52035922324991,102.05144263843235,9795700
2020-12-04,103.04954528808594,103.06785562182077,101.86832966088785,101.9965229550634,7859600
2020-12-07,102.41770935058594,103.0312067012215,102.0422882054243,102.93964107942665,5803200
2020-12-08,103.19603729248047,103.27845125003094,102.13386340523408,102.17049105458877,7953200
2020-12-09,102.83893585205078,103.61726124652593,102.38110067224679,103.60810258684693,7386400
2020-12-10,102.66494750976562,103.23265857472371,102.45434028546838,102.82060977041482,5411000
2020-12-11,102.26203918457031,102.49095671435437,101.55697626667923,102.24372885603138,5222400
2020-12-14,101.49290466308594,103.55316308095706,101.42880801397038,103.04038988803259,8469300
2020-12-15,102.59170532226562,102.81146424690523,101.65771766702933,102.19796679819743,5007500
2020-12-16,102.2895278930664,102.86639766438672,101.85001006330138,102.50013513491919,5355400
2020-12-17,103.3883285522461,103.45242518861411,102.44518235138875,102.45434100972973,4263700
2020-12-18,103.47074127197266,103.71796917284898,102.36278107543465,103.4890516036632,7876700
2020-12-21,102.43545532226562,102.52739849515334,100.55978513313563,101.93895377089464,6129600
2020-12-22,102.1228256225586,102.49060527672557,101.54357740224468,102.25154744929502,13104100
2020-12-23,102.19639587402344,102.9503411036987,102.12283853092967,102.48142180999386,3920700
2020-12-24,102.49061584472656,102.68369860474033,102.10445032469903,102.24236157127018,1674700
2020-12-28,102.748046875,103.25374476621614,102.47221038618878,103.02388336381122,4390100
2020-12-29,103.23535919189453,103.70427844995294,102.88597236098043,103.22616277100333,5053300
2020-12-30,103.21698760986328,103.79623593930282,103.10665158838275,103.44684906016997,3563700
2020-12-31,104.30191802978516,104.4674185293596,102.88597087005115,103.22616127514432,5581200
2021-01-04,103.85137939453125,104.72485693755324,102.15960283026635,104.7064640969602,12911800
2021-01-05,104.6053466796875,104.96393699908862,103.22617796518183,103.66751504034217,11081900
2021-01-06,106.03965759277344,106.31548705051854,103.14340269016604,103.14340269016604,17833700
2021-01-07,107.4188461303711,107.57515022064055,106.01209528831761,106.17759580001885,12407100
2021-01-08,107.93372344970703,108.41183911227014,106.91313822498935,107.61191887768199,9350600
2021-01-11,108.43941497802734,108.61410486981065,107.82338110232895,107.96129934359912,6428200
2021-01-12,107.26253509521484,108.34747425023728,106.77522299828051,108.22794883861967,9225500
2021-01-13,107.5567855834961,107.92455833545615,106.81202962670109,107.2073916483922,5259600
2021-01-14,107.21656036376953,108.13600603568948,107.08783853088585,107.7314476953043,5792300
2021-01-15,107.54756927490234,107.79581653805649,106.49940169302614,106.92234589143108,10335200
2021-01-19,108.35668182373047,108.70607570333598,107.78662993985111,108.4026569178305,6194500
2021-01-20,108.95430755615234,109.12900447123586,107.88774725431497,108.54055982705438,6872000
2021-01-21,108.43941497802734,108.92672001767727,108.07163533957791,108.8163840216985,5796200
2021-01-22,108.11761474609375,108.7244522653833,107.97970350517693,108.11761474609375,4796400
2021-01-25,108.82559967041016,108.88996059239992,107.96131841956384,108.18199045051252,6962000
2021-01-26,108.42102813720703,109.4048346909786,108.3658636435718,109.13819461371911,5504000
2021-01-27,105.12942504882812,107.22576727841012,104.8627919509131,107.22576727841012,13096900
2021-01-28,106.66490173339844,108.0072916653739,105.81900632552801,106.02128550969671,12626100
2021-01-29,105.76385498046875,107.26255620512933,104.90877005955936,106.50860387406834,10462400
2021-02-01,106.16838836669922,106.97749799842023,106.00288787216384,106.6281111832071,10105300
2021-02-02,106.47181701660156,107.52917398110843,106.44422775260051,107.00509020211477,11515700
2021-02-03,105.71788024902344,106.52699002063748,105.38687920272345,106.47182551785905,11280300
2021-02-04,106.15918731689453,106.59132786793757,105.48799596235749,105.71785736058777,8451500
2021-02-05,106.352294921875,107.05107570006419,106.09485121801973,106.88557517404082,5557000
2021-02-08,106.48101043701172,106.87637239149387,106.16840224802388,106.72926471868031,6956700
2021-02-09,106.63731384277344,106.73844641469378,106.37067375182079,106.47181333855504,4730300
2021-02-10,106.83039855957031,107.43722907631997,106.45342245393579,107.40964682757871,5406400
2021-02-11,107.0326919555664,107.29932507202888,106.52699394541699,107.20738189240579,4684000
2021-02-12,107.83258056640625,107.9521129857942,106.68327354806577,106.8211917932293,6345300
2021-02-16,106.7660140991211,108.07162502695759,106.41662031926873,107.9704854606648,9531900
2021-02-17,107.15221405029297,107.20737855338571,106.29712917828182,106.41665460658766,5022200
2021-02-18,106.48101043701172,106.91315106340087,106.0396804037566,106.62812512463968,7756600
2021-02-19,105.19380187988281,106.64652097524848,105.10185168406714,106.56377421679245,9390800
2021-02-22,104.9455337524414,105.26733835096596,104.00770220605357,104.68809007362177,7213300
2021-02-23,104.77083587646484,105.51559167183667,104.28353077240537,104.8719754657769,8731500
2021-02-24,105.49722290039062,106.06728189614448,104.55939114847628,104.89039224087327,9842000
2021-02-25,104.4398422241211,105.7730428068745,103.9065690058343,105.35009859211587,14494800
2021-02-26,103.53877258300781,104.80760502251039,103.27213250948942,104.80760502251039,14687000
2021-03-01,104.890380859375,105.377686021745,104.35710060006578,104.38468285230334,7361800
2021-03-02,104.58695983886719,105.35929094441235,104.48582023959608,105.11104366471992,8456100
2021-03-03,103.26295471191406,104.31112235418884,103.02390385652839,104.2007933485692,14946600
2021-03-04,101.87458038330078,103.71347167531117,101.07466014594337,103.03307684660155,23441700
2021-03-05,103.91576385498047,104.2467649125286,101.64473856404595,102.47223419310136,15645200
2021-03-08,103.65829467773438,105.30410313871515,103.52957285529459,103.99849207407561,12691800
2021-03-09,104.26513671875,105.92013465773152,104.21916163093933,104.42144079360467,11022300
2021-03-10,104.50419616699219,105.55236364902252,104.46741749913681,104.95472257229662,11641100
2021-03-11,105.13864135742188,105.71789678646711,104.71569706872512,104.86281178556702,6549400
2021-03-12,105.36848449707031,105.51559918830003,104.75245751087867,104.91795803110482,7452400
2021-03-15,106.09483337402344,106.1224156212525,105.05586231111832,105.17538772071545,7119100
2021-03-16,106.03047180175781,106.39825146376441,105.644306313317,106.205168719544,8618600
2021-03-17,105.64431762695312,106.16840142162317,105.00989781742095,105.5707602837117,7524900
2021-03-18,105.42364501953125,106.28791918852355,105.11102984067662,105.15700493059501,8553300
2021-03-19,105.80062866210938,106.42585209105548,105.00070828520613,105.53398853647496,12595800
2021-03-22,106.7214126586914,106.7952253029431,105.20828864733767,105.73419141909889,6156800
2021-03-23,105.64193725585938,106.76755553017895,105.37437167924557,106.59225224639293,9170500
2021-03-24,105.52198028564453,106.33389818891106,105.49429526693038,105.69727650253716,12647000
2021-03-25,105.96485137939453,106.1678326328975,104.58089596641376,105.67883617991009,11505300
2021-03-26,107.96697235107422,108.10536930084157,105.94640222545138,106.23241742625233,8286500
2021-03-29,108.47441101074219,108.84346714781576,107.4964182307835,107.5333245484069,8958900
2021-03-30,107.49644470214844,108.17919414840969,107.24732875663499,108.17919414840969,6865700
2021-03-31,107.7086410522461,108.36371247537674,107.54256611122975,107.72709773411549,8504100
2021-04-01,107.38569641113281,107.98541173797226,107.04431826160018,107.88392112700743,6676400
2021-04-05,108.13304138183594,108.46519122748673,107.75476391488752,107.9300671776368,7190900
2021-04-06,107.71786499023438,108.58514598444327,107.56101839656381,108.27144575794078,5206700
2021-04-07,107.47795104980469,108.02231038260528,107.20116425341696,107.65325428159534,5753200
2021-04-08,107.64404296875,108.11458974794039,107.49642472849386,107.79166824816689,4292400
2021-04-09,108.82503509521484,108.88961940588035,107.64406082066748,107.70864513133299,5919100
2021-04-12,108.93573760986328,109.15716849308595,108.54823180443339,108.66817206635382,8279500
2021-04-13,109.3878402709961,109.69231216984804,108.49288125633767,108.59437188928831,6519600
2021-04-14,109.37861633300781,109.82147813960816,109.18485637356348,109.25866902105071,6226600
2021-04-15,111.25154113769531,111.57446259275027,109.81222301934213,109.81222301934213,8438300
2021-04-16,112.08193969726562,112.21110830703365,111.4360896092642,111.82359543856829,7447400
2021-04-19,112.10958862304688,112.1372665980863,111.53755132864751,111.86970110743947,7094300
2021-04-20,112.54325103759766,112.82926622121566,111.59292912717362,111.59292912717362,8063900
2021-04-21,113.87184143066406,113.93642573035193,112.83849263565831,112.89384859563054,9635900
2021-04-22,113.36439514160156,114.03791611709224,112.93075468494172,113.77957891886783,10030800
2021-04-23,114.1117172241211,114.37005439623773,113.06914019689037,113.30902069147868,4974500
2021-04-26,113.72422790527344,114.0563777571971,113.51201831798181,114.04714941709894,6907100
2021-04-27,113.06916809082031,113.45667394459215,112.88463646581343,113.4382172625106,7034700
2021-04-28,112.7277603149414,113.01377545977762,112.52477910022155,112.88460687571224,6788100
2021-04-29,112.27568054199219,112.87538886323298,111.66673684212483,112.84771088399549,8148900
2021-04-30,111.94353485107422,112.48788723396325,111.74055361028142,111.83281589087066,7153400
2021-05-03,113.21678161621094,113.33672188807743,112.3956352769707,112.55248187229492,13179100
2021-05-04,113.33670043945312,113.4197414113081,112.56168891099395,113.05068528573511,16186300
2021-05-05,113.53970336914062,113.8903099230926,113.30904412645074,113.49357574409953,16713700
2021-05-06,113.68730926513672,113.69653760423492,112.31258238423568,112.89384104253767,16115000
2021-05-07,114.47154235839844,115.07125765932282,113.90873337251737,113.9548680261115,7576700
2021-05-10,114.61919403076172,115.50492467842481,114.5730593665366,114.8867525579508,8846700
2021-05-11,113.38285064697266,114.49924047656927,113.12451343538483,114.01947237492917,11357800
2021-05-12,112.3125991821289,113.3367197220722,112.20188021387172,112.77391765779183,10946500
2021-05-13,113.3274917602539,113.8441661700987,112.3402705619228,112.51556678574248,11228000
2021-05-14,113.89952087402344,114.27780537645589,113.61350569161118,113.98256185420944,6590400
2021-05-17,113.68730926513672,114.29624590157306,113.61349663067163,113.77034319953975,5997700
2021-05-18,113.72422790527344,114.3792992690226,113.27213074955672,113.65041526281017,9202000
2021-05-19,113.53046417236328,113.60426976862772,112.18340821292223,112.98610478505596,10063000
2021-05-20,114.72067260742188,115.2096760936862,113.49357083910753,113.49357083910753,7522700
2021-05-21,114.7391357421875,115.9385666354717,114.64687345174138,115.09896360234045,8423300
2021-05-24,114.84983825683594,115.56026553454824,114.80370359864295,115.32960632190442,4958800
2021-05-25,114.50846099853516,115.02513538643423,114.37929240156039,115.01591408605074,6798500
2021-05-26,113.84416198730469,114.51768999467248,113.35516557607357,114.48078367544514,6848800
2021-05-27,113.59504699707031,114.17630565540011,113.53046270170033,114.08404338189446,8102900
2021-05-28,114.03792572021484,114.97901935203683,113.9641130747462,114.02869737974093,10059900
2021-06-01,112.16496276855469,114.21321772365371,112.07270049040332,114.17631140456105,13368300
2021-06-02,111.94353485107422,112.5524715342918,111.67596930995288,112.26645635271693,13245100
2021-06-03,112.28490447998047,112.58014799738369,111.27923366853724,111.52834252668717,13244400
2021-06-04,112.64472198486328,113.2075309882601,112.51555339777157,112.8753811816928,11228900
2021-06-07,113.05071258544922,114.04716225337292,112.72779103727815,112.92154396618079,13978500
2021-06-08,112.70010375976562,113.39208146556956,111.83282278262644,113.32749716126098,10799500
2021-06-09,113.78881072998047,113.9825636345597,112.98611409172858,112.98611409172858,7965600
2021-06-10,115.73558807373047,115.86475669120155,114.01948268257274,114.06561030929144,9350900
2021-06-11,114.9144287109375,115.61562768674331,114.33316295887313,115.56027172527467,6958100
2021-06-14,115.01592254638672,115.03437218767141,114.20399754663823,114.84984761818008,5156000
2021-06-15,115.05281066894531,115.3111548959996,114.56381427198049,115.1358516445743,5409100
2021-06-16,114.60995483398438,115.75402259895213,114.28703333248066,115.17276389624547,11653200
2021-06-17,115.48645782470703,115.79092968778667,114.3885247123048,114.40697435287288,6527000
2021-06-18,114.16708374023438,114.78525578974194,114.01023716253334,114.62840217288024,11152600
2021-06-21,115.53885650634766,115.75189422726979,114.11244999804326,114.52926108681328,6655400
2021-06-22,115.78893280029297,115.94639145339123,115.22392745293554,115.61294544293013,7194000
2021-06-23,115.30728149414062,115.90007281107057,115.26097386831698,115.63146314142577,6506600
2021-06-24,115.90007781982422,116.71517121580052,115.77040515530621,115.98344285651736,7029200
2021-06-25,116.42800903320312,116.77998367920867,115.7889101934566,115.8537465124636,8344200
2021-06-28,116.60401916503906,116.75222053268965,116.1594291953476,116.54844718548517,4631400
2021-06-29,116.73370361328125,117.09493565011009,116.46509390726965,116.61329528988193,6165500
2021-06-30,116.65957641601562,116.90040007472814,116.2149865024548,116.6132687944439,8542700
2021-07-01,117.69696044921875,117.78032547167311,116.69662257954057,116.74293726608511,12021000
2021-07-02,118.82698822021484,118.93814631732897,117.64141256154136,117.84518591744619,12327900
2021-07-06,118.71583557128906,118.7250928565126,117.87296328500018,118.47501895613792,11413100
2021-07-07,119.46607208251953,119.46607208251953,118.28975392830259,118.72507948356314,18435700
2021-07-08,118.8084716796875,118.90108693694351,117.73403293604083,118.35461027937278,8386600
2021-07-09,119.21601867675781,119.57725068744065,118.94740192355783,119.23453324829795,5224200
2021-07-12,119.44756317138672,120.04035445197573,119.12337447734598,119.21600385657446,9097900
2021-07-13,119.33641052246094,119.72542849306451,119.0492792203435,119.29936724903851,9698800
2021-07-14,119.22527313232422,119.70692051288809,119.0122424985838,119.60503383879305,7487000
2021-07-15,118.8084716796875,119.1048602894717,118.07674330771371,118.58616962240384,8750600
2021-07-16,119.13263702392578,119.56796968566172,118.72509035053389,119.11412245386948,6511000
2021-07-19,117.88223266601562,118.91962111452355,116.91895197330979,118.3546157261951,19460400
2021-07-20,119.31790924072266,119.9940585887459,118.26199209821227,118.26199209821227,15053700
2021-07-21,119.51239776611328,119.83658647462809,118.22492848360584,119.79952906797861,8295700
2021-07-22,120.39230346679688,120.39230346679688,119.2900789725576,119.61426763554242,9261100
2021-07-23,121.78166961669922,121.90208498178669,120.75354570434155,120.90174705625553,8303800
2021-07-26,120.99437713623047,121.79094174081433,120.59608776730909,121.43896706129202,6626500
2021-07-27,121.55940246582031,121.55940246582031,120.50349238644836,120.82766699916341,9551600
2021-07-28,121.99471282958984,122.3466733693966,121.07773287604202,121.38339286055796,7432600
2021-07-29,122.2911376953125,122.47638237123658,121.92990563061855,122.39302438706017,5662700
2021-07-30,122.40226745605469,122.85612887262188,121.92063418125082,122.08735013023804,6634400
2021-08-02,122.56898498535156,123.05063234408851,122.20775299961379,122.88390227891583,8366300
2021-08-03,124.27326202392578,124.31031943209547,122.54120272338767,122.6245606918792,7701700
2021-08-04,123.74530792236328,124.55112984413704,123.58783514538133,123.79160848037736,8322100
2021-08-05,123.23589324951172,123.67122597354916,122.30038439718116,123.65269726758159,8240900
2021-08-06,123.13398742675781,123.29144606985291,122.34668007802287,123.18030211784682,6923700
2021-08-09,123.60636901855469,123.83792835134825,123.2173510354527,123.30998042187416,9852500
2021-08-10,123.31925964355469,123.9213083626079,122.84688360860198,123.6712344146543,5832600
2021-08-11,122.09661102294922,123.70825492392163,121.99472435182086,123.51375300020564,14512500
2021-08-12,123.05986785888672,123.16175451033993,122.13363071231471,122.21698866352446,8220300
2021-08-13,123.82866668701172,123.85645267530353,123.21734667807262,123.36554803780201,7922900
2021-08-16,125.23653411865234,125.2550486861282,123.40257434399348,123.82864966131781,8404200
2021-08-17,126.71853637695312,126.71853637695312,124.83827558644087,124.90311898837768,13874500
2021-08-18,124.79194641113281,126.69073568664771,124.71784573177142,126.55180574613226,12427700
2021-08-19,125.35694885253906,126.00531211552197,123.93054967397667,123.96759294617893,11669200
2021-08-20,126.07017517089844,126.44993590318154,125.04205107451091,125.47738379039419,7252700
2021-08-23,126.11648559570312,126.87599290127713,126.07942818571755,126.7833776428349,8471300
2021-08-24,125.671875,126.13499366813076,125.3106430041884,126.11647909735284,6548100
2021-08-25,125.32918548583984,125.61631683032405,124.8104947818346,125.55148755895424,6918500
2021-08-26,124.83826446533203,125.68114381585686,124.59744785086487,125.403269794081,5972100
2021-08-27,124.69934844970703,125.45885578525244,124.4955750865277,125.11615246229695,8679200
2021-08-30,125.40328979492188,125.85715124065177,124.57893901657391,124.58819630324763,6417200
2021-08-31,125.23653411865234,126.0145699503671,124.79193010059453,125.43103600995222,9299100
2021-09-01,125.27362060546875,125.4496079900073,124.08803774814453,125.33846401377768,10571100
2021-09-02,126.61665344238281,126.63518214823576,125.59780075265472,125.73673071339807,6847800
2021-09-03,126.75557708740234,126.931550298201,125.88491178517438,126.48696036228475,5632800
2021-09-07,126.01459503173828,126.48697099502945,125.19024435074361,126.2831976461759,8739100
2021-09-08,125.95903015136719,126.16280351170636,125.43106804505359,125.76451407713029,6986200
2021-09-09,124.50479888916016,126.07014197021732,124.43069821945393,125.7830107083917,8905600
2021-09-10,123.36554718017578,125.06056312049084,123.30070378577263,124.94940503483677,10561600
2021-09-13,122.60603332519531,124.0880187364245,121.98545599755542,124.01391805253702,11676700
2021-09-14,122.5875244140625,123.46744710930467,122.374479638077,123.18031577927142,10436300
2021-09-15,123.38407897949219,123.95834159228733,122.24479690582082,122.43004154221346,10299900
2021-09-16,123.06914520263672,123.77309459405976,122.22628000314477,123.54153526967261,10525700
2021-09-17,123.18956756591797,123.29145423976155,122.38374559395716,122.96726551391552,13541400
2021-09-20,121.904052734375,122.99158140560799,120.84442214207358,121.79251715088851,17245000
2021-09-21,122.08995819091797,123.34477599169443,122.07136420024491,122.46175290602376,11741800
2021-09-22,122.29447937011719,122.9079393813755,121.70888907707777,122.45249287173392,11964100
2021-09-23,123.1774673461914,123.8931728512523,122.48034164794812,122.57328323121205,10366500
2021-09-24,122.67550659179688,123.42839993969288,122.41524751309346,122.97295364348994,6962600
2021-09-27,120.92808532714844,122.47104620233145,120.66782618275326,122.32233682200538,11631400
2021-09-28,118.85530090332031,120.15660378162882,118.44631817517273,120.15660378162882,17433400
2021-09-29,119.79409790039062,120.35179001141954,119.1434358295999,119.38511517579997,11171400
2021-09-30,118.32548522949219,120.94667078712033,118.22323954776901,120.19377721400437,21653100
2021-10-01,118.35336303710938,118.91106221411547,116.44788316651457,118.48349260869314,23188900
2021-10-04,116.55013275146484,118.4741995861535,115.96454965970048,117.87002250266518,27580700
2021-10-05,117.24726104736328,118.43702124827259,116.86616930716428,117.02418278257534,19151800
2021-10-06,117.0334701538086,117.13570873596692,115.72287038646145,116.59660356469288,21322100
2021-10-07,118.58576202392578,119.34794561490362,117.61907994755533,117.84215824470814,15806400
2021-10-08,117.9908676147461,118.97613647564532,117.74919535190143,118.75305820538198,9552300
2021-10-11,117.07064819335938,118.51137758095547,117.03347439388024,117.88861361249722,7843400
2021-10-12,116.50366973876953,117.56330756489822,116.21552665402848,117.44246787785384,13007200
2021-10-13,116.6895751953125,117.21939056703016,115.97385533871874,116.69887219243905,10609000
2021-10-14,118.36266326904297,118.82741380568888,117.89791273239707,117.89791273239707,8857900
2021-10-15,118.94824981689453,119.48736212475147,118.72517155181,118.97613371358882,8976100
2021-10-18,118.13957214355469,118.5485548405957,117.62835086378307,118.42772226716524,11660700
2021-10-19,119.69184875488281,119.99858578944762,118.78093464689549,118.78093464689549,9487000
2021-10-20,121.40213012695312,121.57873759198833,120.29602163167804,120.40755721672758,13665700
2021-10-21,121.894775390625,121.96913718163184,120.77007280335603,121.65311020714884,8267500
2021-10-22,122.38740539550781,122.4338832860797,121.59733798802945,121.78323536725607,8009700
2021-10-25,122.53610229492188,122.66623185035624,121.4950658514469,122.4431465340154,10629700
2021-10-26,123.14030456542969,123.4935195300657,122.1457457409368,122.81498768284632,9271600
2021-10-27,122.16431427001953,123.46562422936525,122.12714046915147,123.3354946517367,11851400
2021-10-28,123.18678283691406,123.66082330428205,122.38741130290073,122.38741130290073,9282500
2021-10-29,124.38582611083984,124.54383957313448,122.5547080726915,123.02874845957538,15415100
2021-11-01,124.23709106445312,125.00857849706672,123.76303653834454,124.4973501762917,14356700
2021-11-02,125.01788330078125,125.6406472628403,123.63292171816484,124.72043617576583,20851500
2021-11-03,125.75218200683594,125.79865989269292,124.3114668266855,124.77621731913648,14610000
2021-11-04,124.88774871826172,125.65923621187274,124.02330545604832,125.46403477103134,15818500
2021-11-05,123.49348449707031,124.27426181345103,122.6011574333084,123.76303350520502,14867300
2021-11-08,124.2278060913086,124.38583374636306,123.23324737156491,123.71659187493964,8948800
2021-11-09,123.77235412597656,124.37652409085229,123.53067479357875,124.26498851162832,7287000
2021-11-10,124.12554931640625,124.62748776663786,123.71658081647891,123.73516062348098,8445400
2021-11-11,123.7630844116211,124.19066122249589,123.46565139006488,124.1070095148454,8597300
2021-11-12,124.37653350830078,124.66467656515304,123.68871180692712,124.5531409774839,8317600
2021-11-15,123.60504913330078,124.72975167597205,123.48422363788448,124.66467979277333,6268900
2021-11-16,124.12554931640625,124.79479112800921,123.36336592061657,123.57714716561067,6150900
2021-11-17,124.30215454101562,124.78549899254106,123.72586850696585,124.2649807446176,8229000
2021-11-18,124.34866333007812,124.66469031871317,123.92110074146885,124.43231503005882,9029300
2021-11-19,123.59574890136719,125.13872396276378,123.48421332012973,124.72043716700398,10166100
2021-11-22,123.03803253173828,124.19990868447604,122.88001907693297,123.7723462027813,11146200
2021-11-23,123.16816711425781,123.29829668134661,122.08995677969028,122.46175149049853,12075200
2021-11-24,123.1217269897461,123.34479818572414,122.50825283468284,122.93581541568197,6760800
2021-11-26,122.666259765625,124.29288667025646,122.23868302443215,123.5678769559799,11896900
2021-11-29,123.00086212158203,123.82811739778313,122.87073255621532,123.33548303010488,17137100
2021-11-30,120.58415985107422,122.85214454329204,120.40755239311405,122.29445245732576,19467000
2021-12-01,120.37037658691406,122.7777807147181,120.35178259610736,121.16045809101716,22241400
2021-12-02,120.95597076416016,121.4486051639775,119.75690652078598,120.33320679048651,17531100
2021-12-03,121.17904663085938,122.26656115093894,120.17518380084891,121.80181062869671,22111900
2021-12-06,121.86688232421875,122.39669054357722,121.30917602515267,121.49508758021493,15230900
2021-12-07,123.437744140625,123.73517710592505,122.52683706912647,122.69414045278387,11974700
2021-12-08,124.36725616455078,124.45090786375131,123.16819174376226,123.79095580958047,15144700
2021-12-09,124.65538787841797,125.06437061461455,124.15346354594256,124.24640514222139,9095800
2021-12-10,125.09225463867188,125.35251380141354,124.27428916544913,124.33005695988511,8554300
2021-12-13,126.27269744873047,126.6258981308961,125.09222738579312,125.09222738579312,12201800
2021-12-14,125.76148986816406,126.42142764473701,125.13872589155667,125.68712808517304,11070800
2021-12-15,128.3362274169922,128.40128512069228,125.91951881348783,126.03105441015178,14996300
2021-12-16,129.0984344482422,129.74908251890054,128.09457134648466,128.32694667051007,19227500
2021-12-17,128.19677734375,129.2378139343124,127.69485303988878,128.4477465872105,21504200
2021-12-20,127.42046356201172,128.32554563148582,126.31944410949369,127.93365662783198,16185700
2021-12-21,127.95233154296875,128.00831365655154,126.59936402273884,127.78437096465339,10773400
2021-12-22,129.4452362060547,129.51988376776967,127.6630772812884,127.88700572886674,7246000
2021-12-23,129.97706604003906,130.39694602408872,129.39855112389887,129.78111445411537,7743800
2021-12-27,131.34869384765625,131.34869384765625,130.30364237706306,130.4436118734923,6968900
2021-12-28,131.0034637451172,131.7032686032376,130.658231237799,131.47000031719747,6065900
2021-12-29,131.7499237060547,132.02052288801903,130.77953391098245,130.87283268186596,7103600
2021-12-30,132.02053833007812,132.4777351072865,131.85257774273612,131.99254727178243,7931700
2021-12-31,131.46067810058594,132.36576021276173,131.41402159466176,131.8619069664539,7882800
2022-01-03,130.1077117919922,131.1434234742352,128.98802695005617,130.9008153628128,15122300
2022-01-04,128.39083862304688,129.9677198876828,127.84031478340373,129.81843904203512,14304500
2022-01-05,127.47642517089844,129.44520971583503,127.42978291224242,128.67075743879172,15370700
2022-01-06,126.002197265625,127.45780340103316,125.77826881215219,126.68335094511674,15182000
2022-01-07,125.35840606689453,125.93690696848734,125.09714667665462,125.70363863880391,9619400
2022-01-10,126.64599609375,126.72064364331291,124.50926515807338,124.80784111876072,15589900
2022-01-11,127.65375518798828,127.67242064040413,125.96489480235289,126.83264613251396,12168300
2022-01-12,127.28982543945312,127.4857770470478,126.73931574975933,126.92592751469019,10831800
2022-01-13,125.31172180175781,127.22452452906398,125.08777912933154,127.06588957095008,13804900
2022-01-14,125.09711456298828,125.22774422457431,123.80946915766508,124.9758105066708,14341800
2022-01-18,123.34296417236328,124.06143461367229,123.02572266129087,123.86548295238113,16471400
2022-01-19,122.83907318115234,124.54659873579328,122.71778335450215,123.5762089347605,14639600
2022-01-20,122.03665161132812,124.39734017763298,121.96201827579603,123.13768551760502,15127800
2022-01-21,120.80499267578125,122.79244321908438,120.60904103222373,122.4098797763473,25804800
2022-01-24,120.40376281738281,120.60904006610629,116.55950568232042,119.71329774219251,37938000
2022-01-25,119.62930297851562,120.65567479932885,117.8191318499925,118.80819413181307,19326800
2022-01-26,119.00411987304688,120.90758946493854,118.07104696244006,119.82522147161959,29557400
2022-01-27,119.31206512451172,121.15021323284407,118.92016899494404,119.58265718970577,18483600
2022-01-28,121.74739074707031,121.79404725596241,118.36967021928143,119.20943754785296,20906800
2022-01-31,122.44721221923828,122.67115494965076,121.28087052711606,121.52347871112195,19044400
2022-02-01,122.77376556396484,122.99770824326062,121.79403591869944,122.88572978482962,14674800
2022-02-02,124.42530059814453,124.72387657945497,122.43785038675324,122.68978410423396,13595200
2022-02-03,123.89344024658203,124.35997677838496,123.66017198068056,124.25733817188572,13805600
2022-02-04,123.44557189941406,124.31332303377472,122.54048986864508,122.76443253439882,12004100
2022-02-07,123.2309799194336,123.92144495052109,122.88573316632322,123.49223926701805,9229200
2022-02-08,124.23870849609375,124.45332561356456,122.29792849404284,122.57783910366709,11071600
2022-02-09,125.19976043701172,125.46103404262347,124.70523275910215,124.83586244312416,10811000
2022-02-10,123.24029541015625,124.83584242068878,122.75509341693852,123.75348845706294,14393300
2022-02-11,121.53278350830078,124.00542177716646,121.38348838025722,123.07234858324476,13072300
2022-02-14,120.29177856445312,121.5141020090426,119.38669654688158,121.28083374137087,14386900
2022-02-15,121.64473724365234,122.12061364355083,121.02891980932944,121.33682140770799,8969900
2022-02-16,121.83135223388672,122.1765846986055,120.68366215713893,121.01956901709067,8779200
2022-02-17,119.87189483642578,121.40213405569699,119.69460868044773,121.33681210873046,11906800
2022-02-18,118.97616577148438,120.40375951025008,118.57494401057716,119.75995096155636,13505600
2022-02-22,118.67757415771484,119.64796395226973,117.88445629901398,118.55627009430819,13682100
2022-02-23,118.08040618896484,119.69461870012091,117.96843485179781,119.2840642492914,12022800
2022-02-24,118.55626678466797,118.79886778592572,115.75704746160771,115.97165740864013,23220000
2022-02-25,122.18592834472656,122.48451859213401,118.95749604185838,119.08812571570748,17012300
2022-02-28,121.2621841430664,121.40213941050396,119.8532346755568,120.22647245133253,17987700
2022-03-01,120.59038543701172,121.61675741399044,119.65731223744898,120.62770210046469,14064200
2022-03-02,122.40983581542969,123.07230960023877,120.96356997544062,121.12219065965635,12395600
2022-03-03,123.03501892089844,123.75348919082779,121.98998161013978,122.95104575933367,11172600
2022-03-04,123.65084075927734,123.76280496580375,121.43012241274083,121.79402032151607,12160400
2022-03-07,121.4954605102539,123.10967306505401,120.94493653399368,122.87640477873627,15704000
2022-03-08,119.01348114013672,121.58875786555481,118.93883358087683,120.69301562956858,21794600
2022-03-09,121.2621841430664,121.8873414002297,120.05851189284212,120.95426831713846,15576500
2022-03-10,121.21554565429688,121.47680501738091,119.66664068917902,119.79727037072104,10708800
2022-03-11,120.3104476928711,122.2512414477797,120.18914363395007,121.54209678032207,9869100
2022-03-14,121.1595458984375,122.90438801303944,120.80497356977662,121.28083571805932,14373200
2022-03-15,123.57621002197266,123.70683969321415,121.93399216914665,122.1392694007499,14374100
2022-03-16,125.0597915649414,125.0784570142226,122.93238594900379,124.20136598636712,13840400
2022-03-17,127.03789520263672,127.09389154745689,124.52794055613428,124.69588687789854,10973100
2022-03-18,127.82168579101562,127.98030650540825,126.58069689158069,126.96326026970922,11364200
2022-03-21,127.72432708740234,128.8568592343882,127.12529816055643,127.76176014696563,11473100
2022-03-22,127.75243377685547,128.0332174907738,127.28444187768578,127.85539256595197,8892100
2022-03-23,125.459228515625,127.37799764581429,125.42179545776654,127.14400175876622,10013400
2022-03-24,126.95681762695312,126.95681762695312,125.65580096662246,125.92722993231305,7189200
2022-03-25,127.5465087890625,127.76178105122047,126.57307769743095,127.38739326642587,7040100
2022-03-28,128.4730987548828,128.51054609532062,127.30311930077752,127.76175638829807,8467000
2022-03-29,129.2312774658203,130.05493341741428,128.46376396963228,129.54013952143183,12327700
2022-03-30,129.48397827148438,129.99877214952608,128.8287925548756,129.24998235255427,10752900
2022-03-31,128.22039794921875,129.9238806672004,127.9957567446819,129.21253827579807,15843000
2022-04-01,129.2312774658203,129.27806522565493,127.71497414656488,128.5760774444001,20785700
2022-04-04,128.15489196777344,129.16575612081726,127.85538459760033,128.94111488170358,16769500
2022-04-05,128.4263458251953,129.95198973528454,127.76179103099966,127.82731675354526,15025100
2022-04-06,130.382568359375,130.69144477971665,128.0145300854042,128.0987652140478,23197800
2022-04-07,132.89097595214844,133.22793069149634,129.9145543228915,129.9145543228915,18160200
2022-04-08,133.6865692138672,134.23879623375225,132.70378335757607,132.9003462416261,19102700
2022-04-11,131.02842712402344,133.84573429172636,130.831864167214,133.30286176747418,16570700
2022-04-12,129.7554473876953,131.46829956936787,129.19385135758026,130.70078594700934,14085400
2022-04-13,130.3918914794922,130.52292863075303,129.07215098909325,129.746060419,15496400
2022-04-14,129.7647705078125,131.17810065430882,129.67116643157752,130.51356027176178,10993400
2022-04-18,128.33273315429688,129.93327165860643,127.78986086283453,129.63375000180844,10125000
2022-04-19,129.5588836669922,130.01752089806297,128.62289981075153,128.66970185995962,11733100
2022-04-20,131.29978942871094,131.80522861359074,129.76477676548132,129.91453758188848,13674800
2022-04-21,129.8490447998047,131.8146167381965,129.55889207066653,131.66485588380868,11409700
2022-04-22,125.11296081542969,128.71650438815806,124.98192364634758,128.67905703586015,17525300
2022-04-25,125.9553451538086,126.22677416814417,123.3439423884729,124.74791806988546,16501900
2022-04-26,123.7370376586914,125.87107927236922,123.55919847722204,125.19716989099966,20087700
2022-04-27,123.4655990600586,124.7198136457828,122.8572011560154,123.71830434689961,16726700
2022-04-28,125.16909790039062,125.58093301909501,123.18481699970002,124.33607296736692,15510700
2022-04-29,121.94931030273438,124.5981458943878,121.76211641864825,123.95231485460947,17430200
2022-05-02,121.19114685058594,122.52961076249935,119.22558281088088,121.84633248349168,23615100
2022-05-03,121.57495880126953,122.74493877829383,121.14439988565245,121.5656041029669,13585300
2022-05-04,124.27058410644531,124.71985237119183,120.35816405008494,121.37838305456418,19053500
2022-05-05,121.85572814941406,123.79320710836845,120.60151333714613,123.6621699530864,16119800
2022-05-06,121.47195434570312,121.80890902374576,120.05862420606763,120.67636254749847,21742300
2022-05-09,118.32705688476562,120.14286753629,117.86842687417041,120.11478916802747,17289800
2022-05-10,118.74825286865234,120.01182941714063,117.65314652837293,119.56255410561718,21850200
2022-05-11,117.96202087402344,120.82612862120683,117.82162189522278,118.1585765879489,19987300
2022-05-12,119.10394287109375,119.17882329164793,117.26005357563905,117.53148974440552,17497100
2022-05-13,120.36750793457031,120.74189569680811,119.36599853351883,119.89014711344281,9841500
2022-05-16,121.25672149658203,122.08037764669004,120.19905508101097,120.22713345647024,8839800
2022-05-17,122.92273712158203,122.97889385667781,121.61235141411156,122.52025671676654,9058700
2022-05-18,119.74974822998047,122.38921464706456,119.36599151297202,122.08970731128547,10005000
2022-05-19,120.01183319091797,120.74189934673534,118.36449985151658,118.79505150389633,9672800
2022-05-20,121.47195434570312,121.73402861951664,119.17879730884651,120.81676866116935,12833700
2022-05-23,122.53898620605469,123.01633275900596,122.03356128422264,122.28626660414963,9196500
2022-05-24,122.90401458740234,123.10993213931211,121.39708029314133,122.18330315571815,9031300
2022-05-25,122.8666000366211,123.67154669301031,121.7153296551244,122.8197979892304,8532400
2022-05-26,123.39073944091797,123.85873131578363,122.81978878230271,123.17546717743377,9090100
2022-05-27,125.44054412841797,125.4686224979018,123.09121581376172,123.60600972426279,13696000
2022-05-31,123.76510620117188,124.56069796606933,122.7636111857354,124.33605676278653,11740800
2022-06-01,121.98675537109375,124.23311050214078,121.01332434085646,124.214401111466,9259900
2022-06-02,122.95081329345703,122.97889166050349,119.9650231537141,122.1458667801783,9575400
2022-06-03,121.50940704345703,122.64193928763574,121.35027725122218,122.09906704453407,5852600
2022-06-06,121.52812194824219,122.6325901569378,121.20053621766337,122.37987055530759,7729000
2022-06-07,123.10992431640625,123.23160675716005,121.08819627083965,121.5281097145132,7219100
2022-06-08,122.13652038574219,123.21289594761463,121.7901966986705,122.76362776236104,5372000
2022-06-09,119.37535858154297,122.13651470311002,119.34728021389465,121.72467960163144,7772900
2022-06-10,117.45661163330078,118.55171816771558,116.99798154512114,117.96204377049452,11289000
2022-06-13,113.89986419677734,115.83735026299198,113.42251048742324,115.13536245434915,14886200
2022-06-14,112.81412506103516,114.05898521551632,112.00917843039242,113.76883252574612,9299500
2022-06-15,113.95601654052734,115.15407454517137,112.21508627096995,113.43186794874283,10301600
2022-06-16,112.28060913085938,112.35548954425516,111.14806965695772,111.86877399817178,9383300
2022-06-17,112.21509552001953,113.99346614142345,112.17765531166486,112.31805430774746,13724900
2022-06-21,115.23605346679688,115.75302069247464,113.41258406496421,113.78855240603556,7987200
2022-06-22,116.83393096923828,118.12163741348533,114.44649505338431,114.50288886228991,10188900
2022-06-23,119.45635986328125,119.55035911919691,117.37910395377283,117.37910395377283,11943300
2022-06-24,121.43961334228516,121.458416060321,119.52215202850455,120.33049679678702,10448100
2022-06-27,121.89078521728516,122.40775242608409,121.05424349478233,121.43962035427538,8963600
2022-06-28,119.76653289794922,122.74612554779402,119.54095047399973,122.13517344839481,7518700
2022-06-29,120.80984497070312,121.41140279984103,119.73831963935528,119.92630377178526,9157700
2022-06-30,120.53728485107422,121.22343347226352,119.26836670322818,120.18010491624638,10697600
2022-07-01,121.89078521728516,122.05058681640952,119.24017551204624,120.58427591265102,9366600
2022-07-05,121.18582916259766,121.21404041132632,118.59161337266721,120.71586159862152,9987000
2022-07-06,122.00357818603516,122.63333297854332,121.13883961980282,121.35502067579307,9033300
2022-07-07,122.5205307006836,122.68031792662958,121.75917131738379,121.82497365044547,6805500
2022-07-08,122.88712310791016,124.10902729363151,122.05058142237833,122.1727632355874,6505800
2022-07-11,122.57694244384766,123.26309106562557,122.06936944736512,122.20095979047694,7027300
2022-07-12,121.01665496826172,123.01872150017654,120.47149084034167,122.1915739485361,9280400
2022-07-13,119.84172058105469,120.80985254895526,119.53154028906651,119.99211363334064,9296500
2022-07-14,119.49394989013672,119.67253985869579,117.70807888908968,118.4694240457705,7784800
2022-07-15,122.3795394897461,122.43593329745202,120.73465316772727,121.27042302547468,9684800
2022-07-18,119.79472351074219,122.61452876093905,119.39055113803522,122.50174114045795,7047700
2022-07-19,121.83438873291016,122.0411756118992,120.54668217561004,121.07304356130142,6585700
2022-07-20,120.63127136230469,121.82499299542032,120.14250824911211,121.66520574410121,7599500
2022-07-21,122.53931427001953,122.53931427001953,120.67824709354144,120.98842734666597,9507700
2022-07-22,122.03177642822266,123.05630225073739,121.28921966344849,122.82131847443924,8657100
2022-07-25,122.67093658447266,122.8965261934762,122.01298481938662,122.12577245275199,5489000
2022-07-26,123.30070495605469,124.06206459154109,122.68975275199611,123.01873584173497,7482400
2022-07-27,124.07145690917969,124.62601528200675,122.65215980017975,123.22552089443586,7680700
2022-07-28,124.8609619140625,125.77270001112431,122.11635343609751,124.23120718535576,11052600
2022-07-29,124.44739532470703,124.672984900725,123.57326260939499,124.23121427827567,8309500
2022-08-01,123.52626037597656,124.42860431869522,123.24427699748509,123.75184994722383,7665400
2022-08-02,123.0844955444336,124.82338117491854,123.01870754698194,123.82705228741645,7935100
2022-08-03,124.21240997314453,124.70118021046517,123.41347379338733,123.7518509819523,6825700
2022-08-04,123.60149383544922,124.53203495986276,123.40410110883738,124.50383804781458,5493000
2022-08-05,123.55447387695312,123.61086769177285,122.5393421833811,122.83071978813122,8883400
2022-08-08,123.84583282470703,124.663586043218,123.21607808363684,123.78943901838285,7075100
2022-08-09,123.46985626220703,124.5977753397506,123.17847872092076,124.0056117285758,5802500
2022-08-10,124.81396484375,124.90796408254403,124.09022520566275,124.78576794056583,6736300
2022-08-11,124.00559997558594,125.65989451864388,123.74241936051179,124.43797632450368,8471400
2022-08-12,125.59413146972656,125.65052528455402,124.09963800770927,124.30642489025821,7515500
2022-08-15,126.2238998413086,126.39309564620696,125.07719201821463,125.52835692748717,7486100
2022-08-16,125.885498046875,126.3084803055722,125.39674213300401,125.95130038659096,7138400
2022-08-17,125.15232849121094,125.87608239330714,124.96434437622024,125.15232849121094,7251800
2022-08-18,124.59779357910156,125.36854723931643,123.93044769503388,125.11476074848088,7053600
2022-08-19,124.9361801147461,125.53773804523007,124.41921290676633,124.59780288245683,5946500
2022-08-22,123.30070495605469,124.56022914987177,122.8871454742943,124.16545804754978,6420400
2022-08-23,121.58060455322266,122.88711370009369,121.24222736125682,122.75552336667758,7501900
2022-08-24,121.73098754882812,122.20095509076329,121.28921691202737,121.7027906436937,6719500
2022-08-25,123.07508087158203,123.11267195783024,121.3925893310334,122.24793355143439,5636600
2022-08-26,119.64434051513672,123.12210471036293,119.55034843875455,123.11269618024822,9044500
2022-08-29,118.80780029296875,119.55034989637218,118.18743967323834,118.9205879175482,6727700
2022-08-30,118.01824951171875,119.23076665793808,117.72687192387619,119.23076665793808,7910500
2022-08-31,117.26631164550781,119.14618195069521,117.24750892661972,118.40363231960986,8954500
2022-09-01,119.19317626953125,119.2495772559414,116.91853488575738,117.07832214312432,11212400
2022-09-02,117.48246765136719,119.99209942345756,116.97490191671301,119.87930464760066,9730300
2022-09-06,117.59526824951172,119.07096591048055,117.26629243422597,117.94304678060517,9663400
2022-09-07,119.51274871826172,119.71013422760076,117.19110788710836,117.56708335919325,9038300
2022-09-08,121.5899887084961,121.62757979682603,118.8265775924874,119.07096269344045,9394800
2022-09-09,122.66153717041016,122.99052021007493,121.66520820539873,121.89078346251999,8880400
2022-09-12,123.47927856445312,124.11844193736749,122.8025240953779,123.13150714144342,7982400
2022-09-13,119.39996337890625,121.78740674000316,119.08038886356965,121.5148175093018,11928500
2022-09-14,119.46575164794922,120.499678839925,118.67620959372125,119.79472750387754,8080100
2022-09-15,120.13311004638672,121.2798320845924,119.8605279904906,119.98272415035142,8624200
2022-09-16,119.79472351074219,120.05791135784779,118.87359114484714,119.75713241800554,10810100
2022-09-19,119.1492691040039,119.17757840676613,117.45063894106033,119.03602469323401,9430100
2022-09-20,117.75260162353516,118.5264203311859,117.0259698808724,118.34712570361562,9010600
2022-09-21,115.79917907714844,119.00769825647626,115.770869778462,118.2244407274586,11642400
2022-09-22,116.4125747680664,117.20526393802243,115.12916708361571,115.6198783983904,9505600
2022-09-23,115.81806945800781,116.02567340440709,114.37423026900639,115.7897529564927,16611100
2022-09-26,114.71394348144531,115.68593446636835,114.20435450688258,115.12916572732308,10450600
2022-09-27,114.36479187011719,116.26158697535297,113.90238263575797,115.51608473979479,13239900
2022-09-28,116.86552429199219,117.45060946790005,115.22352034633997,115.96902966412415,16360000
2022-09-29,115.88410949707031,116.79947464978358,115.10085199965665,116.51637447462224,10791700
2022-09-30,114.28929138183594,116.69568259922653,114.15717651967614,115.89354739361633,12389800
2022-10-03,116.63905334472656,117.08258488299883,114.77056766399967,115.11972527519461,9326800
2022-10-04,119.3474349975586,119.3946147663819,117.33738821300672,117.61105679117595,13717900
2022-10-05,119.7437744140625,120.36660781313435,118.13951834932874,118.58304991538532,9913400
2022-10-06,118.21501159667969,119.66828237952072,117.90360208585129,119.3002470669522,9399300
2022-10-07,115.71424865722656,117.52611573083867,115.05366717016483,117.31850461203983,10068700
2022-10-10,114.98760986328125,116.1483414833776,114.54407832714458,115.98791732767023,8377800
2022-10-11,115.60100555419922,116.82779461547865,114.45915158779351,114.75169060406114,10792900
2022-10-12,115.03480529785156,116.65793903910624,115.00649599766786,115.96904820251501,9292800
2022-10-13,117.71485137939453,118.27162731743867,113.19461524395496,113.38335590080038,14063600
2022-10-14,116.92215728759766,119.28136140074643,116.5635536545785,118.4037371826663,11442300
2022-10-17,118.80009460449219,119.03601504134275,117.52612568544322,117.66767938749763,8420400
2022-10-18,119.46066284179688,120.6025240335436,118.87558479613358,120.56477590161049,10016700
2022-10-19,117.79034423828125,119.10206116664205,116.76173468714754,119.09262233414256,7676200
2022-10-20,116.79005432128906,118.44149736859347,116.63906178681263,117.58274352812943,7196600
2022-10-21,119.41349029541016,119.73433863665744,116.08229484792655,116.7051210631738,8433100
2022-10-24,121.716064453125,122.08409974867116,120.41378626886318,120.41378626886318,7411300
2022-10-25,122.64087677001953,122.78242326143744,121.28197285464918,121.34802308416434,7174200
2022-10-26,123.999755859375,125.1510485575657,122.98059240798366,123.01833333604176,8277100
2022-10-27,123.34864807128906,124.30176145648196,123.15990020144106,124.282883789609,6496800
2022-10-28,125.37754821777344,125.47192214527607,123.1504588834439,123.53737182698922,6267100
2022-10-31,125.27375030517578,125.76446883915617,124.44330577066137,124.72641317101315,7852800
2022-11-01,125.34923553466797,126.04756514078775,124.00920931706455,125.42473179474356,8033300
2022-11-02,123.21651458740234,126.48164489055308,123.15044996304795,125.0566908448935,10228700
2022-11-03,122.69750213623047,123.37695413140335,121.45183534526672,122.32002080588975,7916600
2022-11-04,123.44300842285156,123.88654000093311,121.70663744452088,123.62231026072804,8082200
2022-11-07,124.7641830444336,125.09446305046858,123.17879005736218,123.6411993451418,6054400
2022-11-08,125.38697052001953,126.34952979104646,123.93370718092586,124.7924608992005,8930700
2022-11-09,124.03752899169922,126.02869801952737,123.88653645891593,125.18882185515096,8963500
2022-11-10,127.18941497802734,127.44421306206732,125.18881443526513,126.89687596274868,12416800
2022-11-11,125.63233947753906,127.04786191654289,123.99975989695868,127.02898425217994,10487200
2022-11-14,125.74560546875,127.24605614192937,125.69841849675322,126.00983523260138,10552600
2022-11-15,125.58516693115234,127.07618579930978,124.53767963008023,126.54772633200143,8184100
2022-11-16,125.5285415649414,126.74588460084404,125.31148441015029,125.896576845511,6122200
2022-11-17,125.47193908691406,125.98152092569065,124.43388334198191,124.53768891647513,6498700
2022-11-18,126.99127960205078,127.20832240619377,126.12307958659288,126.53830192456589,6720700
2022-11-21,127.04786682128906,127.59520391343342,126.58545762289829,126.72700411248759,7995200
2022-11-22,128.15196228027344,128.2463217992264,127.33094950869713,127.34982717226303,5931100
2022-11-23,128.66156005859375,128.85029351949268,127.8499932172323,128.17085594014455,5340600
2022-11-25,129.42593383789062,129.529739396411,128.79366885397184,128.81254651900446,3256000
2022-11-28,128.45396423339844,129.79399068467885,128.1991805105827,129.02961071734808,5026800
2022-11-29,128.1331024169922,128.38790051249444,127.44421879523897,128.180289382743,5439600
2022-11-30,131.19064331054688,131.2755712137307,127.64239065016339,128.32184267451595,9377400
2022-12-01,131.5680694580078,132.26639893299415,130.86030835207285,131.94555068750174,15140200
2022-12-02,131.9078369140625,132.08713875462027,130.24696217944526,130.24696217944526,7779800
2022-12-05,130.64332580566406,131.36051887281317,130.1997941564114,131.05854814959787,6921500
2022-12-06,129.65243530273438,130.8131598255952,129.01073862324736,130.39793755089616,8171500
2022-12-07,130.71876525878906,131.09623209857233,129.61465963301424,129.6524005572178,7427000
2022-12-08,131.8983917236328,132.0493698480324,130.69048033179826,130.94526401640735,6765000
2022-12-09,130.209228515625,132.11547004381566,130.17148757422476,131.71912536161744,6203000
2022-12-12,131.59642028808594,131.59642028808594,130.29414923372664,130.29414923372664,5669700
2022-12-13,132.002197265625,133.7857550548408,131.0868248892055,133.38941047939724,9886500
2022-12-14,132.20982360839844,133.32336120103045,131.09627161632514,131.94559386101315,10882200
2022-12-15,129.7845458984375,131.36049264410428,129.322136671487,131.03021268151704,8746700
2022-12-16,127.8971939086914,128.88806268405438,127.18943255478094,128.8031347774511,10843900
2022-12-19,127.41963195800781,128.09239799562317,126.84161416549225,127.85550569473578,6801600
2022-12-20,127.39119720458984,127.88393720471869,126.69947578241889,127.46700447066794,4815500
2022-12-21,129.06837463378906,129.4663518626487,127.770195324319,128.16817255317864,5937500
2022-12-22,128.88833618164062,128.92623257883358,127.22060553004872,128.34821492504412,5483300
2022-12-23,128.9641571044922,129.0873312524916,128.01658802792358,128.76516123655986,3766900
2022-12-27,128.6324920654297,129.31474290380314,128.12081116602738,129.21050973519732,7050500
2022-12-28,127.79862976074219,129.6842973254347,127.75126287650215,129.0588982989028,5054200
2022-12-29,129.19155883789062,129.8548542710301,128.30084163106503,128.5946001774431,6297300
2022-12-30,128.72723388671875,128.88831885595653,127.41958424863735,128.7556597954811,6369500
2023-01-03,128.3577117919922,129.18209225100304,127.38170235385884,128.83149632406858,7239200
2023-01-04,128.6988525390625,129.409529421695,127.86498703663777,129.07787442629655,8469800
2023-01-05,127.38166809082031,128.15868145462818,126.87945777860405,127.84598201251666,6714200
2023-01-06,128.5566864013672,128.90728230976455,126.60469654582123,128.23451640669091,7175700
2023-01-09,126.40570831298828,128.72726410440436,126.23515282037758,128.68935324465315,7719500
2023-01-10,127.46699523925781,127.66597664688929,126.16881578247876,126.35834116332701,7675200
2023-01-11,128.18714904785156,128.206104478652,126.96479124823321,127.55227947423117,7307200
2023-01-12,127.77969360351562,128.31032996404272,126.53836598879266,127.91235269364739,7580500
2023-01-13,128.34820556640625,128.7367122883924,127.02161488005613,127.0784667010777,6334100
2023-01-17,127.75128173828125,128.49985501661823,127.58071177006343,128.2819181571669,6664100
2023-01-18,125.95085906982422,128.0828891391213,125.82767048346346,127.7512486924832,10629100
2023-01-19,126.25410461425781,126.7563150508238,125.32547654093234,125.5813242312368,9902300
2023-01-20,126.88897705078125,126.98372528209197,125.57185662788332,126.53836666453775,5962200
2023-01-23,127.32482147216797,128.03549810813007,126.68048159576385,126.96475514189933,7211000
2023-01-24,126.48147583007812,127.42904460351632,125.66656610657121,126.68994211693469,5754800
2023-01-25,126.51942443847656,126.54785035346345,125.27811128819474,125.63817769761407,5999000
2023-01-26,126.75630950927734,126.92686498951984,125.77082964980222,126.81316133602485,6861100
2023-01-27,125.8940200805664,126.69945952790194,125.73293508285045,126.56680044397375,5854600
2023-01-30,124.7569580078125,126.44362994147437,124.56744706918626,125.65714581035553,7055400
2023-01-31,126.3678207397461,126.38677617094588,124.91804111625073,125.04122973091295,6290600
2023-02-01,126.96479797363281,127.74179717252137,125.42025560362087,126.36782477123398,11843000
2023-02-02,126.10249328613281,126.27304877814484,125.20230556341517,126.03615651117933,11274600
2023-02-03,125.7329330444336,126.59522430536497,125.31600037063137,126.18776211641989,10046800
2023-02-06,125.0317153930664,125.81819932725597,124.86115992863586,125.5528811878612,7328300
2023-02-07,125.83717346191406,126.2067248152081,124.15997218523044,124.59586031261242,7551000
2023-02-08,125.4676284790039,126.16882036207024,125.27811755003347,125.38235072978077,5614100
2023-02-09,124.36843872070312,126.26357683454242,124.1694428568972,125.78032182066569,8085700
2023-02-10,125.5434341430664,125.6760932375315,124.3684432644064,124.53899876067999,6198600
2023-02-13,126.58572387695312,126.59520881940551,125.56234774610346,125.56234774610346,6300300
2023-02-14,125.83717346191406,126.98372392216335,125.20230392978102,126.75631660244784,6905900
2023-02-15,125.21175384521484,125.51498283336241,124.78535073204203,125.34441291284091,6491900
2023-02-16,123.96099853515625,125.0696526643929,123.6956658809624,124.06521725737461,8008000
2023-02-17,125.06962585449219,125.29703313968673,123.25976576313019,123.37346940572745,10798800
2023-02-21,123.44928741455078,124.67165951403989,123.26924699224189,124.15996416024036,9066200
2023-02-22,123.03236389160156,123.87569978084153,122.77653065443504,123.58195568418306,7318900
2023-02-23,123.364013671875,123.9894126984446,122.46382598992197,123.00393281559144,9955500
2023-02-24,121.77208709716797,122.55857110294406,121.41202070878958,122.32167885272555,9008000
2023-02-27,121.40254211425781,122.77652880438596,121.12775345148594,122.43540336788101,6463900
2023-02-28,120.5023422241211,121.20354845569247,120.39810906076258,121.12774120427221,10282800
2023-03-01,120.3033676147461,120.56868579622324,119.78220896666691,119.92433854290235,11101000
2023-03-02,121.0424575805664,121.38359021573831,119.76324092352606,119.76324092352606,10203100
2023-03-03,122.39747619628906,122.44485753424699,120.99507823701106,121.60152177011136,10048000
2023-03-06,122.34064483642578,122.89970712507456,122.05637121988609,122.48277441531725,8153400
2023-03-07,120.36968994140625,122.72914197671088,120.16122360292525,122.5869979502435,9604400
2023-03-08,119.72534942626953,120.49288528175155,119.24208718087391,120.12332669688794,10793200
2023-03-09,118.51246643066406,120.38865641982024,118.02920416795469,120.18966054800343,13270300
2023-03-10,117.64068603515625,119.29893168985815,117.18584976036914,118.31345911896717,20483200
2023-03-13,118.7398681640625,120.36021027408457,117.11952605404045,117.26166284882365,21294200
2023-03-14,119.80116271972656,120.1707140938236,118.60722361836307,119.54532224126653,14582900
2023-03-15,119.69690704345703,119.86746974016754,118.29450184501763,118.51244588001664,17244600
2023-03-16,120.81505584716797,120.871907677695,118.46508138388093,118.79673634029733,16011400
2023-03-17,119.26105499267578,120.80559012007988,118.88202588300108,120.71083465000595,15071400
2023-03-20,120.77259826660156,120.95334093115028,119.45985523652978,119.45985523652978,10592100
2023-03-21,121.50507354736328,121.64775748179535,120.50624246088572,121.23871326874722,8816300
2023-03-22,119.66912841796875,122.0187539036792,119.65009905555252,121.57165823537636,10480000
2023-03-23,119.4408187866211,120.8867455020718,118.75590689588921,120.16378214434646,10092300
2023-03-24,121.09602355957031,121.2101707016726,118.87957462113218,119.32667028123323,8163700
2023-03-27,121.5906753540039,122.5038887580013,121.4479841720348,121.95215339176069,9455400
2023-03-28,120.85822296142578,121.90460576799157,120.56332587186158,121.46703198992928,8037400
2023-03-29,121.19114685058594,121.60969846155413,120.66794826490685,121.45749985508617,8183100
2023-03-30,121.84752655029297,121.88558527758613,121.07700424684882,121.84752655029297,6820400
2023-03-31,123.15076446533203,123.21734546268378,122.18997759445628,122.25657310695897,9202500
2023-04-03,124.53009796142578,124.67278189772011,122.9034285119144,123.245884474172,8937300
2023-04-04,124.54911041259766,125.27208104964551,124.32081611892015,124.66327207458731,9052600
2023-04-05,126.69896697998047,126.91775383000571,125.10083449310804,125.24353292889376,12325800
2023-04-06,127.01290130615234,127.57414414795586,126.58483497791495,127.19364397066737,8276300
2023-04-10,126.92729949951172,126.99389502597528,126.00458567611108,126.67046836497678,8024300
2023-04-11,127.35536193847656,127.82147249546205,127.14608247875381,127.22218542003044,8887500
2023-04-12,127.39338684082031,128.32562232863177,127.16507805159826,127.84998990411475,8988600
2023-04-13,129.04861450195312,129.19129844712882,127.65976120325065,127.93563618412645,9373500
2023-04-14,128.01174926757812,129.02959535915244,127.53611672577718,128.75373487157532,6632100
2023-04-17,127.90711212158203,128.19248004032693,127.2412149374345,128.04979608095448,7187000
2023-04-18,127.03189849853516,128.16390596408763,126.86067779709832,128.16390596408763,7194200
2023-04-19,127.42195129394531,127.61220140203379,126.6799657117933,127.069987868224,7048100
2023-04-20,126.89872741699219,127.08899200246005,126.29944042124825,126.81311706262161,6672000
2023-04-21,127.7548828125,128.18294912733478,127.19363998826886,127.59316951645802,6535900
2023-04-24,128.46835327148438,128.50639748840624,127.56465433926861,127.88808098614106,6299800
2023-04-25,127.09854125976562,128.66812300044884,126.91779855317021,128.27811530822976,7752000
2023-04-26,125.29110717773438,126.0616294293044,124.53959977337927,125.97600455623508,10128800
2023-04-27,125.94747161865234,126.12821427877057,124.25422119515152,125.34818457975888,10008900
2023-04-28,127.02241516113281,127.383900508464,125.59551765133338,125.79528968937221,7917300
2023-05-01,127.67877960205078,128.1924562757186,126.95582348333107,127.2031471387784,6793900
2023-05-02,127.12706756591797,128.2781047252381,126.21384668193926,127.46952358301579,14365800
2023-05-03,126.955810546875,128.32561970879289,126.77506790682455,127.71681079844625,8961500
2023-05-04,125.94747161865234,126.499207022905,125.4147655773466,126.42310408626832,9625300
2023-05-05,127.07946014404297,127.5170483352502,126.35650412721017,126.77506295832609,7650300
2023-05-08,126.8036117553711,126.92726631980868,126.21381765784876,126.88922211117023,5305700
2023-05-09,125.9570083618164,126.91778083386887,125.91894963144941,126.31847920938665,6452700
2023-05-10,126.30896759033203,126.62288678724903,125.56698203949266,126.31847501503174,6556600
2023-05-11,125.91893005371094,126.11870206919556,125.12937844561046,126.04259913544668,8764800
2023-05-12,125.74771881103516,126.37555717539233,125.18647596190596,126.1092041447835,6626800
2023-05-15,125.5289306640625,125.85235726722757,124.98670266891688,125.76674690435766,5725600
2023-05-16,124.4825439453125,125.31013988679481,124.45400715527191,125.2625737316763,7106000
2023-05-17,124.6347427368164,124.79645604288659,123.24588946828457,124.69181631364685,15512700
2023-05-18,124.33032989501953,124.53010192734494,123.36955749135377,124.36838862267754,12196900
2023-05-19,124.91059112548828,125.74770887850914,124.55862775894559,124.61570133026058,9277000
2023-05-22,125.03427124023438,125.90943327964247,124.73938141898455,125.09134481658573,12856100
2023-05-23,123.6644287109375,124.71082583685907,123.38856829509426,124.53008319554993,8723100
2023-05-24,122.81781768798828,123.45516345962336,122.53243530132228,123.42662667247188,7952900
2023-05-25,121.5621566772461,122.38975984988829,120.72504607994472,122.22804653976918,13737000
2023-05-26,121.31481170654297,122.58950319070104,121.08651016234269,121.4479882121244,8794900
2023-05-30,120.56330871582031,121.63824267379108,120.25890424488503,120.70599989916577,12114500
2023-05-31,121.60018920898438,121.8094686401078,119.90693891364035,120.23036548350385,15099100
2023-06-01,122.39925384521484,122.63707007197135,120.77259172510945,121.7143419509441,9751900
2023-06-02,123.96885681152344,124.18764368853472,122.50390064160108,122.78928303322309,10293000
2023-06-05,124.41595458984375,124.97721202380804,124.09252794325643,124.24473384111634,7880200
2023-06-06,123.3790512084961,124.95815438237986,122.83683777839748,124.92011017410016,9413500
2023-06-07,122.8939208984375,123.44565630984376,122.71317823597583,123.27442107140331,7519600
2023-06-08,123.68347930908203,123.85470004173273,122.50390548415339,122.91295698184999,6583100
2023-06-09,124.06397247314453,124.49203879566815,123.03660458999715,123.71200908809307,10446100
2023-06-12,124.5110855102539,124.53962230138885,123.51225427507106,123.99740875467158,7321100
2023-06-13,125.13892364501953,125.32917375718007,124.11155562116886,124.23522472589212,8362700
2023-06-14,123.85470581054688,124.60621332369999,123.37907328860533,124.50157358826675,12401600
2023-06-15,125.7762680053711,125.9474887497294,123.84520108540316,123.8642304509384,10598600
2023-06-16,125.76675415039062,126.75606338035077,125.63357762875845,126.09968819689496,10535000
2023-06-20,125.62538146972656,126.17938807642071,124.54602251402055,124.56513021077612,8585100
2023-06-21,125.64447784423828,126.07432087040435,124.73705898603698,125.31971986549719,9444800
2023-06-22,126.504150390625,126.68563707877934,125.6731477395001,125.83552673024275,8036400
2023-06-23,126.0838623046875,126.59965351024981,125.73999664267863,126.33220405923203,8096500
2023-06-26,125.36746215820312,125.96923064053058,124.15437863387167,125.76863628812134,7092800
2023-06-27,125.08091735839844,125.50119922394734,124.21169937054975,125.36747450080921,8578200
2023-06-28,124.67974090576172,125.08091506782952,124.27856674369391,125.05226081160335,10897800
2023-06-29,125.49166107177734,125.56807728653385,124.18305343456328,124.39319438141801,7843300
2023-06-30,126.78114318847656,127.07724690375754,125.92148630057036,125.99790251336906,8260900
2023-07-03,125.73999786376953,126.41818263358762,125.20509895653943,126.41818263358762,5240300
2023-07-05,125.67313385009766,125.94058328469204,125.18598235680706,125.47253948670134,7942100
2023-07-06,124.67021942138672,125.13824875048748,124.35500796459604,124.83259843096293,8213100
2023-07-07,123.21832275390625,124.42184531058423,123.15145310219522,123.98247030612023,8749700
2023-07-10,124.19261169433594,124.34542954540692,123.21832319738397,123.22786975841893,7476500
2023-07-11,124.22127532958984,124.622449546877,123.67681523654794,124.02068093349456,7278300
2023-07-12,123.8869400024414,124.65108751521615,123.68636020746523,124.53647048951547,11900400
2023-07-13,123.93468475341797,124.51734551136258,123.81050660954304,124.20213415953357,7526200
2023-07-14,125.79730987548828,126.19848406706184,124.73705859243584,124.87078332296036,13298600
2023-07-17,125.22419738769531,125.73044199993053,124.7561535910491,125.46299256610442,7905000
2023-07-18,126.1507568359375,126.62834731765169,125.04274342038345,125.27197752366716,8130300
2023-07-19,126.73339080810547,127.52619267902159,126.51370328902617,126.77160620484308,12484000
2023-07-20,128.8347625732422,129.36010023753775,127.48795444409738,127.58347833300519,12650200
2023-07-21,130.13385009765625,130.53502432369194,128.7392795810432,128.95896710544054,11308900
2023-07-24,129.84727478027344,130.7164927694073,129.73265775310034,130.1338319231079,12034000
2023-07-25,129.78997802734375,130.3153158327573,128.80614292188858,128.97806847822687,7802900
2023-07-26,129.7039794921875,130.12426132780416,128.83477614114472,129.1690806377302,8205300
2023-07-27,128.7488250732422,130.36308310083976,128.72017081268513,129.89505379513884,8800800
2023-07-28,129.13088989257812,129.35057738745397,128.39539662289596,129.14043645325904,6897600
2023-07-31,128.13748168945312,128.94939109296158,127.65989135207178,128.90162914424334,9735900
2023-08-01,127.4688949584961,128.30945885909847,127.15368349577021,127.8414149462804,10555300
2023-08-02,127.55481719970703,128.36672657969524,127.21095158375792,127.49750869286552,13873000
2023-08-03,126.91487884521484,127.29695994210756,126.66653706341225,127.13458094151699,11863400
2023-08-04,126.46591186523438,127.73630387505779,126.15071507755565,126.95306332326517,12631200
2023-08-07,127.92735290527344,128.05153106873547,126.7811389018526,126.84800855137888,8165600
2023-08-08,128.9111785888672,129.07355753986377,128.0323996218635,128.73923850405373,12601200
2023-08-09,128.87298583984375,129.57026371069347,128.7106068603254,128.7965696303819,9833600
2023-08-10,128.7870330810547,130.4108375773662,128.65330834782674,129.1882072807385,9541700
2023-08-11,129.58937072753906,129.7422031456617,128.44315674142237,128.74880700276606,7674400
2023-08-14,129.98098754882812,130.39170824169085,129.49385065324438,129.60846766987575,8723300
2023-08-15,129.50341796875,130.03831689862622,129.3601321000957,129.65625039868684,9118500
2023-08-16,128.51956176757812,129.71353760232913,128.49090751353611,129.29325577651272,9462400
2023-08-17,127.49750518798828,128.5099943140887,127.44019668272216,128.0610728312042,11163800
2023-08-18,127.54528045654297,127.87959953871557,127.13455974263488,127.24917676513925,9463000
2023-08-21,127.67900848388672,127.83184090112141,127.0963476462183,127.49752181028322,6872400
2023-08-22,127.23006439208984,127.79361749855192,127.16320932305395,127.48796725814391,6939400
2023-08-23,127.61214447021484,128.28076803014628,127.23962458861732,127.99421091163266,7276800
2023-08-24,126.504150390625,128.36675007844082,126.504150390625,127.3638073004161,10241700
2023-08-25,127.43067169189453,127.87960782566378,126.48503747025038,126.91486590739696,8509100
2023-08-28,127.72673797607422,128.29029097464337,127.25869428282817,127.87957035446857,6768400
2023-08-29,128.87298583984375,128.87298583984375,127.72677184771915,127.89869738783209,10737000
2023-08-30,128.77748107910156,129.57982944457146,128.66284947339003,129.18820182276988,7892700
2023-08-31,127.2396240234375,128.86342825460125,127.21095519430304,128.79655861145488,7540200
2023-09-01,127.58348846435547,128.2234577611399,127.24916940152913,128.2234577611399,10183900
2023-09-05,126.26535034179688,127.74588347400409,126.26535034179688,127.65035956551249,11042600
2023-09-06,125.57763671875,126.23671388553655,124.96632151294442,126.11253570196685,12840000
2023-09-07,126.14117431640625,126.68563436922432,125.86417829692324,125.95968763213357,11055700
2023-09-08,126.14117431640625,126.52325538195464,125.84507059992023,125.87372485797357,8716900
2023-09-11,127.01039123535156,127.25873299461398,126.06475700313696,126.08386469997322,7179000
2023-09-12,126.84800720214844,127.1823117215185,125.94058839971304,126.62831970943078,6941700
2023-09-13,126.86711120605469,127.37335582557195,126.50413786568335,126.54233868182185,6430300
2023-09-14,127.26827239990234,127.65988538131465,126.88619140292725,127.58348375681939,6433300
2023-09-15,126.26535034179688,127.56439679281131,126.1793875690957,126.96262823409883,9611900
2023-09-18,126.07351684570312,126.59143832128778,125.59396751222029,126.46675081148328,6559400
2023-09-19,126.17901611328125,126.447562564636,125.33500461777548,125.86251180246659,6252400
2023-09-20,126.18862915039062,127.09016967931304,126.16944307774129,126.73530782607033,6350700
2023-09-21,125.08565521240234,126.1598411120725,125.02811162987504,125.94885285436753,7979500
2023-09-22,124.82666778564453,125.56517775121898,124.68280886006347,124.92258349248668,7790300
2023-09-25,125.50764465332031,125.54600215844843,124.35672924859324,124.70200533347969,6826300
2023-09-26,124.44305419921875,125.33500895033337,124.3471384769833,124.93218925937666,8200700
2023-09-27,123.81964874267578,124.79791888538185,122.90849326463851,124.67324600524373,9888600
2023-09-28,124.41427612304688,124.76913793495532,124.03064252285849,124.03064252285849,9129000
2023-09-29,123.47437286376953,124.79791912844522,123.28254141453449,124.68283196665207,12692700
2023-10-02,123.30171966552734,123.3400918068144,121.86307169562522,123.08113107452051,16035100
2023-10-03,122.20834350585938,122.9564392531853,121.69042937678566,122.69748584731929,11971100
2023-10-04,122.72626495361328,122.89890300693298,121.73839449413916,122.31385223275745,10064300
2023-10-05,123.39764404296875,123.61823264945444,122.30426477716527,123.0044100579445,9609700
2023-10-06,124.69241333007812,125.0856472987166,122.9852188612448,123.0523627930689,10692400
2023-10-09,125.1240234375,125.23911059894928,123.84842040425934,124.34714119366282,8047600
2023-10-10,125.71865844726562,126.2845231638683,124.654058312541,125.08564979749754,8154900
2023-10-11,125.1623764038086,126.07351721314467,124.6060974191851,125.87211468791806,9591800
2023-10-12,124.08819580078125,125.49807207545922,123.99228007589348,125.25829739792466,10927700
2023-10-13,124.86505126953125,125.58437523217036,124.16491337694055,124.54854696980802,11383800
2023-10-16,125.80496978759766,126.5242937843791,125.25829116007955,125.36379259832819,10545000
2023-10-17,125.63233947753906,126.32289168755739,125.10483228451336,125.20073337026443,9149900
2023-10-18,124.5389633178711,126.15982771410262,124.31836009536381,125.80496590307989,10085700
2023-10-19,123.31131744384766,124.51019072707079,122.5440282983063,124.37590287005352,15492500
2023-10-20,122.82218170166016,123.70455078197888,122.80299562924216,123.0619563854865,12296800
2023-10-23,122.05489349365234,123.1482580272509,121.93979902400636,122.73585264170526,12344200
2023-10-24,122.42894744873047,122.81258838257968,121.66166558103207,121.66166558103207,9375900
2023-10-25,121.33557891845703,122.24671975901768,120.43402379643616,121.87267185037973,11427000
2023-10-26,120.13671112060547,121.23967614333085,120.04080270935603,120.3381209794321,14699100
2023-10-27,118.10340881347656,119.95446952634084,117.57590162172426,119.8010175452306,13566100
2023-10-30,118.76519012451172,119.12964498505957,117.8636350326897,118.71723226404973,15224500
2023-10-31,119.44615936279297,119.59961135797991,118.49665364787936,119.18719860223476,13917400
2023-11-01,119.69551086425781,120.28056160863366,119.09127404974471,119.30227691720377,13802600
2023-11-02,121.59452056884766,121.70002200130361,119.83936835690785,120.1558726542757,11894000
2023-11-03,122.19876861572266,122.95645014782693,121.99735144989586,122.42895025437026,11635600
2023-11-06,123.01399230957031,123.20582375469213,122.21794596064763,122.71667405818988,8425100
2023-11-07,123.10030364990234,123.39762185620489,122.63993313037278,122.96603043948564,8241900
2023-11-08,122.92766571044922,123.61821787268802,122.17956997380438,123.61821787268802,10021100
2023-11-09,120.38606262207031,122.9564473670884,120.27097546402047,122.81258841952608,13905500
2023-11-10,121.10537719726562,121.27801523823712,119.50368428885,120.8464237944792,10401300
2023-11-13,121.80552673339844,122.04530139232246,120.52992379176064,121.23006901544919,11373800
2023-11-14,122.63035583496094,123.44559555370351,122.19876436284953,122.50567564281238,11216900
2023-11-15,122.72626495361328,123.21540732424279,122.41935367186072,122.71667191805604,9262700
2023-11-16,123.2537612915039,123.51272202271626,122.62075999240847,123.09071627842468,7665900
2023-11-17,123.00439453125,123.71413275843476,122.63034666543119,123.51271561467857,6766100
2023-11-20,123.75248718261719,124.02103361115242,122.43852682623533,122.52484218511822,6910000
2023-11-21,124.5005874633789,124.74996246665565,124.02103816130307,124.17449745029133,8373000
2023-11-22,125.09524536132812,125.39257827272421,124.74998385393745,124.91302888843387,6737700
2023-11-24,125.76661682128906,125.79538861142441,125.33501069988931,125.34461105305756,3708800
2023-11-27,124.98015594482422,125.9200686234199,124.74998161070273,125.49807746596865,10530200
2023-11-28,124.33756256103516,125.03770055756021,124.25124718502913,124.75956835664554,6261300
2023-11-29,124.37592315673828,125.0473040125976,124.14574881501373,124.20329240044487,6979000
2023-11-30,125.93926239013672,126.01599205109335,124.04025084419087,124.47184238172132,7743100
2023-12-01,126.43798828125,126.5722615190706,125.67070636455286,125.766622092147,9370900
2023-12-04,126.67774963378906,126.91752429285484,126.06392709196804,126.10228459815771,6943900
2023-12-05,126.51470947265625,126.71611199857082,125.7282415361173,126.4187937514788,6581000
2023-12-06,126.61061096191406,127.03261672094236,126.36125057461751,126.79284205192032,6210400
2023-12-07,126.45716857910156,126.93671792580322,125.88170350918571,126.62979931926552,6396700
2023-12-08,126.66818237304688,126.965500652062,125.91048614457034,126.54349484906534,6007600
2023-12-11,127.50257873535156,127.74235340135465,126.72571115905103,127.34911943678537,9016800
2023-12-12,128.0492706298828,128.23150173647403,127.08058614735961,127.6848230513861,6779000
2023-12-13,130.4086456298828,130.44700313692147,127.32993250007436,127.50257786845854,9074300
2023-12-14,129.7756805419922,130.92659639016526,129.2865453310581,130.84986671566185,10098700
2023-12-15,128.67266845703125,129.42076417547005,128.19311916907395,129.1713891795352,8296600
2023-12-18,128.88267517089844,129.2872983438277,128.54548184335434,129.15242395285128,5944300
2023-12-19,129.74972534179688,129.81716988874723,128.84414852710998,129.0464527675483,6358200
2023-12-20,127.8711166381836,129.7497295760204,127.86148800267921,129.67267109157154,7299000
2023-12-21,129.43182373046875,129.52815418674976,128.34318520302375,128.64183460784676,5606800
2023-12-22,130.07730102539062,130.48192424064226,129.55706067706163,129.74973629858036,5355100
2023-12-26,130.36631774902344,130.71312503683527,129.80754817387017,129.97132318207258,3688600
2023-12-27,130.9154510498047,131.0021528764343,130.19290642747515,130.2218070363517,5444100
2023-12-28,131.25267028808594,131.6958228450031,131.0021786948441,131.02145067129598,5800200
2023-12-29,131.3875274658203,131.61873235203197,130.84802979771456,131.2526530487939,5590000
2024-01-02,133.69964599609375,133.95976615723362,130.99251469375568,131.0599445428175,11785900
2024-01-03,133.4780731201172,134.42219393207412,133.31429811091496,134.14281649289558,9585000
2024-01-04,134.142822265625,134.87499552066234,133.6611258530512,133.89233072295357,11649200
2024-01-05,134.0272216796875,134.58599135129302,133.45882337071646,133.83454603090863,9437700
2024-01-08,135.2122039794922,135.24110459145535,133.51662300986922,134.06576403758837,7999400
2024-01-09,135.19293212890625,136.3779013211124,134.74976491138167,135.06768634347787,9201300
2024-01-10,135.80947875976562,135.9732537651899,134.75938417781822,135.26998116537823,9773300
2024-01-11,135.71315002441406,135.8672964129494,134.8750029245923,135.6360768301464,7182300
2024-01-12,135.3759765625,135.9925474402312,134.92318071633076,135.3374326137741,8026400
2024-01-16,134.5666961669922,135.22181090010122,134.3547632800353,135.03876392025887,7426900
2024-01-17,134.2969512939453,134.9616946822058,133.9212286875643,134.34512387429317,8337200
2024-01-18,134.2777099609375,134.4029410444579,132.4857985408314,133.1408986706591,8929300
2024-01-19,134.35476684570312,134.7015888429753,133.61295027094172,134.35476684570312,8842000
2024-01-22,134.94244384765625,135.29889449886107,134.13318267974648,134.47037605805957,7831400
2024-01-23,134.84608459472656,134.93278641430632,133.88269184328902,134.76901141058676,6407400
2024-01-24,133.61297607421875,135.53011871531004,133.59370409836862,135.20256862690988,9104900
2024-01-25,133.41062927246094,133.43952988010736,132.18713101487555,133.14088046762262,10050200
2024-01-26,134.1717071533203,134.45108457178668,133.8345138239448,134.33548215038076,5759100
2024-01-29,135.1158447265625,135.12547336281037,134.21025311219077,134.29695493904558,6229600
2024-01-30,135.42413330078125,135.66498150140137,134.69194536276325,135.33741677640026,5940300
2024-01-31,135.24111938476562,136.56096314281913,135.2122187696412,136.45498932062577,10223100
2024-02-01,136.9944610595703,136.9944610595703,134.74975394309035,135.4048687286877,8503600
2024-02-02,136.79217529296875,137.42800349119125,136.09853116744392,136.94630699847733,10629200
2024-02-05,137.21603393554688,138.06382433134024,136.58983447515004,137.28347848985226,9631700
2024-02-06,138.70932006835938,138.81529388640172,137.59179536016154,138.28542479618994,10159000
2024-02-07,139.0850372314453,139.72088011446863,138.79603110298925,139.0561366185997,7884600
2024-02-08,138.8441925048828,138.9501663214021,138.21799294376646,138.9501663214021,6672400
2024-02-09,138.7382049560547,139.00795378954757,138.2854091212183,138.78637754065176,7447800
2024-02-12,138.9212188720703,138.95976281065197,137.90002500273815,138.55513965677724,6645500
2024-02-13,137.6302947998047,139.18135778233204,136.94627944965845,138.2179649907053,11170000
2024-02-14,138.8249053955078,138.8730632743134,137.83261200871462,138.1023608109376,9701100
2024-02-15,139.83648681640625,140.10623567797134,138.7189621185839,138.9212664146525,9294800
2024-02-16,140.2892608642578,141.2333964330043,139.51855835128424,140.01951204467542,8424100
2024-02-20,139.8172149658203,140.8384090781806,139.4607496000314,140.39524188025746,9120400
2024-02-21,140.12550354003906,140.1640474906799,138.95980628682906,139.36442956729775,7213500
2024-02-22,141.7729034423828,142.03300894260892,140.009892662027,140.30854211057414,9130000
2024-02-23,142.44725036621094,142.8422449155581,141.94628202801957,142.2545747592778,9194600
2024-02-26,141.71510314941406,142.68812469786917,141.58985736686301,142.36057463603785,7248300
2024-02-27,141.36830139160156,141.80182532388304,140.69391449670667,141.02147930573412,7374000
2024-02-28,140.6649932861328,140.9251134875014,140.00026452740514,140.7709670940823,8038800
2024-02-29,139.5185546875,140.8865707223743,139.42220952580428,140.6553511544292,9435600
2024-03-01,140.98291015625,141.07925532407728,139.2198994265131,139.83647028006519,8741400
2024-03-04,140.77098083496094,141.31047856437985,140.43380210417942,140.57830517448426,10657800
2024-03-05,139.7208709716797,141.05035787642106,139.25844649619927,140.81913828857634,9743400
2024-03-06,140.67465209960938,141.1948778593698,139.98100795312166,139.98100795312166,8085300
2024-03-07,141.32972717285156,141.6669205480917,140.8287587782745,141.02144910710211,6438300
2024-03-08,141.06959533691406,141.85958445927218,140.81911851041872,141.19484110026522,7802500
2024-03-11,140.99253845214844,141.2430152814865,139.9713297628307,140.75169025848245,7723800
2024-03-12,141.6476287841797,141.99445074732003,140.6168062299776,141.08885924910882,7143700
2024-03-13,141.0985107421875,142.29310836191166,140.5493698103799,142.18713456981934,7874200
2024-03-14,140.59754943847656,141.29119343964214,139.8172036122172,141.18521964223606,9605700
2024-03-15,140.03880310058594,140.32782393243983,139.5474779765814,139.71125301791625,10570500
2024-03-18,140.0223388671875,140.74749249817222,139.92564581507418,140.61211632389822,6407000
2024-03-19,140.9505615234375,141.0375764395231,139.73230843836345,140.1383928000548,5240200
2024-03-20,140.63148498535156,140.67983152072483,139.84832127349475,140.61214342054402,8268200
2024-03-21,140.81517028808594,141.32761102326813,140.52510587585536,140.92152674746086,8865300
2024-03-22,140.62181091308594,141.37596959717226,140.44776634960212,141.01823181846956,5537200
2024-03-25,140.4284210205078,141.02787662539737,140.2060299546458,140.88285180269446,5253000
2024-03-26,140.9408721923828,141.10523858807474,140.33173838524448,140.70881770554695,6942400
2024-03-27,142.81663513183594,142.81663513183594,141.76273369377,142.13981309260149,8797400
2024-03-28,142.83595275878906,143.31938861098467,142.78760622291122,143.01966074315,8090200
2024-04-01,141.61769104003906,142.8359440016975,141.10525024839214,142.748929094427,7378300
2024-04-02,139.41322326660156,139.85797595639775,138.68806954110357,139.70328770745883,10776400
2024-04-03,139.25851440429688,140.28339593268,138.9297816033607,139.65493529834384,8453400
2024-04-04,137.24742126464844,140.21572417110247,137.17006976591816,140.12869451422475,12685700
2024-04-05,138.47535705566406,138.92978790539692,136.91869312968973,137.03471300509713,9073100
2024-04-08,138.03060913085938,138.36902015304156,137.81789616033785,138.36902015304156,9128200
2024-04-09,138.52369689941406,138.60104839704746,137.56648871365167,138.3303255319754,10534400
2024-04-10,136.89935302734375,137.5278284501867,136.4255953621795,137.1410709392163,13052700
2024-04-11,136.33856201171875,137.34411675973823,135.9421558594764,137.31511179136172,8153900
2024-04-12,134.3081512451172,135.6424241574617,133.87306193123763,135.63276075165686,13799400
2024-04-15,134.03741455078125,135.97115774965204,133.82470161864228,135.47804379183452,10383600
2024-04-16,134.08575439453125,135.19766565274685,133.9987394861369,135.19766565274685,10170500
2024-04-17,133.8537139892578,134.99461545811104,133.64100104535459,134.86893217547046,8480100
2024-04-18,133.84405517578125,134.63689712733964,133.63135695442625,133.94074825636395,8105800
2024-04-19,134.34681701660156,134.72389638175764,133.86338117648907,134.54018840198833,9668400
2024-04-22,134.85923767089844,135.93246566567595,134.3274553755963,134.76255936930002,8531300
2024-04-23,136.6189727783203,136.87035410659192,135.53606645303927,136.1548784979377,8615500
2024-04-24,136.1935272216797,136.4739134799354,135.5747300193635,136.31922524432312,7378600
2024-04-25,135.28465270996094,136.32887565558977,134.58850407954174,136.10649935104374,9693300
2024-04-26,135.3233642578125,135.6811020515748,134.68522542032508,134.78190373451696,6013800
2024-04-29,135.7777862548828,136.16454378829738,135.10097901302152,135.48773654643608,6388600
2024-04-30,135.6811065673828,136.52228021997303,135.584413496682,136.23221576116188,9677700
2024-05-01,135.9228515625,137.14110482819598,134.92697469975693,135.0816777423738,10710200
2024-05-02,135.82614135742188,136.75434474286828,135.09132412752552,136.65765166509325,8425500
2024-05-03,136.16453552246094,136.551278279107,135.45872335260114,136.41591683895186,8539300
2024-05-06,136.71563720703125,136.75432033255333,135.98082010829796,136.28054794129062,5605100
2024-05-07,137.84689331054688,137.97257658833115,137.00570497278113,137.02504653601335,7720600
2024-05-08,137.37310791015625,138.1466080800694,137.1990633641137,138.1272665186672,5461100
2024-05-09,138.55270385742188,138.63005535616657,137.5181441591628,137.53748572217143,6821800
2024-05-10,138.8330841064453,139.31651988765304,138.63971274462006,138.7364058021773,6324900
2024-05-13,138.69773864746094,139.23918442422925,138.44635732347305,139.11350113888076,5351500
2024-05-14,139.2875213623047,139.3552094563828,138.36899628619125,138.8911004625927,6198700
2024-05-15,141.3566436767578,141.51134669402106,139.84832614167047,139.90633608482128,8433700
2024-05-16,141.19227600097656,141.58869694671284,140.79585505524028,141.05691455039485,6740800
2024-05-17,141.46298217773438,141.49198714562337,140.62180860237345,141.16325434068807,7071600
2024-05-20,141.16326904296875,141.51134344717897,140.86354117470552,141.3179720566825,3890000
2024-05-21,141.40496826171875,142.01410207682187,141.04723049896396,141.41463166631314,4048900
2024-05-22,141.65634155273438,142.08176738346822,140.94086606767166,141.02788096397032,6831200
2024-05-23,140.109375,141.4339844456651,140.01268193322989,141.42432104030433,5155900
2024-05-24,139.63560485839844,140.51546161918688,139.5485899488587,140.29308526593283,3949500
2024-05-28,137.9435577392578,139.32619168207464,137.36344368027704,139.32619168207464,8375100
2024-05-29,136.87033081054688,137.0346971995128,136.28053858976858,136.76397435259378,6838200
2024-05-30,136.9380340576172,137.43113327909984,136.0194942039383,136.31923680283316,7395500
2024-05-31,138.93946838378906,139.0168198946626,137.2087744320319,137.3731408601536,7945900
2024-06-03,139.91600036621094,140.3317480864155,138.60105435648373,138.84277226449763,10303300
2024-06-04,140.32208251953125,140.70882526507935,139.26818124432606,139.79030017943506,6964200
2024-06-05,140.960205078125,141.11490807601817,139.70328379179028,140.4864474328508,5373400
2024-06-06,141.42431640625,141.72404424880932,140.3704151248351,140.8538509362637,5425800
2024-06-07,141.57899475097656,142.28482160866375,141.1245786930437,141.28894508703837,5222300
2024-06-10,142.1011199951172,142.13978836760515,140.84418396655687,141.3566247334385,5396700
2024-06-11,141.51133728027344,141.99477311209273,140.90220341112808,141.99477311209273,5194000
2024-06-12,141.2116241455078,142.1688177501854,140.84420815397127,142.1204859645978,6522700
2024-06-13,141.09555053710938,141.32760500767424,139.79028286756358,140.68946627858702,4720600
2024-06-14,141.04722595214844,141.08589432256886,140.22537923614658,140.805508065476,4109600
2024-06-17,140.9022216796875,141.12461281352765,140.15774102453014,140.44779075859526,4542800
2024-06-18,141.0858917236328,141.54998592657392,140.77650050610166,141.05688675802955,4872600
2024-06-20,141.5500030517578,141.7337110249966,140.45744812417996,140.65081950269274,6653600
2024-06-21,141.9464111328125,142.24613895540003,141.39530201621687,141.7336982096944,8535400
2024-06-24,142.7744140625,143.2791615447153,142.15319208865816,142.52204772694245,6446100
2024-06-25,142.32789611816406,143.14324705274586,141.9881591565394,142.9394019135515,5171600
2024-06-26,141.82315063476562,142.32789804394963,141.49312974884063,142.07551693380861,4572700
2024-06-27,141.59017944335938,141.9881536260819,140.7748285405356,141.92991639175122,4637900
2024-06-28,141.4737091064453,142.7064515764699,140.84278596797398,142.114348324987,7656800
2024-07-01,140.6777801513672,143.16268278373062,140.4059964716102,141.75521360008227,6562000
2024-07-02,140.16331481933594,140.3768612297337,139.37708249518877,140.1730308995982,7536100
2024-07-03,139.09559631347656,140.42539592068883,138.54231294308738,140.4156946516128,7654000
2024-07-05,140.17303466796875,140.2506892566645,138.68792583552155,139.39650359210984,4846900
2024-07-08,140.01771545410156,140.71659189116926,139.65857596683801,140.32833378661934,4001500
2024-07-09,140.6971893310547,140.7748439223463,139.48386411293401,140.318632455445,8336700
2024-07-10,142.02700805664062,142.0464105967152,140.5418843193755,140.85250269376016,5342300
2024-07-11,143.02679443359375,143.40535134042744,141.86199027924383,142.03671682683634,7690700
2024-07-12,143.91978454589844,144.52158909917253,143.4053358514354,143.51210906034842,6614600
2024-07-15,143.41505432128906,144.60896230152574,143.20150787785158,144.47307045671099,5804100
2024-07-16,145.463134765625,145.4922533860567,143.95860852855915,144.27892816440664,7602500
2024-07-17,146.1231689453125,146.88999873956155,144.2789206291634,144.46334842299794,10395500
2024-07-18,142.80352783203125,146.14260138211066,142.5511615050507,145.1913585069228,11033400
2024-07-19,143.531494140625,144.22066927997946,142.95880827661432,143.52179287230328,5985700
2024-07-22,144.35658264160156,144.6186650363781,143.54123164796218,144.25951069950688,5190200
2024-07-23,144.26922607421875,145.03604109305743,144.113916892067,144.94868523225915,3553300
2024-07-24,145.4728240966797,145.65725188501062,143.86153959099914,144.3468696398289,6870400
2024-07-25,144.7448272705078,147.08412163220075,144.58953291319722,145.03602825849862,11472800
2024-07-26,145.56019592285156,146.50172259888078,144.63805697384214,144.7254276397626,6028800
2024-07-29,145.64755249023438,146.14258381441564,144.88072270900102,145.5795991731969,8227200
2024-07-30,145.7737579345703,146.67647972271132,144.735159106865,145.6475821660889,7269400
2024-07-31,145.2398681640625,146.23964683165917,144.67688355717652,145.71548210992876,8417800
2024-08-01,146.7249755859375,146.88998601583873,145.10397509221707,145.98726447450045,10357700
2024-08-02,146.4337615966797,147.3170657115564,144.25947796262054,146.94821018861987,15742100
2024-08-05,142.5220184326172,144.42450385661,141.9007965864628,144.1430189560029,17575600
2024-08-06,143.18206787109375,144.99721235311944,142.63850057783822,143.09471201562724,13335600
2024-08-07,141.72608947753906,143.77418307764086,141.26987800184585,143.08502263468242,11485000
2024-08-08,144.86131286621094,144.98748860262154,143.288833495513,143.93917395918862,11479100
2024-08-09,145.57962036132812,145.9484759964209,144.80308919796965,145.11370758775305,8550400
2024-08-12,145.0263214111328,145.92902814697405,144.60892988847837,145.92902814697405,5044300
2024-08-13,146.78321838378906,146.9288114712522,145.43400146594018,145.59901190209754,4815700
2024-08-14,147.30738830566406,147.52093473699563,146.24937223022084,146.59881049866348,4837300
2024-08-15,148.22950744628906,148.46245638656367,147.2976672518983,147.98684242610472,5886800
2024-08-16,148.38479614257812,148.62746115350592,147.76357430704684,148.18096582761302,4562500
2024-08-19,149.2875518798828,149.42344372468503,148.3071755320736,148.39454621245378,4729600
2024-08-20,149.88934326171875,150.65617309835645,149.5302037345663,149.68551291807506,4878300
2024-08-21,150.14170837402344,150.52998132968546,149.61755839775324,150.19996042569684,5530100
2024-08-22,150.23878479003906,150.79206821417293,149.47196974780533,150.64646029730122,4951800
2024-08-23,150.8891143798828,150.9958875867213,150.10288204366236,150.63674807785472,4069400
2024-08-26,150.81146240234375,151.5006376240655,150.66586930463416,151.03472490029637,4433600
2024-08-27,151.04444885253906,151.46182566938413,150.51058272893437,150.95709298079484,3785400
2024-08-28,151.21914672851562,151.85008474804323,150.5105689264024,150.94736305616811,5150100
2024-08-29,151.53945922851562,152.22863445803884,150.89883478024313,151.82095896873867,4339200
2024-08-30,152.5877685546875,152.66542314195152,150.9861852742737,151.6462270493709,7020600
2024-09-03,152.29656982421875,153.20899272429236,151.8791930739416,152.27716728543723,7674900
2024-09-04,152.0345001220703,154.95618176639744,151.28708767869432,152.09273735979608,8235500
2024-09-05,149.94757080078125,151.95684435328624,149.2195757126733,151.8694884973768,7245600
2024-09-06,149.43312072753906,151.09295602980364,149.12251719461867,150.471734152865,7651800
2024-09-09,150.4814453125,150.95707412887742,149.23900147696182,149.81168742390074,6169200
2024-09-10,151.1706085205078,151.27738172339693,150.12229384062317,150.6852784730296,7337200
2024-09-11,150.72409057617188,150.8988170860115,148.3653937765637,150.62701864725022,6636500
2024-09-12,151.26766967773438,151.40356150220867,149.27781346778366,150.68528249188654,4838100
2024-09-13,151.5782928466797,152.04420557239592,151.13178266000685,151.33562780875062,4358500
2024-09-16,152.62661743164062,152.96633961999288,152.0733340001506,152.37423629681382,4711900
2024-09-17,151.0541229248047,152.48099448410844,150.52027170842544,152.44217459624554,6280000
2024-09-18,150.80178833007812,152.37425331333066,150.21938621200624,150.92797891158395,7148900
2024-09-19,151.34530639648438,152.16065724706758,150.94733223926056,152.16065724706758,6717400
2024-09-20,150.72409057617188,151.40354964533284,150.35523501958582,150.85028112155067,8541600
2024-09-23,150.4288787841797,151.21805834853512,150.1560814778611,151.19856857913004,6416400
2024-09-24,150.1268768310547,150.41916395072872,149.41565623737554,150.360709500062,5341600
2024-09-25,148.6654510498047,150.79912762471517,148.60699660112329,150.58478473532344,5940100
2024-09-26,149.16233825683594,149.34743904892113,148.31470418227795,148.56802660594929,6172900
2024-09-27,149.08441162109375,150.2340555164946,149.07465930128586,149.3572089815733,7312500
2024-09-30,150.05870056152344,150.09766524391404,148.65573413398985,148.87981450700528,7233800
2024-10-01,149.26950073242188,150.3801797499216,148.70441633876922,150.1755743328097,10560200
2024-10-02,148.96746826171875,149.43513356077378,147.9639606319644,149.0843920196521,7158400
2024-10-03,147.6229705810547,148.7336496439847,147.35017325797287,148.5972509824438,5551000
2024-10-04,147.7398681640625,148.11009944548158,146.99942046756232,147.84703959466603,6590100
2024-10-07,147.0871124267578,148.19779148243674,146.81431510545696,147.74961595953445,5922800
2024-10-08,147.8860321044922,148.1198647788267,147.35018971694603,147.47683607416238,4726600
2024-10-09,149.3961639404297,149.51308770612772,147.67169820954103,148.0224249076145,7840000
2024-10-10,148.84083557128906,149.5130914923007,148.48034167857318,149.39616772364178,4385500
2024-10-11,149.93202209472656,150.10740031118158,149.09414028938434,149.30848318375146,9354000
2024-10-14,150.76016235351562,151.02320737154514,149.58127646650743,150.09764391627783,4819800
2024-10-15,148.9187774658203,150.61401598828468,148.58751080386514,148.7433992487452,9088600
2024-10-16,149.33770751953125,149.65922185486156,148.3244623836776,148.72390607332432,4510200
2024-10-17,148.47061157226562,149.08441307249083,148.37317757128528,148.8408429363813,5430000
2024-10-18,149.19155883789062,149.552037820033,148.14907169900286,148.57775744335527,9823900
2024-10-21,147.4378662109375,149.20131149381007,147.2917152197394,148.80185293074493,4825900
2024-10-22,147.22352600097656,147.49632334991148,146.53178030924414,146.65844153065697,5166900
2024-10-23,146.5317840576172,147.04815154319158,145.75237153577422,146.82407118647876,4910200
2024-10-24,145.56723022460938,147.12606986012867,145.52825068557686,146.53175825375854,5066300
2024-10-25,144.768310546875,146.14204937895832,144.60268467487273,146.0641051686623,5314500
2024-10-28,144.98268127441406,145.6451997560978,144.7975655976739,145.17753440443602,4923500
2024-10-29,144.5832061767578,145.4795572318683,144.51501427889414,144.8852455900772,7342600
2024-10-30,144.31040954589844,144.3591265396575,141.8747085213385,142.38133849702197,9211800
2024-10-31,143.09255981445312,144.12529467588774,143.06333259130605,143.45305367716585,6701100
2024-11-01,143.94020080566406,144.6514213803385,143.6381613747228,143.64791369380032,6896900
2024-11-04,142.99514770507812,144.2811901856333,142.7125980456814,143.5894593821118,5985900
2024-11-05,144.04737854003906,144.08634321903003,142.18649920848125,142.71260413973295,5035300
2024-11-06,144.23248291015625,147.02867813629982,143.56024183316086,146.79484545755724,10685600
2024-11-07,145.27496337890625,145.45032672995956,144.39811689095896,145.09958516151258,9381600
2024-11-08,146.3174285888672,147.0676286863739,145.3041834776815,145.46980936766667,8701100
2024-11-11,145.4600830078125,146.7266506431363,145.24574010646506,145.99594026118112,6071900
2024-11-12,143.43357849121094,145.4698211979867,143.40435126509192,145.22625106943437,7022300
2024-11-13,143.0535888671875,143.80378891652992,142.9074378915205,143.37510317404855,5981200
2024-11-14,140.80300903320312,142.81976175165633,140.6471205996624,142.81002429943726,7936700
2024-11-15,138.1919403076172,140.15025359526902,137.92889528065473,140.0235923750972,14246100
2024-11-18,138.2893524169922,138.43548851995504,137.6755510518721,137.83143947259117,7933100
2024-11-19,137.57815551757812,137.96786176982778,136.65257715238917,137.03254595155178,6205800
2024-11-20,139.20518493652344,139.40003803853466,137.6463303877562,137.87041071175216,9328800
2024-11-21,140.3256072998047,140.52046040997652,138.48421790595293,139.20519076656205,7969600
2024-11-22,140.45225524902344,141.29013692335056,140.237912388172,140.6178811203472,6330300
2024-11-25,141.65066528320312,142.09884093027358,141.06609093769268,141.08558071356785,6834300
2024-11-26,142.4105682373047,142.5664566735535,140.96863736785215,142.07931646003064,6018400
2024-11-27,143.17050170898438,143.95966645383132,142.54696284806366,142.54696284806366,5952800
2024-11-29,143.6186981201172,143.98891461659386,142.93670471466936,143.1607850765291,3521200
2024-12-02,143.3653564453125,143.5894516434711,142.62490868528295,143.53099719746078,6220800
2024-12-03,143.0438690185547,143.63816584718418,142.96592479520808,143.35563104560066,4236200
2024-12-04,142.96592712402344,143.7843191829832,142.5956957736813,143.29717892888704,5597400
2024-12-05,141.3680877685547,142.48850424858932,141.10502790582862,142.33261582131917,8948700
2024-12-06,140.56918334960938,141.71884202102606,140.39382000293938,141.5532012607177,6545200
2024-12-09,140.97837829589844,141.35834707716035,140.2184407333746,140.70558095890732,6258600
2024-12-10,140.39381408691406,141.36809450426574,139.9261487828209,141.26092306370347,7200500
2024-12-11,138.48422241210938,139.9456430854606,138.44525773534286,139.82873418882127,6895000
2024-12-12,137.38330078125,138.87394889613165,137.2858816419579,138.51346983470103,5994200
2024-12-13,137.3638153076172,137.81197601984226,136.5259334691737,137.20792685712982,7599400
2024-12-16,135.72702026367188,138.00683316967826,135.61984880913272,137.2566478542454,9476600
2024-12-17,135.62957763671875,136.6330852343407,135.03526601291304,135.13268513067572,10280100
2024-12-18,133.78817749023438,136.43820622045658,133.70048096510726,135.54187013137573,14448100
2024-12-19,132.7749481201172,134.25585867358146,132.45343376445015,133.53488573666075,11929300
2024-12-20,134.45071411132812,135.7075294629178,133.52515057440968,133.95383638932128,12098400
2024-12-23,135.79345703125,135.98919236096177,134.07096522267875,134.66796768517108,8050500
2024-12-24,136.351318359375,136.351318359375,135.09857939557804,135.67601877847574,3139300
2024-12-26,136.62538146972656,136.7428197071439,135.72497187068777,135.8717846011112,4720300
2024-12-27,135.9892120361328,136.8308875159521,135.4117875031633,135.87177380804425,5948000
2024-12-30,134.31565856933594,135.20625669517554,133.81651622887512,135.20625669517554,6890300
2024-12-31,134.63861083984375,135.176879273963,133.87521765141452,134.64839237974908,6626900
2025-01-02,134.67774963378906,135.813035456672,134.19818538093804,135.31389319069584,8973000
2025-01-03,135.99900817871094,136.38069735271696,134.80500308389193,134.95180086864403,8288700
2025-01-06,136.05770874023438,137.05596340773116,135.6075040389654,135.94025559479766,8653300
2025-01-07,136.7330322265625,137.9270224336347,136.39048413743737,136.39048413743737,12639700
2025-01-08,137.4376678466797,137.64319967386342,135.73475385137232,136.98747802888698,7827400
2025-01-10,136.6645050048828,137.94658871073602,136.3806909897202,136.96789703498246,10343700
2025-01-13,138.4457244873047,138.79805407128956,136.69385810756216,136.81129632434076,9422200
2025-01-14,137.01681518554688,138.25975761900855,135.92068544282978,138.25975761900855,10277800
2025-01-15,137.57470703125,138.2304287144077,136.79175064130092,137.3985347500272,11388400
2025-01-16,138.1227569580078,138.3282738410909,136.60578191800914,137.14406531073763,8512100
2025-01-17,137.1929931640625,138.38699821383582,137.1929931640625,137.9368084018131,7668100
2025-01-21,139.4635467529297,139.473328292378,137.89763428961302,137.91721230215768,7257800
2025-01-22,139.15037536621094,139.59079856745956,138.12276105303036,138.7784826841041,8189900
2025-01-23,141.0098876953125,141.02946570875847,138.84697268581857,139.5320687535891,8032900
2025-01-24,141.2349853515625,141.52859582441442,140.2171526371447,140.38352842057603,8127900
2025-01-27,144.40597534179688,144.43533490054867,141.88094875358064,142.00818346393947,12311300
2025-01-28,143.39791870117188,144.59192382511657,143.35876266851582,144.39617352913805,9686400
2025-01-29,142.5562286376953,143.45662315932847,142.20389904804327,142.9770588770203,8159100
2025-01-30,144.20042419433594,144.6016913550994,143.12387233902234,143.1336538794131,7705200
2025-01-31,143.74046325683594,145.42381438698968,143.69154061261045,144.4353410219322,9211800
2025-02-03,144.2982940673828,145.0029532246911,142.83025664526534,142.86939773904962,13001500
2025-02-04,143.9068145751953,144.0634088242832,142.48771466025423,142.7128244934366,11762000
2025-02-05,145.28675842285156,145.55100932425,143.9655337831553,144.25912930287802,10042300
2025-02-06,143.985107421875,145.29656555195987,143.76979406918863,144.99315860324793,12422100
2025-02-07,143.30979919433594,144.76805500738234,143.20215745811296,144.19063056609517,11199700
2025-02-10,143.18258666992188,143.52511977596023,142.36048929505108,143.47619714198973,7374300
2025-02-11,142.9183349609375,143.20216389137062,142.3409104937099,142.77153719254028,6634900
2025-02-12,142.71282958984375,143.48598945514482,142.27240638185003,142.57579841676122,7572200
2025-02-13,143.27066040039062,143.5838488754568,142.06687393335795,142.99662795153193,6293100
2025-02-14,141.7145538330078,143.5740619935807,141.7145538330078,143.3783266504124,5299200
2025-02-18,141.44053649902344,141.8026476693107,140.775018340666,140.85331547304045,11366800
2025-02-19,143.2804718017578,143.31962783612596,141.42096337786245,141.4503229368128,6295900
2025-02-20,144.08299255371094,144.16128968136042,142.98686263391832,143.0749413024052,6264800
2025-02-21,143.30979919433594,144.00467677871328,142.24302896884305,142.38004519107471,8647000
2025-02-24,144.47445678710938,145.0616777513531,143.15323201803517,143.46640558095555,7559400
2025-02-25,145.71739196777344,145.91312730136758,144.26893257879829,144.74848190605664,11981300
2025-02-26,144.6702117919922,145.77612323922725,144.21022550615416,145.14976115926802,6566800
2025-02-27,144.08299255371094,145.73698390788738,144.02427344138636,144.4059626051463,7377000
2025-02-28,145.75653076171875,145.98164057876718,143.36853583570291,144.31786786898994,8453700
2025-03-03,146.3927001953125,147.11693739933398,145.7859161452929,145.84463525546903,9459300
2025-03-04,145.03231811523438,146.87226319742751,144.81700475737563,146.59821579625773,10804700
2025-03-05,146.4905548095703,146.71566463485263,144.10255979620828,144.3765922556703,7597700
2025-03-06,146.0893096923828,146.29482658014058,144.77785150563685,145.8250587601874,7122200
2025-03-07,146.09909057617188,147.0777822413036,145.28677470207458,145.4923065225581,8532400
2025-03-10,144.52340698242188,146.71568184898643,144.20043691723708,144.9638152772554,13577800
2025-03-11,142.94769287109375,144.73870029319235,142.19409615680502,144.53316848615046,9411600
2025-03-12,141.51881408691406,142.87919484003632,141.0490313575467,142.62472546155007,7141100
2025-03-13,140.76522827148438,141.9788113492915,140.43247667928972,141.57754417030083,8041600
2025-03-14,141.84178161621094,142.05709498597065,140.3541809770624,140.86308991135783,6761200
2025-03-17,143.642578125,143.97532970302004,141.6362572491624,141.6362572491624,6017300
2025-03-18,143.71109008789062,143.92640346324077,142.9281337169493,143.69152700551382,5528000
2025-03-19,143.78936767578125,144.1710568013624,142.79109806516567,143.81872722900684,6156200
2025-03-20,143.87745666503906,144.49403719434045,143.38811083128235,143.80895601381098,8033800
2025-03-21,143.4761962890625,143.73065073206251,142.62472443176262,143.4566182754013,7635300
2025-03-24,144.57167053222656,144.80747071247018,143.54989973402803,143.85446559719983,6500600
2025-03-25,142.72462463378906,145.00396645903461,141.82074641072367,144.91554701134353,6502000
2025-03-26,142.20388793945312,143.41233182481162,141.8600146022035,142.83267333418067,8758600
2025-03-27,142.42987060546875,142.87198281193426,141.92881210366494,141.98775839900327,6264300
2025-03-28,141.9877471923828,142.69513266346726,141.91896652563133,142.3119667825821,6210500
2025-03-31,143.45162963867188,144.05094191130826,140.96596111235058,141.27052694097407,8085600
2025-04-01,140.8284149169922,142.93091756570934,140.3961221308477,142.93091756570934,9906100
2025-04-02,141.7716064453125,141.86984526989258,139.69857685554294,140.26841600724657,6392700
2025-04-03,140.62208557128906,142.64598791935643,140.54348552972795,141.24103653751715,10990600
2025-04-04,132.90965270996094,139.2269954747276,132.86052580056165,138.6669756921458,21341100
2025-04-07,132.11383056640625,134.96301104387888,127.38811333050096,129.40219642250625,29940300
2025-04-08,130.64993286132812,136.99674795056708,128.9797230982945,136.9869135751055,20860400
2025-04-09,136.3286590576172,136.80025935085453,127.40775589480097,127.8498830436393,39444700
2025-04-10,132.52647399902344,135.3265426585508,129.0288542642741,135.28723513825784,21957400
2025-04-11,134.47177124023438,135.34617613976172,131.30819059443297,132.7819077278898,10755600
2025-04-14,136.11251831054688,136.60375739278587,134.56021600312755,135.78831370872498,7437200
2025-04-15,135.2774200439453,136.60375656307838,134.8844197856849,136.56446403296582,6239000
2025-04-16,133.90194702148438,136.19112302200583,133.2633421892968,135.69988392296074,8150700
2025-04-17,133.11598205566406,134.17706035320694,132.73281614194815,132.96860132489442,9662800
2025-04-21,130.24713134765625,132.9882387016696,129.25481885359378,132.82121922051854,6456000
2025-04-22,132.69349670410156,132.9096430966824,130.80714045274522,131.29837952835135,8012500
2025-04-23,133.3517608642578,135.51320988937235,132.76228294364157,134.1475658015176,9503200
2025-04-24,134.982666015625,135.13003173455272,132.75243652348686,133.5678951482145,5433000
2025-04-25,135.63111877441406,135.77848450813215,133.49914287520212,135.17917220529912,6438400
2025-04-28,136.17147827148438,136.6037560668601,134.99249249241285,135.8177855360483,5803300
2025-04-29,136.83956909179688,137.51748148109792,135.31672481011645,135.9946371994175,7811900
2025-04-30,138.0087127685547,138.32309799431343,135.8374293689663,137.10483463128548,6827800
2025-05-01,134.24581909179688,136.67254141697384,134.07879959870473,136.37779496210584,10363200
2025-05-02,136.10269165039062,136.57427694653168,135.13986729827,136.35813056258655,9777000
2025-05-05,135.7195281982422,136.2500597919006,135.16934284439597,135.8276013921353,5479700
2025-05-06,131.97630310058594,134.78619145221668,131.6226103363447,134.72724515674784,11625900
2025-05-07,132.98826599121094,133.37143193634327,132.04508020780784,132.3889536163702,6417500
2025-05-08,131.7896270751953,132.9587785489175,131.34751487701686,132.0549003906735,10558100
2025-05-09,130.3551788330078,132.40856932507685,130.29623254937977,131.95662283155337,7555200
2025-05-12,133.57772827148438,133.74474774851203,130.31589380315322,130.55169394265306,15211100
2025-05-13,129.55938720703125,131.59312414773197,129.52009467775528,131.59312414773197,17817000
2025-05-14,126.51371765136719,130.22748392005988,126.42528322293005,129.96221061760266,19579500
2025-05-15,128.1741180419922,128.25270310889192,125.1186026141334,126.21898094358278,18792700
2025-05-16,130.7580108642578,130.8071377690959,128.02672285923717,128.40988873069182,12901800
2025-05-19,132.0155792236328,132.0843598874155,130.3257156702521,130.68924276616886,11645200
2025-05-20,132.33981323242188,132.72297913855522,131.8387547371484,132.04506676814364,11644500
2025-05-21,129.27447509765625,131.78961673037495,129.2155288080498,131.2197776118017,16635900
2025-05-22,128.2625274658203,128.94043979844022,127.70250771576836,128.34112751800797,12722600
2025-05-23,128.0561981201172,128.3116520329263,127.28004697998418,127.65337848178497,9127100
2025-05-27,129.84429931640625,130.07026506444322,128.86182129190215,129.12707956469228,12304000
2025-05-28,129.1762237548828,130.256955723067,128.8323653951347,129.79518979042712,11087500
2025-05-29,130.0408172607422,130.43380255054484,128.98955837380694,129.37272427836427,10670300
2025-05-30,130.31590270996094,131.00363442455802,128.58674654305585,129.7558979535844,11651300
2025-06-02,130.39450073242188,130.45344702255179,128.81271031775347,129.98186171008578,11845000
2025-06-03,130.69908142089844,131.18050116407974,129.42185668761857,130.05064217288162,14304300
2025-06-04,130.95449829101562,131.97628390192978,130.95449829101562,131.09204462424339,9986100
2025-06-05,130.77767944335938,131.56366503555202,130.24714778870057,131.2787379500609,13705000
2025-06-06,132.02542114257812,132.47735270510216,131.44574762940502,131.46540139038387,9153500
2025-06-09,131.79945373535156,132.44789299056666,131.05277564813423,131.99596138221335,9976600
2025-06-10,133.30262756347656,133.70544720100727,131.8976910115291,131.91734477203536,11488000
2025-06-11,133.37139892578125,134.1770381446427,132.9685793163505,133.3321063989365,13644000
2025-06-12,134.41282653808594,134.44229968178846,133.115963240897,133.38122153421963,9809500
2025-06-13,133.74476623535156,134.9237371129619,133.30263903874814,133.67598556337217,13722800
2025-06-16,133.3321075439453,134.43247820215618,132.7131415529888,134.02965858926618,14171000
2025-06-17,131.13136291503906,133.03737296878472,130.95450904840357,132.7328071338634,13506000
2025-06-18,130.9053955078125,131.76996609492096,130.1685368874044,131.1411806718298,12185300
2025-06-20,130.276611328125,131.45558213374503,130.08993807721163,131.35732832018203,13744900
2025-06-23,130.4641571044922,131.0367164863841,129.29929075843845,130.36543425613462,14181600
2025-06-24,132.06338500976562,132.3595385371233,130.30622649390253,130.80967694631474,11272900
2025-06-25,132.1818389892578,132.5668340518287,131.06634897170287,131.80672525072333,11996400
2025-06-26,132.49774169921875,133.4256823902137,132.03377135372128,132.4582465285839,13177700
2025-06-27,132.21145629882812,133.39607042668854,131.9844117849524,132.5964664344788,13818500
2025-06-30,133.0604248046875,133.21837536712565,132.0831377084652,132.18184551274302,12407700
2025-07-01,134.95579528808594,135.99231003231722,132.73466644245775,132.85312182739983,21204300
2025-07-02,133.6231231689453,134.54118260527653,133.50466777406265,134.284524228699,13720400
2025-07-03,133.7613067626953,134.1561680637348,133.43553941099083,133.81066819107352,7282700
2025-07-07,132.6359405517578,133.71195044173513,131.93504439319838,133.71195044173513,14052300
2025-07-08,133.2381134033203,134.47207384080903,132.2904251596118,132.53721724710954,19485900
2025-07-09,133.75144958496094,134.17592475925383,132.69517218531166,133.5145237504523,13963900
2025-07-10,134.57078552246094,135.8639735434474,133.26771617847947,133.77116657247646,17668300
2025-07-11,133.45529174804688,134.13644032014375,132.62607394853487,134.13644032014375,14246600
2025-07-14,133.29734802246094,133.57375396978532,132.6754271094839,132.92221920980884,11095400
2025-07-15,130.89852905273438,133.73169739312718,130.7701923472553,133.49477156677975,17095600
2025-07-16,132.52735900878906,132.69517583088702,131.29339849660295,131.431601471448,14142100
2025-07-17,131.01698303222656,131.96465620148686,130.58262655340167,131.5796611521636,15740900
2025-07-18,130.1482696533203,131.53031435992563,129.97058658328166,131.362497550558,13245500
2025-07-21,129.40789794921875,130.62212588912115,129.34867025712478,130.21738324248702,9468700
2025-07-22,131.81658935546875,132.09299529007535,129.6250744003781,129.6250744003781,16681900
2025-07-23,134.5214385986328,134.57080002995215,133.07029988320903,133.52438890016148,16624000
2025-07-24,134.01797485351562,135.1729600592382,133.8007966032436,134.38323739969724,11054800
2025-07-25,134.72872924804688,134.94590748534347,133.99823432531593,134.50168475014348,9539900
2025-07-28,133.5540008544922,134.63989207615973,133.1986196422186,134.3930999860529,9780300
2025-07-29,132.7050323486328,133.36644839003625,131.23416116642005,132.18183433492052,14967600
2025-07-30,132.46812438964844,133.45529274779412,131.92517878006956,133.14927296684795,11634600
2025-07-31,128.75636291503906,132.07324923164398,128.3121401623586,131.3131404341884,26441600
2025-08-01,129.4473876953125,129.7139122985678,128.19367970087697,129.0228974814356,20736200
2025-08-04,131.30325317382812,131.3624959261018,129.67443146664263,129.70404531128287,11331000
2025-08-05,130.7998046875,131.2440274266702,130.34570062464138,130.7504432580381,14319200
2025-08-06,128.83534240722656,130.3555901778651,128.67740691116862,130.24700105139092,14342800
2025-08-07,127.35457611083984,128.56880395709553,126.31805392165153,128.1048336541509,24421900
2025-08-08,128.4898223876953,128.76622829126322,127.57174808706533,127.57174808706533,13747100
2025-08-11,128.6181640625,129.63496137130235,128.47009482786558,128.6181640625,14474000
2025-08-12,129.50662231445312,129.54610242197603,128.46022624066424,128.6675231653991,17219500
2025-08-13,131.57965087890625,131.65862614734408,129.96069553341138,130.12852739321193,15069900
2025-08-14,132.24105834960938,132.37926129472382,130.71094463106206,131.35259793416677,15464000
2025-08-15,134.46221923828125,134.84721432563825,133.44542189167692,133.74157543495036,13929600
2025-08-18,134.1463165283203,135.42963849205688,134.07722257140094,134.77810371712982,12572000
2025-08-19,135.00514221191406,135.45924629438366,134.03772141725423,134.1265629563263,13578200
2025-08-20,135.7356414794922,136.43653760139406,135.25192358899693,135.25192358899693,14607000
2025-08-21,135.2815399169922,136.6833321865351,135.18283212280858,135.44937178679132,13218900
2025-08-22,136.3970489501953,137.23614807189773,136.0318014812864,136.0318014812864,11898600
2025-08-25,134.4523162841797,136.48588052425774,134.35360849429767,136.36742515120233,10681000
2025-08-26,135.29141235351562,135.40986772395215,134.59051626478447,134.837308328522,11397500
2025-08-27,135.2124481201172,135.9429581110737,134.9755222969167,135.23219570446557,8321700
2025-08-28,134.6793670654297,135.09399101648916,134.01796609663398,135.0742434323927,9165700
2025-08-29,135.66653442382812,135.70602959174025,134.62013841905357,134.78795522519732,9655700
2025-09-02,135.7948760986328,135.97257423475943,134.7089999491683,135.13347511031506,13325300
2025-09-03,135.15322875976562,135.99231285886881,134.49182774176865,135.3506594264373,12586000
2025-09-04,135.66653442382812,135.70602959174025,134.3338662351597,135.04462862764677,11778600
2025-09-05,136.13050842285156,136.6043600726671,135.29142436941603,135.5184688705817,14664000
2025-09-08,136.08116149902344,136.10089402043982,134.6201415125636,135.69616644949534,15753300
2025-09-09,136.81166076660156,137.18678956731415,135.95282910496368,136.28846273560447,12249600
2025-09-10,135.5678253173828,136.7326766886287,135.0544935804474,136.7326766886287,13588300
2025-09-11,137.9271697998047,138.20357574625766,136.12064982356213,136.26871905809253,16470800
2025-09-12,136.3378143310547,138.01599742618552,136.32794807074546,137.44343800540105,11345400
2025-09-15,135.17294311523438,136.76228462227616,134.9064185293957,136.48587871348562,11233800
2025-09-16,135.17294311523438,135.62704714424302,134.78794809491953,134.9064185293957,12443800
2025-09-17,135.4394989013672,136.51550882186248,135.08411768158047,135.37040494743331,12501500
2025-09-18,135.70602416992188,136.16999446489723,135.13346476201627,135.43948451763993,11472900
2025-09-19,135.52833557128906,136.13050886476515,135.419746450728,136.05154865253306,11280900
2025-09-22,135.49363708496094,136.11838701128886,134.7597863043974,135.0572941955383,9732700
2025-09-23,135.80105590820312,136.2076495203546,135.01761795972786,135.12670368172266,9903000
2025-09-24,135.25563049316406,135.92005622214344,135.0275476624709,135.68206200990022,7471600
2025-09-25,133.01443481445312,135.04737269361374,132.61775256758534,134.99780065315068,14099700
2025-09-26,134.37303161621094,134.4920287208281,133.52018372540113,134.02593655190415,10071000
2025-09-29,134.7696990966797,134.83912416248737,133.61935844110766,134.5515276496843,7735700
2025-09-30,138.01251220703125,138.3397693913095,134.5416219355647,134.63086976803675,19313500
2025-10-01,142.27674865722656,142.53458076698206,138.4389406283149,138.6372741844253,23657900
2025-10-02,141.9990692138672,142.37591353774502,140.96771057963707,140.96771057963707,15176200
2025-10-03,143.6155242919922,144.92453784640767,142.36599415836815,142.3759206717335,15829200
2025-10-06,142.9213409423828,143.8535253301609,142.77259455364413,143.69485242758572,12879900
2025-10-07,143.03041076660156,143.45684225336854,142.0883151016278,142.92132504969643,12478700
2025-10-08,143.30809020996094,143.76427100128294,142.82217527411552,143.3973531710519,8925800
2025-10-09,142.99075317382812,144.04193457822078,142.7626703542794,143.57584242617807,7657000
2025-10-10,140.9280548095703,143.5361856285314,140.75947053564337,143.4072620118132,13350100
2025-10-13,140.76937866210938,141.75115013897383,140.45204801613716,140.55120722280617,8257500
2025-10-14,141.1561279296875,141.6718072292235,139.8768637593165,140.42229233268353,10044700
2025-10-15,141.3743133544922,142.05857698410284,140.1842968878077,140.8388112406423,7260600
2025-10-16,141.13632202148438,142.4453356219958,140.77931556100296,141.66191276443192,11194100
2025-10-17,142.0784149169922,142.22716130091214,140.21404620183364,140.4024683760525,8160300
2025-10-20,143.58575439453125,143.78410307169392,142.36598871575447,142.52466160473278,8435900
2025-10-21,143.92294311523438,144.4187845617755,143.1395051558465,143.84360666796218,9031800
2025-10-22,144.7460479736328,145.5096329392776,144.3295278245238,144.9939687075935,12705300
2025-10-23,144.8253631591797,145.2914553298375,144.16093743612876,144.30969894933367,7924900
2025-10-24,144.81544494628906,145.53936918771998,144.66669857198113,145.0732770390493,7007400
2025-10-27,145.15261840820312,145.231954854486,144.01218914813165,144.87494841215303,6466700
2025-10-28,144.2402801513672,145.32121092097904,143.98244803524017,145.19230242885592,8652700
2025-10-29,142.78250122070312,144.24027630972776,142.37592272761626,144.01219347723313,12425600
2025-10-30,143.099853515625,144.24028286178205,142.57426275972153,142.76268494238147,10756100
2025-10-31,143.05026245117188,143.28827180151393,141.51315088545905,141.83049668591514,10581100
2025-11-03,143.2485809326172,143.35766664855686,141.64205959957744,142.87175174909024,12279300
2025-11-04,143.89320373535156,144.27995948497787,142.29659356240586,142.57426358101543,14182200
2025-11-05,144.44854736328125,145.04354807571474,143.179194351832,143.42711509831634,13154600
2025-11-06,144.7261962890625,144.89478055626805,143.7345134477033,143.93284698959928,14395800
2025-11-07,144.92454528808594,144.9344566700801,143.51635731898915,144.62703737757118,14522900
2025-11-10,146.0550537109375,146.2038000905472,144.50803083547717,144.5774407686684,12305900
2025-11-11,149.42677307128906,149.5656232047885,146.3724030356677,146.3724030356677,12659500
2025-11-12,151.54898071289062,151.886149250935,149.46644067084335,149.7341992778219,17847500
2025-11-13,151.4696502685547,153.2348446045639,150.5969644819865,150.77546013912269,21807600
2025-11-14,150.5672149658203,151.64814568399123,149.93253852165867,150.95397068754568,15468900
2025-11-17,150.43829345703125,152.04483005061965,149.8829534520892,150.08128700644275,17516500
2025-11-18,151.32089233398438,151.85640958181634,149.89286651560639,150.487882317224,24494200
2025-11-19,151.0630645751953,151.65806526207234,150.30939098573208,151.21181096394434,17352600
2025-11-20,150.16061401367188,152.06464325314047,149.8631061349063,151.22172191716388,25278500
2025-11-21,153.3240966796875,154.41495394311076,150.44822226794324,150.52754358539178,25526100
2025-11-24,153.96868896484375,154.8612126966265,153.19517747642726,153.84969185335842,17928400
2025-11-25,157.44949340820312,157.56849051032708,154.47444480006664,154.47444480006664,17298600
2025-11-26,157.10240173339844,157.6279924549342,156.84456962928581,157.10240173339844,12398900
2025-11-28,156.33880615234375,156.93382195659012,155.85289120636034,156.88423478425617,8559700
2025-12-01,153.99842834472656,156.54706061902175,153.88934262224933,155.73387339112244,17321200
2025-12-02,153.076171875,154.17694049083102,152.85800042812323,153.95876904395422,16150300
2025-12-03,153.79019165039062,154.48436667975471,153.37368663277218,153.38359801466282,12724800
2025-12-04,152.6199951171875,153.74060165738817,152.09440438088888,153.7108523803811,13674600
2025-12-05,151.9853057861328,153.3439215592378,151.68781304125065,153.1654107804293,8868700
2025-12-08,150.1705322265625,152.1439866180057,149.9424493996134,152.0745766845342,10996000
2025-12-09,148.71278381347656,151.41014755194064,148.60369808225371,150.73581040029492,11543300
2025-12-10,150.8746337890625,150.9142944465064,148.62350939915103,149.12927735581079,15534800
2025-12-11,152.30267333984375,153.01668629344212,150.9936445476196,151.48948603584728,14703000
2025-12-12,152.77867126464844,153.27451273448406,152.13408340661445,152.4712519744513,13175500
2025-12-15,154.80169677734375,155.009941699085,153.15549963766696,153.18524891220142,14681800
2025-12-16,152.78858947753906,154.82152728791218,151.81672935450766,154.7421908412231,12491300
2025-12-17,152.5109100341797,153.49268157519518,152.39191292564954,152.94725294129768,9093300
2025-12-18,152.62991333007812,153.8893396732315,152.40181537625506,152.47124044008285,8876400
2025-12-19,153.65135192871094,154.47445055679498,152.63983112732234,152.63983112732234,8571500
2025-12-22,154.6641845703125,154.7338900790913,153.17032576608474,153.518883702614,7063700
2025-12-23,154.35545349121094,155.02270858857523,154.00688036444097,154.05667869631057,7465800
2025-12-24,155.16213989257812,155.30156610859873,154.5147919496613,154.53471432232647,3085700
2025-12-26,155.41111755371094,155.48082306409606,154.71398646827018,155.0525908245817,4439100
2025-12-29,155.17208862304688,155.84931250560192,155.04261599925312,155.4310338706344,6357300
2025-12-30,155.04261779785156,155.34139259667072,154.5645872375314,155.02271062189646,4355000
